start_hex,end_hex,start,end,length,region,confidence,verificationStatus,source,note,evidence
0x0000,0x1FFF,0,8191,8192,PAD,0.9,plausible,re_pipeline,"low_image_erased","Erased/unpopulated low image 0x0000-0x1FFF (all 0xFF). Sheet: possible internal 16KB ROM window not present in external dump."
0x2000,0x200F,8192,8207,16,VECTOR,0.7,plausible,sheet,"vector_table_0x2000","LE u16 interrupt/vector candidates @0x2000 (sheet: hard-coded vector addresses). Targets 0x4178..0x4194 step +4."
0x2010,0x2010,8208,8208,1,CODE,0.55,plausible,re_pipeline,"code_window_hypothesis","Hypothesized CODE window per shipping regions + first non-FF @0x2000. ISA not verified; structural only."
0x2011,0x2013,8209,8211,3,CODE,0.78,plausible,ghidra,"ghidra_insn","Ghidra listing instruction start (MCS96:LE:16:default); LJMP/LCALL are PC-relative disp16"
0x2014,0x2018,8212,8216,5,CODE,0.55,plausible,re_pipeline,"code_window_hypothesis","Hypothesized CODE window per shipping regions + first non-FF @0x2000. ISA not verified; structural only."
0x2019,0x207F,8217,8319,103,PAD,0.8,plausible,re_pipeline,"ff_pad","0xFF pad run inside CODE window [2019..207f]"
0x2080,0x2088,8320,8328,9,CODE,0.78,plausible,ghidra,"ghidra_insn","Ghidra listing instruction start (MCS96:LE:16:default); LJMP/LCALL are PC-relative disp16"
0x2089,0x208A,8329,8330,2,CODE,0.55,plausible,re_pipeline,"code_window_hypothesis","Hypothesized CODE window per shipping regions + first non-FF @0x2000. ISA not verified; structural only."
0x208B,0x208D,8331,8333,3,CODE,0.78,plausible,ghidra,"ghidra_insn","Ghidra listing instruction start (MCS96:LE:16:default); LJMP/LCALL are PC-relative disp16"
0x208E,0x208E,8334,8334,1,CODE,0.55,plausible,re_pipeline,"code_window_hypothesis","Hypothesized CODE window per shipping regions + first non-FF @0x2000. ISA not verified; structural only."
0x208F,0x20D5,8335,8405,71,CODE,0.78,plausible,ghidra,"ghidra_insn","Ghidra listing instruction start (MCS96:LE:16:default); LJMP/LCALL are PC-relative disp16"
0x20D6,0x20D8,8406,8408,3,CODE,0.55,plausible,re_pipeline,"code_window_hypothesis","Hypothesized CODE window per shipping regions + first non-FF @0x2000. ISA not verified; structural only."
0x20D9,0x20E4,8409,8420,12,CODE,0.78,plausible,ghidra,"ghidra_insn","Ghidra listing instruction start (MCS96:LE:16:default); LJMP/LCALL are PC-relative disp16"
0x20E5,0x20E7,8421,8423,3,CODE,0.55,plausible,re_pipeline,"code_window_hypothesis","Hypothesized CODE window per shipping regions + first non-FF @0x2000. ISA not verified; structural only."
0x20E8,0x20F0,8424,8432,9,CODE,0.78,plausible,ghidra,"ghidra_insn","Ghidra listing instruction start (MCS96:LE:16:default); LJMP/LCALL are PC-relative disp16"
0x20F1,0x2268,8433,8808,376,CODE,0.55,plausible,re_pipeline,"code_window_hypothesis","Hypothesized CODE window per shipping regions + first non-FF @0x2000. ISA not verified; structural only."
0x2269,0x22A7,8809,8871,63,CODE,0.78,plausible,ghidra,"ghidra_insn","Ghidra listing instruction start (MCS96:LE:16:default); LJMP/LCALL are PC-relative disp16"
0x22A8,0x22A9,8872,8873,2,CODE,0.55,plausible,re_pipeline,"code_window_hypothesis","Hypothesized CODE window per shipping regions + first non-FF @0x2000. ISA not verified; structural only."
0x22AA,0x22CC,8874,8908,35,CODE,0.78,plausible,ghidra,"ghidra_insn","Ghidra listing instruction start (MCS96:LE:16:default); LJMP/LCALL are PC-relative disp16"
0x22CD,0x22CE,8909,8910,2,CODE,0.55,plausible,re_pipeline,"code_window_hypothesis","Hypothesized CODE window per shipping regions + first non-FF @0x2000. ISA not verified; structural only."
0x22CF,0x22DC,8911,8924,14,CODE,0.78,plausible,ghidra,"ghidra_insn","Ghidra listing instruction start (MCS96:LE:16:default); LJMP/LCALL are PC-relative disp16"
0x22DD,0x22DD,8925,8925,1,CODE,0.55,plausible,re_pipeline,"code_window_hypothesis","Hypothesized CODE window per shipping regions + first non-FF @0x2000. ISA not verified; structural only."
0x22DE,0x22E7,8926,8935,10,CODE,0.78,plausible,ghidra,"ghidra_insn","Ghidra listing instruction start (MCS96:LE:16:default); LJMP/LCALL are PC-relative disp16"
0x22E8,0x22E9,8936,8937,2,CODE,0.55,plausible,re_pipeline,"code_window_hypothesis","Hypothesized CODE window per shipping regions + first non-FF @0x2000. ISA not verified; structural only."
0x22EA,0x22EC,8938,8940,3,CODE,0.78,plausible,ghidra,"ghidra_insn","Ghidra listing instruction start (MCS96:LE:16:default); LJMP/LCALL are PC-relative disp16"
0x22ED,0x22EE,8941,8942,2,CODE,0.55,plausible,re_pipeline,"code_window_hypothesis","Hypothesized CODE window per shipping regions + first non-FF @0x2000. ISA not verified; structural only."
0x22EF,0x22F4,8943,8948,6,CODE,0.78,plausible,ghidra,"ghidra_insn","Ghidra listing instruction start (MCS96:LE:16:default); LJMP/LCALL are PC-relative disp16"
0x22F5,0x22F5,8949,8949,1,CODE,0.55,plausible,re_pipeline,"code_window_hypothesis","Hypothesized CODE window per shipping regions + first non-FF @0x2000. ISA not verified; structural only."
0x22F6,0x22FA,8950,8954,5,CODE,0.78,plausible,ghidra,"ghidra_insn","Ghidra listing instruction start (MCS96:LE:16:default); LJMP/LCALL are PC-relative disp16"
0x22FB,0x22FB,8955,8955,1,CODE,0.55,plausible,re_pipeline,"code_window_hypothesis","Hypothesized CODE window per shipping regions + first non-FF @0x2000. ISA not verified; structural only."
0x22FC,0x2300,8956,8960,5,CODE,0.78,plausible,ghidra,"ghidra_insn","Ghidra listing instruction start (MCS96:LE:16:default); LJMP/LCALL are PC-relative disp16"
0x2301,0x2301,8961,8961,1,CODE,0.55,plausible,re_pipeline,"code_window_hypothesis","Hypothesized CODE window per shipping regions + first non-FF @0x2000. ISA not verified; structural only."
0x2302,0x2306,8962,8966,5,CODE,0.78,plausible,ghidra,"ghidra_insn","Ghidra listing instruction start (MCS96:LE:16:default); LJMP/LCALL are PC-relative disp16"
0x2307,0x2307,8967,8967,1,CODE,0.55,plausible,re_pipeline,"code_window_hypothesis","Hypothesized CODE window per shipping regions + first non-FF @0x2000. ISA not verified; structural only."
0x2308,0x230C,8968,8972,5,CODE,0.78,plausible,ghidra,"ghidra_insn","Ghidra listing instruction start (MCS96:LE:16:default); LJMP/LCALL are PC-relative disp16"
0x230D,0x230D,8973,8973,1,CODE,0.55,plausible,re_pipeline,"code_window_hypothesis","Hypothesized CODE window per shipping regions + first non-FF @0x2000. ISA not verified; structural only."
0x230E,0x2312,8974,8978,5,CODE,0.78,plausible,ghidra,"ghidra_insn","Ghidra listing instruction start (MCS96:LE:16:default); LJMP/LCALL are PC-relative disp16"
0x2313,0x2313,8979,8979,1,CODE,0.55,plausible,re_pipeline,"code_window_hypothesis","Hypothesized CODE window per shipping regions + first non-FF @0x2000. ISA not verified; structural only."
0x2314,0x2318,8980,8984,5,CODE,0.78,plausible,ghidra,"ghidra_insn","Ghidra listing instruction start (MCS96:LE:16:default); LJMP/LCALL are PC-relative disp16"
0x2319,0x2319,8985,8985,1,CODE,0.55,plausible,re_pipeline,"code_window_hypothesis","Hypothesized CODE window per shipping regions + first non-FF @0x2000. ISA not verified; structural only."
0x231A,0x231C,8986,8988,3,CODE,0.78,plausible,ghidra,"ghidra_insn","Ghidra listing instruction start (MCS96:LE:16:default); LJMP/LCALL are PC-relative disp16"
0x231D,0x231D,8989,8989,1,CODE,0.55,plausible,re_pipeline,"code_window_hypothesis","Hypothesized CODE window per shipping regions + first non-FF @0x2000. ISA not verified; structural only."
0x231E,0x2334,8990,9012,23,CODE,0.78,plausible,ghidra,"ghidra_insn","Ghidra listing instruction start (MCS96:LE:16:default); LJMP/LCALL are PC-relative disp16"
0x2335,0x2336,9013,9014,2,CODE,0.55,plausible,re_pipeline,"code_window_hypothesis","Hypothesized CODE window per shipping regions + first non-FF @0x2000. ISA not verified; structural only."
0x2337,0x2342,9015,9026,12,CODE,0.78,plausible,ghidra,"ghidra_insn","Ghidra listing instruction start (MCS96:LE:16:default); LJMP/LCALL are PC-relative disp16"
0x2343,0x2344,9027,9028,2,CODE,0.55,plausible,re_pipeline,"code_window_hypothesis","Hypothesized CODE window per shipping regions + first non-FF @0x2000. ISA not verified; structural only."
0x2345,0x2347,9029,9031,3,CODE,0.78,plausible,ghidra,"ghidra_insn","Ghidra listing instruction start (MCS96:LE:16:default); LJMP/LCALL are PC-relative disp16"
0x2348,0x2349,9032,9033,2,CODE,0.55,plausible,re_pipeline,"code_window_hypothesis","Hypothesized CODE window per shipping regions + first non-FF @0x2000. ISA not verified; structural only."
0x234A,0x2362,9034,9058,25,CODE,0.78,plausible,ghidra,"ghidra_insn","Ghidra listing instruction start (MCS96:LE:16:default); LJMP/LCALL are PC-relative disp16"
0x2363,0x2363,9059,9059,1,CODE,0.55,plausible,re_pipeline,"code_window_hypothesis","Hypothesized CODE window per shipping regions + first non-FF @0x2000. ISA not verified; structural only."
0x2364,0x237E,9060,9086,27,CODE,0.78,plausible,ghidra,"ghidra_insn","Ghidra listing instruction start (MCS96:LE:16:default); LJMP/LCALL are PC-relative disp16"
0x237F,0x2380,9087,9088,2,CODE,0.55,plausible,re_pipeline,"code_window_hypothesis","Hypothesized CODE window per shipping regions + first non-FF @0x2000. ISA not verified; structural only."
0x2381,0x2386,9089,9094,6,CODE,0.78,plausible,ghidra,"ghidra_insn","Ghidra listing instruction start (MCS96:LE:16:default); LJMP/LCALL are PC-relative disp16"
0x2387,0x2388,9095,9096,2,CODE,0.55,plausible,re_pipeline,"code_window_hypothesis","Hypothesized CODE window per shipping regions + first non-FF @0x2000. ISA not verified; structural only."
0x2389,0x238B,9097,9099,3,CODE,0.78,plausible,ghidra,"ghidra_insn","Ghidra listing instruction start (MCS96:LE:16:default); LJMP/LCALL are PC-relative disp16"
0x238C,0x238D,9100,9101,2,CODE,0.55,plausible,re_pipeline,"code_window_hypothesis","Hypothesized CODE window per shipping regions + first non-FF @0x2000. ISA not verified; structural only."
0x238E,0x2390,9102,9104,3,CODE,0.78,plausible,ghidra,"ghidra_insn","Ghidra listing instruction start (MCS96:LE:16:default); LJMP/LCALL are PC-relative disp16"
0x2391,0x2392,9105,9106,2,CODE,0.55,plausible,re_pipeline,"code_window_hypothesis","Hypothesized CODE window per shipping regions + first non-FF @0x2000. ISA not verified; structural only."
0x2393,0x23A1,9107,9121,15,CODE,0.78,plausible,ghidra,"ghidra_insn","Ghidra listing instruction start (MCS96:LE:16:default); LJMP/LCALL are PC-relative disp16"
0x23A2,0x23A3,9122,9123,2,CODE,0.55,plausible,re_pipeline,"code_window_hypothesis","Hypothesized CODE window per shipping regions + first non-FF @0x2000. ISA not verified; structural only."
0x23A4,0x23AB,9124,9131,8,CODE,0.78,plausible,ghidra,"ghidra_insn","Ghidra listing instruction start (MCS96:LE:16:default); LJMP/LCALL are PC-relative disp16"
0x23AC,0x23AD,9132,9133,2,CODE,0.55,plausible,re_pipeline,"code_window_hypothesis","Hypothesized CODE window per shipping regions + first non-FF @0x2000. ISA not verified; structural only."
0x23AE,0x23B7,9134,9143,10,CODE,0.78,plausible,ghidra,"ghidra_insn","Ghidra listing instruction start (MCS96:LE:16:default); LJMP/LCALL are PC-relative disp16"
0x23B8,0x23B9,9144,9145,2,CODE,0.55,plausible,re_pipeline,"code_window_hypothesis","Hypothesized CODE window per shipping regions + first non-FF @0x2000. ISA not verified; structural only."
0x23BA,0x23BC,9146,9148,3,CODE,0.78,plausible,ghidra,"ghidra_insn","Ghidra listing instruction start (MCS96:LE:16:default); LJMP/LCALL are PC-relative disp16"
0x23BD,0x23BE,9149,9150,2,CODE,0.55,plausible,re_pipeline,"code_window_hypothesis","Hypothesized CODE window per shipping regions + first non-FF @0x2000. ISA not verified; structural only."
0x23BF,0x23C1,9151,9153,3,CODE,0.78,plausible,ghidra,"ghidra_insn","Ghidra listing instruction start (MCS96:LE:16:default); LJMP/LCALL are PC-relative disp16"
0x23C2,0x23C3,9154,9155,2,CODE,0.55,plausible,re_pipeline,"code_window_hypothesis","Hypothesized CODE window per shipping regions + first non-FF @0x2000. ISA not verified; structural only."
0x23C4,0x23C9,9156,9161,6,CODE,0.78,plausible,ghidra,"ghidra_insn","Ghidra listing instruction start (MCS96:LE:16:default); LJMP/LCALL are PC-relative disp16"
0x23CA,0x23CB,9162,9163,2,CODE,0.55,plausible,re_pipeline,"code_window_hypothesis","Hypothesized CODE window per shipping regions + first non-FF @0x2000. ISA not verified; structural only."
0x23CC,0x23D1,9164,9169,6,CODE,0.78,plausible,ghidra,"ghidra_insn","Ghidra listing instruction start (MCS96:LE:16:default); LJMP/LCALL are PC-relative disp16"
0x23D2,0x23D3,9170,9171,2,CODE,0.55,plausible,re_pipeline,"code_window_hypothesis","Hypothesized CODE window per shipping regions + first non-FF @0x2000. ISA not verified; structural only."
0x23D4,0x23D6,9172,9174,3,CODE,0.78,plausible,ghidra,"ghidra_insn","Ghidra listing instruction start (MCS96:LE:16:default); LJMP/LCALL are PC-relative disp16"
0x23D7,0x23D8,9175,9176,2,CODE,0.55,plausible,re_pipeline,"code_window_hypothesis","Hypothesized CODE window per shipping regions + first non-FF @0x2000. ISA not verified; structural only."
0x23D9,0x23DB,9177,9179,3,CODE,0.78,plausible,ghidra,"ghidra_insn","Ghidra listing instruction start (MCS96:LE:16:default); LJMP/LCALL are PC-relative disp16"
0x23DC,0x23DD,9180,9181,2,CODE,0.55,plausible,re_pipeline,"code_window_hypothesis","Hypothesized CODE window per shipping regions + first non-FF @0x2000. ISA not verified; structural only."
0x23DE,0x23E2,9182,9186,5,CODE,0.78,plausible,ghidra,"ghidra_insn","Ghidra listing instruction start (MCS96:LE:16:default); LJMP/LCALL are PC-relative disp16"
0x23E3,0x23E3,9187,9187,1,CODE,0.55,plausible,re_pipeline,"code_window_hypothesis","Hypothesized CODE window per shipping regions + first non-FF @0x2000. ISA not verified; structural only."
0x23E4,0x23E6,9188,9190,3,CODE,0.78,plausible,ghidra,"ghidra_insn","Ghidra listing instruction start (MCS96:LE:16:default); LJMP/LCALL are PC-relative disp16"
0x23E7,0x23E8,9191,9192,2,CODE,0.55,plausible,re_pipeline,"code_window_hypothesis","Hypothesized CODE window per shipping regions + first non-FF @0x2000. ISA not verified; structural only."
0x23E9,0x23EB,9193,9195,3,CODE,0.78,plausible,ghidra,"ghidra_insn","Ghidra listing instruction start (MCS96:LE:16:default); LJMP/LCALL are PC-relative disp16"
0x23EC,0x23ED,9196,9197,2,CODE,0.55,plausible,re_pipeline,"code_window_hypothesis","Hypothesized CODE window per shipping regions + first non-FF @0x2000. ISA not verified; structural only."
0x23EE,0x23F2,9198,9202,5,CODE,0.78,plausible,ghidra,"ghidra_insn","Ghidra listing instruction start (MCS96:LE:16:default); LJMP/LCALL are PC-relative disp16"
0x23F3,0x23F4,9203,9204,2,CODE,0.55,plausible,re_pipeline,"code_window_hypothesis","Hypothesized CODE window per shipping regions + first non-FF @0x2000. ISA not verified; structural only."
0x23F5,0x23F7,9205,9207,3,CODE,0.78,plausible,ghidra,"ghidra_insn","Ghidra listing instruction start (MCS96:LE:16:default); LJMP/LCALL are PC-relative disp16"
0x23F8,0x23F9,9208,9209,2,CODE,0.55,plausible,re_pipeline,"code_window_hypothesis","Hypothesized CODE window per shipping regions + first non-FF @0x2000. ISA not verified; structural only."
0x23FA,0x2403,9210,9219,10,CODE,0.78,plausible,ghidra,"ghidra_insn","Ghidra listing instruction start (MCS96:LE:16:default); LJMP/LCALL are PC-relative disp16"
0x2404,0x2404,9220,9220,1,CODE,0.55,plausible,re_pipeline,"code_window_hypothesis","Hypothesized CODE window per shipping regions + first non-FF @0x2000. ISA not verified; structural only."
0x2405,0x2407,9221,9223,3,CODE,0.78,plausible,ghidra,"ghidra_insn","Ghidra listing instruction start (MCS96:LE:16:default); LJMP/LCALL are PC-relative disp16"
0x2408,0x2408,9224,9224,1,CODE,0.55,plausible,re_pipeline,"code_window_hypothesis","Hypothesized CODE window per shipping regions + first non-FF @0x2000. ISA not verified; structural only."
0x2409,0x240B,9225,9227,3,CODE,0.78,plausible,ghidra,"ghidra_insn","Ghidra listing instruction start (MCS96:LE:16:default); LJMP/LCALL are PC-relative disp16"
0x240C,0x240D,9228,9229,2,CODE,0.55,plausible,re_pipeline,"code_window_hypothesis","Hypothesized CODE window per shipping regions + first non-FF @0x2000. ISA not verified; structural only."
0x240E,0x242C,9230,9260,31,CODE,0.78,plausible,ghidra,"ghidra_insn","Ghidra listing instruction start (MCS96:LE:16:default); LJMP/LCALL are PC-relative disp16"
0x242D,0x242E,9261,9262,2,CODE,0.55,plausible,re_pipeline,"code_window_hypothesis","Hypothesized CODE window per shipping regions + first non-FF @0x2000. ISA not verified; structural only."
0x242F,0x2470,9263,9328,66,CODE,0.78,plausible,ghidra,"ghidra_insn","Ghidra listing instruction start (MCS96:LE:16:default); LJMP/LCALL are PC-relative disp16"
0x2471,0x2472,9329,9330,2,CODE,0.55,plausible,re_pipeline,"code_window_hypothesis","Hypothesized CODE window per shipping regions + first non-FF @0x2000. ISA not verified; structural only."
0x2473,0x2477,9331,9335,5,CODE,0.78,plausible,ghidra,"ghidra_insn","Ghidra listing instruction start (MCS96:LE:16:default); LJMP/LCALL are PC-relative disp16"
0x2478,0x2479,9336,9337,2,CODE,0.55,plausible,re_pipeline,"code_window_hypothesis","Hypothesized CODE window per shipping regions + first non-FF @0x2000. ISA not verified; structural only."
0x247A,0x248C,9338,9356,19,CODE,0.78,plausible,ghidra,"ghidra_insn","Ghidra listing instruction start (MCS96:LE:16:default); LJMP/LCALL are PC-relative disp16"
0x248D,0x248E,9357,9358,2,CODE,0.55,plausible,re_pipeline,"code_window_hypothesis","Hypothesized CODE window per shipping regions + first non-FF @0x2000. ISA not verified; structural only."
0x248F,0x2491,9359,9361,3,CODE,0.78,plausible,ghidra,"ghidra_insn","Ghidra listing instruction start (MCS96:LE:16:default); LJMP/LCALL are PC-relative disp16"
0x2492,0x2493,9362,9363,2,CODE,0.55,plausible,re_pipeline,"code_window_hypothesis","Hypothesized CODE window per shipping regions + first non-FF @0x2000. ISA not verified; structural only."
0x2494,0x2498,9364,9368,5,CODE,0.78,plausible,ghidra,"ghidra_insn","Ghidra listing instruction start (MCS96:LE:16:default); LJMP/LCALL are PC-relative disp16"
0x2499,0x249A,9369,9370,2,CODE,0.55,plausible,re_pipeline,"code_window_hypothesis","Hypothesized CODE window per shipping regions + first non-FF @0x2000. ISA not verified; structural only."
0x249B,0x249D,9371,9373,3,CODE,0.78,plausible,ghidra,"ghidra_insn","Ghidra listing instruction start (MCS96:LE:16:default); LJMP/LCALL are PC-relative disp16"
0x249E,0x249F,9374,9375,2,CODE,0.55,plausible,re_pipeline,"code_window_hypothesis","Hypothesized CODE window per shipping regions + first non-FF @0x2000. ISA not verified; structural only."
0x24A0,0x24A5,9376,9381,6,CODE,0.78,plausible,ghidra,"ghidra_insn","Ghidra listing instruction start (MCS96:LE:16:default); LJMP/LCALL are PC-relative disp16"
0x24A6,0x24A7,9382,9383,2,CODE,0.55,plausible,re_pipeline,"code_window_hypothesis","Hypothesized CODE window per shipping regions + first non-FF @0x2000. ISA not verified; structural only."
0x24A8,0x24AC,9384,9388,5,CODE,0.78,plausible,ghidra,"ghidra_insn","Ghidra listing instruction start (MCS96:LE:16:default); LJMP/LCALL are PC-relative disp16"
0x24AD,0x24AE,9389,9390,2,CODE,0.55,plausible,re_pipeline,"code_window_hypothesis","Hypothesized CODE window per shipping regions + first non-FF @0x2000. ISA not verified; structural only."
0x24AF,0x24B4,9391,9396,6,CODE,0.78,plausible,ghidra,"ghidra_insn","Ghidra listing instruction start (MCS96:LE:16:default); LJMP/LCALL are PC-relative disp16"
0x24B5,0x24B6,9397,9398,2,CODE,0.55,plausible,re_pipeline,"code_window_hypothesis","Hypothesized CODE window per shipping regions + first non-FF @0x2000. ISA not verified; structural only."
0x24B7,0x24B9,9399,9401,3,CODE,0.78,plausible,ghidra,"ghidra_insn","Ghidra listing instruction start (MCS96:LE:16:default); LJMP/LCALL are PC-relative disp16"
0x24BA,0x24BB,9402,9403,2,CODE,0.55,plausible,re_pipeline,"code_window_hypothesis","Hypothesized CODE window per shipping regions + first non-FF @0x2000. ISA not verified; structural only."
0x24BC,0x24C1,9404,9409,6,CODE,0.78,plausible,ghidra,"ghidra_insn","Ghidra listing instruction start (MCS96:LE:16:default); LJMP/LCALL are PC-relative disp16"
0x24C2,0x24C3,9410,9411,2,CODE,0.55,plausible,re_pipeline,"code_window_hypothesis","Hypothesized CODE window per shipping regions + first non-FF @0x2000. ISA not verified; structural only."
0x24C4,0x24D1,9412,9425,14,CODE,0.78,plausible,ghidra,"ghidra_insn","Ghidra listing instruction start (MCS96:LE:16:default); LJMP/LCALL are PC-relative disp16"
0x24D2,0x24D2,9426,9426,1,CODE,0.55,plausible,re_pipeline,"code_window_hypothesis","Hypothesized CODE window per shipping regions + first non-FF @0x2000. ISA not verified; structural only."
0x24D3,0x24DC,9427,9436,10,CODE,0.78,plausible,ghidra,"ghidra_insn","Ghidra listing instruction start (MCS96:LE:16:default); LJMP/LCALL are PC-relative disp16"
0x24DD,0x24DE,9437,9438,2,CODE,0.55,plausible,re_pipeline,"code_window_hypothesis","Hypothesized CODE window per shipping regions + first non-FF @0x2000. ISA not verified; structural only."
0x24DF,0x24E5,9439,9445,7,CODE,0.78,plausible,ghidra,"ghidra_insn","Ghidra listing instruction start (MCS96:LE:16:default); LJMP/LCALL are PC-relative disp16"
0x24E6,0x24E7,9446,9447,2,CODE,0.55,plausible,re_pipeline,"code_window_hypothesis","Hypothesized CODE window per shipping regions + first non-FF @0x2000. ISA not verified; structural only."
0x24E8,0x24F7,9448,9463,16,CODE,0.78,plausible,ghidra,"ghidra_insn","Ghidra listing instruction start (MCS96:LE:16:default); LJMP/LCALL are PC-relative disp16"
0x24F8,0x24F9,9464,9465,2,CODE,0.55,plausible,re_pipeline,"code_window_hypothesis","Hypothesized CODE window per shipping regions + first non-FF @0x2000. ISA not verified; structural only."
0x24FA,0x24FE,9466,9470,5,CODE,0.78,plausible,ghidra,"ghidra_insn","Ghidra listing instruction start (MCS96:LE:16:default); LJMP/LCALL are PC-relative disp16"
0x24FF,0x2500,9471,9472,2,CODE,0.55,plausible,re_pipeline,"code_window_hypothesis","Hypothesized CODE window per shipping regions + first non-FF @0x2000. ISA not verified; structural only."
0x2501,0x2506,9473,9478,6,CODE,0.78,plausible,ghidra,"ghidra_insn","Ghidra listing instruction start (MCS96:LE:16:default); LJMP/LCALL are PC-relative disp16"
0x2507,0x2508,9479,9480,2,CODE,0.55,plausible,re_pipeline,"code_window_hypothesis","Hypothesized CODE window per shipping regions + first non-FF @0x2000. ISA not verified; structural only."
0x2509,0x250B,9481,9483,3,CODE,0.78,plausible,ghidra,"ghidra_insn","Ghidra listing instruction start (MCS96:LE:16:default); LJMP/LCALL are PC-relative disp16"
0x250C,0x250D,9484,9485,2,CODE,0.55,plausible,re_pipeline,"code_window_hypothesis","Hypothesized CODE window per shipping regions + first non-FF @0x2000. ISA not verified; structural only."
0x250E,0x2512,9486,9490,5,CODE,0.78,plausible,ghidra,"ghidra_insn","Ghidra listing instruction start (MCS96:LE:16:default); LJMP/LCALL are PC-relative disp16"
0x2513,0x2514,9491,9492,2,CODE,0.55,plausible,re_pipeline,"code_window_hypothesis","Hypothesized CODE window per shipping regions + first non-FF @0x2000. ISA not verified; structural only."
0x2515,0x251A,9493,9498,6,CODE,0.78,plausible,ghidra,"ghidra_insn","Ghidra listing instruction start (MCS96:LE:16:default); LJMP/LCALL are PC-relative disp16"
0x251B,0x251B,9499,9499,1,CODE,0.55,plausible,re_pipeline,"code_window_hypothesis","Hypothesized CODE window per shipping regions + first non-FF @0x2000. ISA not verified; structural only."
0x251C,0x2521,9500,9505,6,CODE,0.78,plausible,ghidra,"ghidra_insn","Ghidra listing instruction start (MCS96:LE:16:default); LJMP/LCALL are PC-relative disp16"
0x2522,0x2523,9506,9507,2,CODE,0.55,plausible,re_pipeline,"code_window_hypothesis","Hypothesized CODE window per shipping regions + first non-FF @0x2000. ISA not verified; structural only."
0x2524,0x2526,9508,9510,3,CODE,0.78,plausible,ghidra,"ghidra_insn","Ghidra listing instruction start (MCS96:LE:16:default); LJMP/LCALL are PC-relative disp16"
0x2527,0x2528,9511,9512,2,CODE,0.55,plausible,re_pipeline,"code_window_hypothesis","Hypothesized CODE window per shipping regions + first non-FF @0x2000. ISA not verified; structural only."
0x2529,0x2530,9513,9520,8,CODE,0.78,plausible,ghidra,"ghidra_insn","Ghidra listing instruction start (MCS96:LE:16:default); LJMP/LCALL are PC-relative disp16"
0x2531,0x2532,9521,9522,2,CODE,0.55,plausible,re_pipeline,"code_window_hypothesis","Hypothesized CODE window per shipping regions + first non-FF @0x2000. ISA not verified; structural only."
0x2533,0x253A,9523,9530,8,CODE,0.78,plausible,ghidra,"ghidra_insn","Ghidra listing instruction start (MCS96:LE:16:default); LJMP/LCALL are PC-relative disp16"
0x253B,0x253C,9531,9532,2,CODE,0.55,plausible,re_pipeline,"code_window_hypothesis","Hypothesized CODE window per shipping regions + first non-FF @0x2000. ISA not verified; structural only."
0x253D,0x2549,9533,9545,13,CODE,0.78,plausible,ghidra,"ghidra_insn","Ghidra listing instruction start (MCS96:LE:16:default); LJMP/LCALL are PC-relative disp16"
0x254A,0x254B,9546,9547,2,CODE,0.55,plausible,re_pipeline,"code_window_hypothesis","Hypothesized CODE window per shipping regions + first non-FF @0x2000. ISA not verified; structural only."
0x254C,0x2553,9548,9555,8,CODE,0.78,plausible,ghidra,"ghidra_insn","Ghidra listing instruction start (MCS96:LE:16:default); LJMP/LCALL are PC-relative disp16"
0x2554,0x2555,9556,9557,2,CODE,0.55,plausible,re_pipeline,"code_window_hypothesis","Hypothesized CODE window per shipping regions + first non-FF @0x2000. ISA not verified; structural only."
0x2556,0x255D,9558,9565,8,CODE,0.78,plausible,ghidra,"ghidra_insn","Ghidra listing instruction start (MCS96:LE:16:default); LJMP/LCALL are PC-relative disp16"
0x255E,0x255F,9566,9567,2,CODE,0.55,plausible,re_pipeline,"code_window_hypothesis","Hypothesized CODE window per shipping regions + first non-FF @0x2000. ISA not verified; structural only."
0x2560,0x2565,9568,9573,6,CODE,0.78,plausible,ghidra,"ghidra_insn","Ghidra listing instruction start (MCS96:LE:16:default); LJMP/LCALL are PC-relative disp16"
0x2566,0x2567,9574,9575,2,CODE,0.55,plausible,re_pipeline,"code_window_hypothesis","Hypothesized CODE window per shipping regions + first non-FF @0x2000. ISA not verified; structural only."
0x2568,0x2577,9576,9591,16,CODE,0.78,plausible,ghidra,"ghidra_insn","Ghidra listing instruction start (MCS96:LE:16:default); LJMP/LCALL are PC-relative disp16"
0x2578,0x2579,9592,9593,2,CODE,0.55,plausible,re_pipeline,"code_window_hypothesis","Hypothesized CODE window per shipping regions + first non-FF @0x2000. ISA not verified; structural only."
0x257A,0x257C,9594,9596,3,CODE,0.78,plausible,ghidra,"ghidra_insn","Ghidra listing instruction start (MCS96:LE:16:default); LJMP/LCALL are PC-relative disp16"
0x257D,0x257E,9597,9598,2,CODE,0.55,plausible,re_pipeline,"code_window_hypothesis","Hypothesized CODE window per shipping regions + first non-FF @0x2000. ISA not verified; structural only."
0x257F,0x2581,9599,9601,3,CODE,0.78,plausible,ghidra,"ghidra_insn","Ghidra listing instruction start (MCS96:LE:16:default); LJMP/LCALL are PC-relative disp16"
0x2582,0x2583,9602,9603,2,CODE,0.55,plausible,re_pipeline,"code_window_hypothesis","Hypothesized CODE window per shipping regions + first non-FF @0x2000. ISA not verified; structural only."
0x2584,0x258B,9604,9611,8,CODE,0.78,plausible,ghidra,"ghidra_insn","Ghidra listing instruction start (MCS96:LE:16:default); LJMP/LCALL are PC-relative disp16"
0x258C,0x258D,9612,9613,2,CODE,0.55,plausible,re_pipeline,"code_window_hypothesis","Hypothesized CODE window per shipping regions + first non-FF @0x2000. ISA not verified; structural only."
0x258E,0x2592,9614,9618,5,CODE,0.78,plausible,ghidra,"ghidra_insn","Ghidra listing instruction start (MCS96:LE:16:default); LJMP/LCALL are PC-relative disp16"
0x2593,0x2594,9619,9620,2,CODE,0.55,plausible,re_pipeline,"code_window_hypothesis","Hypothesized CODE window per shipping regions + first non-FF @0x2000. ISA not verified; structural only."
0x2595,0x25A1,9621,9633,13,CODE,0.78,plausible,ghidra,"ghidra_insn","Ghidra listing instruction start (MCS96:LE:16:default); LJMP/LCALL are PC-relative disp16"
0x25A2,0x25A3,9634,9635,2,CODE,0.55,plausible,re_pipeline,"code_window_hypothesis","Hypothesized CODE window per shipping regions + first non-FF @0x2000. ISA not verified; structural only."
0x25A4,0x25A9,9636,9641,6,CODE,0.78,plausible,ghidra,"ghidra_insn","Ghidra listing instruction start (MCS96:LE:16:default); LJMP/LCALL are PC-relative disp16"
0x25AA,0x25AB,9642,9643,2,CODE,0.55,plausible,re_pipeline,"code_window_hypothesis","Hypothesized CODE window per shipping regions + first non-FF @0x2000. ISA not verified; structural only."
0x25AC,0x25AE,9644,9646,3,CODE,0.78,plausible,ghidra,"ghidra_insn","Ghidra listing instruction start (MCS96:LE:16:default); LJMP/LCALL are PC-relative disp16"
0x25AF,0x25B0,9647,9648,2,CODE,0.55,plausible,re_pipeline,"code_window_hypothesis","Hypothesized CODE window per shipping regions + first non-FF @0x2000. ISA not verified; structural only."
0x25B1,0x25B3,9649,9651,3,CODE,0.78,plausible,ghidra,"ghidra_insn","Ghidra listing instruction start (MCS96:LE:16:default); LJMP/LCALL are PC-relative disp16"
0x25B4,0x25B4,9652,9652,1,CODE,0.55,plausible,re_pipeline,"code_window_hypothesis","Hypothesized CODE window per shipping regions + first non-FF @0x2000. ISA not verified; structural only."
0x25B5,0x25B7,9653,9655,3,CODE,0.78,plausible,ghidra,"ghidra_insn","Ghidra listing instruction start (MCS96:LE:16:default); LJMP/LCALL are PC-relative disp16"
0x25B8,0x25B9,9656,9657,2,CODE,0.55,plausible,re_pipeline,"code_window_hypothesis","Hypothesized CODE window per shipping regions + first non-FF @0x2000. ISA not verified; structural only."
0x25BA,0x25C1,9658,9665,8,CODE,0.78,plausible,ghidra,"ghidra_insn","Ghidra listing instruction start (MCS96:LE:16:default); LJMP/LCALL are PC-relative disp16"
0x25C2,0x25C2,9666,9666,1,CODE,0.55,plausible,re_pipeline,"code_window_hypothesis","Hypothesized CODE window per shipping regions + first non-FF @0x2000. ISA not verified; structural only."
0x25C3,0x25CE,9667,9678,12,CODE,0.78,plausible,ghidra,"ghidra_insn","Ghidra listing instruction start (MCS96:LE:16:default); LJMP/LCALL are PC-relative disp16"
0x25CF,0x25D0,9679,9680,2,CODE,0.55,plausible,re_pipeline,"code_window_hypothesis","Hypothesized CODE window per shipping regions + first non-FF @0x2000. ISA not verified; structural only."
0x25D1,0x25D5,9681,9685,5,CODE,0.78,plausible,ghidra,"ghidra_insn","Ghidra listing instruction start (MCS96:LE:16:default); LJMP/LCALL are PC-relative disp16"
0x25D6,0x25D7,9686,9687,2,CODE,0.55,plausible,re_pipeline,"code_window_hypothesis","Hypothesized CODE window per shipping regions + first non-FF @0x2000. ISA not verified; structural only."
0x25D8,0x25DD,9688,9693,6,CODE,0.78,plausible,ghidra,"ghidra_insn","Ghidra listing instruction start (MCS96:LE:16:default); LJMP/LCALL are PC-relative disp16"
0x25DE,0x25DF,9694,9695,2,CODE,0.55,plausible,re_pipeline,"code_window_hypothesis","Hypothesized CODE window per shipping regions + first non-FF @0x2000. ISA not verified; structural only."
0x25E0,0x25E4,9696,9700,5,CODE,0.78,plausible,ghidra,"ghidra_insn","Ghidra listing instruction start (MCS96:LE:16:default); LJMP/LCALL are PC-relative disp16"
0x25E5,0x25E6,9701,9702,2,CODE,0.55,plausible,re_pipeline,"code_window_hypothesis","Hypothesized CODE window per shipping regions + first non-FF @0x2000. ISA not verified; structural only."
0x25E7,0x25F4,9703,9716,14,CODE,0.78,plausible,ghidra,"ghidra_insn","Ghidra listing instruction start (MCS96:LE:16:default); LJMP/LCALL are PC-relative disp16"
0x25F5,0x25F6,9717,9718,2,CODE,0.55,plausible,re_pipeline,"code_window_hypothesis","Hypothesized CODE window per shipping regions + first non-FF @0x2000. ISA not verified; structural only."
0x25F7,0x25F9,9719,9721,3,CODE,0.78,plausible,ghidra,"ghidra_insn","Ghidra listing instruction start (MCS96:LE:16:default); LJMP/LCALL are PC-relative disp16"
0x25FA,0x25FB,9722,9723,2,CODE,0.55,plausible,re_pipeline,"code_window_hypothesis","Hypothesized CODE window per shipping regions + first non-FF @0x2000. ISA not verified; structural only."
0x25FC,0x2603,9724,9731,8,CODE,0.78,plausible,ghidra,"ghidra_insn","Ghidra listing instruction start (MCS96:LE:16:default); LJMP/LCALL are PC-relative disp16"
0x2604,0x2605,9732,9733,2,CODE,0.55,plausible,re_pipeline,"code_window_hypothesis","Hypothesized CODE window per shipping regions + first non-FF @0x2000. ISA not verified; structural only."
0x2606,0x260D,9734,9741,8,CODE,0.78,plausible,ghidra,"ghidra_insn","Ghidra listing instruction start (MCS96:LE:16:default); LJMP/LCALL are PC-relative disp16"
0x260E,0x260F,9742,9743,2,CODE,0.55,plausible,re_pipeline,"code_window_hypothesis","Hypothesized CODE window per shipping regions + first non-FF @0x2000. ISA not verified; structural only."
0x2610,0x2612,9744,9746,3,CODE,0.78,plausible,ghidra,"ghidra_insn","Ghidra listing instruction start (MCS96:LE:16:default); LJMP/LCALL are PC-relative disp16"
0x2613,0x2613,9747,9747,1,CODE,0.55,plausible,re_pipeline,"code_window_hypothesis","Hypothesized CODE window per shipping regions + first non-FF @0x2000. ISA not verified; structural only."
0x2614,0x261B,9748,9755,8,CODE,0.78,plausible,ghidra,"ghidra_insn","Ghidra listing instruction start (MCS96:LE:16:default); LJMP/LCALL are PC-relative disp16"
0x261C,0x261C,9756,9756,1,CODE,0.55,plausible,re_pipeline,"code_window_hypothesis","Hypothesized CODE window per shipping regions + first non-FF @0x2000. ISA not verified; structural only."
0x261D,0x2623,9757,9763,7,CODE,0.78,plausible,ghidra,"ghidra_insn","Ghidra listing instruction start (MCS96:LE:16:default); LJMP/LCALL are PC-relative disp16"
0x2624,0x2624,9764,9764,1,CODE,0.55,plausible,re_pipeline,"code_window_hypothesis","Hypothesized CODE window per shipping regions + first non-FF @0x2000. ISA not verified; structural only."
0x2625,0x262A,9765,9770,6,CODE,0.78,plausible,ghidra,"ghidra_insn","Ghidra listing instruction start (MCS96:LE:16:default); LJMP/LCALL are PC-relative disp16"
0x262B,0x262B,9771,9771,1,CODE,0.55,plausible,re_pipeline,"code_window_hypothesis","Hypothesized CODE window per shipping regions + first non-FF @0x2000. ISA not verified; structural only."
0x262C,0x2639,9772,9785,14,CODE,0.78,plausible,ghidra,"ghidra_insn","Ghidra listing instruction start (MCS96:LE:16:default); LJMP/LCALL are PC-relative disp16"
0x263A,0x263A,9786,9786,1,CODE,0.55,plausible,re_pipeline,"code_window_hypothesis","Hypothesized CODE window per shipping regions + first non-FF @0x2000. ISA not verified; structural only."
0x263B,0x2641,9787,9793,7,CODE,0.78,plausible,ghidra,"ghidra_insn","Ghidra listing instruction start (MCS96:LE:16:default); LJMP/LCALL are PC-relative disp16"
0x2642,0x2643,9794,9795,2,CODE,0.55,plausible,re_pipeline,"code_window_hypothesis","Hypothesized CODE window per shipping regions + first non-FF @0x2000. ISA not verified; structural only."
0x2644,0x2646,9796,9798,3,CODE,0.78,plausible,ghidra,"ghidra_insn","Ghidra listing instruction start (MCS96:LE:16:default); LJMP/LCALL are PC-relative disp16"
0x2647,0x26F4,9799,9972,174,CODE,0.55,plausible,re_pipeline,"code_window_hypothesis","Hypothesized CODE window per shipping regions + first non-FF @0x2000. ISA not verified; structural only."
0x26F5,0x26F7,9973,9975,3,CODE,0.78,plausible,ghidra,"ghidra_insn","Ghidra listing instruction start (MCS96:LE:16:default); LJMP/LCALL are PC-relative disp16"
0x26F8,0x26F9,9976,9977,2,CODE,0.55,plausible,re_pipeline,"code_window_hypothesis","Hypothesized CODE window per shipping regions + first non-FF @0x2000. ISA not verified; structural only."
0x26FA,0x26FF,9978,9983,6,CODE,0.78,plausible,ghidra,"ghidra_insn","Ghidra listing instruction start (MCS96:LE:16:default); LJMP/LCALL are PC-relative disp16"
0x2700,0x2701,9984,9985,2,CODE,0.55,plausible,re_pipeline,"code_window_hypothesis","Hypothesized CODE window per shipping regions + first non-FF @0x2000. ISA not verified; structural only."
0x2702,0x2704,9986,9988,3,CODE,0.78,plausible,ghidra,"ghidra_insn","Ghidra listing instruction start (MCS96:LE:16:default); LJMP/LCALL are PC-relative disp16"
0x2705,0x2706,9989,9990,2,CODE,0.55,plausible,re_pipeline,"code_window_hypothesis","Hypothesized CODE window per shipping regions + first non-FF @0x2000. ISA not verified; structural only."
0x2707,0x2709,9991,9993,3,CODE,0.78,plausible,ghidra,"ghidra_insn","Ghidra listing instruction start (MCS96:LE:16:default); LJMP/LCALL are PC-relative disp16"
0x270A,0x270B,9994,9995,2,CODE,0.55,plausible,re_pipeline,"code_window_hypothesis","Hypothesized CODE window per shipping regions + first non-FF @0x2000. ISA not verified; structural only."
0x270C,0x2713,9996,10003,8,CODE,0.78,plausible,ghidra,"ghidra_insn","Ghidra listing instruction start (MCS96:LE:16:default); LJMP/LCALL are PC-relative disp16"
0x2714,0x2715,10004,10005,2,CODE,0.55,plausible,re_pipeline,"code_window_hypothesis","Hypothesized CODE window per shipping regions + first non-FF @0x2000. ISA not verified; structural only."
0x2716,0x2718,10006,10008,3,CODE,0.78,plausible,ghidra,"ghidra_insn","Ghidra listing instruction start (MCS96:LE:16:default); LJMP/LCALL are PC-relative disp16"
0x2719,0x271A,10009,10010,2,CODE,0.55,plausible,re_pipeline,"code_window_hypothesis","Hypothesized CODE window per shipping regions + first non-FF @0x2000. ISA not verified; structural only."
0x271B,0x2722,10011,10018,8,CODE,0.78,plausible,ghidra,"ghidra_insn","Ghidra listing instruction start (MCS96:LE:16:default); LJMP/LCALL are PC-relative disp16"
0x2723,0x2724,10019,10020,2,CODE,0.55,plausible,re_pipeline,"code_window_hypothesis","Hypothesized CODE window per shipping regions + first non-FF @0x2000. ISA not verified; structural only."
0x2725,0x2727,10021,10023,3,CODE,0.78,plausible,ghidra,"ghidra_insn","Ghidra listing instruction start (MCS96:LE:16:default); LJMP/LCALL are PC-relative disp16"
0x2728,0x2729,10024,10025,2,CODE,0.55,plausible,re_pipeline,"code_window_hypothesis","Hypothesized CODE window per shipping regions + first non-FF @0x2000. ISA not verified; structural only."
0x272A,0x2731,10026,10033,8,CODE,0.78,plausible,ghidra,"ghidra_insn","Ghidra listing instruction start (MCS96:LE:16:default); LJMP/LCALL are PC-relative disp16"
0x2732,0x2733,10034,10035,2,CODE,0.55,plausible,re_pipeline,"code_window_hypothesis","Hypothesized CODE window per shipping regions + first non-FF @0x2000. ISA not verified; structural only."
0x2734,0x2736,10036,10038,3,CODE,0.78,plausible,ghidra,"ghidra_insn","Ghidra listing instruction start (MCS96:LE:16:default); LJMP/LCALL are PC-relative disp16"
0x2737,0x2738,10039,10040,2,CODE,0.55,plausible,re_pipeline,"code_window_hypothesis","Hypothesized CODE window per shipping regions + first non-FF @0x2000. ISA not verified; structural only."
0x2739,0x2740,10041,10048,8,CODE,0.78,plausible,ghidra,"ghidra_insn","Ghidra listing instruction start (MCS96:LE:16:default); LJMP/LCALL are PC-relative disp16"
0x2741,0x2742,10049,10050,2,CODE,0.55,plausible,re_pipeline,"code_window_hypothesis","Hypothesized CODE window per shipping regions + first non-FF @0x2000. ISA not verified; structural only."
0x2743,0x2745,10051,10053,3,CODE,0.78,plausible,ghidra,"ghidra_insn","Ghidra listing instruction start (MCS96:LE:16:default); LJMP/LCALL are PC-relative disp16"
0x2746,0x2747,10054,10055,2,CODE,0.55,plausible,re_pipeline,"code_window_hypothesis","Hypothesized CODE window per shipping regions + first non-FF @0x2000. ISA not verified; structural only."
0x2748,0x2756,10056,10070,15,CODE,0.78,plausible,ghidra,"ghidra_insn","Ghidra listing instruction start (MCS96:LE:16:default); LJMP/LCALL are PC-relative disp16"
0x2757,0x2758,10071,10072,2,CODE,0.55,plausible,re_pipeline,"code_window_hypothesis","Hypothesized CODE window per shipping regions + first non-FF @0x2000. ISA not verified; structural only."
0x2759,0x2761,10073,10081,9,CODE,0.78,plausible,ghidra,"ghidra_insn","Ghidra listing instruction start (MCS96:LE:16:default); LJMP/LCALL are PC-relative disp16"
0x2762,0x2763,10082,10083,2,CODE,0.55,plausible,re_pipeline,"code_window_hypothesis","Hypothesized CODE window per shipping regions + first non-FF @0x2000. ISA not verified; structural only."
0x2764,0x2766,10084,10086,3,CODE,0.78,plausible,ghidra,"ghidra_insn","Ghidra listing instruction start (MCS96:LE:16:default); LJMP/LCALL are PC-relative disp16"
0x2767,0x2767,10087,10087,1,CODE,0.55,plausible,re_pipeline,"code_window_hypothesis","Hypothesized CODE window per shipping regions + first non-FF @0x2000. ISA not verified; structural only."
0x2768,0x276A,10088,10090,3,CODE,0.78,plausible,ghidra,"ghidra_insn","Ghidra listing instruction start (MCS96:LE:16:default); LJMP/LCALL are PC-relative disp16"
0x276B,0x276C,10091,10092,2,CODE,0.55,plausible,re_pipeline,"code_window_hypothesis","Hypothesized CODE window per shipping regions + first non-FF @0x2000. ISA not verified; structural only."
0x276D,0x277B,10093,10107,15,CODE,0.78,plausible,ghidra,"ghidra_insn","Ghidra listing instruction start (MCS96:LE:16:default); LJMP/LCALL are PC-relative disp16"
0x277C,0x2783,10108,10115,8,CODE,0.55,plausible,re_pipeline,"code_window_hypothesis","Hypothesized CODE window per shipping regions + first non-FF @0x2000. ISA not verified; structural only."
0x2784,0x2789,10116,10121,6,CODE,0.78,plausible,ghidra,"ghidra_insn","Ghidra listing instruction start (MCS96:LE:16:default); LJMP/LCALL are PC-relative disp16"
0x278A,0x278A,10122,10122,1,CODE,0.55,plausible,re_pipeline,"code_window_hypothesis","Hypothesized CODE window per shipping regions + first non-FF @0x2000. ISA not verified; structural only."
0x278B,0x278D,10123,10125,3,CODE,0.78,plausible,ghidra,"ghidra_insn","Ghidra listing instruction start (MCS96:LE:16:default); LJMP/LCALL are PC-relative disp16"
0x278E,0x278F,10126,10127,2,CODE,0.55,plausible,re_pipeline,"code_window_hypothesis","Hypothesized CODE window per shipping regions + first non-FF @0x2000. ISA not verified; structural only."
0x2790,0x2795,10128,10133,6,CODE,0.78,plausible,ghidra,"ghidra_insn","Ghidra listing instruction start (MCS96:LE:16:default); LJMP/LCALL are PC-relative disp16"
0x2796,0x2797,10134,10135,2,CODE,0.55,plausible,re_pipeline,"code_window_hypothesis","Hypothesized CODE window per shipping regions + first non-FF @0x2000. ISA not verified; structural only."
0x2798,0x27A2,10136,10146,11,CODE,0.78,plausible,ghidra,"ghidra_insn","Ghidra listing instruction start (MCS96:LE:16:default); LJMP/LCALL are PC-relative disp16"
0x27A3,0x27A4,10147,10148,2,CODE,0.55,plausible,re_pipeline,"code_window_hypothesis","Hypothesized CODE window per shipping regions + first non-FF @0x2000. ISA not verified; structural only."
0x27A5,0x27A7,10149,10151,3,CODE,0.78,plausible,ghidra,"ghidra_insn","Ghidra listing instruction start (MCS96:LE:16:default); LJMP/LCALL are PC-relative disp16"
0x27A8,0x27A9,10152,10153,2,CODE,0.55,plausible,re_pipeline,"code_window_hypothesis","Hypothesized CODE window per shipping regions + first non-FF @0x2000. ISA not verified; structural only."
0x27AA,0x27BB,10154,10171,18,CODE,0.78,plausible,ghidra,"ghidra_insn","Ghidra listing instruction start (MCS96:LE:16:default); LJMP/LCALL are PC-relative disp16"
0x27BC,0x27BD,10172,10173,2,CODE,0.55,plausible,re_pipeline,"code_window_hypothesis","Hypothesized CODE window per shipping regions + first non-FF @0x2000. ISA not verified; structural only."
0x27BE,0x27C0,10174,10176,3,CODE,0.78,plausible,ghidra,"ghidra_insn","Ghidra listing instruction start (MCS96:LE:16:default); LJMP/LCALL are PC-relative disp16"
0x27C1,0x27C1,10177,10177,1,CODE,0.55,plausible,re_pipeline,"code_window_hypothesis","Hypothesized CODE window per shipping regions + first non-FF @0x2000. ISA not verified; structural only."
0x27C2,0x27D7,10178,10199,22,CODE,0.78,plausible,ghidra,"ghidra_insn","Ghidra listing instruction start (MCS96:LE:16:default); LJMP/LCALL are PC-relative disp16"
0x27D8,0x27D9,10200,10201,2,CODE,0.55,plausible,re_pipeline,"code_window_hypothesis","Hypothesized CODE window per shipping regions + first non-FF @0x2000. ISA not verified; structural only."
0x27DA,0x27DC,10202,10204,3,CODE,0.78,plausible,ghidra,"ghidra_insn","Ghidra listing instruction start (MCS96:LE:16:default); LJMP/LCALL are PC-relative disp16"
0x27DD,0x27DE,10205,10206,2,CODE,0.55,plausible,re_pipeline,"code_window_hypothesis","Hypothesized CODE window per shipping regions + first non-FF @0x2000. ISA not verified; structural only."
0x27DF,0x27E1,10207,10209,3,CODE,0.78,plausible,ghidra,"ghidra_insn","Ghidra listing instruction start (MCS96:LE:16:default); LJMP/LCALL are PC-relative disp16"
0x27E2,0x27E2,10210,10210,1,CODE,0.55,plausible,re_pipeline,"code_window_hypothesis","Hypothesized CODE window per shipping regions + first non-FF @0x2000. ISA not verified; structural only."
0x27E3,0x27EE,10211,10222,12,CODE,0.78,plausible,ghidra,"ghidra_insn","Ghidra listing instruction start (MCS96:LE:16:default); LJMP/LCALL are PC-relative disp16"
0x27EF,0x27EF,10223,10223,1,CODE,0.55,plausible,re_pipeline,"code_window_hypothesis","Hypothesized CODE window per shipping regions + first non-FF @0x2000. ISA not verified; structural only."
0x27F0,0x27FB,10224,10235,12,CODE,0.78,plausible,ghidra,"ghidra_insn","Ghidra listing instruction start (MCS96:LE:16:default); LJMP/LCALL are PC-relative disp16"
0x27FC,0x27FD,10236,10237,2,CODE,0.55,plausible,re_pipeline,"code_window_hypothesis","Hypothesized CODE window per shipping regions + first non-FF @0x2000. ISA not verified; structural only."
0x27FE,0x2806,10238,10246,9,CODE,0.78,plausible,ghidra,"ghidra_insn","Ghidra listing instruction start (MCS96:LE:16:default); LJMP/LCALL are PC-relative disp16"
0x2807,0x2808,10247,10248,2,CODE,0.55,plausible,re_pipeline,"code_window_hypothesis","Hypothesized CODE window per shipping regions + first non-FF @0x2000. ISA not verified; structural only."
0x2809,0x281B,10249,10267,19,CODE,0.78,plausible,ghidra,"ghidra_insn","Ghidra listing instruction start (MCS96:LE:16:default); LJMP/LCALL are PC-relative disp16"
0x281C,0x281D,10268,10269,2,CODE,0.55,plausible,re_pipeline,"code_window_hypothesis","Hypothesized CODE window per shipping regions + first non-FF @0x2000. ISA not verified; structural only."
0x281E,0x2820,10270,10272,3,CODE,0.78,plausible,ghidra,"ghidra_insn","Ghidra listing instruction start (MCS96:LE:16:default); LJMP/LCALL are PC-relative disp16"
0x2821,0x2822,10273,10274,2,CODE,0.55,plausible,re_pipeline,"code_window_hypothesis","Hypothesized CODE window per shipping regions + first non-FF @0x2000. ISA not verified; structural only."
0x2823,0x2838,10275,10296,22,CODE,0.78,plausible,ghidra,"ghidra_insn","Ghidra listing instruction start (MCS96:LE:16:default); LJMP/LCALL are PC-relative disp16"
0x2839,0x283A,10297,10298,2,CODE,0.55,plausible,re_pipeline,"code_window_hypothesis","Hypothesized CODE window per shipping regions + first non-FF @0x2000. ISA not verified; structural only."
0x283B,0x283D,10299,10301,3,CODE,0.78,plausible,ghidra,"ghidra_insn","Ghidra listing instruction start (MCS96:LE:16:default); LJMP/LCALL are PC-relative disp16"
0x283E,0x283F,10302,10303,2,CODE,0.55,plausible,re_pipeline,"code_window_hypothesis","Hypothesized CODE window per shipping regions + first non-FF @0x2000. ISA not verified; structural only."
0x2840,0x2848,10304,10312,9,CODE,0.78,plausible,ghidra,"ghidra_insn","Ghidra listing instruction start (MCS96:LE:16:default); LJMP/LCALL are PC-relative disp16"
0x2849,0x284A,10313,10314,2,CODE,0.55,plausible,re_pipeline,"code_window_hypothesis","Hypothesized CODE window per shipping regions + first non-FF @0x2000. ISA not verified; structural only."
0x284B,0x2853,10315,10323,9,CODE,0.78,plausible,ghidra,"ghidra_insn","Ghidra listing instruction start (MCS96:LE:16:default); LJMP/LCALL are PC-relative disp16"
0x2854,0x2855,10324,10325,2,CODE,0.55,plausible,re_pipeline,"code_window_hypothesis","Hypothesized CODE window per shipping regions + first non-FF @0x2000. ISA not verified; structural only."
0x2856,0x285E,10326,10334,9,CODE,0.78,plausible,ghidra,"ghidra_insn","Ghidra listing instruction start (MCS96:LE:16:default); LJMP/LCALL are PC-relative disp16"
0x285F,0x2860,10335,10336,2,CODE,0.55,plausible,re_pipeline,"code_window_hypothesis","Hypothesized CODE window per shipping regions + first non-FF @0x2000. ISA not verified; structural only."
0x2861,0x2869,10337,10345,9,CODE,0.78,plausible,ghidra,"ghidra_insn","Ghidra listing instruction start (MCS96:LE:16:default); LJMP/LCALL are PC-relative disp16"
0x286A,0x286B,10346,10347,2,CODE,0.55,plausible,re_pipeline,"code_window_hypothesis","Hypothesized CODE window per shipping regions + first non-FF @0x2000. ISA not verified; structural only."
0x286C,0x2876,10348,10358,11,CODE,0.78,plausible,ghidra,"ghidra_insn","Ghidra listing instruction start (MCS96:LE:16:default); LJMP/LCALL are PC-relative disp16"
0x2877,0x2878,10359,10360,2,CODE,0.55,plausible,re_pipeline,"code_window_hypothesis","Hypothesized CODE window per shipping regions + first non-FF @0x2000. ISA not verified; structural only."
0x2879,0x287E,10361,10366,6,CODE,0.78,plausible,ghidra,"ghidra_insn","Ghidra listing instruction start (MCS96:LE:16:default); LJMP/LCALL are PC-relative disp16"
0x287F,0x2888,10367,10376,10,CODE,0.55,plausible,re_pipeline,"code_window_hypothesis","Hypothesized CODE window per shipping regions + first non-FF @0x2000. ISA not verified; structural only."
0x2889,0x288B,10377,10379,3,CODE,0.78,plausible,ghidra,"ghidra_insn","Ghidra listing instruction start (MCS96:LE:16:default); LJMP/LCALL are PC-relative disp16"
0x288C,0x288D,10380,10381,2,CODE,0.55,plausible,re_pipeline,"code_window_hypothesis","Hypothesized CODE window per shipping regions + first non-FF @0x2000. ISA not verified; structural only."
0x288E,0x2890,10382,10384,3,CODE,0.78,plausible,ghidra,"ghidra_insn","Ghidra listing instruction start (MCS96:LE:16:default); LJMP/LCALL are PC-relative disp16"
0x2891,0x2891,10385,10385,1,CODE,0.55,plausible,re_pipeline,"code_window_hypothesis","Hypothesized CODE window per shipping regions + first non-FF @0x2000. ISA not verified; structural only."
0x2892,0x2899,10386,10393,8,CODE,0.78,plausible,ghidra,"ghidra_insn","Ghidra listing instruction start (MCS96:LE:16:default); LJMP/LCALL are PC-relative disp16"
0x289A,0x289B,10394,10395,2,CODE,0.55,plausible,re_pipeline,"code_window_hypothesis","Hypothesized CODE window per shipping regions + first non-FF @0x2000. ISA not verified; structural only."
0x289C,0x289E,10396,10398,3,CODE,0.78,plausible,ghidra,"ghidra_insn","Ghidra listing instruction start (MCS96:LE:16:default); LJMP/LCALL are PC-relative disp16"
0x289F,0x28A0,10399,10400,2,CODE,0.55,plausible,re_pipeline,"code_window_hypothesis","Hypothesized CODE window per shipping regions + first non-FF @0x2000. ISA not verified; structural only."
0x28A1,0x28A3,10401,10403,3,CODE,0.78,plausible,ghidra,"ghidra_insn","Ghidra listing instruction start (MCS96:LE:16:default); LJMP/LCALL are PC-relative disp16"
0x28A4,0x28A5,10404,10405,2,CODE,0.55,plausible,re_pipeline,"code_window_hypothesis","Hypothesized CODE window per shipping regions + first non-FF @0x2000. ISA not verified; structural only."
0x28A6,0x28A8,10406,10408,3,CODE,0.78,plausible,ghidra,"ghidra_insn","Ghidra listing instruction start (MCS96:LE:16:default); LJMP/LCALL are PC-relative disp16"
0x28A9,0x28AA,10409,10410,2,CODE,0.55,plausible,re_pipeline,"code_window_hypothesis","Hypothesized CODE window per shipping regions + first non-FF @0x2000. ISA not verified; structural only."
0x28AB,0x28AD,10411,10413,3,CODE,0.78,plausible,ghidra,"ghidra_insn","Ghidra listing instruction start (MCS96:LE:16:default); LJMP/LCALL are PC-relative disp16"
0x28AE,0x28AE,10414,10414,1,CODE,0.55,plausible,re_pipeline,"code_window_hypothesis","Hypothesized CODE window per shipping regions + first non-FF @0x2000. ISA not verified; structural only."
0x28AF,0x28B8,10415,10424,10,CODE,0.78,plausible,ghidra,"ghidra_insn","Ghidra listing instruction start (MCS96:LE:16:default); LJMP/LCALL are PC-relative disp16"
0x28B9,0x28BA,10425,10426,2,CODE,0.55,plausible,re_pipeline,"code_window_hypothesis","Hypothesized CODE window per shipping regions + first non-FF @0x2000. ISA not verified; structural only."
0x28BB,0x28C4,10427,10436,10,CODE,0.78,plausible,ghidra,"ghidra_insn","Ghidra listing instruction start (MCS96:LE:16:default); LJMP/LCALL are PC-relative disp16"
0x28C5,0x28C6,10437,10438,2,CODE,0.55,plausible,re_pipeline,"code_window_hypothesis","Hypothesized CODE window per shipping regions + first non-FF @0x2000. ISA not verified; structural only."
0x28C7,0x28CE,10439,10446,8,CODE,0.78,plausible,ghidra,"ghidra_insn","Ghidra listing instruction start (MCS96:LE:16:default); LJMP/LCALL are PC-relative disp16"
0x28CF,0x28D0,10447,10448,2,CODE,0.55,plausible,re_pipeline,"code_window_hypothesis","Hypothesized CODE window per shipping regions + first non-FF @0x2000. ISA not verified; structural only."
0x28D1,0x28D6,10449,10454,6,CODE,0.78,plausible,ghidra,"ghidra_insn","Ghidra listing instruction start (MCS96:LE:16:default); LJMP/LCALL are PC-relative disp16"
0x28D7,0x28D7,10455,10455,1,CODE,0.55,plausible,re_pipeline,"code_window_hypothesis","Hypothesized CODE window per shipping regions + first non-FF @0x2000. ISA not verified; structural only."
0x28D8,0x28E0,10456,10464,9,CODE,0.78,plausible,ghidra,"ghidra_insn","Ghidra listing instruction start (MCS96:LE:16:default); LJMP/LCALL are PC-relative disp16"
0x28E1,0x28E1,10465,10465,1,CODE,0.55,plausible,re_pipeline,"code_window_hypothesis","Hypothesized CODE window per shipping regions + first non-FF @0x2000. ISA not verified; structural only."
0x28E2,0x28F6,10466,10486,21,CODE,0.78,plausible,ghidra,"ghidra_insn","Ghidra listing instruction start (MCS96:LE:16:default); LJMP/LCALL are PC-relative disp16"
0x28F7,0x28F8,10487,10488,2,CODE,0.55,plausible,re_pipeline,"code_window_hypothesis","Hypothesized CODE window per shipping regions + first non-FF @0x2000. ISA not verified; structural only."
0x28F9,0x28FB,10489,10491,3,CODE,0.78,plausible,ghidra,"ghidra_insn","Ghidra listing instruction start (MCS96:LE:16:default); LJMP/LCALL are PC-relative disp16"
0x28FC,0x28FD,10492,10493,2,CODE,0.55,plausible,re_pipeline,"code_window_hypothesis","Hypothesized CODE window per shipping regions + first non-FF @0x2000. ISA not verified; structural only."
0x28FE,0x2900,10494,10496,3,CODE,0.78,plausible,ghidra,"ghidra_insn","Ghidra listing instruction start (MCS96:LE:16:default); LJMP/LCALL are PC-relative disp16"
0x2901,0x2902,10497,10498,2,CODE,0.55,plausible,re_pipeline,"code_window_hypothesis","Hypothesized CODE window per shipping regions + first non-FF @0x2000. ISA not verified; structural only."
0x2903,0x2908,10499,10504,6,CODE,0.78,plausible,ghidra,"ghidra_insn","Ghidra listing instruction start (MCS96:LE:16:default); LJMP/LCALL are PC-relative disp16"
0x2909,0x29D6,10505,10710,206,CODE,0.55,plausible,re_pipeline,"code_window_hypothesis","Hypothesized CODE window per shipping regions + first non-FF @0x2000. ISA not verified; structural only."
0x29D7,0x29E7,10711,10727,17,CODE,0.78,plausible,ghidra,"ghidra_insn","Ghidra listing instruction start (MCS96:LE:16:default); LJMP/LCALL are PC-relative disp16"
0x29E8,0x29E9,10728,10729,2,CODE,0.55,plausible,re_pipeline,"code_window_hypothesis","Hypothesized CODE window per shipping regions + first non-FF @0x2000. ISA not verified; structural only."
0x29EA,0x29F0,10730,10736,7,CODE,0.78,plausible,ghidra,"ghidra_insn","Ghidra listing instruction start (MCS96:LE:16:default); LJMP/LCALL are PC-relative disp16"
0x29F1,0x29F2,10737,10738,2,CODE,0.55,plausible,re_pipeline,"code_window_hypothesis","Hypothesized CODE window per shipping regions + first non-FF @0x2000. ISA not verified; structural only."
0x29F3,0x29F5,10739,10741,3,CODE,0.78,plausible,ghidra,"ghidra_insn","Ghidra listing instruction start (MCS96:LE:16:default); LJMP/LCALL are PC-relative disp16"
0x29F6,0x29F7,10742,10743,2,CODE,0.55,plausible,re_pipeline,"code_window_hypothesis","Hypothesized CODE window per shipping regions + first non-FF @0x2000. ISA not verified; structural only."
0x29F8,0x29FA,10744,10746,3,CODE,0.78,plausible,ghidra,"ghidra_insn","Ghidra listing instruction start (MCS96:LE:16:default); LJMP/LCALL are PC-relative disp16"
0x29FB,0x29FC,10747,10748,2,CODE,0.55,plausible,re_pipeline,"code_window_hypothesis","Hypothesized CODE window per shipping regions + first non-FF @0x2000. ISA not verified; structural only."
0x29FD,0x29FF,10749,10751,3,CODE,0.78,plausible,ghidra,"ghidra_insn","Ghidra listing instruction start (MCS96:LE:16:default); LJMP/LCALL are PC-relative disp16"
0x2A00,0x2A00,10752,10752,1,CODE,0.55,plausible,re_pipeline,"code_window_hypothesis","Hypothesized CODE window per shipping regions + first non-FF @0x2000. ISA not verified; structural only."
0x2A01,0x2A09,10753,10761,9,CODE,0.78,plausible,ghidra,"ghidra_insn","Ghidra listing instruction start (MCS96:LE:16:default); LJMP/LCALL are PC-relative disp16"
0x2A0A,0x2A0B,10762,10763,2,CODE,0.55,plausible,re_pipeline,"code_window_hypothesis","Hypothesized CODE window per shipping regions + first non-FF @0x2000. ISA not verified; structural only."
0x2A0C,0x2A0E,10764,10766,3,CODE,0.78,plausible,ghidra,"ghidra_insn","Ghidra listing instruction start (MCS96:LE:16:default); LJMP/LCALL are PC-relative disp16"
0x2A0F,0x2A10,10767,10768,2,CODE,0.55,plausible,re_pipeline,"code_window_hypothesis","Hypothesized CODE window per shipping regions + first non-FF @0x2000. ISA not verified; structural only."
0x2A11,0x2A13,10769,10771,3,CODE,0.78,plausible,ghidra,"ghidra_insn","Ghidra listing instruction start (MCS96:LE:16:default); LJMP/LCALL are PC-relative disp16"
0x2A14,0x2A15,10772,10773,2,CODE,0.55,plausible,re_pipeline,"code_window_hypothesis","Hypothesized CODE window per shipping regions + first non-FF @0x2000. ISA not verified; structural only."
0x2A16,0x2A18,10774,10776,3,CODE,0.78,plausible,ghidra,"ghidra_insn","Ghidra listing instruction start (MCS96:LE:16:default); LJMP/LCALL are PC-relative disp16"
0x2A19,0x2A1A,10777,10778,2,CODE,0.55,plausible,re_pipeline,"code_window_hypothesis","Hypothesized CODE window per shipping regions + first non-FF @0x2000. ISA not verified; structural only."
0x2A1B,0x2A1D,10779,10781,3,CODE,0.78,plausible,ghidra,"ghidra_insn","Ghidra listing instruction start (MCS96:LE:16:default); LJMP/LCALL are PC-relative disp16"
0x2A1E,0x2A1F,10782,10783,2,CODE,0.55,plausible,re_pipeline,"code_window_hypothesis","Hypothesized CODE window per shipping regions + first non-FF @0x2000. ISA not verified; structural only."
0x2A20,0x2A22,10784,10786,3,CODE,0.78,plausible,ghidra,"ghidra_insn","Ghidra listing instruction start (MCS96:LE:16:default); LJMP/LCALL are PC-relative disp16"
0x2A23,0x2A23,10787,10787,1,CODE,0.55,plausible,re_pipeline,"code_window_hypothesis","Hypothesized CODE window per shipping regions + first non-FF @0x2000. ISA not verified; structural only."
0x2A24,0x2A26,10788,10790,3,CODE,0.78,plausible,ghidra,"ghidra_insn","Ghidra listing instruction start (MCS96:LE:16:default); LJMP/LCALL are PC-relative disp16"
0x2A27,0x2B7B,10791,11131,341,CODE,0.55,plausible,re_pipeline,"code_window_hypothesis","Hypothesized CODE window per shipping regions + first non-FF @0x2000. ISA not verified; structural only."
0x2B7C,0x2B7E,11132,11134,3,CODE,0.78,plausible,ghidra,"ghidra_insn","Ghidra listing instruction start (MCS96:LE:16:default); LJMP/LCALL are PC-relative disp16"
0x2B7F,0x2B80,11135,11136,2,CODE,0.55,plausible,re_pipeline,"code_window_hypothesis","Hypothesized CODE window per shipping regions + first non-FF @0x2000. ISA not verified; structural only."
0x2B81,0x2B83,11137,11139,3,CODE,0.78,plausible,ghidra,"ghidra_insn","Ghidra listing instruction start (MCS96:LE:16:default); LJMP/LCALL are PC-relative disp16"
0x2B84,0x2B85,11140,11141,2,CODE,0.55,plausible,re_pipeline,"code_window_hypothesis","Hypothesized CODE window per shipping regions + first non-FF @0x2000. ISA not verified; structural only."
0x2B86,0x2B8B,11142,11147,6,CODE,0.78,plausible,ghidra,"ghidra_insn","Ghidra listing instruction start (MCS96:LE:16:default); LJMP/LCALL are PC-relative disp16"
0x2B8C,0x2B8C,11148,11148,1,CODE,0.55,plausible,re_pipeline,"code_window_hypothesis","Hypothesized CODE window per shipping regions + first non-FF @0x2000. ISA not verified; structural only."
0x2B8D,0x2B91,11149,11153,5,CODE,0.78,plausible,ghidra,"ghidra_insn","Ghidra listing instruction start (MCS96:LE:16:default); LJMP/LCALL are PC-relative disp16"
0x2B92,0x2B92,11154,11154,1,CODE,0.55,plausible,re_pipeline,"code_window_hypothesis","Hypothesized CODE window per shipping regions + first non-FF @0x2000. ISA not verified; structural only."
0x2B93,0x2B97,11155,11159,5,CODE,0.78,plausible,ghidra,"ghidra_insn","Ghidra listing instruction start (MCS96:LE:16:default); LJMP/LCALL are PC-relative disp16"
0x2B98,0x2B98,11160,11160,1,CODE,0.55,plausible,re_pipeline,"code_window_hypothesis","Hypothesized CODE window per shipping regions + first non-FF @0x2000. ISA not verified; structural only."
0x2B99,0x2B9D,11161,11165,5,CODE,0.78,plausible,ghidra,"ghidra_insn","Ghidra listing instruction start (MCS96:LE:16:default); LJMP/LCALL are PC-relative disp16"
0x2B9E,0x2B9E,11166,11166,1,CODE,0.55,plausible,re_pipeline,"code_window_hypothesis","Hypothesized CODE window per shipping regions + first non-FF @0x2000. ISA not verified; structural only."
0x2B9F,0x2BAE,11167,11182,16,CODE,0.78,plausible,ghidra,"ghidra_insn","Ghidra listing instruction start (MCS96:LE:16:default); LJMP/LCALL are PC-relative disp16"
0x2BAF,0x2E80,11183,11904,722,CODE,0.55,plausible,re_pipeline,"code_window_hypothesis","Hypothesized CODE window per shipping regions + first non-FF @0x2000. ISA not verified; structural only."
0x2E81,0x2E89,11905,11913,9,CODE,0.78,plausible,ghidra,"ghidra_insn","Ghidra listing instruction start (MCS96:LE:16:default); LJMP/LCALL are PC-relative disp16"
0x2E8A,0x2E8B,11914,11915,2,CODE,0.55,plausible,re_pipeline,"code_window_hypothesis","Hypothesized CODE window per shipping regions + first non-FF @0x2000. ISA not verified; structural only."
0x2E8C,0x2E90,11916,11920,5,CODE,0.78,plausible,ghidra,"ghidra_insn","Ghidra listing instruction start (MCS96:LE:16:default); LJMP/LCALL are PC-relative disp16"
0x2E91,0x2E92,11921,11922,2,CODE,0.55,plausible,re_pipeline,"code_window_hypothesis","Hypothesized CODE window per shipping regions + first non-FF @0x2000. ISA not verified; structural only."
0x2E93,0x2E95,11923,11925,3,CODE,0.78,plausible,ghidra,"ghidra_insn","Ghidra listing instruction start (MCS96:LE:16:default); LJMP/LCALL are PC-relative disp16"
0x2E96,0x2E97,11926,11927,2,CODE,0.55,plausible,re_pipeline,"code_window_hypothesis","Hypothesized CODE window per shipping regions + first non-FF @0x2000. ISA not verified; structural only."
0x2E98,0x2E9D,11928,11933,6,CODE,0.78,plausible,ghidra,"ghidra_insn","Ghidra listing instruction start (MCS96:LE:16:default); LJMP/LCALL are PC-relative disp16"
0x2E9E,0x2E9F,11934,11935,2,CODE,0.55,plausible,re_pipeline,"code_window_hypothesis","Hypothesized CODE window per shipping regions + first non-FF @0x2000. ISA not verified; structural only."
0x2EA0,0x2EA2,11936,11938,3,CODE,0.78,plausible,ghidra,"ghidra_insn","Ghidra listing instruction start (MCS96:LE:16:default); LJMP/LCALL are PC-relative disp16"
0x2EA3,0x2EA3,11939,11939,1,CODE,0.55,plausible,re_pipeline,"code_window_hypothesis","Hypothesized CODE window per shipping regions + first non-FF @0x2000. ISA not verified; structural only."
0x2EA4,0x2EB8,11940,11960,21,CODE,0.78,plausible,ghidra,"ghidra_insn","Ghidra listing instruction start (MCS96:LE:16:default); LJMP/LCALL are PC-relative disp16"
0x2EB9,0x2EB9,11961,11961,1,CODE,0.55,plausible,re_pipeline,"code_window_hypothesis","Hypothesized CODE window per shipping regions + first non-FF @0x2000. ISA not verified; structural only."
0x2EBA,0x2ECF,11962,11983,22,CODE,0.78,plausible,ghidra,"ghidra_insn","Ghidra listing instruction start (MCS96:LE:16:default); LJMP/LCALL are PC-relative disp16"
0x2ED0,0x2ED1,11984,11985,2,CODE,0.55,plausible,re_pipeline,"code_window_hypothesis","Hypothesized CODE window per shipping regions + first non-FF @0x2000. ISA not verified; structural only."
0x2ED2,0x2ED6,11986,11990,5,CODE,0.78,plausible,ghidra,"ghidra_insn","Ghidra listing instruction start (MCS96:LE:16:default); LJMP/LCALL are PC-relative disp16"
0x2ED7,0x2ED8,11991,11992,2,CODE,0.55,plausible,re_pipeline,"code_window_hypothesis","Hypothesized CODE window per shipping regions + first non-FF @0x2000. ISA not verified; structural only."
0x2ED9,0x2EDD,11993,11997,5,CODE,0.78,plausible,ghidra,"ghidra_insn","Ghidra listing instruction start (MCS96:LE:16:default); LJMP/LCALL are PC-relative disp16"
0x2EDE,0x2EDF,11998,11999,2,CODE,0.55,plausible,re_pipeline,"code_window_hypothesis","Hypothesized CODE window per shipping regions + first non-FF @0x2000. ISA not verified; structural only."
0x2EE0,0x2EE2,12000,12002,3,CODE,0.78,plausible,ghidra,"ghidra_insn","Ghidra listing instruction start (MCS96:LE:16:default); LJMP/LCALL are PC-relative disp16"
0x2EE3,0x2EE3,12003,12003,1,CODE,0.55,plausible,re_pipeline,"code_window_hypothesis","Hypothesized CODE window per shipping regions + first non-FF @0x2000. ISA not verified; structural only."
0x2EE4,0x2EE6,12004,12006,3,CODE,0.78,plausible,ghidra,"ghidra_insn","Ghidra listing instruction start (MCS96:LE:16:default); LJMP/LCALL are PC-relative disp16"
0x2EE7,0x2EE8,12007,12008,2,CODE,0.55,plausible,re_pipeline,"code_window_hypothesis","Hypothesized CODE window per shipping regions + first non-FF @0x2000. ISA not verified; structural only."
0x2EE9,0x2EEE,12009,12014,6,CODE,0.78,plausible,ghidra,"ghidra_insn","Ghidra listing instruction start (MCS96:LE:16:default); LJMP/LCALL are PC-relative disp16"
0x2EEF,0x2EF0,12015,12016,2,CODE,0.55,plausible,re_pipeline,"code_window_hypothesis","Hypothesized CODE window per shipping regions + first non-FF @0x2000. ISA not verified; structural only."
0x2EF1,0x2EF3,12017,12019,3,CODE,0.78,plausible,ghidra,"ghidra_insn","Ghidra listing instruction start (MCS96:LE:16:default); LJMP/LCALL are PC-relative disp16"
0x2EF4,0x2EF5,12020,12021,2,CODE,0.55,plausible,re_pipeline,"code_window_hypothesis","Hypothesized CODE window per shipping regions + first non-FF @0x2000. ISA not verified; structural only."
0x2EF6,0x2EF8,12022,12024,3,CODE,0.78,plausible,ghidra,"ghidra_insn","Ghidra listing instruction start (MCS96:LE:16:default); LJMP/LCALL are PC-relative disp16"
0x2EF9,0x2EF9,12025,12025,1,CODE,0.55,plausible,re_pipeline,"code_window_hypothesis","Hypothesized CODE window per shipping regions + first non-FF @0x2000. ISA not verified; structural only."
0x2EFA,0x2EFC,12026,12028,3,CODE,0.78,plausible,ghidra,"ghidra_insn","Ghidra listing instruction start (MCS96:LE:16:default); LJMP/LCALL are PC-relative disp16"
0x2EFD,0x2EFE,12029,12030,2,CODE,0.55,plausible,re_pipeline,"code_window_hypothesis","Hypothesized CODE window per shipping regions + first non-FF @0x2000. ISA not verified; structural only."
0x2EFF,0x2F10,12031,12048,18,CODE,0.78,plausible,ghidra,"ghidra_insn","Ghidra listing instruction start (MCS96:LE:16:default); LJMP/LCALL are PC-relative disp16"
0x2F11,0x2F11,12049,12049,1,CODE,0.55,plausible,re_pipeline,"code_window_hypothesis","Hypothesized CODE window per shipping regions + first non-FF @0x2000. ISA not verified; structural only."
0x2F12,0x2F14,12050,12052,3,CODE,0.78,plausible,ghidra,"ghidra_insn","Ghidra listing instruction start (MCS96:LE:16:default); LJMP/LCALL are PC-relative disp16"
0x2F15,0x2F16,12053,12054,2,CODE,0.55,plausible,re_pipeline,"code_window_hypothesis","Hypothesized CODE window per shipping regions + first non-FF @0x2000. ISA not verified; structural only."
0x2F17,0x2F19,12055,12057,3,CODE,0.78,plausible,ghidra,"ghidra_insn","Ghidra listing instruction start (MCS96:LE:16:default); LJMP/LCALL are PC-relative disp16"
0x2F1A,0x2F1A,12058,12058,1,CODE,0.55,plausible,re_pipeline,"code_window_hypothesis","Hypothesized CODE window per shipping regions + first non-FF @0x2000. ISA not verified; structural only."
0x2F1B,0x2F1D,12059,12061,3,CODE,0.78,plausible,ghidra,"ghidra_insn","Ghidra listing instruction start (MCS96:LE:16:default); LJMP/LCALL are PC-relative disp16"
0x2F1E,0x2F1E,12062,12062,1,CODE,0.55,plausible,re_pipeline,"code_window_hypothesis","Hypothesized CODE window per shipping regions + first non-FF @0x2000. ISA not verified; structural only."
0x2F1F,0x2F21,12063,12065,3,CODE,0.78,plausible,ghidra,"ghidra_insn","Ghidra listing instruction start (MCS96:LE:16:default); LJMP/LCALL are PC-relative disp16"
0x2F22,0x2F22,12066,12066,1,CODE,0.55,plausible,re_pipeline,"code_window_hypothesis","Hypothesized CODE window per shipping regions + first non-FF @0x2000. ISA not verified; structural only."
0x2F23,0x2F25,12067,12069,3,CODE,0.78,plausible,ghidra,"ghidra_insn","Ghidra listing instruction start (MCS96:LE:16:default); LJMP/LCALL are PC-relative disp16"
0x2F26,0x2F26,12070,12070,1,CODE,0.55,plausible,re_pipeline,"code_window_hypothesis","Hypothesized CODE window per shipping regions + first non-FF @0x2000. ISA not verified; structural only."
0x2F27,0x2F29,12071,12073,3,CODE,0.78,plausible,ghidra,"ghidra_insn","Ghidra listing instruction start (MCS96:LE:16:default); LJMP/LCALL are PC-relative disp16"
0x2F2A,0x2F2A,12074,12074,1,CODE,0.55,plausible,re_pipeline,"code_window_hypothesis","Hypothesized CODE window per shipping regions + first non-FF @0x2000. ISA not verified; structural only."
0x2F2B,0x2F2D,12075,12077,3,CODE,0.78,plausible,ghidra,"ghidra_insn","Ghidra listing instruction start (MCS96:LE:16:default); LJMP/LCALL are PC-relative disp16"
0x2F2E,0x2F2E,12078,12078,1,CODE,0.55,plausible,re_pipeline,"code_window_hypothesis","Hypothesized CODE window per shipping regions + first non-FF @0x2000. ISA not verified; structural only."
0x2F2F,0x2F31,12079,12081,3,CODE,0.78,plausible,ghidra,"ghidra_insn","Ghidra listing instruction start (MCS96:LE:16:default); LJMP/LCALL are PC-relative disp16"
0x2F32,0x2F32,12082,12082,1,CODE,0.55,plausible,re_pipeline,"code_window_hypothesis","Hypothesized CODE window per shipping regions + first non-FF @0x2000. ISA not verified; structural only."
0x2F33,0x2F35,12083,12085,3,CODE,0.78,plausible,ghidra,"ghidra_insn","Ghidra listing instruction start (MCS96:LE:16:default); LJMP/LCALL are PC-relative disp16"
0x2F36,0x2F36,12086,12086,1,CODE,0.55,plausible,re_pipeline,"code_window_hypothesis","Hypothesized CODE window per shipping regions + first non-FF @0x2000. ISA not verified; structural only."
0x2F37,0x2F3E,12087,12094,8,CODE,0.78,plausible,ghidra,"ghidra_insn","Ghidra listing instruction start (MCS96:LE:16:default); LJMP/LCALL are PC-relative disp16"
0x2F3F,0x2F40,12095,12096,2,CODE,0.55,plausible,re_pipeline,"code_window_hypothesis","Hypothesized CODE window per shipping regions + first non-FF @0x2000. ISA not verified; structural only."
0x2F41,0x2F43,12097,12099,3,CODE,0.78,plausible,ghidra,"ghidra_insn","Ghidra listing instruction start (MCS96:LE:16:default); LJMP/LCALL are PC-relative disp16"
0x2F44,0x2F44,12100,12100,1,CODE,0.55,plausible,re_pipeline,"code_window_hypothesis","Hypothesized CODE window per shipping regions + first non-FF @0x2000. ISA not verified; structural only."
0x2F45,0x2F4E,12101,12110,10,CODE,0.78,plausible,ghidra,"ghidra_insn","Ghidra listing instruction start (MCS96:LE:16:default); LJMP/LCALL are PC-relative disp16"
0x2F4F,0x2F50,12111,12112,2,CODE,0.55,plausible,re_pipeline,"code_window_hypothesis","Hypothesized CODE window per shipping regions + first non-FF @0x2000. ISA not verified; structural only."
0x2F51,0x2F57,12113,12119,7,CODE,0.78,plausible,ghidra,"ghidra_insn","Ghidra listing instruction start (MCS96:LE:16:default); LJMP/LCALL are PC-relative disp16"
0x2F58,0x2F59,12120,12121,2,CODE,0.55,plausible,re_pipeline,"code_window_hypothesis","Hypothesized CODE window per shipping regions + first non-FF @0x2000. ISA not verified; structural only."
0x2F5A,0x2F5C,12122,12124,3,CODE,0.78,plausible,ghidra,"ghidra_insn","Ghidra listing instruction start (MCS96:LE:16:default); LJMP/LCALL are PC-relative disp16"
0x2F5D,0x2F5D,12125,12125,1,CODE,0.55,plausible,re_pipeline,"code_window_hypothesis","Hypothesized CODE window per shipping regions + first non-FF @0x2000. ISA not verified; structural only."
0x2F5E,0x2F66,12126,12134,9,CODE,0.78,plausible,ghidra,"ghidra_insn","Ghidra listing instruction start (MCS96:LE:16:default); LJMP/LCALL are PC-relative disp16"
0x2F67,0x2F68,12135,12136,2,CODE,0.55,plausible,re_pipeline,"code_window_hypothesis","Hypothesized CODE window per shipping regions + first non-FF @0x2000. ISA not verified; structural only."
0x2F69,0x2F71,12137,12145,9,CODE,0.78,plausible,ghidra,"ghidra_insn","Ghidra listing instruction start (MCS96:LE:16:default); LJMP/LCALL are PC-relative disp16"
0x2F72,0x2F73,12146,12147,2,CODE,0.55,plausible,re_pipeline,"code_window_hypothesis","Hypothesized CODE window per shipping regions + first non-FF @0x2000. ISA not verified; structural only."
0x2F74,0x2F7C,12148,12156,9,CODE,0.78,plausible,ghidra,"ghidra_insn","Ghidra listing instruction start (MCS96:LE:16:default); LJMP/LCALL are PC-relative disp16"
0x2F7D,0x2F7E,12157,12158,2,CODE,0.55,plausible,re_pipeline,"code_window_hypothesis","Hypothesized CODE window per shipping regions + first non-FF @0x2000. ISA not verified; structural only."
0x2F7F,0x2F81,12159,12161,3,CODE,0.78,plausible,ghidra,"ghidra_insn","Ghidra listing instruction start (MCS96:LE:16:default); LJMP/LCALL are PC-relative disp16"
0x2F82,0x2F83,12162,12163,2,CODE,0.55,plausible,re_pipeline,"code_window_hypothesis","Hypothesized CODE window per shipping regions + first non-FF @0x2000. ISA not verified; structural only."
0x2F84,0x2F8C,12164,12172,9,CODE,0.78,plausible,ghidra,"ghidra_insn","Ghidra listing instruction start (MCS96:LE:16:default); LJMP/LCALL are PC-relative disp16"
0x2F8D,0x2F8D,12173,12173,1,CODE,0.55,plausible,re_pipeline,"code_window_hypothesis","Hypothesized CODE window per shipping regions + first non-FF @0x2000. ISA not verified; structural only."
0x2F8E,0x2FBA,12174,12218,45,CODE,0.78,plausible,ghidra,"ghidra_insn","Ghidra listing instruction start (MCS96:LE:16:default); LJMP/LCALL are PC-relative disp16"
0x2FBB,0x2FBC,12219,12220,2,CODE,0.55,plausible,re_pipeline,"code_window_hypothesis","Hypothesized CODE window per shipping regions + first non-FF @0x2000. ISA not verified; structural only."
0x2FBD,0x2FC1,12221,12225,5,CODE,0.78,plausible,ghidra,"ghidra_insn","Ghidra listing instruction start (MCS96:LE:16:default); LJMP/LCALL are PC-relative disp16"
0x2FC2,0x2FC3,12226,12227,2,CODE,0.55,plausible,re_pipeline,"code_window_hypothesis","Hypothesized CODE window per shipping regions + first non-FF @0x2000. ISA not verified; structural only."
0x2FC4,0x2FEC,12228,12268,41,CODE,0.78,plausible,ghidra,"ghidra_insn","Ghidra listing instruction start (MCS96:LE:16:default); LJMP/LCALL are PC-relative disp16"
0x2FED,0x2FED,12269,12269,1,CODE,0.55,plausible,re_pipeline,"code_window_hypothesis","Hypothesized CODE window per shipping regions + first non-FF @0x2000. ISA not verified; structural only."
0x2FEE,0x2FF2,12270,12274,5,CODE,0.78,plausible,ghidra,"ghidra_insn","Ghidra listing instruction start (MCS96:LE:16:default); LJMP/LCALL are PC-relative disp16"
0x2FF3,0x2FF4,12275,12276,2,CODE,0.55,plausible,re_pipeline,"code_window_hypothesis","Hypothesized CODE window per shipping regions + first non-FF @0x2000. ISA not verified; structural only."
0x2FF5,0x2FF7,12277,12279,3,CODE,0.78,plausible,ghidra,"ghidra_insn","Ghidra listing instruction start (MCS96:LE:16:default); LJMP/LCALL are PC-relative disp16"
0x2FF8,0x2FF9,12280,12281,2,CODE,0.55,plausible,re_pipeline,"code_window_hypothesis","Hypothesized CODE window per shipping regions + first non-FF @0x2000. ISA not verified; structural only."
0x2FFA,0x3010,12282,12304,23,CODE,0.78,plausible,ghidra,"ghidra_insn","Ghidra listing instruction start (MCS96:LE:16:default); LJMP/LCALL are PC-relative disp16"
0x3011,0x3012,12305,12306,2,CODE,0.55,plausible,re_pipeline,"code_window_hypothesis","Hypothesized CODE window per shipping regions + first non-FF @0x2000. ISA not verified; structural only."
0x3013,0x301D,12307,12317,11,CODE,0.78,plausible,ghidra,"ghidra_insn","Ghidra listing instruction start (MCS96:LE:16:default); LJMP/LCALL are PC-relative disp16"
0x301E,0x301F,12318,12319,2,CODE,0.55,plausible,re_pipeline,"code_window_hypothesis","Hypothesized CODE window per shipping regions + first non-FF @0x2000. ISA not verified; structural only."
0x3020,0x3029,12320,12329,10,CODE,0.78,plausible,ghidra,"ghidra_insn","Ghidra listing instruction start (MCS96:LE:16:default); LJMP/LCALL are PC-relative disp16"
0x302A,0x302C,12330,12332,3,CODE,0.55,plausible,re_pipeline,"code_window_hypothesis","Hypothesized CODE window per shipping regions + first non-FF @0x2000. ISA not verified; structural only."
0x302D,0x3032,12333,12338,6,CODE,0.78,plausible,ghidra,"ghidra_insn","Ghidra listing instruction start (MCS96:LE:16:default); LJMP/LCALL are PC-relative disp16"
0x3033,0x3033,12339,12339,1,CODE,0.55,plausible,re_pipeline,"code_window_hypothesis","Hypothesized CODE window per shipping regions + first non-FF @0x2000. ISA not verified; structural only."
0x3034,0x3038,12340,12344,5,CODE,0.78,plausible,ghidra,"ghidra_insn","Ghidra listing instruction start (MCS96:LE:16:default); LJMP/LCALL are PC-relative disp16"
0x3039,0x303A,12345,12346,2,CODE,0.55,plausible,re_pipeline,"code_window_hypothesis","Hypothesized CODE window per shipping regions + first non-FF @0x2000. ISA not verified; structural only."
0x303B,0x303D,12347,12349,3,CODE,0.78,plausible,ghidra,"ghidra_insn","Ghidra listing instruction start (MCS96:LE:16:default); LJMP/LCALL are PC-relative disp16"
0x303E,0x303F,12350,12351,2,CODE,0.55,plausible,re_pipeline,"code_window_hypothesis","Hypothesized CODE window per shipping regions + first non-FF @0x2000. ISA not verified; structural only."
0x3040,0x3042,12352,12354,3,CODE,0.78,plausible,ghidra,"ghidra_insn","Ghidra listing instruction start (MCS96:LE:16:default); LJMP/LCALL are PC-relative disp16"
0x3043,0x3044,12355,12356,2,CODE,0.55,plausible,re_pipeline,"code_window_hypothesis","Hypothesized CODE window per shipping regions + first non-FF @0x2000. ISA not verified; structural only."
0x3045,0x3048,12357,12360,4,CODE,0.78,plausible,ghidra,"ghidra_insn","Ghidra listing instruction start (MCS96:LE:16:default); LJMP/LCALL are PC-relative disp16"
0x3049,0x304A,12361,12362,2,CODE,0.55,plausible,re_pipeline,"code_window_hypothesis","Hypothesized CODE window per shipping regions + first non-FF @0x2000. ISA not verified; structural only."
0x304B,0x3056,12363,12374,12,CODE,0.78,plausible,ghidra,"ghidra_insn","Ghidra listing instruction start (MCS96:LE:16:default); LJMP/LCALL are PC-relative disp16"
0x3057,0x3058,12375,12376,2,CODE,0.55,plausible,re_pipeline,"code_window_hypothesis","Hypothesized CODE window per shipping regions + first non-FF @0x2000. ISA not verified; structural only."
0x3059,0x305D,12377,12381,5,CODE,0.78,plausible,ghidra,"ghidra_insn","Ghidra listing instruction start (MCS96:LE:16:default); LJMP/LCALL are PC-relative disp16"
0x305E,0x305E,12382,12382,1,CODE,0.55,plausible,re_pipeline,"code_window_hypothesis","Hypothesized CODE window per shipping regions + first non-FF @0x2000. ISA not verified; structural only."
0x305F,0x3068,12383,12392,10,CODE,0.78,plausible,ghidra,"ghidra_insn","Ghidra listing instruction start (MCS96:LE:16:default); LJMP/LCALL are PC-relative disp16"
0x3069,0x306A,12393,12394,2,CODE,0.55,plausible,re_pipeline,"code_window_hypothesis","Hypothesized CODE window per shipping regions + first non-FF @0x2000. ISA not verified; structural only."
0x306B,0x306D,12395,12397,3,CODE,0.78,plausible,ghidra,"ghidra_insn","Ghidra listing instruction start (MCS96:LE:16:default); LJMP/LCALL are PC-relative disp16"
0x306E,0x306F,12398,12399,2,CODE,0.55,plausible,re_pipeline,"code_window_hypothesis","Hypothesized CODE window per shipping regions + first non-FF @0x2000. ISA not verified; structural only."
0x3070,0x3075,12400,12405,6,CODE,0.78,plausible,ghidra,"ghidra_insn","Ghidra listing instruction start (MCS96:LE:16:default); LJMP/LCALL are PC-relative disp16"
0x3076,0x3076,12406,12406,1,CODE,0.55,plausible,re_pipeline,"code_window_hypothesis","Hypothesized CODE window per shipping regions + first non-FF @0x2000. ISA not verified; structural only."
0x3077,0x3079,12407,12409,3,CODE,0.78,plausible,ghidra,"ghidra_insn","Ghidra listing instruction start (MCS96:LE:16:default); LJMP/LCALL are PC-relative disp16"
0x307A,0x307A,12410,12410,1,CODE,0.55,plausible,re_pipeline,"code_window_hypothesis","Hypothesized CODE window per shipping regions + first non-FF @0x2000. ISA not verified; structural only."
0x307B,0x3092,12411,12434,24,CODE,0.78,plausible,ghidra,"ghidra_insn","Ghidra listing instruction start (MCS96:LE:16:default); LJMP/LCALL are PC-relative disp16"
0x3093,0x3094,12435,12436,2,CODE,0.55,plausible,re_pipeline,"code_window_hypothesis","Hypothesized CODE window per shipping regions + first non-FF @0x2000. ISA not verified; structural only."
0x3095,0x3097,12437,12439,3,CODE,0.78,plausible,ghidra,"ghidra_insn","Ghidra listing instruction start (MCS96:LE:16:default); LJMP/LCALL are PC-relative disp16"
0x3098,0x3099,12440,12441,2,CODE,0.55,plausible,re_pipeline,"code_window_hypothesis","Hypothesized CODE window per shipping regions + first non-FF @0x2000. ISA not verified; structural only."
0x309A,0x309C,12442,12444,3,CODE,0.78,plausible,ghidra,"ghidra_insn","Ghidra listing instruction start (MCS96:LE:16:default); LJMP/LCALL are PC-relative disp16"
0x309D,0x309D,12445,12445,1,CODE,0.55,plausible,re_pipeline,"code_window_hypothesis","Hypothesized CODE window per shipping regions + first non-FF @0x2000. ISA not verified; structural only."
0x309E,0x30A0,12446,12448,3,CODE,0.78,plausible,ghidra,"ghidra_insn","Ghidra listing instruction start (MCS96:LE:16:default); LJMP/LCALL are PC-relative disp16"
0x30A1,0x30A2,12449,12450,2,CODE,0.55,plausible,re_pipeline,"code_window_hypothesis","Hypothesized CODE window per shipping regions + first non-FF @0x2000. ISA not verified; structural only."
0x30A3,0x30A8,12451,12456,6,CODE,0.78,plausible,ghidra,"ghidra_insn","Ghidra listing instruction start (MCS96:LE:16:default); LJMP/LCALL are PC-relative disp16"
0x30A9,0x30AA,12457,12458,2,CODE,0.55,plausible,re_pipeline,"code_window_hypothesis","Hypothesized CODE window per shipping regions + first non-FF @0x2000. ISA not verified; structural only."
0x30AB,0x30B1,12459,12465,7,CODE,0.78,plausible,ghidra,"ghidra_insn","Ghidra listing instruction start (MCS96:LE:16:default); LJMP/LCALL are PC-relative disp16"
0x30B2,0x30B3,12466,12467,2,CODE,0.55,plausible,re_pipeline,"code_window_hypothesis","Hypothesized CODE window per shipping regions + first non-FF @0x2000. ISA not verified; structural only."
0x30B4,0x30BA,12468,12474,7,CODE,0.78,plausible,ghidra,"ghidra_insn","Ghidra listing instruction start (MCS96:LE:16:default); LJMP/LCALL are PC-relative disp16"
0x30BB,0x30BC,12475,12476,2,CODE,0.55,plausible,re_pipeline,"code_window_hypothesis","Hypothesized CODE window per shipping regions + first non-FF @0x2000. ISA not verified; structural only."
0x30BD,0x30C2,12477,12482,6,CODE,0.78,plausible,ghidra,"ghidra_insn","Ghidra listing instruction start (MCS96:LE:16:default); LJMP/LCALL are PC-relative disp16"
0x30C3,0x30C4,12483,12484,2,CODE,0.55,plausible,re_pipeline,"code_window_hypothesis","Hypothesized CODE window per shipping regions + first non-FF @0x2000. ISA not verified; structural only."
0x30C5,0x30CA,12485,12490,6,CODE,0.78,plausible,ghidra,"ghidra_insn","Ghidra listing instruction start (MCS96:LE:16:default); LJMP/LCALL are PC-relative disp16"
0x30CB,0x30CC,12491,12492,2,CODE,0.55,plausible,re_pipeline,"code_window_hypothesis","Hypothesized CODE window per shipping regions + first non-FF @0x2000. ISA not verified; structural only."
0x30CD,0x30D2,12493,12498,6,CODE,0.78,plausible,ghidra,"ghidra_insn","Ghidra listing instruction start (MCS96:LE:16:default); LJMP/LCALL are PC-relative disp16"
0x30D3,0x30D4,12499,12500,2,CODE,0.55,plausible,re_pipeline,"code_window_hypothesis","Hypothesized CODE window per shipping regions + first non-FF @0x2000. ISA not verified; structural only."
0x30D5,0x30DC,12501,12508,8,CODE,0.78,plausible,ghidra,"ghidra_insn","Ghidra listing instruction start (MCS96:LE:16:default); LJMP/LCALL are PC-relative disp16"
0x30DD,0x30DE,12509,12510,2,CODE,0.55,plausible,re_pipeline,"code_window_hypothesis","Hypothesized CODE window per shipping regions + first non-FF @0x2000. ISA not verified; structural only."
0x30DF,0x30E5,12511,12517,7,CODE,0.78,plausible,ghidra,"ghidra_insn","Ghidra listing instruction start (MCS96:LE:16:default); LJMP/LCALL are PC-relative disp16"
0x30E6,0x30E7,12518,12519,2,CODE,0.55,plausible,re_pipeline,"code_window_hypothesis","Hypothesized CODE window per shipping regions + first non-FF @0x2000. ISA not verified; structural only."
0x30E8,0x30EC,12520,12524,5,CODE,0.78,plausible,ghidra,"ghidra_insn","Ghidra listing instruction start (MCS96:LE:16:default); LJMP/LCALL are PC-relative disp16"
0x30ED,0x30EE,12525,12526,2,CODE,0.55,plausible,re_pipeline,"code_window_hypothesis","Hypothesized CODE window per shipping regions + first non-FF @0x2000. ISA not verified; structural only."
0x30EF,0x30F6,12527,12534,8,CODE,0.78,plausible,ghidra,"ghidra_insn","Ghidra listing instruction start (MCS96:LE:16:default); LJMP/LCALL are PC-relative disp16"
0x30F7,0x30F8,12535,12536,2,CODE,0.55,plausible,re_pipeline,"code_window_hypothesis","Hypothesized CODE window per shipping regions + first non-FF @0x2000. ISA not verified; structural only."
0x30F9,0x30FD,12537,12541,5,CODE,0.78,plausible,ghidra,"ghidra_insn","Ghidra listing instruction start (MCS96:LE:16:default); LJMP/LCALL are PC-relative disp16"
0x30FE,0x30FF,12542,12543,2,CODE,0.55,plausible,re_pipeline,"code_window_hypothesis","Hypothesized CODE window per shipping regions + first non-FF @0x2000. ISA not verified; structural only."
0x3100,0x3109,12544,12553,10,CODE,0.78,plausible,ghidra,"ghidra_insn","Ghidra listing instruction start (MCS96:LE:16:default); LJMP/LCALL are PC-relative disp16"
0x310A,0x310B,12554,12555,2,CODE,0.55,plausible,re_pipeline,"code_window_hypothesis","Hypothesized CODE window per shipping regions + first non-FF @0x2000. ISA not verified; structural only."
0x310C,0x311C,12556,12572,17,CODE,0.78,plausible,ghidra,"ghidra_insn","Ghidra listing instruction start (MCS96:LE:16:default); LJMP/LCALL are PC-relative disp16"
0x311D,0x311E,12573,12574,2,CODE,0.55,plausible,re_pipeline,"code_window_hypothesis","Hypothesized CODE window per shipping regions + first non-FF @0x2000. ISA not verified; structural only."
0x311F,0x3127,12575,12583,9,CODE,0.78,plausible,ghidra,"ghidra_insn","Ghidra listing instruction start (MCS96:LE:16:default); LJMP/LCALL are PC-relative disp16"
0x3128,0x3129,12584,12585,2,CODE,0.55,plausible,re_pipeline,"code_window_hypothesis","Hypothesized CODE window per shipping regions + first non-FF @0x2000. ISA not verified; structural only."
0x312A,0x313A,12586,12602,17,CODE,0.78,plausible,ghidra,"ghidra_insn","Ghidra listing instruction start (MCS96:LE:16:default); LJMP/LCALL are PC-relative disp16"
0x313B,0x313C,12603,12604,2,CODE,0.55,plausible,re_pipeline,"code_window_hypothesis","Hypothesized CODE window per shipping regions + first non-FF @0x2000. ISA not verified; structural only."
0x313D,0x3142,12605,12610,6,CODE,0.78,plausible,ghidra,"ghidra_insn","Ghidra listing instruction start (MCS96:LE:16:default); LJMP/LCALL are PC-relative disp16"
0x3143,0x3144,12611,12612,2,CODE,0.55,plausible,re_pipeline,"code_window_hypothesis","Hypothesized CODE window per shipping regions + first non-FF @0x2000. ISA not verified; structural only."
0x3145,0x3148,12613,12616,4,CODE,0.78,plausible,ghidra,"ghidra_insn","Ghidra listing instruction start (MCS96:LE:16:default); LJMP/LCALL are PC-relative disp16"
0x3149,0x314A,12617,12618,2,CODE,0.55,plausible,re_pipeline,"code_window_hypothesis","Hypothesized CODE window per shipping regions + first non-FF @0x2000. ISA not verified; structural only."
0x314B,0x3158,12619,12632,14,CODE,0.78,plausible,ghidra,"ghidra_insn","Ghidra listing instruction start (MCS96:LE:16:default); LJMP/LCALL are PC-relative disp16"
0x3159,0x315A,12633,12634,2,CODE,0.55,plausible,re_pipeline,"code_window_hypothesis","Hypothesized CODE window per shipping regions + first non-FF @0x2000. ISA not verified; structural only."
0x315B,0x3161,12635,12641,7,CODE,0.78,plausible,ghidra,"ghidra_insn","Ghidra listing instruction start (MCS96:LE:16:default); LJMP/LCALL are PC-relative disp16"
0x3162,0x3162,12642,12642,1,CODE,0.55,plausible,re_pipeline,"code_window_hypothesis","Hypothesized CODE window per shipping regions + first non-FF @0x2000. ISA not verified; structural only."
0x3163,0x3165,12643,12645,3,CODE,0.78,plausible,ghidra,"ghidra_insn","Ghidra listing instruction start (MCS96:LE:16:default); LJMP/LCALL are PC-relative disp16"
0x3166,0x3167,12646,12647,2,CODE,0.55,plausible,re_pipeline,"code_window_hypothesis","Hypothesized CODE window per shipping regions + first non-FF @0x2000. ISA not verified; structural only."
0x3168,0x3171,12648,12657,10,CODE,0.78,plausible,ghidra,"ghidra_insn","Ghidra listing instruction start (MCS96:LE:16:default); LJMP/LCALL are PC-relative disp16"
0x3172,0x3173,12658,12659,2,CODE,0.55,plausible,re_pipeline,"code_window_hypothesis","Hypothesized CODE window per shipping regions + first non-FF @0x2000. ISA not verified; structural only."
0x3174,0x3185,12660,12677,18,CODE,0.78,plausible,ghidra,"ghidra_insn","Ghidra listing instruction start (MCS96:LE:16:default); LJMP/LCALL are PC-relative disp16"
0x3186,0x3186,12678,12678,1,CODE,0.55,plausible,re_pipeline,"code_window_hypothesis","Hypothesized CODE window per shipping regions + first non-FF @0x2000. ISA not verified; structural only."
0x3187,0x3189,12679,12681,3,CODE,0.78,plausible,ghidra,"ghidra_insn","Ghidra listing instruction start (MCS96:LE:16:default); LJMP/LCALL are PC-relative disp16"
0x318A,0x318B,12682,12683,2,CODE,0.55,plausible,re_pipeline,"code_window_hypothesis","Hypothesized CODE window per shipping regions + first non-FF @0x2000. ISA not verified; structural only."
0x318C,0x3196,12684,12694,11,CODE,0.78,plausible,ghidra,"ghidra_insn","Ghidra listing instruction start (MCS96:LE:16:default); LJMP/LCALL are PC-relative disp16"
0x3197,0x3198,12695,12696,2,CODE,0.55,plausible,re_pipeline,"code_window_hypothesis","Hypothesized CODE window per shipping regions + first non-FF @0x2000. ISA not verified; structural only."
0x3199,0x319F,12697,12703,7,CODE,0.78,plausible,ghidra,"ghidra_insn","Ghidra listing instruction start (MCS96:LE:16:default); LJMP/LCALL are PC-relative disp16"
0x31A0,0x31A1,12704,12705,2,CODE,0.55,plausible,re_pipeline,"code_window_hypothesis","Hypothesized CODE window per shipping regions + first non-FF @0x2000. ISA not verified; structural only."
0x31A2,0x31A4,12706,12708,3,CODE,0.78,plausible,ghidra,"ghidra_insn","Ghidra listing instruction start (MCS96:LE:16:default); LJMP/LCALL are PC-relative disp16"
0x31A5,0x31A6,12709,12710,2,CODE,0.55,plausible,re_pipeline,"code_window_hypothesis","Hypothesized CODE window per shipping regions + first non-FF @0x2000. ISA not verified; structural only."
0x31A7,0x31A9,12711,12713,3,CODE,0.78,plausible,ghidra,"ghidra_insn","Ghidra listing instruction start (MCS96:LE:16:default); LJMP/LCALL are PC-relative disp16"
0x31AA,0x31AB,12714,12715,2,CODE,0.55,plausible,re_pipeline,"code_window_hypothesis","Hypothesized CODE window per shipping regions + first non-FF @0x2000. ISA not verified; structural only."
0x31AC,0x31B1,12716,12721,6,CODE,0.78,plausible,ghidra,"ghidra_insn","Ghidra listing instruction start (MCS96:LE:16:default); LJMP/LCALL are PC-relative disp16"
0x31B2,0x31B2,12722,12722,1,CODE,0.55,plausible,re_pipeline,"code_window_hypothesis","Hypothesized CODE window per shipping regions + first non-FF @0x2000. ISA not verified; structural only."
0x31B3,0x31B5,12723,12725,3,CODE,0.78,plausible,ghidra,"ghidra_insn","Ghidra listing instruction start (MCS96:LE:16:default); LJMP/LCALL are PC-relative disp16"
0x31B6,0x31B6,12726,12726,1,CODE,0.55,plausible,re_pipeline,"code_window_hypothesis","Hypothesized CODE window per shipping regions + first non-FF @0x2000. ISA not verified; structural only."
0x31B7,0x31D4,12727,12756,30,CODE,0.78,plausible,ghidra,"ghidra_insn","Ghidra listing instruction start (MCS96:LE:16:default); LJMP/LCALL are PC-relative disp16"
0x31D5,0x31D6,12757,12758,2,CODE,0.55,plausible,re_pipeline,"code_window_hypothesis","Hypothesized CODE window per shipping regions + first non-FF @0x2000. ISA not verified; structural only."
0x31D7,0x31D9,12759,12761,3,CODE,0.78,plausible,ghidra,"ghidra_insn","Ghidra listing instruction start (MCS96:LE:16:default); LJMP/LCALL are PC-relative disp16"
0x31DA,0x31DB,12762,12763,2,CODE,0.55,plausible,re_pipeline,"code_window_hypothesis","Hypothesized CODE window per shipping regions + first non-FF @0x2000. ISA not verified; structural only."
0x31DC,0x31E4,12764,12772,9,CODE,0.78,plausible,ghidra,"ghidra_insn","Ghidra listing instruction start (MCS96:LE:16:default); LJMP/LCALL are PC-relative disp16"
0x31E5,0x31E6,12773,12774,2,CODE,0.55,plausible,re_pipeline,"code_window_hypothesis","Hypothesized CODE window per shipping regions + first non-FF @0x2000. ISA not verified; structural only."
0x31E7,0x31F3,12775,12787,13,CODE,0.78,plausible,ghidra,"ghidra_insn","Ghidra listing instruction start (MCS96:LE:16:default); LJMP/LCALL are PC-relative disp16"
0x31F4,0x31F5,12788,12789,2,CODE,0.55,plausible,re_pipeline,"code_window_hypothesis","Hypothesized CODE window per shipping regions + first non-FF @0x2000. ISA not verified; structural only."
0x31F6,0x31F8,12790,12792,3,CODE,0.78,plausible,ghidra,"ghidra_insn","Ghidra listing instruction start (MCS96:LE:16:default); LJMP/LCALL are PC-relative disp16"
0x31F9,0x31FA,12793,12794,2,CODE,0.55,plausible,re_pipeline,"code_window_hypothesis","Hypothesized CODE window per shipping regions + first non-FF @0x2000. ISA not verified; structural only."
0x31FB,0x31FF,12795,12799,5,CODE,0.78,plausible,ghidra,"ghidra_insn","Ghidra listing instruction start (MCS96:LE:16:default); LJMP/LCALL are PC-relative disp16"
0x3200,0x3201,12800,12801,2,CODE,0.55,plausible,re_pipeline,"code_window_hypothesis","Hypothesized CODE window per shipping regions + first non-FF @0x2000. ISA not verified; structural only."
0x3202,0x3207,12802,12807,6,CODE,0.78,plausible,ghidra,"ghidra_insn","Ghidra listing instruction start (MCS96:LE:16:default); LJMP/LCALL are PC-relative disp16"
0x3208,0x3209,12808,12809,2,CODE,0.55,plausible,re_pipeline,"code_window_hypothesis","Hypothesized CODE window per shipping regions + first non-FF @0x2000. ISA not verified; structural only."
0x320A,0x3210,12810,12816,7,CODE,0.78,plausible,ghidra,"ghidra_insn","Ghidra listing instruction start (MCS96:LE:16:default); LJMP/LCALL are PC-relative disp16"
0x3211,0x3212,12817,12818,2,CODE,0.55,plausible,re_pipeline,"code_window_hypothesis","Hypothesized CODE window per shipping regions + first non-FF @0x2000. ISA not verified; structural only."
0x3213,0x321B,12819,12827,9,CODE,0.78,plausible,ghidra,"ghidra_insn","Ghidra listing instruction start (MCS96:LE:16:default); LJMP/LCALL are PC-relative disp16"
0x321C,0x321D,12828,12829,2,CODE,0.55,plausible,re_pipeline,"code_window_hypothesis","Hypothesized CODE window per shipping regions + first non-FF @0x2000. ISA not verified; structural only."
0x321E,0x3225,12830,12837,8,CODE,0.78,plausible,ghidra,"ghidra_insn","Ghidra listing instruction start (MCS96:LE:16:default); LJMP/LCALL are PC-relative disp16"
0x3226,0x3227,12838,12839,2,CODE,0.55,plausible,re_pipeline,"code_window_hypothesis","Hypothesized CODE window per shipping regions + first non-FF @0x2000. ISA not verified; structural only."
0x3228,0x322D,12840,12845,6,CODE,0.78,plausible,ghidra,"ghidra_insn","Ghidra listing instruction start (MCS96:LE:16:default); LJMP/LCALL are PC-relative disp16"
0x322E,0x322F,12846,12847,2,CODE,0.55,plausible,re_pipeline,"code_window_hypothesis","Hypothesized CODE window per shipping regions + first non-FF @0x2000. ISA not verified; structural only."
0x3230,0x3238,12848,12856,9,CODE,0.78,plausible,ghidra,"ghidra_insn","Ghidra listing instruction start (MCS96:LE:16:default); LJMP/LCALL are PC-relative disp16"
0x3239,0x323A,12857,12858,2,CODE,0.55,plausible,re_pipeline,"code_window_hypothesis","Hypothesized CODE window per shipping regions + first non-FF @0x2000. ISA not verified; structural only."
0x323B,0x3242,12859,12866,8,CODE,0.78,plausible,ghidra,"ghidra_insn","Ghidra listing instruction start (MCS96:LE:16:default); LJMP/LCALL are PC-relative disp16"
0x3243,0x3244,12867,12868,2,CODE,0.55,plausible,re_pipeline,"code_window_hypothesis","Hypothesized CODE window per shipping regions + first non-FF @0x2000. ISA not verified; structural only."
0x3245,0x324A,12869,12874,6,CODE,0.78,plausible,ghidra,"ghidra_insn","Ghidra listing instruction start (MCS96:LE:16:default); LJMP/LCALL are PC-relative disp16"
0x324B,0x324C,12875,12876,2,CODE,0.55,plausible,re_pipeline,"code_window_hypothesis","Hypothesized CODE window per shipping regions + first non-FF @0x2000. ISA not verified; structural only."
0x324D,0x3255,12877,12885,9,CODE,0.78,plausible,ghidra,"ghidra_insn","Ghidra listing instruction start (MCS96:LE:16:default); LJMP/LCALL are PC-relative disp16"
0x3256,0x3257,12886,12887,2,CODE,0.55,plausible,re_pipeline,"code_window_hypothesis","Hypothesized CODE window per shipping regions + first non-FF @0x2000. ISA not verified; structural only."
0x3258,0x325F,12888,12895,8,CODE,0.78,plausible,ghidra,"ghidra_insn","Ghidra listing instruction start (MCS96:LE:16:default); LJMP/LCALL are PC-relative disp16"
0x3260,0x3261,12896,12897,2,CODE,0.55,plausible,re_pipeline,"code_window_hypothesis","Hypothesized CODE window per shipping regions + first non-FF @0x2000. ISA not verified; structural only."
0x3262,0x3265,12898,12901,4,CODE,0.78,plausible,ghidra,"ghidra_insn","Ghidra listing instruction start (MCS96:LE:16:default); LJMP/LCALL are PC-relative disp16"
0x3266,0x3267,12902,12903,2,CODE,0.55,plausible,re_pipeline,"code_window_hypothesis","Hypothesized CODE window per shipping regions + first non-FF @0x2000. ISA not verified; structural only."
0x3268,0x326A,12904,12906,3,CODE,0.78,plausible,ghidra,"ghidra_insn","Ghidra listing instruction start (MCS96:LE:16:default); LJMP/LCALL are PC-relative disp16"
0x326B,0x326B,12907,12907,1,CODE,0.55,plausible,re_pipeline,"code_window_hypothesis","Hypothesized CODE window per shipping regions + first non-FF @0x2000. ISA not verified; structural only."
0x326C,0x3279,12908,12921,14,CODE,0.78,plausible,ghidra,"ghidra_insn","Ghidra listing instruction start (MCS96:LE:16:default); LJMP/LCALL are PC-relative disp16"
0x327A,0x327B,12922,12923,2,CODE,0.55,plausible,re_pipeline,"code_window_hypothesis","Hypothesized CODE window per shipping regions + first non-FF @0x2000. ISA not verified; structural only."
0x327C,0x327E,12924,12926,3,CODE,0.78,plausible,ghidra,"ghidra_insn","Ghidra listing instruction start (MCS96:LE:16:default); LJMP/LCALL are PC-relative disp16"
0x327F,0x3280,12927,12928,2,CODE,0.55,plausible,re_pipeline,"code_window_hypothesis","Hypothesized CODE window per shipping regions + first non-FF @0x2000. ISA not verified; structural only."
0x3281,0x3285,12929,12933,5,CODE,0.78,plausible,ghidra,"ghidra_insn","Ghidra listing instruction start (MCS96:LE:16:default); LJMP/LCALL are PC-relative disp16"
0x3286,0x3287,12934,12935,2,CODE,0.55,plausible,re_pipeline,"code_window_hypothesis","Hypothesized CODE window per shipping regions + first non-FF @0x2000. ISA not verified; structural only."
0x3288,0x328F,12936,12943,8,CODE,0.78,plausible,ghidra,"ghidra_insn","Ghidra listing instruction start (MCS96:LE:16:default); LJMP/LCALL are PC-relative disp16"
0x3290,0x3291,12944,12945,2,CODE,0.55,plausible,re_pipeline,"code_window_hypothesis","Hypothesized CODE window per shipping regions + first non-FF @0x2000. ISA not verified; structural only."
0x3292,0x3294,12946,12948,3,CODE,0.78,plausible,ghidra,"ghidra_insn","Ghidra listing instruction start (MCS96:LE:16:default); LJMP/LCALL are PC-relative disp16"
0x3295,0x3296,12949,12950,2,CODE,0.55,plausible,re_pipeline,"code_window_hypothesis","Hypothesized CODE window per shipping regions + first non-FF @0x2000. ISA not verified; structural only."
0x3297,0x329B,12951,12955,5,CODE,0.78,plausible,ghidra,"ghidra_insn","Ghidra listing instruction start (MCS96:LE:16:default); LJMP/LCALL are PC-relative disp16"
0x329C,0x329D,12956,12957,2,CODE,0.55,plausible,re_pipeline,"code_window_hypothesis","Hypothesized CODE window per shipping regions + first non-FF @0x2000. ISA not verified; structural only."
0x329E,0x32A0,12958,12960,3,CODE,0.78,plausible,ghidra,"ghidra_insn","Ghidra listing instruction start (MCS96:LE:16:default); LJMP/LCALL are PC-relative disp16"
0x32A1,0x32A2,12961,12962,2,CODE,0.55,plausible,re_pipeline,"code_window_hypothesis","Hypothesized CODE window per shipping regions + first non-FF @0x2000. ISA not verified; structural only."
0x32A3,0x32A5,12963,12965,3,CODE,0.78,plausible,ghidra,"ghidra_insn","Ghidra listing instruction start (MCS96:LE:16:default); LJMP/LCALL are PC-relative disp16"
0x32A6,0x32A7,12966,12967,2,CODE,0.55,plausible,re_pipeline,"code_window_hypothesis","Hypothesized CODE window per shipping regions + first non-FF @0x2000. ISA not verified; structural only."
0x32A8,0x32AD,12968,12973,6,CODE,0.78,plausible,ghidra,"ghidra_insn","Ghidra listing instruction start (MCS96:LE:16:default); LJMP/LCALL are PC-relative disp16"
0x32AE,0x32AE,12974,12974,1,CODE,0.55,plausible,re_pipeline,"code_window_hypothesis","Hypothesized CODE window per shipping regions + first non-FF @0x2000. ISA not verified; structural only."
0x32AF,0x32C3,12975,12995,21,CODE,0.78,plausible,ghidra,"ghidra_insn","Ghidra listing instruction start (MCS96:LE:16:default); LJMP/LCALL are PC-relative disp16"
0x32C4,0x32C5,12996,12997,2,CODE,0.55,plausible,re_pipeline,"code_window_hypothesis","Hypothesized CODE window per shipping regions + first non-FF @0x2000. ISA not verified; structural only."
0x32C6,0x32C8,12998,13000,3,CODE,0.78,plausible,ghidra,"ghidra_insn","Ghidra listing instruction start (MCS96:LE:16:default); LJMP/LCALL are PC-relative disp16"
0x32C9,0x32CA,13001,13002,2,CODE,0.55,plausible,re_pipeline,"code_window_hypothesis","Hypothesized CODE window per shipping regions + first non-FF @0x2000. ISA not verified; structural only."
0x32CB,0x32D5,13003,13013,11,CODE,0.78,plausible,ghidra,"ghidra_insn","Ghidra listing instruction start (MCS96:LE:16:default); LJMP/LCALL are PC-relative disp16"
0x32D6,0x32D7,13014,13015,2,CODE,0.55,plausible,re_pipeline,"code_window_hypothesis","Hypothesized CODE window per shipping regions + first non-FF @0x2000. ISA not verified; structural only."
0x32D8,0x32DC,13016,13020,5,CODE,0.78,plausible,ghidra,"ghidra_insn","Ghidra listing instruction start (MCS96:LE:16:default); LJMP/LCALL are PC-relative disp16"
0x32DD,0x32DE,13021,13022,2,CODE,0.55,plausible,re_pipeline,"code_window_hypothesis","Hypothesized CODE window per shipping regions + first non-FF @0x2000. ISA not verified; structural only."
0x32DF,0x32E3,13023,13027,5,CODE,0.78,plausible,ghidra,"ghidra_insn","Ghidra listing instruction start (MCS96:LE:16:default); LJMP/LCALL are PC-relative disp16"
0x32E4,0x32E4,13028,13028,1,CODE,0.55,plausible,re_pipeline,"code_window_hypothesis","Hypothesized CODE window per shipping regions + first non-FF @0x2000. ISA not verified; structural only."
0x32E5,0x32EA,13029,13034,6,CODE,0.78,plausible,ghidra,"ghidra_insn","Ghidra listing instruction start (MCS96:LE:16:default); LJMP/LCALL are PC-relative disp16"
0x32EB,0x32EC,13035,13036,2,CODE,0.55,plausible,re_pipeline,"code_window_hypothesis","Hypothesized CODE window per shipping regions + first non-FF @0x2000. ISA not verified; structural only."
0x32ED,0x32F2,13037,13042,6,CODE,0.78,plausible,ghidra,"ghidra_insn","Ghidra listing instruction start (MCS96:LE:16:default); LJMP/LCALL are PC-relative disp16"
0x32F3,0x32F4,13043,13044,2,CODE,0.55,plausible,re_pipeline,"code_window_hypothesis","Hypothesized CODE window per shipping regions + first non-FF @0x2000. ISA not verified; structural only."
0x32F5,0x32FC,13045,13052,8,CODE,0.78,plausible,ghidra,"ghidra_insn","Ghidra listing instruction start (MCS96:LE:16:default); LJMP/LCALL are PC-relative disp16"
0x32FD,0x32FE,13053,13054,2,CODE,0.55,plausible,re_pipeline,"code_window_hypothesis","Hypothesized CODE window per shipping regions + first non-FF @0x2000. ISA not verified; structural only."
0x32FF,0x3304,13055,13060,6,CODE,0.78,plausible,ghidra,"ghidra_insn","Ghidra listing instruction start (MCS96:LE:16:default); LJMP/LCALL are PC-relative disp16"
0x3305,0x3306,13061,13062,2,CODE,0.55,plausible,re_pipeline,"code_window_hypothesis","Hypothesized CODE window per shipping regions + first non-FF @0x2000. ISA not verified; structural only."
0x3307,0x3309,13063,13065,3,CODE,0.78,plausible,ghidra,"ghidra_insn","Ghidra listing instruction start (MCS96:LE:16:default); LJMP/LCALL are PC-relative disp16"
0x330A,0x330B,13066,13067,2,CODE,0.55,plausible,re_pipeline,"code_window_hypothesis","Hypothesized CODE window per shipping regions + first non-FF @0x2000. ISA not verified; structural only."
0x330C,0x330F,13068,13071,4,CODE,0.78,plausible,ghidra,"ghidra_insn","Ghidra listing instruction start (MCS96:LE:16:default); LJMP/LCALL are PC-relative disp16"
0x3310,0x3311,13072,13073,2,CODE,0.55,plausible,re_pipeline,"code_window_hypothesis","Hypothesized CODE window per shipping regions + first non-FF @0x2000. ISA not verified; structural only."
0x3312,0x3319,13074,13081,8,CODE,0.78,plausible,ghidra,"ghidra_insn","Ghidra listing instruction start (MCS96:LE:16:default); LJMP/LCALL are PC-relative disp16"
0x331A,0x331B,13082,13083,2,CODE,0.55,plausible,re_pipeline,"code_window_hypothesis","Hypothesized CODE window per shipping regions + first non-FF @0x2000. ISA not verified; structural only."
0x331C,0x331E,13084,13086,3,CODE,0.78,plausible,ghidra,"ghidra_insn","Ghidra listing instruction start (MCS96:LE:16:default); LJMP/LCALL are PC-relative disp16"
0x331F,0x3320,13087,13088,2,CODE,0.55,plausible,re_pipeline,"code_window_hypothesis","Hypothesized CODE window per shipping regions + first non-FF @0x2000. ISA not verified; structural only."
0x3321,0x3326,13089,13094,6,CODE,0.78,plausible,ghidra,"ghidra_insn","Ghidra listing instruction start (MCS96:LE:16:default); LJMP/LCALL are PC-relative disp16"
0x3327,0x3328,13095,13096,2,CODE,0.55,plausible,re_pipeline,"code_window_hypothesis","Hypothesized CODE window per shipping regions + first non-FF @0x2000. ISA not verified; structural only."
0x3329,0x332E,13097,13102,6,CODE,0.78,plausible,ghidra,"ghidra_insn","Ghidra listing instruction start (MCS96:LE:16:default); LJMP/LCALL are PC-relative disp16"
0x332F,0x3330,13103,13104,2,CODE,0.55,plausible,re_pipeline,"code_window_hypothesis","Hypothesized CODE window per shipping regions + first non-FF @0x2000. ISA not verified; structural only."
0x3331,0x3339,13105,13113,9,CODE,0.78,plausible,ghidra,"ghidra_insn","Ghidra listing instruction start (MCS96:LE:16:default); LJMP/LCALL are PC-relative disp16"
0x333A,0x333B,13114,13115,2,CODE,0.55,plausible,re_pipeline,"code_window_hypothesis","Hypothesized CODE window per shipping regions + first non-FF @0x2000. ISA not verified; structural only."
0x333C,0x3343,13116,13123,8,CODE,0.78,plausible,ghidra,"ghidra_insn","Ghidra listing instruction start (MCS96:LE:16:default); LJMP/LCALL are PC-relative disp16"
0x3344,0x3345,13124,13125,2,CODE,0.55,plausible,re_pipeline,"code_window_hypothesis","Hypothesized CODE window per shipping regions + first non-FF @0x2000. ISA not verified; structural only."
0x3346,0x334B,13126,13131,6,CODE,0.78,plausible,ghidra,"ghidra_insn","Ghidra listing instruction start (MCS96:LE:16:default); LJMP/LCALL are PC-relative disp16"
0x334C,0x334D,13132,13133,2,CODE,0.55,plausible,re_pipeline,"code_window_hypothesis","Hypothesized CODE window per shipping regions + first non-FF @0x2000. ISA not verified; structural only."
0x334E,0x3356,13134,13142,9,CODE,0.78,plausible,ghidra,"ghidra_insn","Ghidra listing instruction start (MCS96:LE:16:default); LJMP/LCALL are PC-relative disp16"
0x3357,0x3358,13143,13144,2,CODE,0.55,plausible,re_pipeline,"code_window_hypothesis","Hypothesized CODE window per shipping regions + first non-FF @0x2000. ISA not verified; structural only."
0x3359,0x3360,13145,13152,8,CODE,0.78,plausible,ghidra,"ghidra_insn","Ghidra listing instruction start (MCS96:LE:16:default); LJMP/LCALL are PC-relative disp16"
0x3361,0x3362,13153,13154,2,CODE,0.55,plausible,re_pipeline,"code_window_hypothesis","Hypothesized CODE window per shipping regions + first non-FF @0x2000. ISA not verified; structural only."
0x3363,0x3365,13155,13157,3,CODE,0.78,plausible,ghidra,"ghidra_insn","Ghidra listing instruction start (MCS96:LE:16:default); LJMP/LCALL are PC-relative disp16"
0x3366,0x3367,13158,13159,2,CODE,0.55,plausible,re_pipeline,"code_window_hypothesis","Hypothesized CODE window per shipping regions + first non-FF @0x2000. ISA not verified; structural only."
0x3368,0x336C,13160,13164,5,CODE,0.78,plausible,ghidra,"ghidra_insn","Ghidra listing instruction start (MCS96:LE:16:default); LJMP/LCALL are PC-relative disp16"
0x336D,0x336E,13165,13166,2,CODE,0.55,plausible,re_pipeline,"code_window_hypothesis","Hypothesized CODE window per shipping regions + first non-FF @0x2000. ISA not verified; structural only."
0x336F,0x337E,13167,13182,16,CODE,0.78,plausible,ghidra,"ghidra_insn","Ghidra listing instruction start (MCS96:LE:16:default); LJMP/LCALL are PC-relative disp16"
0x337F,0x3380,13183,13184,2,CODE,0.55,plausible,re_pipeline,"code_window_hypothesis","Hypothesized CODE window per shipping regions + first non-FF @0x2000. ISA not verified; structural only."
0x3381,0x3386,13185,13190,6,CODE,0.78,plausible,ghidra,"ghidra_insn","Ghidra listing instruction start (MCS96:LE:16:default); LJMP/LCALL are PC-relative disp16"
0x3387,0x3388,13191,13192,2,CODE,0.55,plausible,re_pipeline,"code_window_hypothesis","Hypothesized CODE window per shipping regions + first non-FF @0x2000. ISA not verified; structural only."
0x3389,0x338E,13193,13198,6,CODE,0.78,plausible,ghidra,"ghidra_insn","Ghidra listing instruction start (MCS96:LE:16:default); LJMP/LCALL are PC-relative disp16"
0x338F,0x3390,13199,13200,2,CODE,0.55,plausible,re_pipeline,"code_window_hypothesis","Hypothesized CODE window per shipping regions + first non-FF @0x2000. ISA not verified; structural only."
0x3391,0x3398,13201,13208,8,CODE,0.78,plausible,ghidra,"ghidra_insn","Ghidra listing instruction start (MCS96:LE:16:default); LJMP/LCALL are PC-relative disp16"
0x3399,0x339A,13209,13210,2,CODE,0.55,plausible,re_pipeline,"code_window_hypothesis","Hypothesized CODE window per shipping regions + first non-FF @0x2000. ISA not verified; structural only."
0x339B,0x33A2,13211,13218,8,CODE,0.78,plausible,ghidra,"ghidra_insn","Ghidra listing instruction start (MCS96:LE:16:default); LJMP/LCALL are PC-relative disp16"
0x33A3,0x33A4,13219,13220,2,CODE,0.55,plausible,re_pipeline,"code_window_hypothesis","Hypothesized CODE window per shipping regions + first non-FF @0x2000. ISA not verified; structural only."
0x33A5,0x33AA,13221,13226,6,CODE,0.78,plausible,ghidra,"ghidra_insn","Ghidra listing instruction start (MCS96:LE:16:default); LJMP/LCALL are PC-relative disp16"
0x33AB,0x33AC,13227,13228,2,CODE,0.55,plausible,re_pipeline,"code_window_hypothesis","Hypothesized CODE window per shipping regions + first non-FF @0x2000. ISA not verified; structural only."
0x33AD,0x33D8,13229,13272,44,CODE,0.78,plausible,ghidra,"ghidra_insn","Ghidra listing instruction start (MCS96:LE:16:default); LJMP/LCALL are PC-relative disp16"
0x33D9,0x33D9,13273,13273,1,CODE,0.55,plausible,re_pipeline,"code_window_hypothesis","Hypothesized CODE window per shipping regions + first non-FF @0x2000. ISA not verified; structural only."
0x33DA,0x340F,13274,13327,54,CODE,0.78,plausible,ghidra,"ghidra_insn","Ghidra listing instruction start (MCS96:LE:16:default); LJMP/LCALL are PC-relative disp16"
0x3410,0x3410,13328,13328,1,CODE,0.55,plausible,re_pipeline,"code_window_hypothesis","Hypothesized CODE window per shipping regions + first non-FF @0x2000. ISA not verified; structural only."
0x3411,0x3455,13329,13397,69,CODE,0.78,plausible,ghidra,"ghidra_insn","Ghidra listing instruction start (MCS96:LE:16:default); LJMP/LCALL are PC-relative disp16"
0x3456,0x3456,13398,13398,1,CODE,0.55,plausible,re_pipeline,"code_window_hypothesis","Hypothesized CODE window per shipping regions + first non-FF @0x2000. ISA not verified; structural only."
0x3457,0x3497,13399,13463,65,CODE,0.78,plausible,ghidra,"ghidra_insn","Ghidra listing instruction start (MCS96:LE:16:default); LJMP/LCALL are PC-relative disp16"
0x3498,0x3499,13464,13465,2,CODE,0.55,plausible,re_pipeline,"code_window_hypothesis","Hypothesized CODE window per shipping regions + first non-FF @0x2000. ISA not verified; structural only."
0x349A,0x349E,13466,13470,5,CODE,0.78,plausible,ghidra,"ghidra_insn","Ghidra listing instruction start (MCS96:LE:16:default); LJMP/LCALL are PC-relative disp16"
0x349F,0x349F,13471,13471,1,CODE,0.55,plausible,re_pipeline,"code_window_hypothesis","Hypothesized CODE window per shipping regions + first non-FF @0x2000. ISA not verified; structural only."
0x34A0,0x34E3,13472,13539,68,CODE,0.78,plausible,ghidra,"ghidra_insn","Ghidra listing instruction start (MCS96:LE:16:default); LJMP/LCALL are PC-relative disp16"
0x34E4,0x34E4,13540,13540,1,CODE,0.55,plausible,re_pipeline,"code_window_hypothesis","Hypothesized CODE window per shipping regions + first non-FF @0x2000. ISA not verified; structural only."
0x34E5,0x34FB,13541,13563,23,CODE,0.78,plausible,ghidra,"ghidra_insn","Ghidra listing instruction start (MCS96:LE:16:default); LJMP/LCALL are PC-relative disp16"
0x34FC,0x34FC,13564,13564,1,CODE,0.55,plausible,re_pipeline,"code_window_hypothesis","Hypothesized CODE window per shipping regions + first non-FF @0x2000. ISA not verified; structural only."
0x34FD,0x3522,13565,13602,38,CODE,0.78,plausible,ghidra,"ghidra_insn","Ghidra listing instruction start (MCS96:LE:16:default); LJMP/LCALL are PC-relative disp16"
0x3523,0x3523,13603,13603,1,CODE,0.55,plausible,re_pipeline,"code_window_hypothesis","Hypothesized CODE window per shipping regions + first non-FF @0x2000. ISA not verified; structural only."
0x3524,0x353A,13604,13626,23,CODE,0.78,plausible,ghidra,"ghidra_insn","Ghidra listing instruction start (MCS96:LE:16:default); LJMP/LCALL are PC-relative disp16"
0x353B,0x353B,13627,13627,1,CODE,0.55,plausible,re_pipeline,"code_window_hypothesis","Hypothesized CODE window per shipping regions + first non-FF @0x2000. ISA not verified; structural only."
0x353C,0x3556,13628,13654,27,CODE,0.78,plausible,ghidra,"ghidra_insn","Ghidra listing instruction start (MCS96:LE:16:default); LJMP/LCALL are PC-relative disp16"
0x3557,0x3557,13655,13655,1,CODE,0.55,plausible,re_pipeline,"code_window_hypothesis","Hypothesized CODE window per shipping regions + first non-FF @0x2000. ISA not verified; structural only."
0x3558,0x3579,13656,13689,34,CODE,0.78,plausible,ghidra,"ghidra_insn","Ghidra listing instruction start (MCS96:LE:16:default); LJMP/LCALL are PC-relative disp16"
0x357A,0x357A,13690,13690,1,CODE,0.55,plausible,re_pipeline,"code_window_hypothesis","Hypothesized CODE window per shipping regions + first non-FF @0x2000. ISA not verified; structural only."
0x357B,0x35AC,13691,13740,50,CODE,0.78,plausible,ghidra,"ghidra_insn","Ghidra listing instruction start (MCS96:LE:16:default); LJMP/LCALL are PC-relative disp16"
0x35AD,0x35AF,13741,13743,3,CODE,0.55,plausible,re_pipeline,"code_window_hypothesis","Hypothesized CODE window per shipping regions + first non-FF @0x2000. ISA not verified; structural only."
0x35B0,0x35B9,13744,13753,10,CODE,0.78,plausible,ghidra,"ghidra_insn","Ghidra listing instruction start (MCS96:LE:16:default); LJMP/LCALL are PC-relative disp16"
0x35BA,0x35BB,13754,13755,2,CODE,0.55,plausible,re_pipeline,"code_window_hypothesis","Hypothesized CODE window per shipping regions + first non-FF @0x2000. ISA not verified; structural only."
0x35BC,0x35C5,13756,13765,10,CODE,0.78,plausible,ghidra,"ghidra_insn","Ghidra listing instruction start (MCS96:LE:16:default); LJMP/LCALL are PC-relative disp16"
0x35C6,0x35C7,13766,13767,2,CODE,0.55,plausible,re_pipeline,"code_window_hypothesis","Hypothesized CODE window per shipping regions + first non-FF @0x2000. ISA not verified; structural only."
0x35C8,0x35CC,13768,13772,5,CODE,0.78,plausible,ghidra,"ghidra_insn","Ghidra listing instruction start (MCS96:LE:16:default); LJMP/LCALL are PC-relative disp16"
0x35CD,0x35CE,13773,13774,2,CODE,0.55,plausible,re_pipeline,"code_window_hypothesis","Hypothesized CODE window per shipping regions + first non-FF @0x2000. ISA not verified; structural only."
0x35CF,0x35D1,13775,13777,3,CODE,0.78,plausible,ghidra,"ghidra_insn","Ghidra listing instruction start (MCS96:LE:16:default); LJMP/LCALL are PC-relative disp16"
0x35D2,0x35D2,13778,13778,1,CODE,0.55,plausible,re_pipeline,"code_window_hypothesis","Hypothesized CODE window per shipping regions + first non-FF @0x2000. ISA not verified; structural only."
0x35D3,0x35D5,13779,13781,3,CODE,0.78,plausible,ghidra,"ghidra_insn","Ghidra listing instruction start (MCS96:LE:16:default); LJMP/LCALL are PC-relative disp16"
0x35D6,0x35D6,13782,13782,1,CODE,0.55,plausible,re_pipeline,"code_window_hypothesis","Hypothesized CODE window per shipping regions + first non-FF @0x2000. ISA not verified; structural only."
0x35D7,0x35D9,13783,13785,3,CODE,0.78,plausible,ghidra,"ghidra_insn","Ghidra listing instruction start (MCS96:LE:16:default); LJMP/LCALL are PC-relative disp16"
0x35DA,0x35DB,13786,13787,2,CODE,0.55,plausible,re_pipeline,"code_window_hypothesis","Hypothesized CODE window per shipping regions + first non-FF @0x2000. ISA not verified; structural only."
0x35DC,0x35F0,13788,13808,21,CODE,0.78,plausible,ghidra,"ghidra_insn","Ghidra listing instruction start (MCS96:LE:16:default); LJMP/LCALL are PC-relative disp16"
0x35F1,0x35F2,13809,13810,2,CODE,0.55,plausible,re_pipeline,"code_window_hypothesis","Hypothesized CODE window per shipping regions + first non-FF @0x2000. ISA not verified; structural only."
0x35F3,0x35F5,13811,13813,3,CODE,0.78,plausible,ghidra,"ghidra_insn","Ghidra listing instruction start (MCS96:LE:16:default); LJMP/LCALL are PC-relative disp16"
0x35F6,0x35F7,13814,13815,2,CODE,0.55,plausible,re_pipeline,"code_window_hypothesis","Hypothesized CODE window per shipping regions + first non-FF @0x2000. ISA not verified; structural only."
0x35F8,0x3600,13816,13824,9,CODE,0.78,plausible,ghidra,"ghidra_insn","Ghidra listing instruction start (MCS96:LE:16:default); LJMP/LCALL are PC-relative disp16"
0x3601,0x3601,13825,13825,1,CODE,0.55,plausible,re_pipeline,"code_window_hypothesis","Hypothesized CODE window per shipping regions + first non-FF @0x2000. ISA not verified; structural only."
0x3602,0x361A,13826,13850,25,CODE,0.78,plausible,ghidra,"ghidra_insn","Ghidra listing instruction start (MCS96:LE:16:default); LJMP/LCALL are PC-relative disp16"
0x361B,0x361B,13851,13851,1,CODE,0.55,plausible,re_pipeline,"code_window_hypothesis","Hypothesized CODE window per shipping regions + first non-FF @0x2000. ISA not verified; structural only."
0x361C,0x3652,13852,13906,55,CODE,0.78,plausible,ghidra,"ghidra_insn","Ghidra listing instruction start (MCS96:LE:16:default); LJMP/LCALL are PC-relative disp16"
0x3653,0x3653,13907,13907,1,CODE,0.55,plausible,re_pipeline,"code_window_hypothesis","Hypothesized CODE window per shipping regions + first non-FF @0x2000. ISA not verified; structural only."
0x3654,0x365A,13908,13914,7,CODE,0.78,plausible,ghidra,"ghidra_insn","Ghidra listing instruction start (MCS96:LE:16:default); LJMP/LCALL are PC-relative disp16"
0x365B,0x365B,13915,13915,1,CODE,0.55,plausible,re_pipeline,"code_window_hypothesis","Hypothesized CODE window per shipping regions + first non-FF @0x2000. ISA not verified; structural only."
0x365C,0x367B,13916,13947,32,CODE,0.78,plausible,ghidra,"ghidra_insn","Ghidra listing instruction start (MCS96:LE:16:default); LJMP/LCALL are PC-relative disp16"
0x367C,0x367C,13948,13948,1,CODE,0.55,plausible,re_pipeline,"code_window_hypothesis","Hypothesized CODE window per shipping regions + first non-FF @0x2000. ISA not verified; structural only."
0x367D,0x3682,13949,13954,6,CODE,0.78,plausible,ghidra,"ghidra_insn","Ghidra listing instruction start (MCS96:LE:16:default); LJMP/LCALL are PC-relative disp16"
0x3683,0x3683,13955,13955,1,CODE,0.55,plausible,re_pipeline,"code_window_hypothesis","Hypothesized CODE window per shipping regions + first non-FF @0x2000. ISA not verified; structural only."
0x3684,0x3688,13956,13960,5,CODE,0.78,plausible,ghidra,"ghidra_insn","Ghidra listing instruction start (MCS96:LE:16:default); LJMP/LCALL are PC-relative disp16"
0x3689,0x368A,13961,13962,2,CODE,0.55,plausible,re_pipeline,"code_window_hypothesis","Hypothesized CODE window per shipping regions + first non-FF @0x2000. ISA not verified; structural only."
0x368B,0x3692,13963,13970,8,CODE,0.78,plausible,ghidra,"ghidra_insn","Ghidra listing instruction start (MCS96:LE:16:default); LJMP/LCALL are PC-relative disp16"
0x3693,0x3694,13971,13972,2,CODE,0.55,plausible,re_pipeline,"code_window_hypothesis","Hypothesized CODE window per shipping regions + first non-FF @0x2000. ISA not verified; structural only."
0x3695,0x369C,13973,13980,8,CODE,0.78,plausible,ghidra,"ghidra_insn","Ghidra listing instruction start (MCS96:LE:16:default); LJMP/LCALL are PC-relative disp16"
0x369D,0x369E,13981,13982,2,CODE,0.55,plausible,re_pipeline,"code_window_hypothesis","Hypothesized CODE window per shipping regions + first non-FF @0x2000. ISA not verified; structural only."
0x369F,0x36A6,13983,13990,8,CODE,0.78,plausible,ghidra,"ghidra_insn","Ghidra listing instruction start (MCS96:LE:16:default); LJMP/LCALL are PC-relative disp16"
0x36A7,0x36A8,13991,13992,2,CODE,0.55,plausible,re_pipeline,"code_window_hypothesis","Hypothesized CODE window per shipping regions + first non-FF @0x2000. ISA not verified; structural only."
0x36A9,0x36B6,13993,14006,14,CODE,0.78,plausible,ghidra,"ghidra_insn","Ghidra listing instruction start (MCS96:LE:16:default); LJMP/LCALL are PC-relative disp16"
0x36B7,0x36B7,14007,14007,1,CODE,0.55,plausible,re_pipeline,"code_window_hypothesis","Hypothesized CODE window per shipping regions + first non-FF @0x2000. ISA not verified; structural only."
0x36B8,0x36BA,14008,14010,3,CODE,0.78,plausible,ghidra,"ghidra_insn","Ghidra listing instruction start (MCS96:LE:16:default); LJMP/LCALL are PC-relative disp16"
0x36BB,0x36BB,14011,14011,1,CODE,0.55,plausible,re_pipeline,"code_window_hypothesis","Hypothesized CODE window per shipping regions + first non-FF @0x2000. ISA not verified; structural only."
0x36BC,0x36BE,14012,14014,3,CODE,0.78,plausible,ghidra,"ghidra_insn","Ghidra listing instruction start (MCS96:LE:16:default); LJMP/LCALL are PC-relative disp16"
0x36BF,0x36C0,14015,14016,2,CODE,0.55,plausible,re_pipeline,"code_window_hypothesis","Hypothesized CODE window per shipping regions + first non-FF @0x2000. ISA not verified; structural only."
0x36C1,0x36C3,14017,14019,3,CODE,0.78,plausible,ghidra,"ghidra_insn","Ghidra listing instruction start (MCS96:LE:16:default); LJMP/LCALL are PC-relative disp16"
0x36C4,0x36C4,14020,14020,1,CODE,0.55,plausible,re_pipeline,"code_window_hypothesis","Hypothesized CODE window per shipping regions + first non-FF @0x2000. ISA not verified; structural only."
0x36C5,0x36C9,14021,14025,5,CODE,0.78,plausible,ghidra,"ghidra_insn","Ghidra listing instruction start (MCS96:LE:16:default); LJMP/LCALL are PC-relative disp16"
0x36CA,0x36CA,14026,14026,1,CODE,0.55,plausible,re_pipeline,"code_window_hypothesis","Hypothesized CODE window per shipping regions + first non-FF @0x2000. ISA not verified; structural only."
0x36CB,0x36DD,14027,14045,19,CODE,0.78,plausible,ghidra,"ghidra_insn","Ghidra listing instruction start (MCS96:LE:16:default); LJMP/LCALL are PC-relative disp16"
0x36DE,0x36DE,14046,14046,1,CODE,0.55,plausible,re_pipeline,"code_window_hypothesis","Hypothesized CODE window per shipping regions + first non-FF @0x2000. ISA not verified; structural only."
0x36DF,0x36E1,14047,14049,3,CODE,0.78,plausible,ghidra,"ghidra_insn","Ghidra listing instruction start (MCS96:LE:16:default); LJMP/LCALL are PC-relative disp16"
0x36E2,0x36E2,14050,14050,1,CODE,0.55,plausible,re_pipeline,"code_window_hypothesis","Hypothesized CODE window per shipping regions + first non-FF @0x2000. ISA not verified; structural only."
0x36E3,0x36F3,14051,14067,17,CODE,0.78,plausible,ghidra,"ghidra_insn","Ghidra listing instruction start (MCS96:LE:16:default); LJMP/LCALL are PC-relative disp16"
0x36F4,0x36F4,14068,14068,1,CODE,0.55,plausible,re_pipeline,"code_window_hypothesis","Hypothesized CODE window per shipping regions + first non-FF @0x2000. ISA not verified; structural only."
0x36F5,0x36F9,14069,14073,5,CODE,0.78,plausible,ghidra,"ghidra_insn","Ghidra listing instruction start (MCS96:LE:16:default); LJMP/LCALL are PC-relative disp16"
0x36FA,0x36FB,14074,14075,2,CODE,0.55,plausible,re_pipeline,"code_window_hypothesis","Hypothesized CODE window per shipping regions + first non-FF @0x2000. ISA not verified; structural only."
0x36FC,0x3701,14076,14081,6,CODE,0.78,plausible,ghidra,"ghidra_insn","Ghidra listing instruction start (MCS96:LE:16:default); LJMP/LCALL are PC-relative disp16"
0x3702,0x3703,14082,14083,2,CODE,0.55,plausible,re_pipeline,"code_window_hypothesis","Hypothesized CODE window per shipping regions + first non-FF @0x2000. ISA not verified; structural only."
0x3704,0x3706,14084,14086,3,CODE,0.78,plausible,ghidra,"ghidra_insn","Ghidra listing instruction start (MCS96:LE:16:default); LJMP/LCALL are PC-relative disp16"
0x3707,0x3708,14087,14088,2,CODE,0.55,plausible,re_pipeline,"code_window_hypothesis","Hypothesized CODE window per shipping regions + first non-FF @0x2000. ISA not verified; structural only."
0x3709,0x370F,14089,14095,7,CODE,0.78,plausible,ghidra,"ghidra_insn","Ghidra listing instruction start (MCS96:LE:16:default); LJMP/LCALL are PC-relative disp16"
0x3710,0x3711,14096,14097,2,CODE,0.55,plausible,re_pipeline,"code_window_hypothesis","Hypothesized CODE window per shipping regions + first non-FF @0x2000. ISA not verified; structural only."
0x3712,0x371A,14098,14106,9,CODE,0.78,plausible,ghidra,"ghidra_insn","Ghidra listing instruction start (MCS96:LE:16:default); LJMP/LCALL are PC-relative disp16"
0x371B,0x371B,14107,14107,1,CODE,0.55,plausible,re_pipeline,"code_window_hypothesis","Hypothesized CODE window per shipping regions + first non-FF @0x2000. ISA not verified; structural only."
0x371C,0x371E,14108,14110,3,CODE,0.78,plausible,ghidra,"ghidra_insn","Ghidra listing instruction start (MCS96:LE:16:default); LJMP/LCALL are PC-relative disp16"
0x371F,0x371F,14111,14111,1,CODE,0.55,plausible,re_pipeline,"code_window_hypothesis","Hypothesized CODE window per shipping regions + first non-FF @0x2000. ISA not verified; structural only."
0x3720,0x3724,14112,14116,5,CODE,0.78,plausible,ghidra,"ghidra_insn","Ghidra listing instruction start (MCS96:LE:16:default); LJMP/LCALL are PC-relative disp16"
0x3725,0x3725,14117,14117,1,CODE,0.55,plausible,re_pipeline,"code_window_hypothesis","Hypothesized CODE window per shipping regions + first non-FF @0x2000. ISA not verified; structural only."
0x3726,0x3728,14118,14120,3,CODE,0.78,plausible,ghidra,"ghidra_insn","Ghidra listing instruction start (MCS96:LE:16:default); LJMP/LCALL are PC-relative disp16"
0x3729,0x3729,14121,14121,1,CODE,0.55,plausible,re_pipeline,"code_window_hypothesis","Hypothesized CODE window per shipping regions + first non-FF @0x2000. ISA not verified; structural only."
0x372A,0x372E,14122,14126,5,CODE,0.78,plausible,ghidra,"ghidra_insn","Ghidra listing instruction start (MCS96:LE:16:default); LJMP/LCALL are PC-relative disp16"
0x372F,0x372F,14127,14127,1,CODE,0.55,plausible,re_pipeline,"code_window_hypothesis","Hypothesized CODE window per shipping regions + first non-FF @0x2000. ISA not verified; structural only."
0x3730,0x3732,14128,14130,3,CODE,0.78,plausible,ghidra,"ghidra_insn","Ghidra listing instruction start (MCS96:LE:16:default); LJMP/LCALL are PC-relative disp16"
0x3733,0x3733,14131,14131,1,CODE,0.55,plausible,re_pipeline,"code_window_hypothesis","Hypothesized CODE window per shipping regions + first non-FF @0x2000. ISA not verified; structural only."
0x3734,0x3738,14132,14136,5,CODE,0.78,plausible,ghidra,"ghidra_insn","Ghidra listing instruction start (MCS96:LE:16:default); LJMP/LCALL are PC-relative disp16"
0x3739,0x3739,14137,14137,1,CODE,0.55,plausible,re_pipeline,"code_window_hypothesis","Hypothesized CODE window per shipping regions + first non-FF @0x2000. ISA not verified; structural only."
0x373A,0x373C,14138,14140,3,CODE,0.78,plausible,ghidra,"ghidra_insn","Ghidra listing instruction start (MCS96:LE:16:default); LJMP/LCALL are PC-relative disp16"
0x373D,0x373D,14141,14141,1,CODE,0.55,plausible,re_pipeline,"code_window_hypothesis","Hypothesized CODE window per shipping regions + first non-FF @0x2000. ISA not verified; structural only."
0x373E,0x3742,14142,14146,5,CODE,0.78,plausible,ghidra,"ghidra_insn","Ghidra listing instruction start (MCS96:LE:16:default); LJMP/LCALL are PC-relative disp16"
0x3743,0x3743,14147,14147,1,CODE,0.55,plausible,re_pipeline,"code_window_hypothesis","Hypothesized CODE window per shipping regions + first non-FF @0x2000. ISA not verified; structural only."
0x3744,0x3752,14148,14162,15,CODE,0.78,plausible,ghidra,"ghidra_insn","Ghidra listing instruction start (MCS96:LE:16:default); LJMP/LCALL are PC-relative disp16"
0x3753,0x3753,14163,14163,1,CODE,0.55,plausible,re_pipeline,"code_window_hypothesis","Hypothesized CODE window per shipping regions + first non-FF @0x2000. ISA not verified; structural only."
0x3754,0x3756,14164,14166,3,CODE,0.78,plausible,ghidra,"ghidra_insn","Ghidra listing instruction start (MCS96:LE:16:default); LJMP/LCALL are PC-relative disp16"
0x3757,0x3757,14167,14167,1,CODE,0.55,plausible,re_pipeline,"code_window_hypothesis","Hypothesized CODE window per shipping regions + first non-FF @0x2000. ISA not verified; structural only."
0x3758,0x375C,14168,14172,5,CODE,0.78,plausible,ghidra,"ghidra_insn","Ghidra listing instruction start (MCS96:LE:16:default); LJMP/LCALL are PC-relative disp16"
0x375D,0x375D,14173,14173,1,CODE,0.55,plausible,re_pipeline,"code_window_hypothesis","Hypothesized CODE window per shipping regions + first non-FF @0x2000. ISA not verified; structural only."
0x375E,0x3760,14174,14176,3,CODE,0.78,plausible,ghidra,"ghidra_insn","Ghidra listing instruction start (MCS96:LE:16:default); LJMP/LCALL are PC-relative disp16"
0x3761,0x3761,14177,14177,1,CODE,0.55,plausible,re_pipeline,"code_window_hypothesis","Hypothesized CODE window per shipping regions + first non-FF @0x2000. ISA not verified; structural only."
0x3762,0x3766,14178,14182,5,CODE,0.78,plausible,ghidra,"ghidra_insn","Ghidra listing instruction start (MCS96:LE:16:default); LJMP/LCALL are PC-relative disp16"
0x3767,0x3767,14183,14183,1,CODE,0.55,plausible,re_pipeline,"code_window_hypothesis","Hypothesized CODE window per shipping regions + first non-FF @0x2000. ISA not verified; structural only."
0x3768,0x376F,14184,14191,8,CODE,0.78,plausible,ghidra,"ghidra_insn","Ghidra listing instruction start (MCS96:LE:16:default); LJMP/LCALL are PC-relative disp16"
0x3770,0x3770,14192,14192,1,CODE,0.55,plausible,re_pipeline,"code_window_hypothesis","Hypothesized CODE window per shipping regions + first non-FF @0x2000. ISA not verified; structural only."
0x3771,0x3780,14193,14208,16,CODE,0.78,plausible,ghidra,"ghidra_insn","Ghidra listing instruction start (MCS96:LE:16:default); LJMP/LCALL are PC-relative disp16"
0x3781,0x3782,14209,14210,2,CODE,0.55,plausible,re_pipeline,"code_window_hypothesis","Hypothesized CODE window per shipping regions + first non-FF @0x2000. ISA not verified; structural only."
0x3783,0x3788,14211,14216,6,CODE,0.78,plausible,ghidra,"ghidra_insn","Ghidra listing instruction start (MCS96:LE:16:default); LJMP/LCALL are PC-relative disp16"
0x3789,0x3789,14217,14217,1,CODE,0.55,plausible,re_pipeline,"code_window_hypothesis","Hypothesized CODE window per shipping regions + first non-FF @0x2000. ISA not verified; structural only."
0x378A,0x378F,14218,14223,6,CODE,0.78,plausible,ghidra,"ghidra_insn","Ghidra listing instruction start (MCS96:LE:16:default); LJMP/LCALL are PC-relative disp16"
0x3790,0x3790,14224,14224,1,CODE,0.55,plausible,re_pipeline,"code_window_hypothesis","Hypothesized CODE window per shipping regions + first non-FF @0x2000. ISA not verified; structural only."
0x3791,0x3799,14225,14233,9,CODE,0.78,plausible,ghidra,"ghidra_insn","Ghidra listing instruction start (MCS96:LE:16:default); LJMP/LCALL are PC-relative disp16"
0x379A,0x379B,14234,14235,2,CODE,0.55,plausible,re_pipeline,"code_window_hypothesis","Hypothesized CODE window per shipping regions + first non-FF @0x2000. ISA not verified; structural only."
0x379C,0x37A0,14236,14240,5,CODE,0.78,plausible,ghidra,"ghidra_insn","Ghidra listing instruction start (MCS96:LE:16:default); LJMP/LCALL are PC-relative disp16"
0x37A1,0x37A2,14241,14242,2,CODE,0.55,plausible,re_pipeline,"code_window_hypothesis","Hypothesized CODE window per shipping regions + first non-FF @0x2000. ISA not verified; structural only."
0x37A3,0x37A5,14243,14245,3,CODE,0.78,plausible,ghidra,"ghidra_insn","Ghidra listing instruction start (MCS96:LE:16:default); LJMP/LCALL are PC-relative disp16"
0x37A6,0x37A7,14246,14247,2,CODE,0.55,plausible,re_pipeline,"code_window_hypothesis","Hypothesized CODE window per shipping regions + first non-FF @0x2000. ISA not verified; structural only."
0x37A8,0x37AD,14248,14253,6,CODE,0.78,plausible,ghidra,"ghidra_insn","Ghidra listing instruction start (MCS96:LE:16:default); LJMP/LCALL are PC-relative disp16"
0x37AE,0x37AE,14254,14254,1,CODE,0.55,plausible,re_pipeline,"code_window_hypothesis","Hypothesized CODE window per shipping regions + first non-FF @0x2000. ISA not verified; structural only."
0x37AF,0x37B4,14255,14260,6,CODE,0.78,plausible,ghidra,"ghidra_insn","Ghidra listing instruction start (MCS96:LE:16:default); LJMP/LCALL are PC-relative disp16"
0x37B5,0x37B5,14261,14261,1,CODE,0.55,plausible,re_pipeline,"code_window_hypothesis","Hypothesized CODE window per shipping regions + first non-FF @0x2000. ISA not verified; structural only."
0x37B6,0x37C4,14262,14276,15,CODE,0.78,plausible,ghidra,"ghidra_insn","Ghidra listing instruction start (MCS96:LE:16:default); LJMP/LCALL are PC-relative disp16"
0x37C5,0x37C5,14277,14277,1,CODE,0.55,plausible,re_pipeline,"code_window_hypothesis","Hypothesized CODE window per shipping regions + first non-FF @0x2000. ISA not verified; structural only."
0x37C6,0x37CB,14278,14283,6,CODE,0.78,plausible,ghidra,"ghidra_insn","Ghidra listing instruction start (MCS96:LE:16:default); LJMP/LCALL are PC-relative disp16"
0x37CC,0x37CD,14284,14285,2,CODE,0.55,plausible,re_pipeline,"code_window_hypothesis","Hypothesized CODE window per shipping regions + first non-FF @0x2000. ISA not verified; structural only."
0x37CE,0x37D0,14286,14288,3,CODE,0.78,plausible,ghidra,"ghidra_insn","Ghidra listing instruction start (MCS96:LE:16:default); LJMP/LCALL are PC-relative disp16"
0x37D1,0x37D1,14289,14289,1,CODE,0.55,plausible,re_pipeline,"code_window_hypothesis","Hypothesized CODE window per shipping regions + first non-FF @0x2000. ISA not verified; structural only."
0x37D2,0x37D7,14290,14295,6,CODE,0.78,plausible,ghidra,"ghidra_insn","Ghidra listing instruction start (MCS96:LE:16:default); LJMP/LCALL are PC-relative disp16"
0x37D8,0x37D9,14296,14297,2,CODE,0.55,plausible,re_pipeline,"code_window_hypothesis","Hypothesized CODE window per shipping regions + first non-FF @0x2000. ISA not verified; structural only."
0x37DA,0x37E8,14298,14312,15,CODE,0.78,plausible,ghidra,"ghidra_insn","Ghidra listing instruction start (MCS96:LE:16:default); LJMP/LCALL are PC-relative disp16"
0x37E9,0x37E9,14313,14313,1,CODE,0.55,plausible,re_pipeline,"code_window_hypothesis","Hypothesized CODE window per shipping regions + first non-FF @0x2000. ISA not verified; structural only."
0x37EA,0x37EE,14314,14318,5,CODE,0.78,plausible,ghidra,"ghidra_insn","Ghidra listing instruction start (MCS96:LE:16:default); LJMP/LCALL are PC-relative disp16"
0x37EF,0x37EF,14319,14319,1,CODE,0.55,plausible,re_pipeline,"code_window_hypothesis","Hypothesized CODE window per shipping regions + first non-FF @0x2000. ISA not verified; structural only."
0x37F0,0x37FB,14320,14331,12,CODE,0.78,plausible,ghidra,"ghidra_insn","Ghidra listing instruction start (MCS96:LE:16:default); LJMP/LCALL are PC-relative disp16"
0x37FC,0x37FC,14332,14332,1,CODE,0.55,plausible,re_pipeline,"code_window_hypothesis","Hypothesized CODE window per shipping regions + first non-FF @0x2000. ISA not verified; structural only."
0x37FD,0x3802,14333,14338,6,CODE,0.78,plausible,ghidra,"ghidra_insn","Ghidra listing instruction start (MCS96:LE:16:default); LJMP/LCALL are PC-relative disp16"
0x3803,0x3803,14339,14339,1,CODE,0.55,plausible,re_pipeline,"code_window_hypothesis","Hypothesized CODE window per shipping regions + first non-FF @0x2000. ISA not verified; structural only."
0x3804,0x3809,14340,14345,6,CODE,0.78,plausible,ghidra,"ghidra_insn","Ghidra listing instruction start (MCS96:LE:16:default); LJMP/LCALL are PC-relative disp16"
0x380A,0x380B,14346,14347,2,CODE,0.55,plausible,re_pipeline,"code_window_hypothesis","Hypothesized CODE window per shipping regions + first non-FF @0x2000. ISA not verified; structural only."
0x380C,0x3811,14348,14353,6,CODE,0.78,plausible,ghidra,"ghidra_insn","Ghidra listing instruction start (MCS96:LE:16:default); LJMP/LCALL are PC-relative disp16"
0x3812,0x3812,14354,14354,1,CODE,0.55,plausible,re_pipeline,"code_window_hypothesis","Hypothesized CODE window per shipping regions + first non-FF @0x2000. ISA not verified; structural only."
0x3813,0x3815,14355,14357,3,CODE,0.78,plausible,ghidra,"ghidra_insn","Ghidra listing instruction start (MCS96:LE:16:default); LJMP/LCALL are PC-relative disp16"
0x3816,0x3817,14358,14359,2,CODE,0.55,plausible,re_pipeline,"code_window_hypothesis","Hypothesized CODE window per shipping regions + first non-FF @0x2000. ISA not verified; structural only."
0x3818,0x381C,14360,14364,5,CODE,0.78,plausible,ghidra,"ghidra_insn","Ghidra listing instruction start (MCS96:LE:16:default); LJMP/LCALL are PC-relative disp16"
0x381D,0x381E,14365,14366,2,CODE,0.55,plausible,re_pipeline,"code_window_hypothesis","Hypothesized CODE window per shipping regions + first non-FF @0x2000. ISA not verified; structural only."
0x381F,0x3823,14367,14371,5,CODE,0.78,plausible,ghidra,"ghidra_insn","Ghidra listing instruction start (MCS96:LE:16:default); LJMP/LCALL are PC-relative disp16"
0x3824,0x3825,14372,14373,2,CODE,0.55,plausible,re_pipeline,"code_window_hypothesis","Hypothesized CODE window per shipping regions + first non-FF @0x2000. ISA not verified; structural only."
0x3826,0x382A,14374,14378,5,CODE,0.78,plausible,ghidra,"ghidra_insn","Ghidra listing instruction start (MCS96:LE:16:default); LJMP/LCALL are PC-relative disp16"
0x382B,0x382C,14379,14380,2,CODE,0.55,plausible,re_pipeline,"code_window_hypothesis","Hypothesized CODE window per shipping regions + first non-FF @0x2000. ISA not verified; structural only."
0x382D,0x3834,14381,14388,8,CODE,0.78,plausible,ghidra,"ghidra_insn","Ghidra listing instruction start (MCS96:LE:16:default); LJMP/LCALL are PC-relative disp16"
0x3835,0x3835,14389,14389,1,CODE,0.55,plausible,re_pipeline,"code_window_hypothesis","Hypothesized CODE window per shipping regions + first non-FF @0x2000. ISA not verified; structural only."
0x3836,0x3838,14390,14392,3,CODE,0.78,plausible,ghidra,"ghidra_insn","Ghidra listing instruction start (MCS96:LE:16:default); LJMP/LCALL are PC-relative disp16"
0x3839,0x3839,14393,14393,1,CODE,0.55,plausible,re_pipeline,"code_window_hypothesis","Hypothesized CODE window per shipping regions + first non-FF @0x2000. ISA not verified; structural only."
0x383A,0x383C,14394,14396,3,CODE,0.78,plausible,ghidra,"ghidra_insn","Ghidra listing instruction start (MCS96:LE:16:default); LJMP/LCALL are PC-relative disp16"
0x383D,0x383E,14397,14398,2,CODE,0.55,plausible,re_pipeline,"code_window_hypothesis","Hypothesized CODE window per shipping regions + first non-FF @0x2000. ISA not verified; structural only."
0x383F,0x3841,14399,14401,3,CODE,0.78,plausible,ghidra,"ghidra_insn","Ghidra listing instruction start (MCS96:LE:16:default); LJMP/LCALL are PC-relative disp16"
0x3842,0x3842,14402,14402,1,CODE,0.55,plausible,re_pipeline,"code_window_hypothesis","Hypothesized CODE window per shipping regions + first non-FF @0x2000. ISA not verified; structural only."
0x3843,0x3848,14403,14408,6,CODE,0.78,plausible,ghidra,"ghidra_insn","Ghidra listing instruction start (MCS96:LE:16:default); LJMP/LCALL are PC-relative disp16"
0x3849,0x3849,14409,14409,1,CODE,0.55,plausible,re_pipeline,"code_window_hypothesis","Hypothesized CODE window per shipping regions + first non-FF @0x2000. ISA not verified; structural only."
0x384A,0x3851,14410,14417,8,CODE,0.78,plausible,ghidra,"ghidra_insn","Ghidra listing instruction start (MCS96:LE:16:default); LJMP/LCALL are PC-relative disp16"
0x3852,0x3852,14418,14418,1,CODE,0.55,plausible,re_pipeline,"code_window_hypothesis","Hypothesized CODE window per shipping regions + first non-FF @0x2000. ISA not verified; structural only."
0x3853,0x3855,14419,14421,3,CODE,0.78,plausible,ghidra,"ghidra_insn","Ghidra listing instruction start (MCS96:LE:16:default); LJMP/LCALL are PC-relative disp16"
0x3856,0x3856,14422,14422,1,CODE,0.55,plausible,re_pipeline,"code_window_hypothesis","Hypothesized CODE window per shipping regions + first non-FF @0x2000. ISA not verified; structural only."
0x3857,0x385B,14423,14427,5,CODE,0.78,plausible,ghidra,"ghidra_insn","Ghidra listing instruction start (MCS96:LE:16:default); LJMP/LCALL are PC-relative disp16"
0x385C,0x385C,14428,14428,1,CODE,0.55,plausible,re_pipeline,"code_window_hypothesis","Hypothesized CODE window per shipping regions + first non-FF @0x2000. ISA not verified; structural only."
0x385D,0x385F,14429,14431,3,CODE,0.78,plausible,ghidra,"ghidra_insn","Ghidra listing instruction start (MCS96:LE:16:default); LJMP/LCALL are PC-relative disp16"
0x3860,0x3861,14432,14433,2,CODE,0.55,plausible,re_pipeline,"code_window_hypothesis","Hypothesized CODE window per shipping regions + first non-FF @0x2000. ISA not verified; structural only."
0x3862,0x3864,14434,14436,3,CODE,0.78,plausible,ghidra,"ghidra_insn","Ghidra listing instruction start (MCS96:LE:16:default); LJMP/LCALL are PC-relative disp16"
0x3865,0x3865,14437,14437,1,CODE,0.55,plausible,re_pipeline,"code_window_hypothesis","Hypothesized CODE window per shipping regions + first non-FF @0x2000. ISA not verified; structural only."
0x3866,0x386B,14438,14443,6,CODE,0.78,plausible,ghidra,"ghidra_insn","Ghidra listing instruction start (MCS96:LE:16:default); LJMP/LCALL are PC-relative disp16"
0x386C,0x386C,14444,14444,1,CODE,0.55,plausible,re_pipeline,"code_window_hypothesis","Hypothesized CODE window per shipping regions + first non-FF @0x2000. ISA not verified; structural only."
0x386D,0x3874,14445,14452,8,CODE,0.78,plausible,ghidra,"ghidra_insn","Ghidra listing instruction start (MCS96:LE:16:default); LJMP/LCALL are PC-relative disp16"
0x3875,0x3875,14453,14453,1,CODE,0.55,plausible,re_pipeline,"code_window_hypothesis","Hypothesized CODE window per shipping regions + first non-FF @0x2000. ISA not verified; structural only."
0x3876,0x3878,14454,14456,3,CODE,0.78,plausible,ghidra,"ghidra_insn","Ghidra listing instruction start (MCS96:LE:16:default); LJMP/LCALL are PC-relative disp16"
0x3879,0x3879,14457,14457,1,CODE,0.55,plausible,re_pipeline,"code_window_hypothesis","Hypothesized CODE window per shipping regions + first non-FF @0x2000. ISA not verified; structural only."
0x387A,0x387E,14458,14462,5,CODE,0.78,plausible,ghidra,"ghidra_insn","Ghidra listing instruction start (MCS96:LE:16:default); LJMP/LCALL are PC-relative disp16"
0x387F,0x3880,14463,14464,2,CODE,0.55,plausible,re_pipeline,"code_window_hypothesis","Hypothesized CODE window per shipping regions + first non-FF @0x2000. ISA not verified; structural only."
0x3881,0x3883,14465,14467,3,CODE,0.78,plausible,ghidra,"ghidra_insn","Ghidra listing instruction start (MCS96:LE:16:default); LJMP/LCALL are PC-relative disp16"
0x3884,0x3885,14468,14469,2,CODE,0.55,plausible,re_pipeline,"code_window_hypothesis","Hypothesized CODE window per shipping regions + first non-FF @0x2000. ISA not verified; structural only."
0x3886,0x3888,14470,14472,3,CODE,0.78,plausible,ghidra,"ghidra_insn","Ghidra listing instruction start (MCS96:LE:16:default); LJMP/LCALL are PC-relative disp16"
0x3889,0x3889,14473,14473,1,CODE,0.55,plausible,re_pipeline,"code_window_hypothesis","Hypothesized CODE window per shipping regions + first non-FF @0x2000. ISA not verified; structural only."
0x388A,0x388E,14474,14478,5,CODE,0.78,plausible,ghidra,"ghidra_insn","Ghidra listing instruction start (MCS96:LE:16:default); LJMP/LCALL are PC-relative disp16"
0x388F,0x388F,14479,14479,1,CODE,0.55,plausible,re_pipeline,"code_window_hypothesis","Hypothesized CODE window per shipping regions + first non-FF @0x2000. ISA not verified; structural only."
0x3890,0x38B0,14480,14512,33,CODE,0.78,plausible,ghidra,"ghidra_insn","Ghidra listing instruction start (MCS96:LE:16:default); LJMP/LCALL are PC-relative disp16"
0x38B1,0x38B1,14513,14513,1,CODE,0.55,plausible,re_pipeline,"code_window_hypothesis","Hypothesized CODE window per shipping regions + first non-FF @0x2000. ISA not verified; structural only."
0x38B2,0x38B6,14514,14518,5,CODE,0.78,plausible,ghidra,"ghidra_insn","Ghidra listing instruction start (MCS96:LE:16:default); LJMP/LCALL are PC-relative disp16"
0x38B7,0x38B7,14519,14519,1,CODE,0.55,plausible,re_pipeline,"code_window_hypothesis","Hypothesized CODE window per shipping regions + first non-FF @0x2000. ISA not verified; structural only."
0x38B8,0x38BC,14520,14524,5,CODE,0.78,plausible,ghidra,"ghidra_insn","Ghidra listing instruction start (MCS96:LE:16:default); LJMP/LCALL are PC-relative disp16"
0x38BD,0x38BD,14525,14525,1,CODE,0.55,plausible,re_pipeline,"code_window_hypothesis","Hypothesized CODE window per shipping regions + first non-FF @0x2000. ISA not verified; structural only."
0x38BE,0x38C0,14526,14528,3,CODE,0.78,plausible,ghidra,"ghidra_insn","Ghidra listing instruction start (MCS96:LE:16:default); LJMP/LCALL are PC-relative disp16"
0x38C1,0x38C2,14529,14530,2,CODE,0.55,plausible,re_pipeline,"code_window_hypothesis","Hypothesized CODE window per shipping regions + first non-FF @0x2000. ISA not verified; structural only."
0x38C3,0x38DE,14531,14558,28,CODE,0.78,plausible,ghidra,"ghidra_insn","Ghidra listing instruction start (MCS96:LE:16:default); LJMP/LCALL are PC-relative disp16"
0x38DF,0x38DF,14559,14559,1,CODE,0.55,plausible,re_pipeline,"code_window_hypothesis","Hypothesized CODE window per shipping regions + first non-FF @0x2000. ISA not verified; structural only."
0x38E0,0x38E9,14560,14569,10,CODE,0.78,plausible,ghidra,"ghidra_insn","Ghidra listing instruction start (MCS96:LE:16:default); LJMP/LCALL are PC-relative disp16"
0x38EA,0x38EA,14570,14570,1,CODE,0.55,plausible,re_pipeline,"code_window_hypothesis","Hypothesized CODE window per shipping regions + first non-FF @0x2000. ISA not verified; structural only."
0x38EB,0x38EF,14571,14575,5,CODE,0.78,plausible,ghidra,"ghidra_insn","Ghidra listing instruction start (MCS96:LE:16:default); LJMP/LCALL are PC-relative disp16"
0x38F0,0x38F1,14576,14577,2,CODE,0.55,plausible,re_pipeline,"code_window_hypothesis","Hypothesized CODE window per shipping regions + first non-FF @0x2000. ISA not verified; structural only."
0x38F2,0x38F4,14578,14580,3,CODE,0.78,plausible,ghidra,"ghidra_insn","Ghidra listing instruction start (MCS96:LE:16:default); LJMP/LCALL are PC-relative disp16"
0x38F5,0x38F6,14581,14582,2,CODE,0.55,plausible,re_pipeline,"code_window_hypothesis","Hypothesized CODE window per shipping regions + first non-FF @0x2000. ISA not verified; structural only."
0x38F7,0x38F9,14583,14585,3,CODE,0.78,plausible,ghidra,"ghidra_insn","Ghidra listing instruction start (MCS96:LE:16:default); LJMP/LCALL are PC-relative disp16"
0x38FA,0x38FB,14586,14587,2,CODE,0.55,plausible,re_pipeline,"code_window_hypothesis","Hypothesized CODE window per shipping regions + first non-FF @0x2000. ISA not verified; structural only."
0x38FC,0x38FE,14588,14590,3,CODE,0.78,plausible,ghidra,"ghidra_insn","Ghidra listing instruction start (MCS96:LE:16:default); LJMP/LCALL are PC-relative disp16"
0x38FF,0x3900,14591,14592,2,CODE,0.55,plausible,re_pipeline,"code_window_hypothesis","Hypothesized CODE window per shipping regions + first non-FF @0x2000. ISA not verified; structural only."
0x3901,0x3903,14593,14595,3,CODE,0.78,plausible,ghidra,"ghidra_insn","Ghidra listing instruction start (MCS96:LE:16:default); LJMP/LCALL are PC-relative disp16"
0x3904,0x3905,14596,14597,2,CODE,0.55,plausible,re_pipeline,"code_window_hypothesis","Hypothesized CODE window per shipping regions + first non-FF @0x2000. ISA not verified; structural only."
0x3906,0x3908,14598,14600,3,CODE,0.78,plausible,ghidra,"ghidra_insn","Ghidra listing instruction start (MCS96:LE:16:default); LJMP/LCALL are PC-relative disp16"
0x3909,0x3909,14601,14601,1,CODE,0.55,plausible,re_pipeline,"code_window_hypothesis","Hypothesized CODE window per shipping regions + first non-FF @0x2000. ISA not verified; structural only."
0x390A,0x390C,14602,14604,3,CODE,0.78,plausible,ghidra,"ghidra_insn","Ghidra listing instruction start (MCS96:LE:16:default); LJMP/LCALL are PC-relative disp16"
0x390D,0x390D,14605,14605,1,CODE,0.55,plausible,re_pipeline,"code_window_hypothesis","Hypothesized CODE window per shipping regions + first non-FF @0x2000. ISA not verified; structural only."
0x390E,0x3910,14606,14608,3,CODE,0.78,plausible,ghidra,"ghidra_insn","Ghidra listing instruction start (MCS96:LE:16:default); LJMP/LCALL are PC-relative disp16"
0x3911,0x3911,14609,14609,1,CODE,0.55,plausible,re_pipeline,"code_window_hypothesis","Hypothesized CODE window per shipping regions + first non-FF @0x2000. ISA not verified; structural only."
0x3912,0x3914,14610,14612,3,CODE,0.78,plausible,ghidra,"ghidra_insn","Ghidra listing instruction start (MCS96:LE:16:default); LJMP/LCALL are PC-relative disp16"
0x3915,0x3915,14613,14613,1,CODE,0.55,plausible,re_pipeline,"code_window_hypothesis","Hypothesized CODE window per shipping regions + first non-FF @0x2000. ISA not verified; structural only."
0x3916,0x391B,14614,14619,6,CODE,0.78,plausible,ghidra,"ghidra_insn","Ghidra listing instruction start (MCS96:LE:16:default); LJMP/LCALL are PC-relative disp16"
0x391C,0x391C,14620,14620,1,CODE,0.55,plausible,re_pipeline,"code_window_hypothesis","Hypothesized CODE window per shipping regions + first non-FF @0x2000. ISA not verified; structural only."
0x391D,0x3921,14621,14625,5,CODE,0.78,plausible,ghidra,"ghidra_insn","Ghidra listing instruction start (MCS96:LE:16:default); LJMP/LCALL are PC-relative disp16"
0x3922,0x3922,14626,14626,1,CODE,0.55,plausible,re_pipeline,"code_window_hypothesis","Hypothesized CODE window per shipping regions + first non-FF @0x2000. ISA not verified; structural only."
0x3923,0x3925,14627,14629,3,CODE,0.78,plausible,ghidra,"ghidra_insn","Ghidra listing instruction start (MCS96:LE:16:default); LJMP/LCALL are PC-relative disp16"
0x3926,0x3926,14630,14630,1,CODE,0.55,plausible,re_pipeline,"code_window_hypothesis","Hypothesized CODE window per shipping regions + first non-FF @0x2000. ISA not verified; structural only."
0x3927,0x392B,14631,14635,5,CODE,0.78,plausible,ghidra,"ghidra_insn","Ghidra listing instruction start (MCS96:LE:16:default); LJMP/LCALL are PC-relative disp16"
0x392C,0x392C,14636,14636,1,CODE,0.55,plausible,re_pipeline,"code_window_hypothesis","Hypothesized CODE window per shipping regions + first non-FF @0x2000. ISA not verified; structural only."
0x392D,0x392F,14637,14639,3,CODE,0.78,plausible,ghidra,"ghidra_insn","Ghidra listing instruction start (MCS96:LE:16:default); LJMP/LCALL are PC-relative disp16"
0x3930,0x3930,14640,14640,1,CODE,0.55,plausible,re_pipeline,"code_window_hypothesis","Hypothesized CODE window per shipping regions + first non-FF @0x2000. ISA not verified; structural only."
0x3931,0x3933,14641,14643,3,CODE,0.78,plausible,ghidra,"ghidra_insn","Ghidra listing instruction start (MCS96:LE:16:default); LJMP/LCALL are PC-relative disp16"
0x3934,0x3934,14644,14644,1,CODE,0.55,plausible,re_pipeline,"code_window_hypothesis","Hypothesized CODE window per shipping regions + first non-FF @0x2000. ISA not verified; structural only."
0x3935,0x393A,14645,14650,6,CODE,0.78,plausible,ghidra,"ghidra_insn","Ghidra listing instruction start (MCS96:LE:16:default); LJMP/LCALL are PC-relative disp16"
0x393B,0x393B,14651,14651,1,CODE,0.55,plausible,re_pipeline,"code_window_hypothesis","Hypothesized CODE window per shipping regions + first non-FF @0x2000. ISA not verified; structural only."
0x393C,0x3948,14652,14664,13,CODE,0.78,plausible,ghidra,"ghidra_insn","Ghidra listing instruction start (MCS96:LE:16:default); LJMP/LCALL are PC-relative disp16"
0x3949,0x3949,14665,14665,1,CODE,0.55,plausible,re_pipeline,"code_window_hypothesis","Hypothesized CODE window per shipping regions + first non-FF @0x2000. ISA not verified; structural only."
0x394A,0x394C,14666,14668,3,CODE,0.78,plausible,ghidra,"ghidra_insn","Ghidra listing instruction start (MCS96:LE:16:default); LJMP/LCALL are PC-relative disp16"
0x394D,0x394D,14669,14669,1,CODE,0.55,plausible,re_pipeline,"code_window_hypothesis","Hypothesized CODE window per shipping regions + first non-FF @0x2000. ISA not verified; structural only."
0x394E,0x3952,14670,14674,5,CODE,0.78,plausible,ghidra,"ghidra_insn","Ghidra listing instruction start (MCS96:LE:16:default); LJMP/LCALL are PC-relative disp16"
0x3953,0x3954,14675,14676,2,CODE,0.55,plausible,re_pipeline,"code_window_hypothesis","Hypothesized CODE window per shipping regions + first non-FF @0x2000. ISA not verified; structural only."
0x3955,0x3957,14677,14679,3,CODE,0.78,plausible,ghidra,"ghidra_insn","Ghidra listing instruction start (MCS96:LE:16:default); LJMP/LCALL are PC-relative disp16"
0x3958,0x3958,14680,14680,1,CODE,0.55,plausible,re_pipeline,"code_window_hypothesis","Hypothesized CODE window per shipping regions + first non-FF @0x2000. ISA not verified; structural only."
0x3959,0x395D,14681,14685,5,CODE,0.78,plausible,ghidra,"ghidra_insn","Ghidra listing instruction start (MCS96:LE:16:default); LJMP/LCALL are PC-relative disp16"
0x395E,0x395E,14686,14686,1,CODE,0.55,plausible,re_pipeline,"code_window_hypothesis","Hypothesized CODE window per shipping regions + first non-FF @0x2000. ISA not verified; structural only."
0x395F,0x398B,14687,14731,45,CODE,0.78,plausible,ghidra,"ghidra_insn","Ghidra listing instruction start (MCS96:LE:16:default); LJMP/LCALL are PC-relative disp16"
0x398C,0x398C,14732,14732,1,CODE,0.55,plausible,re_pipeline,"code_window_hypothesis","Hypothesized CODE window per shipping regions + first non-FF @0x2000. ISA not verified; structural only."
0x398D,0x3996,14733,14742,10,CODE,0.78,plausible,ghidra,"ghidra_insn","Ghidra listing instruction start (MCS96:LE:16:default); LJMP/LCALL are PC-relative disp16"
0x3997,0x3998,14743,14744,2,CODE,0.55,plausible,re_pipeline,"code_window_hypothesis","Hypothesized CODE window per shipping regions + first non-FF @0x2000. ISA not verified; structural only."
0x3999,0x39A6,14745,14758,14,CODE,0.78,plausible,ghidra,"ghidra_insn","Ghidra listing instruction start (MCS96:LE:16:default); LJMP/LCALL are PC-relative disp16"
0x39A7,0x39A7,14759,14759,1,CODE,0.55,plausible,re_pipeline,"code_window_hypothesis","Hypothesized CODE window per shipping regions + first non-FF @0x2000. ISA not verified; structural only."
0x39A8,0x39AA,14760,14762,3,CODE,0.78,plausible,ghidra,"ghidra_insn","Ghidra listing instruction start (MCS96:LE:16:default); LJMP/LCALL are PC-relative disp16"
0x39AB,0x39AB,14763,14763,1,CODE,0.55,plausible,re_pipeline,"code_window_hypothesis","Hypothesized CODE window per shipping regions + first non-FF @0x2000. ISA not verified; structural only."
0x39AC,0x39AE,14764,14766,3,CODE,0.78,plausible,ghidra,"ghidra_insn","Ghidra listing instruction start (MCS96:LE:16:default); LJMP/LCALL are PC-relative disp16"
0x39AF,0x39B0,14767,14768,2,CODE,0.55,plausible,re_pipeline,"code_window_hypothesis","Hypothesized CODE window per shipping regions + first non-FF @0x2000. ISA not verified; structural only."
0x39B1,0x39B3,14769,14771,3,CODE,0.78,plausible,ghidra,"ghidra_insn","Ghidra listing instruction start (MCS96:LE:16:default); LJMP/LCALL are PC-relative disp16"
0x39B4,0x39B5,14772,14773,2,CODE,0.55,plausible,re_pipeline,"code_window_hypothesis","Hypothesized CODE window per shipping regions + first non-FF @0x2000. ISA not verified; structural only."
0x39B6,0x39B8,14774,14776,3,CODE,0.78,plausible,ghidra,"ghidra_insn","Ghidra listing instruction start (MCS96:LE:16:default); LJMP/LCALL are PC-relative disp16"
0x39B9,0x39BA,14777,14778,2,CODE,0.55,plausible,re_pipeline,"code_window_hypothesis","Hypothesized CODE window per shipping regions + first non-FF @0x2000. ISA not verified; structural only."
0x39BB,0x39BD,14779,14781,3,CODE,0.78,plausible,ghidra,"ghidra_insn","Ghidra listing instruction start (MCS96:LE:16:default); LJMP/LCALL are PC-relative disp16"
0x39BE,0x39BF,14782,14783,2,CODE,0.55,plausible,re_pipeline,"code_window_hypothesis","Hypothesized CODE window per shipping regions + first non-FF @0x2000. ISA not verified; structural only."
0x39C0,0x39C2,14784,14786,3,CODE,0.78,plausible,ghidra,"ghidra_insn","Ghidra listing instruction start (MCS96:LE:16:default); LJMP/LCALL are PC-relative disp16"
0x39C3,0x39C4,14787,14788,2,CODE,0.55,plausible,re_pipeline,"code_window_hypothesis","Hypothesized CODE window per shipping regions + first non-FF @0x2000. ISA not verified; structural only."
0x39C5,0x39D2,14789,14802,14,CODE,0.78,plausible,ghidra,"ghidra_insn","Ghidra listing instruction start (MCS96:LE:16:default); LJMP/LCALL are PC-relative disp16"
0x39D3,0x39D4,14803,14804,2,CODE,0.55,plausible,re_pipeline,"code_window_hypothesis","Hypothesized CODE window per shipping regions + first non-FF @0x2000. ISA not verified; structural only."
0x39D5,0x39D7,14805,14807,3,CODE,0.78,plausible,ghidra,"ghidra_insn","Ghidra listing instruction start (MCS96:LE:16:default); LJMP/LCALL are PC-relative disp16"
0x39D8,0x39D8,14808,14808,1,CODE,0.55,plausible,re_pipeline,"code_window_hypothesis","Hypothesized CODE window per shipping regions + first non-FF @0x2000. ISA not verified; structural only."
0x39D9,0x39E2,14809,14818,10,CODE,0.78,plausible,ghidra,"ghidra_insn","Ghidra listing instruction start (MCS96:LE:16:default); LJMP/LCALL are PC-relative disp16"
0x39E3,0x39E4,14819,14820,2,CODE,0.55,plausible,re_pipeline,"code_window_hypothesis","Hypothesized CODE window per shipping regions + first non-FF @0x2000. ISA not verified; structural only."
0x39E5,0x39E7,14821,14823,3,CODE,0.78,plausible,ghidra,"ghidra_insn","Ghidra listing instruction start (MCS96:LE:16:default); LJMP/LCALL are PC-relative disp16"
0x39E8,0x39E9,14824,14825,2,CODE,0.55,plausible,re_pipeline,"code_window_hypothesis","Hypothesized CODE window per shipping regions + first non-FF @0x2000. ISA not verified; structural only."
0x39EA,0x39F8,14826,14840,15,CODE,0.78,plausible,ghidra,"ghidra_insn","Ghidra listing instruction start (MCS96:LE:16:default); LJMP/LCALL are PC-relative disp16"
0x39F9,0x39F9,14841,14841,1,CODE,0.55,plausible,re_pipeline,"code_window_hypothesis","Hypothesized CODE window per shipping regions + first non-FF @0x2000. ISA not verified; structural only."
0x39FA,0x3A05,14842,14853,12,CODE,0.78,plausible,ghidra,"ghidra_insn","Ghidra listing instruction start (MCS96:LE:16:default); LJMP/LCALL are PC-relative disp16"
0x3A06,0x3A06,14854,14854,1,CODE,0.55,plausible,re_pipeline,"code_window_hypothesis","Hypothesized CODE window per shipping regions + first non-FF @0x2000. ISA not verified; structural only."
0x3A07,0x3A09,14855,14857,3,CODE,0.78,plausible,ghidra,"ghidra_insn","Ghidra listing instruction start (MCS96:LE:16:default); LJMP/LCALL are PC-relative disp16"
0x3A0A,0x3A0A,14858,14858,1,CODE,0.55,plausible,re_pipeline,"code_window_hypothesis","Hypothesized CODE window per shipping regions + first non-FF @0x2000. ISA not verified; structural only."
0x3A0B,0x3A0D,14859,14861,3,CODE,0.78,plausible,ghidra,"ghidra_insn","Ghidra listing instruction start (MCS96:LE:16:default); LJMP/LCALL are PC-relative disp16"
0x3A0E,0x3A0F,14862,14863,2,CODE,0.55,plausible,re_pipeline,"code_window_hypothesis","Hypothesized CODE window per shipping regions + first non-FF @0x2000. ISA not verified; structural only."
0x3A10,0x3A12,14864,14866,3,CODE,0.78,plausible,ghidra,"ghidra_insn","Ghidra listing instruction start (MCS96:LE:16:default); LJMP/LCALL are PC-relative disp16"
0x3A13,0x3A14,14867,14868,2,CODE,0.55,plausible,re_pipeline,"code_window_hypothesis","Hypothesized CODE window per shipping regions + first non-FF @0x2000. ISA not verified; structural only."
0x3A15,0x3A17,14869,14871,3,CODE,0.78,plausible,ghidra,"ghidra_insn","Ghidra listing instruction start (MCS96:LE:16:default); LJMP/LCALL are PC-relative disp16"
0x3A18,0x3A19,14872,14873,2,CODE,0.55,plausible,re_pipeline,"code_window_hypothesis","Hypothesized CODE window per shipping regions + first non-FF @0x2000. ISA not verified; structural only."
0x3A1A,0x3A1C,14874,14876,3,CODE,0.78,plausible,ghidra,"ghidra_insn","Ghidra listing instruction start (MCS96:LE:16:default); LJMP/LCALL are PC-relative disp16"
0x3A1D,0x3A1E,14877,14878,2,CODE,0.55,plausible,re_pipeline,"code_window_hypothesis","Hypothesized CODE window per shipping regions + first non-FF @0x2000. ISA not verified; structural only."
0x3A1F,0x3A28,14879,14888,10,CODE,0.78,plausible,ghidra,"ghidra_insn","Ghidra listing instruction start (MCS96:LE:16:default); LJMP/LCALL are PC-relative disp16"
0x3A29,0x3A29,14889,14889,1,CODE,0.55,plausible,re_pipeline,"code_window_hypothesis","Hypothesized CODE window per shipping regions + first non-FF @0x2000. ISA not verified; structural only."
0x3A2A,0x3A4E,14890,14926,37,CODE,0.78,plausible,ghidra,"ghidra_insn","Ghidra listing instruction start (MCS96:LE:16:default); LJMP/LCALL are PC-relative disp16"
0x3A4F,0x3A4F,14927,14927,1,CODE,0.55,plausible,re_pipeline,"code_window_hypothesis","Hypothesized CODE window per shipping regions + first non-FF @0x2000. ISA not verified; structural only."
0x3A50,0x3A5A,14928,14938,11,CODE,0.78,plausible,ghidra,"ghidra_insn","Ghidra listing instruction start (MCS96:LE:16:default); LJMP/LCALL are PC-relative disp16"
0x3A5B,0x3A5B,14939,14939,1,CODE,0.55,plausible,re_pipeline,"code_window_hypothesis","Hypothesized CODE window per shipping regions + first non-FF @0x2000. ISA not verified; structural only."
0x3A5C,0x3A83,14940,14979,40,CODE,0.78,plausible,ghidra,"ghidra_insn","Ghidra listing instruction start (MCS96:LE:16:default); LJMP/LCALL are PC-relative disp16"
0x3A84,0x3A84,14980,14980,1,CODE,0.55,plausible,re_pipeline,"code_window_hypothesis","Hypothesized CODE window per shipping regions + first non-FF @0x2000. ISA not verified; structural only."
0x3A85,0x3AB0,14981,15024,44,CODE,0.78,plausible,ghidra,"ghidra_insn","Ghidra listing instruction start (MCS96:LE:16:default); LJMP/LCALL are PC-relative disp16"
0x3AB1,0x3AB2,15025,15026,2,CODE,0.55,plausible,re_pipeline,"code_window_hypothesis","Hypothesized CODE window per shipping regions + first non-FF @0x2000. ISA not verified; structural only."
0x3AB3,0x3AC2,15027,15042,16,CODE,0.78,plausible,ghidra,"ghidra_insn","Ghidra listing instruction start (MCS96:LE:16:default); LJMP/LCALL are PC-relative disp16"
0x3AC3,0x3AC3,15043,15043,1,CODE,0.55,plausible,re_pipeline,"code_window_hypothesis","Hypothesized CODE window per shipping regions + first non-FF @0x2000. ISA not verified; structural only."
0x3AC4,0x3AD2,15044,15058,15,CODE,0.78,plausible,ghidra,"ghidra_insn","Ghidra listing instruction start (MCS96:LE:16:default); LJMP/LCALL are PC-relative disp16"
0x3AD3,0x3AD4,15059,15060,2,CODE,0.55,plausible,re_pipeline,"code_window_hypothesis","Hypothesized CODE window per shipping regions + first non-FF @0x2000. ISA not verified; structural only."
0x3AD5,0x3AE0,15061,15072,12,CODE,0.78,plausible,ghidra,"ghidra_insn","Ghidra listing instruction start (MCS96:LE:16:default); LJMP/LCALL are PC-relative disp16"
0x3AE1,0x3AE1,15073,15073,1,CODE,0.55,plausible,re_pipeline,"code_window_hypothesis","Hypothesized CODE window per shipping regions + first non-FF @0x2000. ISA not verified; structural only."
0x3AE2,0x3AFF,15074,15103,30,CODE,0.78,plausible,ghidra,"ghidra_insn","Ghidra listing instruction start (MCS96:LE:16:default); LJMP/LCALL are PC-relative disp16"
0x3B00,0x3B01,15104,15105,2,CODE,0.55,plausible,re_pipeline,"code_window_hypothesis","Hypothesized CODE window per shipping regions + first non-FF @0x2000. ISA not verified; structural only."
0x3B02,0x3B04,15106,15108,3,CODE,0.78,plausible,ghidra,"ghidra_insn","Ghidra listing instruction start (MCS96:LE:16:default); LJMP/LCALL are PC-relative disp16"
0x3B05,0x3B05,15109,15109,1,CODE,0.55,plausible,re_pipeline,"code_window_hypothesis","Hypothesized CODE window per shipping regions + first non-FF @0x2000. ISA not verified; structural only."
0x3B06,0x3B0F,15110,15119,10,CODE,0.78,plausible,ghidra,"ghidra_insn","Ghidra listing instruction start (MCS96:LE:16:default); LJMP/LCALL are PC-relative disp16"
0x3B10,0x3B12,15120,15122,3,CODE,0.55,plausible,re_pipeline,"code_window_hypothesis","Hypothesized CODE window per shipping regions + first non-FF @0x2000. ISA not verified; structural only."
0x3B13,0x3B1B,15123,15131,9,CODE,0.78,plausible,ghidra,"ghidra_insn","Ghidra listing instruction start (MCS96:LE:16:default); LJMP/LCALL are PC-relative disp16"
0x3B1C,0x3B1C,15132,15132,1,CODE,0.55,plausible,re_pipeline,"code_window_hypothesis","Hypothesized CODE window per shipping regions + first non-FF @0x2000. ISA not verified; structural only."
0x3B1D,0x3B25,15133,15141,9,CODE,0.78,plausible,ghidra,"ghidra_insn","Ghidra listing instruction start (MCS96:LE:16:default); LJMP/LCALL are PC-relative disp16"
0x3B26,0x3B28,15142,15144,3,CODE,0.55,plausible,re_pipeline,"code_window_hypothesis","Hypothesized CODE window per shipping regions + first non-FF @0x2000. ISA not verified; structural only."
0x3B29,0x3B2B,15145,15147,3,CODE,0.78,plausible,ghidra,"ghidra_insn","Ghidra listing instruction start (MCS96:LE:16:default); LJMP/LCALL are PC-relative disp16"
0x3B2C,0x3B2D,15148,15149,2,CODE,0.55,plausible,re_pipeline,"code_window_hypothesis","Hypothesized CODE window per shipping regions + first non-FF @0x2000. ISA not verified; structural only."
0x3B2E,0x3B30,15150,15152,3,CODE,0.78,plausible,ghidra,"ghidra_insn","Ghidra listing instruction start (MCS96:LE:16:default); LJMP/LCALL are PC-relative disp16"
0x3B31,0x3B32,15153,15154,2,CODE,0.55,plausible,re_pipeline,"code_window_hypothesis","Hypothesized CODE window per shipping regions + first non-FF @0x2000. ISA not verified; structural only."
0x3B33,0x3B35,15155,15157,3,CODE,0.78,plausible,ghidra,"ghidra_insn","Ghidra listing instruction start (MCS96:LE:16:default); LJMP/LCALL are PC-relative disp16"
0x3B36,0x3B37,15158,15159,2,CODE,0.55,plausible,re_pipeline,"code_window_hypothesis","Hypothesized CODE window per shipping regions + first non-FF @0x2000. ISA not verified; structural only."
0x3B38,0x3B42,15160,15170,11,CODE,0.78,plausible,ghidra,"ghidra_insn","Ghidra listing instruction start (MCS96:LE:16:default); LJMP/LCALL are PC-relative disp16"
0x3B43,0x3B44,15171,15172,2,CODE,0.55,plausible,re_pipeline,"code_window_hypothesis","Hypothesized CODE window per shipping regions + first non-FF @0x2000. ISA not verified; structural only."
0x3B45,0x3B4C,15173,15180,8,CODE,0.78,plausible,ghidra,"ghidra_insn","Ghidra listing instruction start (MCS96:LE:16:default); LJMP/LCALL are PC-relative disp16"
0x3B4D,0x3B4E,15181,15182,2,CODE,0.55,plausible,re_pipeline,"code_window_hypothesis","Hypothesized CODE window per shipping regions + first non-FF @0x2000. ISA not verified; structural only."
0x3B4F,0x3B5F,15183,15199,17,CODE,0.78,plausible,ghidra,"ghidra_insn","Ghidra listing instruction start (MCS96:LE:16:default); LJMP/LCALL are PC-relative disp16"
0x3B60,0x3B61,15200,15201,2,CODE,0.55,plausible,re_pipeline,"code_window_hypothesis","Hypothesized CODE window per shipping regions + first non-FF @0x2000. ISA not verified; structural only."
0x3B62,0x3B85,15202,15237,36,CODE,0.78,plausible,ghidra,"ghidra_insn","Ghidra listing instruction start (MCS96:LE:16:default); LJMP/LCALL are PC-relative disp16"
0x3B86,0x3B86,15238,15238,1,CODE,0.55,plausible,re_pipeline,"code_window_hypothesis","Hypothesized CODE window per shipping regions + first non-FF @0x2000. ISA not verified; structural only."
0x3B87,0x3B8B,15239,15243,5,CODE,0.78,plausible,ghidra,"ghidra_insn","Ghidra listing instruction start (MCS96:LE:16:default); LJMP/LCALL are PC-relative disp16"
0x3B8C,0x3B8D,15244,15245,2,CODE,0.55,plausible,re_pipeline,"code_window_hypothesis","Hypothesized CODE window per shipping regions + first non-FF @0x2000. ISA not verified; structural only."
0x3B8E,0x3BA0,15246,15264,19,CODE,0.78,plausible,ghidra,"ghidra_insn","Ghidra listing instruction start (MCS96:LE:16:default); LJMP/LCALL are PC-relative disp16"
0x3BA1,0x3BA2,15265,15266,2,CODE,0.55,plausible,re_pipeline,"code_window_hypothesis","Hypothesized CODE window per shipping regions + first non-FF @0x2000. ISA not verified; structural only."
0x3BA3,0x3BAD,15267,15277,11,CODE,0.78,plausible,ghidra,"ghidra_insn","Ghidra listing instruction start (MCS96:LE:16:default); LJMP/LCALL are PC-relative disp16"
0x3BAE,0x3BAE,15278,15278,1,CODE,0.55,plausible,re_pipeline,"code_window_hypothesis","Hypothesized CODE window per shipping regions + first non-FF @0x2000. ISA not verified; structural only."
0x3BAF,0x3BB3,15279,15283,5,CODE,0.78,plausible,ghidra,"ghidra_insn","Ghidra listing instruction start (MCS96:LE:16:default); LJMP/LCALL are PC-relative disp16"
0x3BB4,0x3BB6,15284,15286,3,CODE,0.55,plausible,re_pipeline,"code_window_hypothesis","Hypothesized CODE window per shipping regions + first non-FF @0x2000. ISA not verified; structural only."
0x3BB7,0x3BC5,15287,15301,15,CODE,0.78,plausible,ghidra,"ghidra_insn","Ghidra listing instruction start (MCS96:LE:16:default); LJMP/LCALL are PC-relative disp16"
0x3BC6,0x3BC7,15302,15303,2,CODE,0.55,plausible,re_pipeline,"code_window_hypothesis","Hypothesized CODE window per shipping regions + first non-FF @0x2000. ISA not verified; structural only."
0x3BC8,0x3BCA,15304,15306,3,CODE,0.78,plausible,ghidra,"ghidra_insn","Ghidra listing instruction start (MCS96:LE:16:default); LJMP/LCALL are PC-relative disp16"
0x3BCB,0x3BCC,15307,15308,2,CODE,0.55,plausible,re_pipeline,"code_window_hypothesis","Hypothesized CODE window per shipping regions + first non-FF @0x2000. ISA not verified; structural only."
0x3BCD,0x3BCF,15309,15311,3,CODE,0.78,plausible,ghidra,"ghidra_insn","Ghidra listing instruction start (MCS96:LE:16:default); LJMP/LCALL are PC-relative disp16"
0x3BD0,0x3BD1,15312,15313,2,CODE,0.55,plausible,re_pipeline,"code_window_hypothesis","Hypothesized CODE window per shipping regions + first non-FF @0x2000. ISA not verified; structural only."
0x3BD2,0x3BDA,15314,15322,9,CODE,0.78,plausible,ghidra,"ghidra_insn","Ghidra listing instruction start (MCS96:LE:16:default); LJMP/LCALL are PC-relative disp16"
0x3BDB,0x3BDB,15323,15323,1,CODE,0.55,plausible,re_pipeline,"code_window_hypothesis","Hypothesized CODE window per shipping regions + first non-FF @0x2000. ISA not verified; structural only."
0x3BDC,0x3BE7,15324,15335,12,CODE,0.78,plausible,ghidra,"ghidra_insn","Ghidra listing instruction start (MCS96:LE:16:default); LJMP/LCALL are PC-relative disp16"
0x3BE8,0x3BE9,15336,15337,2,CODE,0.55,plausible,re_pipeline,"code_window_hypothesis","Hypothesized CODE window per shipping regions + first non-FF @0x2000. ISA not verified; structural only."
0x3BEA,0x3BEF,15338,15343,6,CODE,0.78,plausible,ghidra,"ghidra_insn","Ghidra listing instruction start (MCS96:LE:16:default); LJMP/LCALL are PC-relative disp16"
0x3BF0,0x3BF1,15344,15345,2,CODE,0.55,plausible,re_pipeline,"code_window_hypothesis","Hypothesized CODE window per shipping regions + first non-FF @0x2000. ISA not verified; structural only."
0x3BF2,0x3BFA,15346,15354,9,CODE,0.78,plausible,ghidra,"ghidra_insn","Ghidra listing instruction start (MCS96:LE:16:default); LJMP/LCALL are PC-relative disp16"
0x3BFB,0x3BFB,15355,15355,1,CODE,0.55,plausible,re_pipeline,"code_window_hypothesis","Hypothesized CODE window per shipping regions + first non-FF @0x2000. ISA not verified; structural only."
0x3BFC,0x3C01,15356,15361,6,CODE,0.78,plausible,ghidra,"ghidra_insn","Ghidra listing instruction start (MCS96:LE:16:default); LJMP/LCALL are PC-relative disp16"
0x3C02,0x3C03,15362,15363,2,CODE,0.55,plausible,re_pipeline,"code_window_hypothesis","Hypothesized CODE window per shipping regions + first non-FF @0x2000. ISA not verified; structural only."
0x3C04,0x3C0B,15364,15371,8,CODE,0.78,plausible,ghidra,"ghidra_insn","Ghidra listing instruction start (MCS96:LE:16:default); LJMP/LCALL are PC-relative disp16"
0x3C0C,0x3C0C,15372,15372,1,CODE,0.55,plausible,re_pipeline,"code_window_hypothesis","Hypothesized CODE window per shipping regions + first non-FF @0x2000. ISA not verified; structural only."
0x3C0D,0x3C15,15373,15381,9,CODE,0.78,plausible,ghidra,"ghidra_insn","Ghidra listing instruction start (MCS96:LE:16:default); LJMP/LCALL are PC-relative disp16"
0x3C16,0x3C17,15382,15383,2,CODE,0.55,plausible,re_pipeline,"code_window_hypothesis","Hypothesized CODE window per shipping regions + first non-FF @0x2000. ISA not verified; structural only."
0x3C18,0x3C27,15384,15399,16,CODE,0.78,plausible,ghidra,"ghidra_insn","Ghidra listing instruction start (MCS96:LE:16:default); LJMP/LCALL are PC-relative disp16"
0x3C28,0x3C29,15400,15401,2,CODE,0.55,plausible,re_pipeline,"code_window_hypothesis","Hypothesized CODE window per shipping regions + first non-FF @0x2000. ISA not verified; structural only."
0x3C2A,0x3C2C,15402,15404,3,CODE,0.78,plausible,ghidra,"ghidra_insn","Ghidra listing instruction start (MCS96:LE:16:default); LJMP/LCALL are PC-relative disp16"
0x3C2D,0x3C2E,15405,15406,2,CODE,0.55,plausible,re_pipeline,"code_window_hypothesis","Hypothesized CODE window per shipping regions + first non-FF @0x2000. ISA not verified; structural only."
0x3C2F,0x3C37,15407,15415,9,CODE,0.78,plausible,ghidra,"ghidra_insn","Ghidra listing instruction start (MCS96:LE:16:default); LJMP/LCALL are PC-relative disp16"
0x3C38,0x3C39,15416,15417,2,CODE,0.55,plausible,re_pipeline,"code_window_hypothesis","Hypothesized CODE window per shipping regions + first non-FF @0x2000. ISA not verified; structural only."
0x3C3A,0x3C3C,15418,15420,3,CODE,0.78,plausible,ghidra,"ghidra_insn","Ghidra listing instruction start (MCS96:LE:16:default); LJMP/LCALL are PC-relative disp16"
0x3C3D,0x3C3E,15421,15422,2,CODE,0.55,plausible,re_pipeline,"code_window_hypothesis","Hypothesized CODE window per shipping regions + first non-FF @0x2000. ISA not verified; structural only."
0x3C3F,0x3C56,15423,15446,24,CODE,0.78,plausible,ghidra,"ghidra_insn","Ghidra listing instruction start (MCS96:LE:16:default); LJMP/LCALL are PC-relative disp16"
0x3C57,0x3C58,15447,15448,2,CODE,0.55,plausible,re_pipeline,"code_window_hypothesis","Hypothesized CODE window per shipping regions + first non-FF @0x2000. ISA not verified; structural only."
0x3C59,0x3C5B,15449,15451,3,CODE,0.78,plausible,ghidra,"ghidra_insn","Ghidra listing instruction start (MCS96:LE:16:default); LJMP/LCALL are PC-relative disp16"
0x3C5C,0x3C5C,15452,15452,1,CODE,0.55,plausible,re_pipeline,"code_window_hypothesis","Hypothesized CODE window per shipping regions + first non-FF @0x2000. ISA not verified; structural only."
0x3C5D,0x3C6E,15453,15470,18,CODE,0.78,plausible,ghidra,"ghidra_insn","Ghidra listing instruction start (MCS96:LE:16:default); LJMP/LCALL are PC-relative disp16"
0x3C6F,0x3C6F,15471,15471,1,CODE,0.55,plausible,re_pipeline,"code_window_hypothesis","Hypothesized CODE window per shipping regions + first non-FF @0x2000. ISA not verified; structural only."
0x3C70,0x3C72,15472,15474,3,CODE,0.78,plausible,ghidra,"ghidra_insn","Ghidra listing instruction start (MCS96:LE:16:default); LJMP/LCALL are PC-relative disp16"
0x3C73,0x3C73,15475,15475,1,CODE,0.55,plausible,re_pipeline,"code_window_hypothesis","Hypothesized CODE window per shipping regions + first non-FF @0x2000. ISA not verified; structural only."
0x3C74,0x3C76,15476,15478,3,CODE,0.78,plausible,ghidra,"ghidra_insn","Ghidra listing instruction start (MCS96:LE:16:default); LJMP/LCALL are PC-relative disp16"
0x3C77,0x3C78,15479,15480,2,CODE,0.55,plausible,re_pipeline,"code_window_hypothesis","Hypothesized CODE window per shipping regions + first non-FF @0x2000. ISA not verified; structural only."
0x3C79,0x3C9C,15481,15516,36,CODE,0.78,plausible,ghidra,"ghidra_insn","Ghidra listing instruction start (MCS96:LE:16:default); LJMP/LCALL are PC-relative disp16"
0x3C9D,0x3C9D,15517,15517,1,CODE,0.55,plausible,re_pipeline,"code_window_hypothesis","Hypothesized CODE window per shipping regions + first non-FF @0x2000. ISA not verified; structural only."
0x3C9E,0x3CA2,15518,15522,5,CODE,0.78,plausible,ghidra,"ghidra_insn","Ghidra listing instruction start (MCS96:LE:16:default); LJMP/LCALL are PC-relative disp16"
0x3CA3,0x3CA3,15523,15523,1,CODE,0.55,plausible,re_pipeline,"code_window_hypothesis","Hypothesized CODE window per shipping regions + first non-FF @0x2000. ISA not verified; structural only."
0x3CA4,0x3CA6,15524,15526,3,CODE,0.78,plausible,ghidra,"ghidra_insn","Ghidra listing instruction start (MCS96:LE:16:default); LJMP/LCALL are PC-relative disp16"
0x3CA7,0x3CA8,15527,15528,2,CODE,0.55,plausible,re_pipeline,"code_window_hypothesis","Hypothesized CODE window per shipping regions + first non-FF @0x2000. ISA not verified; structural only."
0x3CA9,0x3CAB,15529,15531,3,CODE,0.78,plausible,ghidra,"ghidra_insn","Ghidra listing instruction start (MCS96:LE:16:default); LJMP/LCALL are PC-relative disp16"
0x3CAC,0x3CAD,15532,15533,2,CODE,0.55,plausible,re_pipeline,"code_window_hypothesis","Hypothesized CODE window per shipping regions + first non-FF @0x2000. ISA not verified; structural only."
0x3CAE,0x3CD1,15534,15569,36,CODE,0.78,plausible,ghidra,"ghidra_insn","Ghidra listing instruction start (MCS96:LE:16:default); LJMP/LCALL are PC-relative disp16"
0x3CD2,0x3CD3,15570,15571,2,CODE,0.55,plausible,re_pipeline,"code_window_hypothesis","Hypothesized CODE window per shipping regions + first non-FF @0x2000. ISA not verified; structural only."
0x3CD4,0x3CD8,15572,15576,5,CODE,0.78,plausible,ghidra,"ghidra_insn","Ghidra listing instruction start (MCS96:LE:16:default); LJMP/LCALL are PC-relative disp16"
0x3CD9,0x3CDA,15577,15578,2,CODE,0.55,plausible,re_pipeline,"code_window_hypothesis","Hypothesized CODE window per shipping regions + first non-FF @0x2000. ISA not verified; structural only."
0x3CDB,0x3CDD,15579,15581,3,CODE,0.78,plausible,ghidra,"ghidra_insn","Ghidra listing instruction start (MCS96:LE:16:default); LJMP/LCALL are PC-relative disp16"
0x3CDE,0x3CDF,15582,15583,2,CODE,0.55,plausible,re_pipeline,"code_window_hypothesis","Hypothesized CODE window per shipping regions + first non-FF @0x2000. ISA not verified; structural only."
0x3CE0,0x3CE2,15584,15586,3,CODE,0.78,plausible,ghidra,"ghidra_insn","Ghidra listing instruction start (MCS96:LE:16:default); LJMP/LCALL are PC-relative disp16"
0x3CE3,0x3CE3,15587,15587,1,CODE,0.55,plausible,re_pipeline,"code_window_hypothesis","Hypothesized CODE window per shipping regions + first non-FF @0x2000. ISA not verified; structural only."
0x3CE4,0x3CE6,15588,15590,3,CODE,0.78,plausible,ghidra,"ghidra_insn","Ghidra listing instruction start (MCS96:LE:16:default); LJMP/LCALL are PC-relative disp16"
0x3CE7,0x3CE7,15591,15591,1,CODE,0.55,plausible,re_pipeline,"code_window_hypothesis","Hypothesized CODE window per shipping regions + first non-FF @0x2000. ISA not verified; structural only."
0x3CE8,0x3CEA,15592,15594,3,CODE,0.78,plausible,ghidra,"ghidra_insn","Ghidra listing instruction start (MCS96:LE:16:default); LJMP/LCALL are PC-relative disp16"
0x3CEB,0x3CEB,15595,15595,1,CODE,0.55,plausible,re_pipeline,"code_window_hypothesis","Hypothesized CODE window per shipping regions + first non-FF @0x2000. ISA not verified; structural only."
0x3CEC,0x3CEE,15596,15598,3,CODE,0.78,plausible,ghidra,"ghidra_insn","Ghidra listing instruction start (MCS96:LE:16:default); LJMP/LCALL are PC-relative disp16"
0x3CEF,0x3CF0,15599,15600,2,CODE,0.55,plausible,re_pipeline,"code_window_hypothesis","Hypothesized CODE window per shipping regions + first non-FF @0x2000. ISA not verified; structural only."
0x3CF1,0x3CF5,15601,15605,5,CODE,0.78,plausible,ghidra,"ghidra_insn","Ghidra listing instruction start (MCS96:LE:16:default); LJMP/LCALL are PC-relative disp16"
0x3CF6,0x3CF7,15606,15607,2,CODE,0.55,plausible,re_pipeline,"code_window_hypothesis","Hypothesized CODE window per shipping regions + first non-FF @0x2000. ISA not verified; structural only."
0x3CF8,0x3D1B,15608,15643,36,CODE,0.78,plausible,ghidra,"ghidra_insn","Ghidra listing instruction start (MCS96:LE:16:default); LJMP/LCALL are PC-relative disp16"
0x3D1C,0x3D1D,15644,15645,2,CODE,0.55,plausible,re_pipeline,"code_window_hypothesis","Hypothesized CODE window per shipping regions + first non-FF @0x2000. ISA not verified; structural only."
0x3D1E,0x3D20,15646,15648,3,CODE,0.78,plausible,ghidra,"ghidra_insn","Ghidra listing instruction start (MCS96:LE:16:default); LJMP/LCALL are PC-relative disp16"
0x3D21,0x3D21,15649,15649,1,CODE,0.55,plausible,re_pipeline,"code_window_hypothesis","Hypothesized CODE window per shipping regions + first non-FF @0x2000. ISA not verified; structural only."
0x3D22,0x3D24,15650,15652,3,CODE,0.78,plausible,ghidra,"ghidra_insn","Ghidra listing instruction start (MCS96:LE:16:default); LJMP/LCALL are PC-relative disp16"
0x3D25,0x3D25,15653,15653,1,CODE,0.55,plausible,re_pipeline,"code_window_hypothesis","Hypothesized CODE window per shipping regions + first non-FF @0x2000. ISA not verified; structural only."
0x3D26,0x3D28,15654,15656,3,CODE,0.78,plausible,ghidra,"ghidra_insn","Ghidra listing instruction start (MCS96:LE:16:default); LJMP/LCALL are PC-relative disp16"
0x3D29,0x3D29,15657,15657,1,CODE,0.55,plausible,re_pipeline,"code_window_hypothesis","Hypothesized CODE window per shipping regions + first non-FF @0x2000. ISA not verified; structural only."
0x3D2A,0x3D33,15658,15667,10,CODE,0.78,plausible,ghidra,"ghidra_insn","Ghidra listing instruction start (MCS96:LE:16:default); LJMP/LCALL are PC-relative disp16"
0x3D34,0x3D35,15668,15669,2,CODE,0.55,plausible,re_pipeline,"code_window_hypothesis","Hypothesized CODE window per shipping regions + first non-FF @0x2000. ISA not verified; structural only."
0x3D36,0x3D40,15670,15680,11,CODE,0.78,plausible,ghidra,"ghidra_insn","Ghidra listing instruction start (MCS96:LE:16:default); LJMP/LCALL are PC-relative disp16"
0x3D41,0x3D42,15681,15682,2,CODE,0.55,plausible,re_pipeline,"code_window_hypothesis","Hypothesized CODE window per shipping regions + first non-FF @0x2000. ISA not verified; structural only."
0x3D43,0x3D4D,15683,15693,11,CODE,0.78,plausible,ghidra,"ghidra_insn","Ghidra listing instruction start (MCS96:LE:16:default); LJMP/LCALL are PC-relative disp16"
0x3D4E,0x3D4E,15694,15694,1,CODE,0.55,plausible,re_pipeline,"code_window_hypothesis","Hypothesized CODE window per shipping regions + first non-FF @0x2000. ISA not verified; structural only."
0x3D4F,0x3D64,15695,15716,22,CODE,0.78,plausible,ghidra,"ghidra_insn","Ghidra listing instruction start (MCS96:LE:16:default); LJMP/LCALL are PC-relative disp16"
0x3D65,0x3D66,15717,15718,2,CODE,0.55,plausible,re_pipeline,"code_window_hypothesis","Hypothesized CODE window per shipping regions + first non-FF @0x2000. ISA not verified; structural only."
0x3D67,0x3D74,15719,15732,14,CODE,0.78,plausible,ghidra,"ghidra_insn","Ghidra listing instruction start (MCS96:LE:16:default); LJMP/LCALL are PC-relative disp16"
0x3D75,0x3D75,15733,15733,1,CODE,0.55,plausible,re_pipeline,"code_window_hypothesis","Hypothesized CODE window per shipping regions + first non-FF @0x2000. ISA not verified; structural only."
0x3D76,0x3D7B,15734,15739,6,CODE,0.78,plausible,ghidra,"ghidra_insn","Ghidra listing instruction start (MCS96:LE:16:default); LJMP/LCALL are PC-relative disp16"
0x3D7C,0x3D7D,15740,15741,2,CODE,0.55,plausible,re_pipeline,"code_window_hypothesis","Hypothesized CODE window per shipping regions + first non-FF @0x2000. ISA not verified; structural only."
0x3D7E,0x3D81,15742,15745,4,CODE,0.78,plausible,ghidra,"ghidra_insn","Ghidra listing instruction start (MCS96:LE:16:default); LJMP/LCALL are PC-relative disp16"
0x3D82,0x3D82,15746,15746,1,CODE,0.55,plausible,re_pipeline,"code_window_hypothesis","Hypothesized CODE window per shipping regions + first non-FF @0x2000. ISA not verified; structural only."
0x3D83,0x3D87,15747,15751,5,CODE,0.78,plausible,ghidra,"ghidra_insn","Ghidra listing instruction start (MCS96:LE:16:default); LJMP/LCALL are PC-relative disp16"
0x3D88,0x3D88,15752,15752,1,CODE,0.55,plausible,re_pipeline,"code_window_hypothesis","Hypothesized CODE window per shipping regions + first non-FF @0x2000. ISA not verified; structural only."
0x3D89,0x3D8D,15753,15757,5,CODE,0.78,plausible,ghidra,"ghidra_insn","Ghidra listing instruction start (MCS96:LE:16:default); LJMP/LCALL are PC-relative disp16"
0x3D8E,0x3D8F,15758,15759,2,CODE,0.55,plausible,re_pipeline,"code_window_hypothesis","Hypothesized CODE window per shipping regions + first non-FF @0x2000. ISA not verified; structural only."
0x3D90,0x3D98,15760,15768,9,CODE,0.78,plausible,ghidra,"ghidra_insn","Ghidra listing instruction start (MCS96:LE:16:default); LJMP/LCALL are PC-relative disp16"
0x3D99,0x3D99,15769,15769,1,CODE,0.55,plausible,re_pipeline,"code_window_hypothesis","Hypothesized CODE window per shipping regions + first non-FF @0x2000. ISA not verified; structural only."
0x3D9A,0x3DA8,15770,15784,15,CODE,0.78,plausible,ghidra,"ghidra_insn","Ghidra listing instruction start (MCS96:LE:16:default); LJMP/LCALL are PC-relative disp16"
0x3DA9,0x3DA9,15785,15785,1,CODE,0.55,plausible,re_pipeline,"code_window_hypothesis","Hypothesized CODE window per shipping regions + first non-FF @0x2000. ISA not verified; structural only."
0x3DAA,0x3DAC,15786,15788,3,CODE,0.78,plausible,ghidra,"ghidra_insn","Ghidra listing instruction start (MCS96:LE:16:default); LJMP/LCALL are PC-relative disp16"
0x3DAD,0x3DAE,15789,15790,2,CODE,0.55,plausible,re_pipeline,"code_window_hypothesis","Hypothesized CODE window per shipping regions + first non-FF @0x2000. ISA not verified; structural only."
0x3DAF,0x3DB4,15791,15796,6,CODE,0.78,plausible,ghidra,"ghidra_insn","Ghidra listing instruction start (MCS96:LE:16:default); LJMP/LCALL are PC-relative disp16"
0x3DB5,0x3DB6,15797,15798,2,CODE,0.55,plausible,re_pipeline,"code_window_hypothesis","Hypothesized CODE window per shipping regions + first non-FF @0x2000. ISA not verified; structural only."
0x3DB7,0x3DC0,15799,15808,10,CODE,0.78,plausible,ghidra,"ghidra_insn","Ghidra listing instruction start (MCS96:LE:16:default); LJMP/LCALL are PC-relative disp16"
0x3DC1,0x3DC2,15809,15810,2,CODE,0.55,plausible,re_pipeline,"code_window_hypothesis","Hypothesized CODE window per shipping regions + first non-FF @0x2000. ISA not verified; structural only."
0x3DC3,0x3DC5,15811,15813,3,CODE,0.78,plausible,ghidra,"ghidra_insn","Ghidra listing instruction start (MCS96:LE:16:default); LJMP/LCALL are PC-relative disp16"
0x3DC6,0x3DC7,15814,15815,2,CODE,0.55,plausible,re_pipeline,"code_window_hypothesis","Hypothesized CODE window per shipping regions + first non-FF @0x2000. ISA not verified; structural only."
0x3DC8,0x3DD5,15816,15829,14,CODE,0.78,plausible,ghidra,"ghidra_insn","Ghidra listing instruction start (MCS96:LE:16:default); LJMP/LCALL are PC-relative disp16"
0x3DD6,0x3DD6,15830,15830,1,CODE,0.55,plausible,re_pipeline,"code_window_hypothesis","Hypothesized CODE window per shipping regions + first non-FF @0x2000. ISA not verified; structural only."
0x3DD7,0x3DF1,15831,15857,27,CODE,0.78,plausible,ghidra,"ghidra_insn","Ghidra listing instruction start (MCS96:LE:16:default); LJMP/LCALL are PC-relative disp16"
0x3DF2,0x3DF3,15858,15859,2,CODE,0.55,plausible,re_pipeline,"code_window_hypothesis","Hypothesized CODE window per shipping regions + first non-FF @0x2000. ISA not verified; structural only."
0x3DF4,0x3DFE,15860,15870,11,CODE,0.78,plausible,ghidra,"ghidra_insn","Ghidra listing instruction start (MCS96:LE:16:default); LJMP/LCALL are PC-relative disp16"
0x3DFF,0x3E01,15871,15873,3,CODE,0.55,plausible,re_pipeline,"code_window_hypothesis","Hypothesized CODE window per shipping regions + first non-FF @0x2000. ISA not verified; structural only."
0x3E02,0x3E0A,15874,15882,9,CODE,0.78,plausible,ghidra,"ghidra_insn","Ghidra listing instruction start (MCS96:LE:16:default); LJMP/LCALL are PC-relative disp16"
0x3E0B,0x3E0C,15883,15884,2,CODE,0.55,plausible,re_pipeline,"code_window_hypothesis","Hypothesized CODE window per shipping regions + first non-FF @0x2000. ISA not verified; structural only."
0x3E0D,0x3E0F,15885,15887,3,CODE,0.78,plausible,ghidra,"ghidra_insn","Ghidra listing instruction start (MCS96:LE:16:default); LJMP/LCALL are PC-relative disp16"
0x3E10,0x3E11,15888,15889,2,CODE,0.55,plausible,re_pipeline,"code_window_hypothesis","Hypothesized CODE window per shipping regions + first non-FF @0x2000. ISA not verified; structural only."
0x3E12,0x3E1B,15890,15899,10,CODE,0.78,plausible,ghidra,"ghidra_insn","Ghidra listing instruction start (MCS96:LE:16:default); LJMP/LCALL are PC-relative disp16"
0x3E1C,0x3E1D,15900,15901,2,CODE,0.55,plausible,re_pipeline,"code_window_hypothesis","Hypothesized CODE window per shipping regions + first non-FF @0x2000. ISA not verified; structural only."
0x3E1E,0x3E20,15902,15904,3,CODE,0.78,plausible,ghidra,"ghidra_insn","Ghidra listing instruction start (MCS96:LE:16:default); LJMP/LCALL are PC-relative disp16"
0x3E21,0x3E22,15905,15906,2,CODE,0.55,plausible,re_pipeline,"code_window_hypothesis","Hypothesized CODE window per shipping regions + first non-FF @0x2000. ISA not verified; structural only."
0x3E23,0x3E2A,15907,15914,8,CODE,0.78,plausible,ghidra,"ghidra_insn","Ghidra listing instruction start (MCS96:LE:16:default); LJMP/LCALL are PC-relative disp16"
0x3E2B,0x3E2C,15915,15916,2,CODE,0.55,plausible,re_pipeline,"code_window_hypothesis","Hypothesized CODE window per shipping regions + first non-FF @0x2000. ISA not verified; structural only."
0x3E2D,0x3E35,15917,15925,9,CODE,0.78,plausible,ghidra,"ghidra_insn","Ghidra listing instruction start (MCS96:LE:16:default); LJMP/LCALL are PC-relative disp16"
0x3E36,0x3E36,15926,15926,1,CODE,0.55,plausible,re_pipeline,"code_window_hypothesis","Hypothesized CODE window per shipping regions + first non-FF @0x2000. ISA not verified; structural only."
0x3E37,0x3E48,15927,15944,18,CODE,0.78,plausible,ghidra,"ghidra_insn","Ghidra listing instruction start (MCS96:LE:16:default); LJMP/LCALL are PC-relative disp16"
0x3E49,0x3E4A,15945,15946,2,CODE,0.55,plausible,re_pipeline,"code_window_hypothesis","Hypothesized CODE window per shipping regions + first non-FF @0x2000. ISA not verified; structural only."
0x3E4B,0x3E70,15947,15984,38,CODE,0.78,plausible,ghidra,"ghidra_insn","Ghidra listing instruction start (MCS96:LE:16:default); LJMP/LCALL are PC-relative disp16"
0x3E71,0x3E73,15985,15987,3,CODE,0.55,plausible,re_pipeline,"code_window_hypothesis","Hypothesized CODE window per shipping regions + first non-FF @0x2000. ISA not verified; structural only."
0x3E74,0x3E76,15988,15990,3,CODE,0.78,plausible,ghidra,"ghidra_insn","Ghidra listing instruction start (MCS96:LE:16:default); LJMP/LCALL are PC-relative disp16"
0x3E77,0x3E77,15991,15991,1,CODE,0.55,plausible,re_pipeline,"code_window_hypothesis","Hypothesized CODE window per shipping regions + first non-FF @0x2000. ISA not verified; structural only."
0x3E78,0x3E7E,15992,15998,7,CODE,0.78,plausible,ghidra,"ghidra_insn","Ghidra listing instruction start (MCS96:LE:16:default); LJMP/LCALL are PC-relative disp16"
0x3E7F,0x3E80,15999,16000,2,CODE,0.55,plausible,re_pipeline,"code_window_hypothesis","Hypothesized CODE window per shipping regions + first non-FF @0x2000. ISA not verified; structural only."
0x3E81,0x3E8B,16001,16011,11,CODE,0.78,plausible,ghidra,"ghidra_insn","Ghidra listing instruction start (MCS96:LE:16:default); LJMP/LCALL are PC-relative disp16"
0x3E8C,0x3E8D,16012,16013,2,CODE,0.55,plausible,re_pipeline,"code_window_hypothesis","Hypothesized CODE window per shipping regions + first non-FF @0x2000. ISA not verified; structural only."
0x3E8E,0x3E92,16014,16018,5,CODE,0.78,plausible,ghidra,"ghidra_insn","Ghidra listing instruction start (MCS96:LE:16:default); LJMP/LCALL are PC-relative disp16"
0x3E93,0x3E94,16019,16020,2,CODE,0.55,plausible,re_pipeline,"code_window_hypothesis","Hypothesized CODE window per shipping regions + first non-FF @0x2000. ISA not verified; structural only."
0x3E95,0x3E9D,16021,16029,9,CODE,0.78,plausible,ghidra,"ghidra_insn","Ghidra listing instruction start (MCS96:LE:16:default); LJMP/LCALL are PC-relative disp16"
0x3E9E,0x3E9F,16030,16031,2,CODE,0.55,plausible,re_pipeline,"code_window_hypothesis","Hypothesized CODE window per shipping regions + first non-FF @0x2000. ISA not verified; structural only."
0x3EA0,0x3EC0,16032,16064,33,CODE,0.78,plausible,ghidra,"ghidra_insn","Ghidra listing instruction start (MCS96:LE:16:default); LJMP/LCALL are PC-relative disp16"
0x3EC1,0x3EC1,16065,16065,1,CODE,0.55,plausible,re_pipeline,"code_window_hypothesis","Hypothesized CODE window per shipping regions + first non-FF @0x2000. ISA not verified; structural only."
0x3EC2,0x3EE4,16066,16100,35,CODE,0.78,plausible,ghidra,"ghidra_insn","Ghidra listing instruction start (MCS96:LE:16:default); LJMP/LCALL are PC-relative disp16"
0x3EE5,0x3EE5,16101,16101,1,CODE,0.55,plausible,re_pipeline,"code_window_hypothesis","Hypothesized CODE window per shipping regions + first non-FF @0x2000. ISA not verified; structural only."
0x3EE6,0x3EE8,16102,16104,3,CODE,0.78,plausible,ghidra,"ghidra_insn","Ghidra listing instruction start (MCS96:LE:16:default); LJMP/LCALL are PC-relative disp16"
0x3EE9,0x3EEA,16105,16106,2,CODE,0.55,plausible,re_pipeline,"code_window_hypothesis","Hypothesized CODE window per shipping regions + first non-FF @0x2000. ISA not verified; structural only."
0x3EEB,0x3EF0,16107,16112,6,CODE,0.78,plausible,ghidra,"ghidra_insn","Ghidra listing instruction start (MCS96:LE:16:default); LJMP/LCALL are PC-relative disp16"
0x3EF1,0x3EF1,16113,16113,1,CODE,0.55,plausible,re_pipeline,"code_window_hypothesis","Hypothesized CODE window per shipping regions + first non-FF @0x2000. ISA not verified; structural only."
0x3EF2,0x3EF9,16114,16121,8,CODE,0.78,plausible,ghidra,"ghidra_insn","Ghidra listing instruction start (MCS96:LE:16:default); LJMP/LCALL are PC-relative disp16"
0x3EFA,0x3EFB,16122,16123,2,CODE,0.55,plausible,re_pipeline,"code_window_hypothesis","Hypothesized CODE window per shipping regions + first non-FF @0x2000. ISA not verified; structural only."
0x3EFC,0x3F04,16124,16132,9,CODE,0.78,plausible,ghidra,"ghidra_insn","Ghidra listing instruction start (MCS96:LE:16:default); LJMP/LCALL are PC-relative disp16"
0x3F05,0x3F06,16133,16134,2,CODE,0.55,plausible,re_pipeline,"code_window_hypothesis","Hypothesized CODE window per shipping regions + first non-FF @0x2000. ISA not verified; structural only."
0x3F07,0x3F0B,16135,16139,5,CODE,0.78,plausible,ghidra,"ghidra_insn","Ghidra listing instruction start (MCS96:LE:16:default); LJMP/LCALL are PC-relative disp16"
0x3F0C,0x3F0D,16140,16141,2,CODE,0.55,plausible,re_pipeline,"code_window_hypothesis","Hypothesized CODE window per shipping regions + first non-FF @0x2000. ISA not verified; structural only."
0x3F0E,0x3F10,16142,16144,3,CODE,0.78,plausible,ghidra,"ghidra_insn","Ghidra listing instruction start (MCS96:LE:16:default); LJMP/LCALL are PC-relative disp16"
0x3F11,0x3F13,16145,16147,3,CODE,0.55,plausible,re_pipeline,"code_window_hypothesis","Hypothesized CODE window per shipping regions + first non-FF @0x2000. ISA not verified; structural only."
0x3F14,0x3F1B,16148,16155,8,CODE,0.78,plausible,ghidra,"ghidra_insn","Ghidra listing instruction start (MCS96:LE:16:default); LJMP/LCALL are PC-relative disp16"
0x3F1C,0x3F1D,16156,16157,2,CODE,0.55,plausible,re_pipeline,"code_window_hypothesis","Hypothesized CODE window per shipping regions + first non-FF @0x2000. ISA not verified; structural only."
0x3F1E,0x3F20,16158,16160,3,CODE,0.78,plausible,ghidra,"ghidra_insn","Ghidra listing instruction start (MCS96:LE:16:default); LJMP/LCALL are PC-relative disp16"
0x3F21,0x3F22,16161,16162,2,CODE,0.55,plausible,re_pipeline,"code_window_hypothesis","Hypothesized CODE window per shipping regions + first non-FF @0x2000. ISA not verified; structural only."
0x3F23,0x3F28,16163,16168,6,CODE,0.78,plausible,ghidra,"ghidra_insn","Ghidra listing instruction start (MCS96:LE:16:default); LJMP/LCALL are PC-relative disp16"
0x3F29,0x3F29,16169,16169,1,CODE,0.55,plausible,re_pipeline,"code_window_hypothesis","Hypothesized CODE window per shipping regions + first non-FF @0x2000. ISA not verified; structural only."
0x3F2A,0x3F2E,16170,16174,5,CODE,0.78,plausible,ghidra,"ghidra_insn","Ghidra listing instruction start (MCS96:LE:16:default); LJMP/LCALL are PC-relative disp16"
0x3F2F,0x3F2F,16175,16175,1,CODE,0.55,plausible,re_pipeline,"code_window_hypothesis","Hypothesized CODE window per shipping regions + first non-FF @0x2000. ISA not verified; structural only."
0x3F30,0x3F3D,16176,16189,14,CODE,0.78,plausible,ghidra,"ghidra_insn","Ghidra listing instruction start (MCS96:LE:16:default); LJMP/LCALL are PC-relative disp16"
0x3F3E,0x3F3F,16190,16191,2,CODE,0.55,plausible,re_pipeline,"code_window_hypothesis","Hypothesized CODE window per shipping regions + first non-FF @0x2000. ISA not verified; structural only."
0x3F40,0x3F50,16192,16208,17,CODE,0.78,plausible,ghidra,"ghidra_insn","Ghidra listing instruction start (MCS96:LE:16:default); LJMP/LCALL are PC-relative disp16"
0x3F51,0x3F51,16209,16209,1,CODE,0.55,plausible,re_pipeline,"code_window_hypothesis","Hypothesized CODE window per shipping regions + first non-FF @0x2000. ISA not verified; structural only."
0x3F52,0x3F54,16210,16212,3,CODE,0.78,plausible,ghidra,"ghidra_insn","Ghidra listing instruction start (MCS96:LE:16:default); LJMP/LCALL are PC-relative disp16"
0x3F55,0x3F55,16213,16213,1,CODE,0.55,plausible,re_pipeline,"code_window_hypothesis","Hypothesized CODE window per shipping regions + first non-FF @0x2000. ISA not verified; structural only."
0x3F56,0x3F58,16214,16216,3,CODE,0.78,plausible,ghidra,"ghidra_insn","Ghidra listing instruction start (MCS96:LE:16:default); LJMP/LCALL are PC-relative disp16"
0x3F59,0x3F59,16217,16217,1,CODE,0.55,plausible,re_pipeline,"code_window_hypothesis","Hypothesized CODE window per shipping regions + first non-FF @0x2000. ISA not verified; structural only."
0x3F5A,0x3F5C,16218,16220,3,CODE,0.78,plausible,ghidra,"ghidra_insn","Ghidra listing instruction start (MCS96:LE:16:default); LJMP/LCALL are PC-relative disp16"
0x3F5D,0x3F5E,16221,16222,2,CODE,0.55,plausible,re_pipeline,"code_window_hypothesis","Hypothesized CODE window per shipping regions + first non-FF @0x2000. ISA not verified; structural only."
0x3F5F,0x3F66,16223,16230,8,CODE,0.78,plausible,ghidra,"ghidra_insn","Ghidra listing instruction start (MCS96:LE:16:default); LJMP/LCALL are PC-relative disp16"
0x3F67,0x3F67,16231,16231,1,CODE,0.55,plausible,re_pipeline,"code_window_hypothesis","Hypothesized CODE window per shipping regions + first non-FF @0x2000. ISA not verified; structural only."
0x3F68,0x3F6A,16232,16234,3,CODE,0.78,plausible,ghidra,"ghidra_insn","Ghidra listing instruction start (MCS96:LE:16:default); LJMP/LCALL are PC-relative disp16"
0x3F6B,0x3FC9,16235,16329,95,CODE,0.55,plausible,re_pipeline,"code_window_hypothesis","Hypothesized CODE window per shipping regions + first non-FF @0x2000. ISA not verified; structural only."
0x3FCA,0x3FDE,16330,16350,21,PAD,0.8,plausible,re_pipeline,"ff_pad","0xFF pad run inside CODE window [3fca..3fde]"
0x3FDF,0x411F,16351,16671,321,CODE,0.55,plausible,re_pipeline,"code_window_hypothesis","Hypothesized CODE window per shipping regions + first non-FF @0x2000. ISA not verified; structural only."
0x4120,0x4131,16672,16689,18,CODE,0.78,plausible,ghidra,"ghidra_insn","Ghidra listing instruction start (MCS96:LE:16:default); LJMP/LCALL are PC-relative disp16"
0x4132,0x4139,16690,16697,8,CODE,0.55,plausible,re_pipeline,"code_window_hypothesis","Hypothesized CODE window per shipping regions + first non-FF @0x2000. ISA not verified; structural only."
0x413A,0x413C,16698,16700,3,CODE,0.78,plausible,ghidra,"ghidra_insn","Ghidra listing instruction start (MCS96:LE:16:default); LJMP/LCALL are PC-relative disp16"
0x413D,0x4144,16701,16708,8,CODE,0.55,plausible,re_pipeline,"code_window_hypothesis","Hypothesized CODE window per shipping regions + first non-FF @0x2000. ISA not verified; structural only."
0x4145,0x4197,16709,16791,83,CODE,0.78,plausible,ghidra,"ghidra_insn","Ghidra listing instruction start (MCS96:LE:16:default); LJMP/LCALL are PC-relative disp16"
0x4198,0x41A7,16792,16807,16,PAD,0.65,plausible,sheet,"fd_pad","0xFD pad run inside CODE window [4198..41a7] (sheet: FD≈NOP / filler)"
0x41A8,0x41AA,16808,16810,3,CODE,0.78,plausible,ghidra,"ghidra_insn","Ghidra listing instruction start (MCS96:LE:16:default); LJMP/LCALL are PC-relative disp16"
0x41AB,0x41C5,16811,16837,27,PAD,0.65,plausible,sheet,"fd_pad","0xFD pad run inside CODE window [41ab..41c5] (sheet: FD≈NOP / filler)"
0x41C6,0x4463,16838,17507,670,CODE,0.55,plausible,re_pipeline,"code_window_hypothesis","Hypothesized CODE window per shipping regions + first non-FF @0x2000. ISA not verified; structural only."
0x4464,0x4483,17508,17539,32,PAD,0.8,plausible,re_pipeline,"ff_pad","0xFF pad run inside CODE window [4464..4483]"
0x4484,0x44F5,17540,17653,114,CODE,0.55,plausible,re_pipeline,"code_window_hypothesis","Hypothesized CODE window per shipping regions + first non-FF @0x2000. ISA not verified; structural only."
0x44F6,0x4515,17654,17685,32,PAD,0.8,plausible,re_pipeline,"ff_pad","0xFF pad run inside CODE window [44f6..4515]"
0x4516,0x466B,17686,18027,342,CODE,0.55,plausible,re_pipeline,"code_window_hypothesis","Hypothesized CODE window per shipping regions + first non-FF @0x2000. ISA not verified; structural only."
0x466C,0x466E,18028,18030,3,CODE,0.78,plausible,ghidra,"ghidra_insn","Ghidra listing instruction start (MCS96:LE:16:default); LJMP/LCALL are PC-relative disp16"
0x466F,0x466F,18031,18031,1,CODE,0.55,plausible,re_pipeline,"code_window_hypothesis","Hypothesized CODE window per shipping regions + first non-FF @0x2000. ISA not verified; structural only."
0x4670,0x4675,18032,18037,6,CODE,0.78,plausible,ghidra,"ghidra_insn","Ghidra listing instruction start (MCS96:LE:16:default); LJMP/LCALL are PC-relative disp16"
0x4676,0x4676,18038,18038,1,CODE,0.55,plausible,re_pipeline,"code_window_hypothesis","Hypothesized CODE window per shipping regions + first non-FF @0x2000. ISA not verified; structural only."
0x4677,0x4679,18039,18041,3,CODE,0.78,plausible,ghidra,"ghidra_insn","Ghidra listing instruction start (MCS96:LE:16:default); LJMP/LCALL are PC-relative disp16"
0x467A,0x467B,18042,18043,2,CODE,0.55,plausible,re_pipeline,"code_window_hypothesis","Hypothesized CODE window per shipping regions + first non-FF @0x2000. ISA not verified; structural only."
0x467C,0x467E,18044,18046,3,CODE,0.78,plausible,ghidra,"ghidra_insn","Ghidra listing instruction start (MCS96:LE:16:default); LJMP/LCALL are PC-relative disp16"
0x467F,0x467F,18047,18047,1,CODE,0.55,plausible,re_pipeline,"code_window_hypothesis","Hypothesized CODE window per shipping regions + first non-FF @0x2000. ISA not verified; structural only."
0x4680,0x468B,18048,18059,12,CODE,0.78,plausible,ghidra,"ghidra_insn","Ghidra listing instruction start (MCS96:LE:16:default); LJMP/LCALL are PC-relative disp16"
0x468C,0x468D,18060,18061,2,CODE,0.55,plausible,re_pipeline,"code_window_hypothesis","Hypothesized CODE window per shipping regions + first non-FF @0x2000. ISA not verified; structural only."
0x468E,0x4690,18062,18064,3,CODE,0.78,plausible,ghidra,"ghidra_insn","Ghidra listing instruction start (MCS96:LE:16:default); LJMP/LCALL are PC-relative disp16"
0x4691,0x4692,18065,18066,2,CODE,0.55,plausible,re_pipeline,"code_window_hypothesis","Hypothesized CODE window per shipping regions + first non-FF @0x2000. ISA not verified; structural only."
0x4693,0x4695,18067,18069,3,CODE,0.78,plausible,ghidra,"ghidra_insn","Ghidra listing instruction start (MCS96:LE:16:default); LJMP/LCALL are PC-relative disp16"
0x4696,0x4697,18070,18071,2,CODE,0.55,plausible,re_pipeline,"code_window_hypothesis","Hypothesized CODE window per shipping regions + first non-FF @0x2000. ISA not verified; structural only."
0x4698,0x469A,18072,18074,3,CODE,0.78,plausible,ghidra,"ghidra_insn","Ghidra listing instruction start (MCS96:LE:16:default); LJMP/LCALL are PC-relative disp16"
0x469B,0x469B,18075,18075,1,CODE,0.55,plausible,re_pipeline,"code_window_hypothesis","Hypothesized CODE window per shipping regions + first non-FF @0x2000. ISA not verified; structural only."
0x469C,0x469E,18076,18078,3,CODE,0.78,plausible,ghidra,"ghidra_insn","Ghidra listing instruction start (MCS96:LE:16:default); LJMP/LCALL are PC-relative disp16"
0x469F,0x46A0,18079,18080,2,CODE,0.55,plausible,re_pipeline,"code_window_hypothesis","Hypothesized CODE window per shipping regions + first non-FF @0x2000. ISA not verified; structural only."
0x46A1,0x46A9,18081,18089,9,CODE,0.78,plausible,ghidra,"ghidra_insn","Ghidra listing instruction start (MCS96:LE:16:default); LJMP/LCALL are PC-relative disp16"
0x46AA,0x46AB,18090,18091,2,CODE,0.55,plausible,re_pipeline,"code_window_hypothesis","Hypothesized CODE window per shipping regions + first non-FF @0x2000. ISA not verified; structural only."
0x46AC,0x46AE,18092,18094,3,CODE,0.78,plausible,ghidra,"ghidra_insn","Ghidra listing instruction start (MCS96:LE:16:default); LJMP/LCALL are PC-relative disp16"
0x46AF,0x46B0,18095,18096,2,CODE,0.55,plausible,re_pipeline,"code_window_hypothesis","Hypothesized CODE window per shipping regions + first non-FF @0x2000. ISA not verified; structural only."
0x46B1,0x46B3,18097,18099,3,CODE,0.78,plausible,ghidra,"ghidra_insn","Ghidra listing instruction start (MCS96:LE:16:default); LJMP/LCALL are PC-relative disp16"
0x46B4,0x46B5,18100,18101,2,CODE,0.55,plausible,re_pipeline,"code_window_hypothesis","Hypothesized CODE window per shipping regions + first non-FF @0x2000. ISA not verified; structural only."
0x46B6,0x46B8,18102,18104,3,CODE,0.78,plausible,ghidra,"ghidra_insn","Ghidra listing instruction start (MCS96:LE:16:default); LJMP/LCALL are PC-relative disp16"
0x46B9,0x46BA,18105,18106,2,CODE,0.55,plausible,re_pipeline,"code_window_hypothesis","Hypothesized CODE window per shipping regions + first non-FF @0x2000. ISA not verified; structural only."
0x46BB,0x46BD,18107,18109,3,CODE,0.78,plausible,ghidra,"ghidra_insn","Ghidra listing instruction start (MCS96:LE:16:default); LJMP/LCALL are PC-relative disp16"
0x46BE,0x46BF,18110,18111,2,CODE,0.55,plausible,re_pipeline,"code_window_hypothesis","Hypothesized CODE window per shipping regions + first non-FF @0x2000. ISA not verified; structural only."
0x46C0,0x46C2,18112,18114,3,CODE,0.78,plausible,ghidra,"ghidra_insn","Ghidra listing instruction start (MCS96:LE:16:default); LJMP/LCALL are PC-relative disp16"
0x46C3,0x46C4,18115,18116,2,CODE,0.55,plausible,re_pipeline,"code_window_hypothesis","Hypothesized CODE window per shipping regions + first non-FF @0x2000. ISA not verified; structural only."
0x46C5,0x46CC,18117,18124,8,CODE,0.78,plausible,ghidra,"ghidra_insn","Ghidra listing instruction start (MCS96:LE:16:default); LJMP/LCALL are PC-relative disp16"
0x46CD,0x46CE,18125,18126,2,CODE,0.55,plausible,re_pipeline,"code_window_hypothesis","Hypothesized CODE window per shipping regions + first non-FF @0x2000. ISA not verified; structural only."
0x46CF,0x46D1,18127,18129,3,CODE,0.78,plausible,ghidra,"ghidra_insn","Ghidra listing instruction start (MCS96:LE:16:default); LJMP/LCALL are PC-relative disp16"
0x46D2,0x46D2,18130,18130,1,CODE,0.55,plausible,re_pipeline,"code_window_hypothesis","Hypothesized CODE window per shipping regions + first non-FF @0x2000. ISA not verified; structural only."
0x46D3,0x46D5,18131,18133,3,CODE,0.78,plausible,ghidra,"ghidra_insn","Ghidra listing instruction start (MCS96:LE:16:default); LJMP/LCALL are PC-relative disp16"
0x46D6,0x46D7,18134,18135,2,CODE,0.55,plausible,re_pipeline,"code_window_hypothesis","Hypothesized CODE window per shipping regions + first non-FF @0x2000. ISA not verified; structural only."
0x46D8,0x46DA,18136,18138,3,CODE,0.78,plausible,ghidra,"ghidra_insn","Ghidra listing instruction start (MCS96:LE:16:default); LJMP/LCALL are PC-relative disp16"
0x46DB,0x46DC,18139,18140,2,CODE,0.55,plausible,re_pipeline,"code_window_hypothesis","Hypothesized CODE window per shipping regions + first non-FF @0x2000. ISA not verified; structural only."
0x46DD,0x46DF,18141,18143,3,CODE,0.78,plausible,ghidra,"ghidra_insn","Ghidra listing instruction start (MCS96:LE:16:default); LJMP/LCALL are PC-relative disp16"
0x46E0,0x46E1,18144,18145,2,CODE,0.55,plausible,re_pipeline,"code_window_hypothesis","Hypothesized CODE window per shipping regions + first non-FF @0x2000. ISA not verified; structural only."
0x46E2,0x46E4,18146,18148,3,CODE,0.78,plausible,ghidra,"ghidra_insn","Ghidra listing instruction start (MCS96:LE:16:default); LJMP/LCALL are PC-relative disp16"
0x46E5,0x46E5,18149,18149,1,CODE,0.55,plausible,re_pipeline,"code_window_hypothesis","Hypothesized CODE window per shipping regions + first non-FF @0x2000. ISA not verified; structural only."
0x46E6,0x46E8,18150,18152,3,CODE,0.78,plausible,ghidra,"ghidra_insn","Ghidra listing instruction start (MCS96:LE:16:default); LJMP/LCALL are PC-relative disp16"
0x46E9,0x46EA,18153,18154,2,CODE,0.55,plausible,re_pipeline,"code_window_hypothesis","Hypothesized CODE window per shipping regions + first non-FF @0x2000. ISA not verified; structural only."
0x46EB,0x46ED,18155,18157,3,CODE,0.78,plausible,ghidra,"ghidra_insn","Ghidra listing instruction start (MCS96:LE:16:default); LJMP/LCALL are PC-relative disp16"
0x46EE,0x46EF,18158,18159,2,CODE,0.55,plausible,re_pipeline,"code_window_hypothesis","Hypothesized CODE window per shipping regions + first non-FF @0x2000. ISA not verified; structural only."
0x46F0,0x46F2,18160,18162,3,CODE,0.78,plausible,ghidra,"ghidra_insn","Ghidra listing instruction start (MCS96:LE:16:default); LJMP/LCALL are PC-relative disp16"
0x46F3,0x46F4,18163,18164,2,CODE,0.55,plausible,re_pipeline,"code_window_hypothesis","Hypothesized CODE window per shipping regions + first non-FF @0x2000. ISA not verified; structural only."
0x46F5,0x46F7,18165,18167,3,CODE,0.78,plausible,ghidra,"ghidra_insn","Ghidra listing instruction start (MCS96:LE:16:default); LJMP/LCALL are PC-relative disp16"
0x46F8,0x46F9,18168,18169,2,CODE,0.55,plausible,re_pipeline,"code_window_hypothesis","Hypothesized CODE window per shipping regions + first non-FF @0x2000. ISA not verified; structural only."
0x46FA,0x46FF,18170,18175,6,CODE,0.78,plausible,ghidra,"ghidra_insn","Ghidra listing instruction start (MCS96:LE:16:default); LJMP/LCALL are PC-relative disp16"
0x4700,0x4700,18176,18176,1,CODE,0.55,plausible,re_pipeline,"code_window_hypothesis","Hypothesized CODE window per shipping regions + first non-FF @0x2000. ISA not verified; structural only."
0x4701,0x4706,18177,18182,6,CODE,0.78,plausible,ghidra,"ghidra_insn","Ghidra listing instruction start (MCS96:LE:16:default); LJMP/LCALL are PC-relative disp16"
0x4707,0x4707,18183,18183,1,CODE,0.55,plausible,re_pipeline,"code_window_hypothesis","Hypothesized CODE window per shipping regions + first non-FF @0x2000. ISA not verified; structural only."
0x4708,0x470C,18184,18188,5,CODE,0.78,plausible,ghidra,"ghidra_insn","Ghidra listing instruction start (MCS96:LE:16:default); LJMP/LCALL are PC-relative disp16"
0x470D,0x470E,18189,18190,2,CODE,0.55,plausible,re_pipeline,"code_window_hypothesis","Hypothesized CODE window per shipping regions + first non-FF @0x2000. ISA not verified; structural only."
0x470F,0x4711,18191,18193,3,CODE,0.78,plausible,ghidra,"ghidra_insn","Ghidra listing instruction start (MCS96:LE:16:default); LJMP/LCALL are PC-relative disp16"
0x4712,0x4713,18194,18195,2,CODE,0.55,plausible,re_pipeline,"code_window_hypothesis","Hypothesized CODE window per shipping regions + first non-FF @0x2000. ISA not verified; structural only."
0x4714,0x4716,18196,18198,3,CODE,0.78,plausible,ghidra,"ghidra_insn","Ghidra listing instruction start (MCS96:LE:16:default); LJMP/LCALL are PC-relative disp16"
0x4717,0x4718,18199,18200,2,CODE,0.55,plausible,re_pipeline,"code_window_hypothesis","Hypothesized CODE window per shipping regions + first non-FF @0x2000. ISA not verified; structural only."
0x4719,0x471B,18201,18203,3,CODE,0.78,plausible,ghidra,"ghidra_insn","Ghidra listing instruction start (MCS96:LE:16:default); LJMP/LCALL are PC-relative disp16"
0x471C,0x471D,18204,18205,2,CODE,0.55,plausible,re_pipeline,"code_window_hypothesis","Hypothesized CODE window per shipping regions + first non-FF @0x2000. ISA not verified; structural only."
0x471E,0x4720,18206,18208,3,CODE,0.78,plausible,ghidra,"ghidra_insn","Ghidra listing instruction start (MCS96:LE:16:default); LJMP/LCALL are PC-relative disp16"
0x4721,0x4722,18209,18210,2,CODE,0.55,plausible,re_pipeline,"code_window_hypothesis","Hypothesized CODE window per shipping regions + first non-FF @0x2000. ISA not verified; structural only."
0x4723,0x4725,18211,18213,3,CODE,0.78,plausible,ghidra,"ghidra_insn","Ghidra listing instruction start (MCS96:LE:16:default); LJMP/LCALL are PC-relative disp16"
0x4726,0x4727,18214,18215,2,CODE,0.55,plausible,re_pipeline,"code_window_hypothesis","Hypothesized CODE window per shipping regions + first non-FF @0x2000. ISA not verified; structural only."
0x4728,0x472A,18216,18218,3,CODE,0.78,plausible,ghidra,"ghidra_insn","Ghidra listing instruction start (MCS96:LE:16:default); LJMP/LCALL are PC-relative disp16"
0x472B,0x472B,18219,18219,1,CODE,0.55,plausible,re_pipeline,"code_window_hypothesis","Hypothesized CODE window per shipping regions + first non-FF @0x2000. ISA not verified; structural only."
0x472C,0x472E,18220,18222,3,CODE,0.78,plausible,ghidra,"ghidra_insn","Ghidra listing instruction start (MCS96:LE:16:default); LJMP/LCALL are PC-relative disp16"
0x472F,0x4730,18223,18224,2,CODE,0.55,plausible,re_pipeline,"code_window_hypothesis","Hypothesized CODE window per shipping regions + first non-FF @0x2000. ISA not verified; structural only."
0x4731,0x4733,18225,18227,3,CODE,0.78,plausible,ghidra,"ghidra_insn","Ghidra listing instruction start (MCS96:LE:16:default); LJMP/LCALL are PC-relative disp16"
0x4734,0x4735,18228,18229,2,CODE,0.55,plausible,re_pipeline,"code_window_hypothesis","Hypothesized CODE window per shipping regions + first non-FF @0x2000. ISA not verified; structural only."
0x4736,0x473A,18230,18234,5,CODE,0.78,plausible,ghidra,"ghidra_insn","Ghidra listing instruction start (MCS96:LE:16:default); LJMP/LCALL are PC-relative disp16"
0x473B,0x473C,18235,18236,2,CODE,0.55,plausible,re_pipeline,"code_window_hypothesis","Hypothesized CODE window per shipping regions + first non-FF @0x2000. ISA not verified; structural only."
0x473D,0x473F,18237,18239,3,CODE,0.78,plausible,ghidra,"ghidra_insn","Ghidra listing instruction start (MCS96:LE:16:default); LJMP/LCALL are PC-relative disp16"
0x4740,0x4741,18240,18241,2,CODE,0.55,plausible,re_pipeline,"code_window_hypothesis","Hypothesized CODE window per shipping regions + first non-FF @0x2000. ISA not verified; structural only."
0x4742,0x4747,18242,18247,6,CODE,0.78,plausible,ghidra,"ghidra_insn","Ghidra listing instruction start (MCS96:LE:16:default); LJMP/LCALL are PC-relative disp16"
0x4748,0x4749,18248,18249,2,CODE,0.55,plausible,re_pipeline,"code_window_hypothesis","Hypothesized CODE window per shipping regions + first non-FF @0x2000. ISA not verified; structural only."
0x474A,0x474C,18250,18252,3,CODE,0.78,plausible,ghidra,"ghidra_insn","Ghidra listing instruction start (MCS96:LE:16:default); LJMP/LCALL are PC-relative disp16"
0x474D,0x474D,18253,18253,1,CODE,0.55,plausible,re_pipeline,"code_window_hypothesis","Hypothesized CODE window per shipping regions + first non-FF @0x2000. ISA not verified; structural only."
0x474E,0x4750,18254,18256,3,CODE,0.78,plausible,ghidra,"ghidra_insn","Ghidra listing instruction start (MCS96:LE:16:default); LJMP/LCALL are PC-relative disp16"
0x4751,0x4752,18257,18258,2,CODE,0.55,plausible,re_pipeline,"code_window_hypothesis","Hypothesized CODE window per shipping regions + first non-FF @0x2000. ISA not verified; structural only."
0x4753,0x4755,18259,18261,3,CODE,0.78,plausible,ghidra,"ghidra_insn","Ghidra listing instruction start (MCS96:LE:16:default); LJMP/LCALL are PC-relative disp16"
0x4756,0x4757,18262,18263,2,CODE,0.55,plausible,re_pipeline,"code_window_hypothesis","Hypothesized CODE window per shipping regions + first non-FF @0x2000. ISA not verified; structural only."
0x4758,0x475A,18264,18266,3,CODE,0.78,plausible,ghidra,"ghidra_insn","Ghidra listing instruction start (MCS96:LE:16:default); LJMP/LCALL are PC-relative disp16"
0x475B,0x475C,18267,18268,2,CODE,0.55,plausible,re_pipeline,"code_window_hypothesis","Hypothesized CODE window per shipping regions + first non-FF @0x2000. ISA not verified; structural only."
0x475D,0x475F,18269,18271,3,CODE,0.78,plausible,ghidra,"ghidra_insn","Ghidra listing instruction start (MCS96:LE:16:default); LJMP/LCALL are PC-relative disp16"
0x4760,0x4761,18272,18273,2,CODE,0.55,plausible,re_pipeline,"code_window_hypothesis","Hypothesized CODE window per shipping regions + first non-FF @0x2000. ISA not verified; structural only."
0x4762,0x476D,18274,18285,12,CODE,0.78,plausible,ghidra,"ghidra_insn","Ghidra listing instruction start (MCS96:LE:16:default); LJMP/LCALL are PC-relative disp16"
0x476E,0x476E,18286,18286,1,CODE,0.55,plausible,re_pipeline,"code_window_hypothesis","Hypothesized CODE window per shipping regions + first non-FF @0x2000. ISA not verified; structural only."
0x476F,0x477D,18287,18301,15,CODE,0.78,plausible,ghidra,"ghidra_insn","Ghidra listing instruction start (MCS96:LE:16:default); LJMP/LCALL are PC-relative disp16"
0x477E,0x477F,18302,18303,2,CODE,0.55,plausible,re_pipeline,"code_window_hypothesis","Hypothesized CODE window per shipping regions + first non-FF @0x2000. ISA not verified; structural only."
0x4780,0x4785,18304,18309,6,CODE,0.78,plausible,ghidra,"ghidra_insn","Ghidra listing instruction start (MCS96:LE:16:default); LJMP/LCALL are PC-relative disp16"
0x4786,0x4787,18310,18311,2,CODE,0.55,plausible,re_pipeline,"code_window_hypothesis","Hypothesized CODE window per shipping regions + first non-FF @0x2000. ISA not verified; structural only."
0x4788,0x4799,18312,18329,18,CODE,0.78,plausible,ghidra,"ghidra_insn","Ghidra listing instruction start (MCS96:LE:16:default); LJMP/LCALL are PC-relative disp16"
0x479A,0x479B,18330,18331,2,CODE,0.55,plausible,re_pipeline,"code_window_hypothesis","Hypothesized CODE window per shipping regions + first non-FF @0x2000. ISA not verified; structural only."
0x479C,0x47A1,18332,18337,6,CODE,0.78,plausible,ghidra,"ghidra_insn","Ghidra listing instruction start (MCS96:LE:16:default); LJMP/LCALL are PC-relative disp16"
0x47A2,0x47A3,18338,18339,2,CODE,0.55,plausible,re_pipeline,"code_window_hypothesis","Hypothesized CODE window per shipping regions + first non-FF @0x2000. ISA not verified; structural only."
0x47A4,0x47A9,18340,18345,6,CODE,0.78,plausible,ghidra,"ghidra_insn","Ghidra listing instruction start (MCS96:LE:16:default); LJMP/LCALL are PC-relative disp16"
0x47AA,0x47AB,18346,18347,2,CODE,0.55,plausible,re_pipeline,"code_window_hypothesis","Hypothesized CODE window per shipping regions + first non-FF @0x2000. ISA not verified; structural only."
0x47AC,0x47B1,18348,18353,6,CODE,0.78,plausible,ghidra,"ghidra_insn","Ghidra listing instruction start (MCS96:LE:16:default); LJMP/LCALL are PC-relative disp16"
0x47B2,0x47B3,18354,18355,2,CODE,0.55,plausible,re_pipeline,"code_window_hypothesis","Hypothesized CODE window per shipping regions + first non-FF @0x2000. ISA not verified; structural only."
0x47B4,0x47B6,18356,18358,3,CODE,0.78,plausible,ghidra,"ghidra_insn","Ghidra listing instruction start (MCS96:LE:16:default); LJMP/LCALL are PC-relative disp16"
0x47B7,0x47B8,18359,18360,2,CODE,0.55,plausible,re_pipeline,"code_window_hypothesis","Hypothesized CODE window per shipping regions + first non-FF @0x2000. ISA not verified; structural only."
0x47B9,0x47BE,18361,18366,6,CODE,0.78,plausible,ghidra,"ghidra_insn","Ghidra listing instruction start (MCS96:LE:16:default); LJMP/LCALL are PC-relative disp16"
0x47BF,0x47C0,18367,18368,2,CODE,0.55,plausible,re_pipeline,"code_window_hypothesis","Hypothesized CODE window per shipping regions + first non-FF @0x2000. ISA not verified; structural only."
0x47C1,0x47C6,18369,18374,6,CODE,0.78,plausible,ghidra,"ghidra_insn","Ghidra listing instruction start (MCS96:LE:16:default); LJMP/LCALL are PC-relative disp16"
0x47C7,0x47C8,18375,18376,2,CODE,0.55,plausible,re_pipeline,"code_window_hypothesis","Hypothesized CODE window per shipping regions + first non-FF @0x2000. ISA not verified; structural only."
0x47C9,0x47CE,18377,18382,6,CODE,0.78,plausible,ghidra,"ghidra_insn","Ghidra listing instruction start (MCS96:LE:16:default); LJMP/LCALL are PC-relative disp16"
0x47CF,0x47D0,18383,18384,2,CODE,0.55,plausible,re_pipeline,"code_window_hypothesis","Hypothesized CODE window per shipping regions + first non-FF @0x2000. ISA not verified; structural only."
0x47D1,0x47D6,18385,18390,6,CODE,0.78,plausible,ghidra,"ghidra_insn","Ghidra listing instruction start (MCS96:LE:16:default); LJMP/LCALL are PC-relative disp16"
0x47D7,0x47D8,18391,18392,2,CODE,0.55,plausible,re_pipeline,"code_window_hypothesis","Hypothesized CODE window per shipping regions + first non-FF @0x2000. ISA not verified; structural only."
0x47D9,0x47DB,18393,18395,3,CODE,0.78,plausible,ghidra,"ghidra_insn","Ghidra listing instruction start (MCS96:LE:16:default); LJMP/LCALL are PC-relative disp16"
0x47DC,0x47DD,18396,18397,2,CODE,0.55,plausible,re_pipeline,"code_window_hypothesis","Hypothesized CODE window per shipping regions + first non-FF @0x2000. ISA not verified; structural only."
0x47DE,0x47E0,18398,18400,3,CODE,0.78,plausible,ghidra,"ghidra_insn","Ghidra listing instruction start (MCS96:LE:16:default); LJMP/LCALL are PC-relative disp16"
0x47E1,0x47E2,18401,18402,2,CODE,0.55,plausible,re_pipeline,"code_window_hypothesis","Hypothesized CODE window per shipping regions + first non-FF @0x2000. ISA not verified; structural only."
0x47E3,0x47E7,18403,18407,5,CODE,0.78,plausible,ghidra,"ghidra_insn","Ghidra listing instruction start (MCS96:LE:16:default); LJMP/LCALL are PC-relative disp16"
0x47E8,0x47E9,18408,18409,2,CODE,0.55,plausible,re_pipeline,"code_window_hypothesis","Hypothesized CODE window per shipping regions + first non-FF @0x2000. ISA not verified; structural only."
0x47EA,0x47EF,18410,18415,6,CODE,0.78,plausible,ghidra,"ghidra_insn","Ghidra listing instruction start (MCS96:LE:16:default); LJMP/LCALL are PC-relative disp16"
0x47F0,0x47F1,18416,18417,2,CODE,0.55,plausible,re_pipeline,"code_window_hypothesis","Hypothesized CODE window per shipping regions + first non-FF @0x2000. ISA not verified; structural only."
0x47F2,0x47F7,18418,18423,6,CODE,0.78,plausible,ghidra,"ghidra_insn","Ghidra listing instruction start (MCS96:LE:16:default); LJMP/LCALL are PC-relative disp16"
0x47F8,0x47F9,18424,18425,2,CODE,0.55,plausible,re_pipeline,"code_window_hypothesis","Hypothesized CODE window per shipping regions + first non-FF @0x2000. ISA not verified; structural only."
0x47FA,0x47FF,18426,18431,6,CODE,0.78,plausible,ghidra,"ghidra_insn","Ghidra listing instruction start (MCS96:LE:16:default); LJMP/LCALL are PC-relative disp16"
0x4800,0x4801,18432,18433,2,CODE,0.55,plausible,re_pipeline,"code_window_hypothesis","Hypothesized CODE window per shipping regions + first non-FF @0x2000. ISA not verified; structural only."
0x4802,0x4807,18434,18439,6,CODE,0.78,plausible,ghidra,"ghidra_insn","Ghidra listing instruction start (MCS96:LE:16:default); LJMP/LCALL are PC-relative disp16"
0x4808,0x4809,18440,18441,2,CODE,0.55,plausible,re_pipeline,"code_window_hypothesis","Hypothesized CODE window per shipping regions + first non-FF @0x2000. ISA not verified; structural only."
0x480A,0x480F,18442,18447,6,CODE,0.78,plausible,ghidra,"ghidra_insn","Ghidra listing instruction start (MCS96:LE:16:default); LJMP/LCALL are PC-relative disp16"
0x4810,0x4811,18448,18449,2,CODE,0.55,plausible,re_pipeline,"code_window_hypothesis","Hypothesized CODE window per shipping regions + first non-FF @0x2000. ISA not verified; structural only."
0x4812,0x481D,18450,18461,12,CODE,0.78,plausible,ghidra,"ghidra_insn","Ghidra listing instruction start (MCS96:LE:16:default); LJMP/LCALL are PC-relative disp16"
0x481E,0x481E,18462,18462,1,CODE,0.55,plausible,re_pipeline,"code_window_hypothesis","Hypothesized CODE window per shipping regions + first non-FF @0x2000. ISA not verified; structural only."
0x481F,0x4835,18463,18485,23,CODE,0.78,plausible,ghidra,"ghidra_insn","Ghidra listing instruction start (MCS96:LE:16:default); LJMP/LCALL are PC-relative disp16"
0x4836,0x4837,18486,18487,2,CODE,0.55,plausible,re_pipeline,"code_window_hypothesis","Hypothesized CODE window per shipping regions + first non-FF @0x2000. ISA not verified; structural only."
0x4838,0x483D,18488,18493,6,CODE,0.78,plausible,ghidra,"ghidra_insn","Ghidra listing instruction start (MCS96:LE:16:default); LJMP/LCALL are PC-relative disp16"
0x483E,0x483F,18494,18495,2,CODE,0.55,plausible,re_pipeline,"code_window_hypothesis","Hypothesized CODE window per shipping regions + first non-FF @0x2000. ISA not verified; structural only."
0x4840,0x4845,18496,18501,6,CODE,0.78,plausible,ghidra,"ghidra_insn","Ghidra listing instruction start (MCS96:LE:16:default); LJMP/LCALL are PC-relative disp16"
0x4846,0x4847,18502,18503,2,CODE,0.55,plausible,re_pipeline,"code_window_hypothesis","Hypothesized CODE window per shipping regions + first non-FF @0x2000. ISA not verified; structural only."
0x4848,0x484C,18504,18508,5,CODE,0.78,plausible,ghidra,"ghidra_insn","Ghidra listing instruction start (MCS96:LE:16:default); LJMP/LCALL are PC-relative disp16"
0x484D,0x484E,18509,18510,2,CODE,0.55,plausible,re_pipeline,"code_window_hypothesis","Hypothesized CODE window per shipping regions + first non-FF @0x2000. ISA not verified; structural only."
0x484F,0x485A,18511,18522,12,CODE,0.78,plausible,ghidra,"ghidra_insn","Ghidra listing instruction start (MCS96:LE:16:default); LJMP/LCALL are PC-relative disp16"
0x485B,0x485C,18523,18524,2,CODE,0.55,plausible,re_pipeline,"code_window_hypothesis","Hypothesized CODE window per shipping regions + first non-FF @0x2000. ISA not verified; structural only."
0x485D,0x485F,18525,18527,3,CODE,0.78,plausible,ghidra,"ghidra_insn","Ghidra listing instruction start (MCS96:LE:16:default); LJMP/LCALL are PC-relative disp16"
0x4860,0x4860,18528,18528,1,CODE,0.55,plausible,re_pipeline,"code_window_hypothesis","Hypothesized CODE window per shipping regions + first non-FF @0x2000. ISA not verified; structural only."
0x4861,0x4863,18529,18531,3,CODE,0.78,plausible,ghidra,"ghidra_insn","Ghidra listing instruction start (MCS96:LE:16:default); LJMP/LCALL are PC-relative disp16"
0x4864,0x4864,18532,18532,1,CODE,0.55,plausible,re_pipeline,"code_window_hypothesis","Hypothesized CODE window per shipping regions + first non-FF @0x2000. ISA not verified; structural only."
0x4865,0x486A,18533,18538,6,CODE,0.78,plausible,ghidra,"ghidra_insn","Ghidra listing instruction start (MCS96:LE:16:default); LJMP/LCALL are PC-relative disp16"
0x486B,0x486C,18539,18540,2,CODE,0.55,plausible,re_pipeline,"code_window_hypothesis","Hypothesized CODE window per shipping regions + first non-FF @0x2000. ISA not verified; structural only."
0x486D,0x4872,18541,18546,6,CODE,0.78,plausible,ghidra,"ghidra_insn","Ghidra listing instruction start (MCS96:LE:16:default); LJMP/LCALL are PC-relative disp16"
0x4873,0x4873,18547,18547,1,CODE,0.55,plausible,re_pipeline,"code_window_hypothesis","Hypothesized CODE window per shipping regions + first non-FF @0x2000. ISA not verified; structural only."
0x4874,0x4879,18548,18553,6,CODE,0.78,plausible,ghidra,"ghidra_insn","Ghidra listing instruction start (MCS96:LE:16:default); LJMP/LCALL are PC-relative disp16"
0x487A,0x487A,18554,18554,1,CODE,0.55,plausible,re_pipeline,"code_window_hypothesis","Hypothesized CODE window per shipping regions + first non-FF @0x2000. ISA not verified; structural only."
0x487B,0x488B,18555,18571,17,CODE,0.78,plausible,ghidra,"ghidra_insn","Ghidra listing instruction start (MCS96:LE:16:default); LJMP/LCALL are PC-relative disp16"
0x488C,0x488D,18572,18573,2,CODE,0.55,plausible,re_pipeline,"code_window_hypothesis","Hypothesized CODE window per shipping regions + first non-FF @0x2000. ISA not verified; structural only."
0x488E,0x4893,18574,18579,6,CODE,0.78,plausible,ghidra,"ghidra_insn","Ghidra listing instruction start (MCS96:LE:16:default); LJMP/LCALL are PC-relative disp16"
0x4894,0x4894,18580,18580,1,CODE,0.55,plausible,re_pipeline,"code_window_hypothesis","Hypothesized CODE window per shipping regions + first non-FF @0x2000. ISA not verified; structural only."
0x4895,0x48A1,18581,18593,13,CODE,0.78,plausible,ghidra,"ghidra_insn","Ghidra listing instruction start (MCS96:LE:16:default); LJMP/LCALL are PC-relative disp16"
0x48A2,0x48A2,18594,18594,1,CODE,0.55,plausible,re_pipeline,"code_window_hypothesis","Hypothesized CODE window per shipping regions + first non-FF @0x2000. ISA not verified; structural only."
0x48A3,0x48A8,18595,18600,6,CODE,0.78,plausible,ghidra,"ghidra_insn","Ghidra listing instruction start (MCS96:LE:16:default); LJMP/LCALL are PC-relative disp16"
0x48A9,0x48AA,18601,18602,2,CODE,0.55,plausible,re_pipeline,"code_window_hypothesis","Hypothesized CODE window per shipping regions + first non-FF @0x2000. ISA not verified; structural only."
0x48AB,0x48B0,18603,18608,6,CODE,0.78,plausible,ghidra,"ghidra_insn","Ghidra listing instruction start (MCS96:LE:16:default); LJMP/LCALL are PC-relative disp16"
0x48B1,0x48B2,18609,18610,2,CODE,0.55,plausible,re_pipeline,"code_window_hypothesis","Hypothesized CODE window per shipping regions + first non-FF @0x2000. ISA not verified; structural only."
0x48B3,0x48B8,18611,18616,6,CODE,0.78,plausible,ghidra,"ghidra_insn","Ghidra listing instruction start (MCS96:LE:16:default); LJMP/LCALL are PC-relative disp16"
0x48B9,0x48BA,18617,18618,2,CODE,0.55,plausible,re_pipeline,"code_window_hypothesis","Hypothesized CODE window per shipping regions + first non-FF @0x2000. ISA not verified; structural only."
0x48BB,0x48C3,18619,18627,9,CODE,0.78,plausible,ghidra,"ghidra_insn","Ghidra listing instruction start (MCS96:LE:16:default); LJMP/LCALL are PC-relative disp16"
0x48C4,0x48C5,18628,18629,2,CODE,0.55,plausible,re_pipeline,"code_window_hypothesis","Hypothesized CODE window per shipping regions + first non-FF @0x2000. ISA not verified; structural only."
0x48C6,0x48CE,18630,18638,9,CODE,0.78,plausible,ghidra,"ghidra_insn","Ghidra listing instruction start (MCS96:LE:16:default); LJMP/LCALL are PC-relative disp16"
0x48CF,0x48D0,18639,18640,2,CODE,0.55,plausible,re_pipeline,"code_window_hypothesis","Hypothesized CODE window per shipping regions + first non-FF @0x2000. ISA not verified; structural only."
0x48D1,0x48D6,18641,18646,6,CODE,0.78,plausible,ghidra,"ghidra_insn","Ghidra listing instruction start (MCS96:LE:16:default); LJMP/LCALL are PC-relative disp16"
0x48D7,0x48D8,18647,18648,2,CODE,0.55,plausible,re_pipeline,"code_window_hypothesis","Hypothesized CODE window per shipping regions + first non-FF @0x2000. ISA not verified; structural only."
0x48D9,0x48DB,18649,18651,3,CODE,0.78,plausible,ghidra,"ghidra_insn","Ghidra listing instruction start (MCS96:LE:16:default); LJMP/LCALL are PC-relative disp16"
0x48DC,0x48DD,18652,18653,2,CODE,0.55,plausible,re_pipeline,"code_window_hypothesis","Hypothesized CODE window per shipping regions + first non-FF @0x2000. ISA not verified; structural only."
0x48DE,0x48E9,18654,18665,12,CODE,0.78,plausible,ghidra,"ghidra_insn","Ghidra listing instruction start (MCS96:LE:16:default); LJMP/LCALL are PC-relative disp16"
0x48EA,0x48EB,18666,18667,2,CODE,0.55,plausible,re_pipeline,"code_window_hypothesis","Hypothesized CODE window per shipping regions + first non-FF @0x2000. ISA not verified; structural only."
0x48EC,0x48EE,18668,18670,3,CODE,0.78,plausible,ghidra,"ghidra_insn","Ghidra listing instruction start (MCS96:LE:16:default); LJMP/LCALL are PC-relative disp16"
0x48EF,0x48F0,18671,18672,2,CODE,0.55,plausible,re_pipeline,"code_window_hypothesis","Hypothesized CODE window per shipping regions + first non-FF @0x2000. ISA not verified; structural only."
0x48F1,0x48F9,18673,18681,9,CODE,0.78,plausible,ghidra,"ghidra_insn","Ghidra listing instruction start (MCS96:LE:16:default); LJMP/LCALL are PC-relative disp16"
0x48FA,0x48FB,18682,18683,2,CODE,0.55,plausible,re_pipeline,"code_window_hypothesis","Hypothesized CODE window per shipping regions + first non-FF @0x2000. ISA not verified; structural only."
0x48FC,0x48FE,18684,18686,3,CODE,0.78,plausible,ghidra,"ghidra_insn","Ghidra listing instruction start (MCS96:LE:16:default); LJMP/LCALL are PC-relative disp16"
0x48FF,0x48FF,18687,18687,1,CODE,0.55,plausible,re_pipeline,"code_window_hypothesis","Hypothesized CODE window per shipping regions + first non-FF @0x2000. ISA not verified; structural only."
0x4900,0x4902,18688,18690,3,CODE,0.78,plausible,ghidra,"ghidra_insn","Ghidra listing instruction start (MCS96:LE:16:default); LJMP/LCALL are PC-relative disp16"
0x4903,0x4904,18691,18692,2,CODE,0.55,plausible,re_pipeline,"code_window_hypothesis","Hypothesized CODE window per shipping regions + first non-FF @0x2000. ISA not verified; structural only."
0x4905,0x490A,18693,18698,6,CODE,0.78,plausible,ghidra,"ghidra_insn","Ghidra listing instruction start (MCS96:LE:16:default); LJMP/LCALL are PC-relative disp16"
0x490B,0x490C,18699,18700,2,CODE,0.55,plausible,re_pipeline,"code_window_hypothesis","Hypothesized CODE window per shipping regions + first non-FF @0x2000. ISA not verified; structural only."
0x490D,0x490F,18701,18703,3,CODE,0.78,plausible,ghidra,"ghidra_insn","Ghidra listing instruction start (MCS96:LE:16:default); LJMP/LCALL are PC-relative disp16"
0x4910,0x4911,18704,18705,2,CODE,0.55,plausible,re_pipeline,"code_window_hypothesis","Hypothesized CODE window per shipping regions + first non-FF @0x2000. ISA not verified; structural only."
0x4912,0x4917,18706,18711,6,CODE,0.78,plausible,ghidra,"ghidra_insn","Ghidra listing instruction start (MCS96:LE:16:default); LJMP/LCALL are PC-relative disp16"
0x4918,0x4919,18712,18713,2,CODE,0.55,plausible,re_pipeline,"code_window_hypothesis","Hypothesized CODE window per shipping regions + first non-FF @0x2000. ISA not verified; structural only."
0x491A,0x491C,18714,18716,3,CODE,0.78,plausible,ghidra,"ghidra_insn","Ghidra listing instruction start (MCS96:LE:16:default); LJMP/LCALL are PC-relative disp16"
0x491D,0x491E,18717,18718,2,CODE,0.55,plausible,re_pipeline,"code_window_hypothesis","Hypothesized CODE window per shipping regions + first non-FF @0x2000. ISA not verified; structural only."
0x491F,0x4922,18719,18722,4,CODE,0.78,plausible,ghidra,"ghidra_insn","Ghidra listing instruction start (MCS96:LE:16:default); LJMP/LCALL are PC-relative disp16"
0x4923,0x4924,18723,18724,2,CODE,0.55,plausible,re_pipeline,"code_window_hypothesis","Hypothesized CODE window per shipping regions + first non-FF @0x2000. ISA not verified; structural only."
0x4925,0x4927,18725,18727,3,CODE,0.78,plausible,ghidra,"ghidra_insn","Ghidra listing instruction start (MCS96:LE:16:default); LJMP/LCALL are PC-relative disp16"
0x4928,0x4929,18728,18729,2,CODE,0.55,plausible,re_pipeline,"code_window_hypothesis","Hypothesized CODE window per shipping regions + first non-FF @0x2000. ISA not verified; structural only."
0x492A,0x492C,18730,18732,3,CODE,0.78,plausible,ghidra,"ghidra_insn","Ghidra listing instruction start (MCS96:LE:16:default); LJMP/LCALL are PC-relative disp16"
0x492D,0x492E,18733,18734,2,CODE,0.55,plausible,re_pipeline,"code_window_hypothesis","Hypothesized CODE window per shipping regions + first non-FF @0x2000. ISA not verified; structural only."
0x492F,0x4931,18735,18737,3,CODE,0.78,plausible,ghidra,"ghidra_insn","Ghidra listing instruction start (MCS96:LE:16:default); LJMP/LCALL are PC-relative disp16"
0x4932,0x4933,18738,18739,2,CODE,0.55,plausible,re_pipeline,"code_window_hypothesis","Hypothesized CODE window per shipping regions + first non-FF @0x2000. ISA not verified; structural only."
0x4934,0x4939,18740,18745,6,CODE,0.78,plausible,ghidra,"ghidra_insn","Ghidra listing instruction start (MCS96:LE:16:default); LJMP/LCALL are PC-relative disp16"
0x493A,0x493B,18746,18747,2,CODE,0.55,plausible,re_pipeline,"code_window_hypothesis","Hypothesized CODE window per shipping regions + first non-FF @0x2000. ISA not verified; structural only."
0x493C,0x493E,18748,18750,3,CODE,0.78,plausible,ghidra,"ghidra_insn","Ghidra listing instruction start (MCS96:LE:16:default); LJMP/LCALL are PC-relative disp16"
0x493F,0x4940,18751,18752,2,CODE,0.55,plausible,re_pipeline,"code_window_hypothesis","Hypothesized CODE window per shipping regions + first non-FF @0x2000. ISA not verified; structural only."
0x4941,0x4943,18753,18755,3,CODE,0.78,plausible,ghidra,"ghidra_insn","Ghidra listing instruction start (MCS96:LE:16:default); LJMP/LCALL are PC-relative disp16"
0x4944,0x4944,18756,18756,1,CODE,0.55,plausible,re_pipeline,"code_window_hypothesis","Hypothesized CODE window per shipping regions + first non-FF @0x2000. ISA not verified; structural only."
0x4945,0x4947,18757,18759,3,CODE,0.78,plausible,ghidra,"ghidra_insn","Ghidra listing instruction start (MCS96:LE:16:default); LJMP/LCALL are PC-relative disp16"
0x4948,0x4949,18760,18761,2,CODE,0.55,plausible,re_pipeline,"code_window_hypothesis","Hypothesized CODE window per shipping regions + first non-FF @0x2000. ISA not verified; structural only."
0x494A,0x494C,18762,18764,3,CODE,0.78,plausible,ghidra,"ghidra_insn","Ghidra listing instruction start (MCS96:LE:16:default); LJMP/LCALL are PC-relative disp16"
0x494D,0x494E,18765,18766,2,CODE,0.55,plausible,re_pipeline,"code_window_hypothesis","Hypothesized CODE window per shipping regions + first non-FF @0x2000. ISA not verified; structural only."
0x494F,0x4954,18767,18772,6,CODE,0.78,plausible,ghidra,"ghidra_insn","Ghidra listing instruction start (MCS96:LE:16:default); LJMP/LCALL are PC-relative disp16"
0x4955,0x4956,18773,18774,2,CODE,0.55,plausible,re_pipeline,"code_window_hypothesis","Hypothesized CODE window per shipping regions + first non-FF @0x2000. ISA not verified; structural only."
0x4957,0x4959,18775,18777,3,CODE,0.78,plausible,ghidra,"ghidra_insn","Ghidra listing instruction start (MCS96:LE:16:default); LJMP/LCALL are PC-relative disp16"
0x495A,0x495B,18778,18779,2,CODE,0.55,plausible,re_pipeline,"code_window_hypothesis","Hypothesized CODE window per shipping regions + first non-FF @0x2000. ISA not verified; structural only."
0x495C,0x495E,18780,18782,3,CODE,0.78,plausible,ghidra,"ghidra_insn","Ghidra listing instruction start (MCS96:LE:16:default); LJMP/LCALL are PC-relative disp16"
0x495F,0x4960,18783,18784,2,CODE,0.55,plausible,re_pipeline,"code_window_hypothesis","Hypothesized CODE window per shipping regions + first non-FF @0x2000. ISA not verified; structural only."
0x4961,0x4963,18785,18787,3,CODE,0.78,plausible,ghidra,"ghidra_insn","Ghidra listing instruction start (MCS96:LE:16:default); LJMP/LCALL are PC-relative disp16"
0x4964,0x4965,18788,18789,2,CODE,0.55,plausible,re_pipeline,"code_window_hypothesis","Hypothesized CODE window per shipping regions + first non-FF @0x2000. ISA not verified; structural only."
0x4966,0x4968,18790,18792,3,CODE,0.78,plausible,ghidra,"ghidra_insn","Ghidra listing instruction start (MCS96:LE:16:default); LJMP/LCALL are PC-relative disp16"
0x4969,0x496A,18793,18794,2,CODE,0.55,plausible,re_pipeline,"code_window_hypothesis","Hypothesized CODE window per shipping regions + first non-FF @0x2000. ISA not verified; structural only."
0x496B,0x496D,18795,18797,3,CODE,0.78,plausible,ghidra,"ghidra_insn","Ghidra listing instruction start (MCS96:LE:16:default); LJMP/LCALL are PC-relative disp16"
0x496E,0x496F,18798,18799,2,CODE,0.55,plausible,re_pipeline,"code_window_hypothesis","Hypothesized CODE window per shipping regions + first non-FF @0x2000. ISA not verified; structural only."
0x4970,0x4972,18800,18802,3,CODE,0.78,plausible,ghidra,"ghidra_insn","Ghidra listing instruction start (MCS96:LE:16:default); LJMP/LCALL are PC-relative disp16"
0x4973,0x4973,18803,18803,1,CODE,0.55,plausible,re_pipeline,"code_window_hypothesis","Hypothesized CODE window per shipping regions + first non-FF @0x2000. ISA not verified; structural only."
0x4974,0x4976,18804,18806,3,CODE,0.78,plausible,ghidra,"ghidra_insn","Ghidra listing instruction start (MCS96:LE:16:default); LJMP/LCALL are PC-relative disp16"
0x4977,0x4978,18807,18808,2,CODE,0.55,plausible,re_pipeline,"code_window_hypothesis","Hypothesized CODE window per shipping regions + first non-FF @0x2000. ISA not verified; structural only."
0x4979,0x497B,18809,18811,3,CODE,0.78,plausible,ghidra,"ghidra_insn","Ghidra listing instruction start (MCS96:LE:16:default); LJMP/LCALL are PC-relative disp16"
0x497C,0x497D,18812,18813,2,CODE,0.55,plausible,re_pipeline,"code_window_hypothesis","Hypothesized CODE window per shipping regions + first non-FF @0x2000. ISA not verified; structural only."
0x497E,0x4980,18814,18816,3,CODE,0.78,plausible,ghidra,"ghidra_insn","Ghidra listing instruction start (MCS96:LE:16:default); LJMP/LCALL are PC-relative disp16"
0x4981,0x4982,18817,18818,2,CODE,0.55,plausible,re_pipeline,"code_window_hypothesis","Hypothesized CODE window per shipping regions + first non-FF @0x2000. ISA not verified; structural only."
0x4983,0x4985,18819,18821,3,CODE,0.78,plausible,ghidra,"ghidra_insn","Ghidra listing instruction start (MCS96:LE:16:default); LJMP/LCALL are PC-relative disp16"
0x4986,0x4987,18822,18823,2,CODE,0.55,plausible,re_pipeline,"code_window_hypothesis","Hypothesized CODE window per shipping regions + first non-FF @0x2000. ISA not verified; structural only."
0x4988,0x498A,18824,18826,3,CODE,0.78,plausible,ghidra,"ghidra_insn","Ghidra listing instruction start (MCS96:LE:16:default); LJMP/LCALL are PC-relative disp16"
0x498B,0x498B,18827,18827,1,CODE,0.55,plausible,re_pipeline,"code_window_hypothesis","Hypothesized CODE window per shipping regions + first non-FF @0x2000. ISA not verified; structural only."
0x498C,0x4990,18828,18832,5,CODE,0.78,plausible,ghidra,"ghidra_insn","Ghidra listing instruction start (MCS96:LE:16:default); LJMP/LCALL are PC-relative disp16"
0x4991,0x4992,18833,18834,2,CODE,0.55,plausible,re_pipeline,"code_window_hypothesis","Hypothesized CODE window per shipping regions + first non-FF @0x2000. ISA not verified; structural only."
0x4993,0x499B,18835,18843,9,CODE,0.78,plausible,ghidra,"ghidra_insn","Ghidra listing instruction start (MCS96:LE:16:default); LJMP/LCALL are PC-relative disp16"
0x499C,0x499D,18844,18845,2,CODE,0.55,plausible,re_pipeline,"code_window_hypothesis","Hypothesized CODE window per shipping regions + first non-FF @0x2000. ISA not verified; structural only."
0x499E,0x49A0,18846,18848,3,CODE,0.78,plausible,ghidra,"ghidra_insn","Ghidra listing instruction start (MCS96:LE:16:default); LJMP/LCALL are PC-relative disp16"
0x49A1,0x49A2,18849,18850,2,CODE,0.55,plausible,re_pipeline,"code_window_hypothesis","Hypothesized CODE window per shipping regions + first non-FF @0x2000. ISA not verified; structural only."
0x49A3,0x49A5,18851,18853,3,CODE,0.78,plausible,ghidra,"ghidra_insn","Ghidra listing instruction start (MCS96:LE:16:default); LJMP/LCALL are PC-relative disp16"
0x49A6,0x49A7,18854,18855,2,CODE,0.55,plausible,re_pipeline,"code_window_hypothesis","Hypothesized CODE window per shipping regions + first non-FF @0x2000. ISA not verified; structural only."
0x49A8,0x49AD,18856,18861,6,CODE,0.78,plausible,ghidra,"ghidra_insn","Ghidra listing instruction start (MCS96:LE:16:default); LJMP/LCALL are PC-relative disp16"
0x49AE,0x49AF,18862,18863,2,CODE,0.55,plausible,re_pipeline,"code_window_hypothesis","Hypothesized CODE window per shipping regions + first non-FF @0x2000. ISA not verified; structural only."
0x49B0,0x49B2,18864,18866,3,CODE,0.78,plausible,ghidra,"ghidra_insn","Ghidra listing instruction start (MCS96:LE:16:default); LJMP/LCALL are PC-relative disp16"
0x49B3,0x49B4,18867,18868,2,CODE,0.55,plausible,re_pipeline,"code_window_hypothesis","Hypothesized CODE window per shipping regions + first non-FF @0x2000. ISA not verified; structural only."
0x49B5,0x49B7,18869,18871,3,CODE,0.78,plausible,ghidra,"ghidra_insn","Ghidra listing instruction start (MCS96:LE:16:default); LJMP/LCALL are PC-relative disp16"
0x49B8,0x49B9,18872,18873,2,CODE,0.55,plausible,re_pipeline,"code_window_hypothesis","Hypothesized CODE window per shipping regions + first non-FF @0x2000. ISA not verified; structural only."
0x49BA,0x49BC,18874,18876,3,CODE,0.78,plausible,ghidra,"ghidra_insn","Ghidra listing instruction start (MCS96:LE:16:default); LJMP/LCALL are PC-relative disp16"
0x49BD,0x49BE,18877,18878,2,CODE,0.55,plausible,re_pipeline,"code_window_hypothesis","Hypothesized CODE window per shipping regions + first non-FF @0x2000. ISA not verified; structural only."
0x49BF,0x49C1,18879,18881,3,CODE,0.78,plausible,ghidra,"ghidra_insn","Ghidra listing instruction start (MCS96:LE:16:default); LJMP/LCALL are PC-relative disp16"
0x49C2,0x49C3,18882,18883,2,CODE,0.55,plausible,re_pipeline,"code_window_hypothesis","Hypothesized CODE window per shipping regions + first non-FF @0x2000. ISA not verified; structural only."
0x49C4,0x49C9,18884,18889,6,CODE,0.78,plausible,ghidra,"ghidra_insn","Ghidra listing instruction start (MCS96:LE:16:default); LJMP/LCALL are PC-relative disp16"
0x49CA,0x49CB,18890,18891,2,CODE,0.55,plausible,re_pipeline,"code_window_hypothesis","Hypothesized CODE window per shipping regions + first non-FF @0x2000. ISA not verified; structural only."
0x49CC,0x49CE,18892,18894,3,CODE,0.78,plausible,ghidra,"ghidra_insn","Ghidra listing instruction start (MCS96:LE:16:default); LJMP/LCALL are PC-relative disp16"
0x49CF,0x49D0,18895,18896,2,CODE,0.55,plausible,re_pipeline,"code_window_hypothesis","Hypothesized CODE window per shipping regions + first non-FF @0x2000. ISA not verified; structural only."
0x49D1,0x49D3,18897,18899,3,CODE,0.78,plausible,ghidra,"ghidra_insn","Ghidra listing instruction start (MCS96:LE:16:default); LJMP/LCALL are PC-relative disp16"
0x49D4,0x49D5,18900,18901,2,CODE,0.55,plausible,re_pipeline,"code_window_hypothesis","Hypothesized CODE window per shipping regions + first non-FF @0x2000. ISA not verified; structural only."
0x49D6,0x49DB,18902,18907,6,CODE,0.78,plausible,ghidra,"ghidra_insn","Ghidra listing instruction start (MCS96:LE:16:default); LJMP/LCALL are PC-relative disp16"
0x49DC,0x49DD,18908,18909,2,CODE,0.55,plausible,re_pipeline,"code_window_hypothesis","Hypothesized CODE window per shipping regions + first non-FF @0x2000. ISA not verified; structural only."
0x49DE,0x49EC,18910,18924,15,CODE,0.78,plausible,ghidra,"ghidra_insn","Ghidra listing instruction start (MCS96:LE:16:default); LJMP/LCALL are PC-relative disp16"
0x49ED,0x49EE,18925,18926,2,CODE,0.55,plausible,re_pipeline,"code_window_hypothesis","Hypothesized CODE window per shipping regions + first non-FF @0x2000. ISA not verified; structural only."
0x49EF,0x49F1,18927,18929,3,CODE,0.78,plausible,ghidra,"ghidra_insn","Ghidra listing instruction start (MCS96:LE:16:default); LJMP/LCALL are PC-relative disp16"
0x49F2,0x49F3,18930,18931,2,CODE,0.55,plausible,re_pipeline,"code_window_hypothesis","Hypothesized CODE window per shipping regions + first non-FF @0x2000. ISA not verified; structural only."
0x49F4,0x49F9,18932,18937,6,CODE,0.78,plausible,ghidra,"ghidra_insn","Ghidra listing instruction start (MCS96:LE:16:default); LJMP/LCALL are PC-relative disp16"
0x49FA,0x49FB,18938,18939,2,CODE,0.55,plausible,re_pipeline,"code_window_hypothesis","Hypothesized CODE window per shipping regions + first non-FF @0x2000. ISA not verified; structural only."
0x49FC,0x49FE,18940,18942,3,CODE,0.78,plausible,ghidra,"ghidra_insn","Ghidra listing instruction start (MCS96:LE:16:default); LJMP/LCALL are PC-relative disp16"
0x49FF,0x4A00,18943,18944,2,CODE,0.55,plausible,re_pipeline,"code_window_hypothesis","Hypothesized CODE window per shipping regions + first non-FF @0x2000. ISA not verified; structural only."
0x4A01,0x4A06,18945,18950,6,CODE,0.78,plausible,ghidra,"ghidra_insn","Ghidra listing instruction start (MCS96:LE:16:default); LJMP/LCALL are PC-relative disp16"
0x4A07,0x4A08,18951,18952,2,CODE,0.55,plausible,re_pipeline,"code_window_hypothesis","Hypothesized CODE window per shipping regions + first non-FF @0x2000. ISA not verified; structural only."
0x4A09,0x4A0B,18953,18955,3,CODE,0.78,plausible,ghidra,"ghidra_insn","Ghidra listing instruction start (MCS96:LE:16:default); LJMP/LCALL are PC-relative disp16"
0x4A0C,0x4A0D,18956,18957,2,CODE,0.55,plausible,re_pipeline,"code_window_hypothesis","Hypothesized CODE window per shipping regions + first non-FF @0x2000. ISA not verified; structural only."
0x4A0E,0x4A13,18958,18963,6,CODE,0.78,plausible,ghidra,"ghidra_insn","Ghidra listing instruction start (MCS96:LE:16:default); LJMP/LCALL are PC-relative disp16"
0x4A14,0x4A15,18964,18965,2,CODE,0.55,plausible,re_pipeline,"code_window_hypothesis","Hypothesized CODE window per shipping regions + first non-FF @0x2000. ISA not verified; structural only."
0x4A16,0x4A1B,18966,18971,6,CODE,0.78,plausible,ghidra,"ghidra_insn","Ghidra listing instruction start (MCS96:LE:16:default); LJMP/LCALL are PC-relative disp16"
0x4A1C,0x4A1D,18972,18973,2,CODE,0.55,plausible,re_pipeline,"code_window_hypothesis","Hypothesized CODE window per shipping regions + first non-FF @0x2000. ISA not verified; structural only."
0x4A1E,0x4A2C,18974,18988,15,CODE,0.78,plausible,ghidra,"ghidra_insn","Ghidra listing instruction start (MCS96:LE:16:default); LJMP/LCALL are PC-relative disp16"
0x4A2D,0x4A2E,18989,18990,2,CODE,0.55,plausible,re_pipeline,"code_window_hypothesis","Hypothesized CODE window per shipping regions + first non-FF @0x2000. ISA not verified; structural only."
0x4A2F,0x4A31,18991,18993,3,CODE,0.78,plausible,ghidra,"ghidra_insn","Ghidra listing instruction start (MCS96:LE:16:default); LJMP/LCALL are PC-relative disp16"
0x4A32,0x4A33,18994,18995,2,CODE,0.55,plausible,re_pipeline,"code_window_hypothesis","Hypothesized CODE window per shipping regions + first non-FF @0x2000. ISA not verified; structural only."
0x4A34,0x4A36,18996,18998,3,CODE,0.78,plausible,ghidra,"ghidra_insn","Ghidra listing instruction start (MCS96:LE:16:default); LJMP/LCALL are PC-relative disp16"
0x4A37,0x4A38,18999,19000,2,CODE,0.55,plausible,re_pipeline,"code_window_hypothesis","Hypothesized CODE window per shipping regions + first non-FF @0x2000. ISA not verified; structural only."
0x4A39,0x4A3B,19001,19003,3,CODE,0.78,plausible,ghidra,"ghidra_insn","Ghidra listing instruction start (MCS96:LE:16:default); LJMP/LCALL are PC-relative disp16"
0x4A3C,0x4A3D,19004,19005,2,CODE,0.55,plausible,re_pipeline,"code_window_hypothesis","Hypothesized CODE window per shipping regions + first non-FF @0x2000. ISA not verified; structural only."
0x4A3E,0x4A40,19006,19008,3,CODE,0.78,plausible,ghidra,"ghidra_insn","Ghidra listing instruction start (MCS96:LE:16:default); LJMP/LCALL are PC-relative disp16"
0x4A41,0x4A42,19009,19010,2,CODE,0.55,plausible,re_pipeline,"code_window_hypothesis","Hypothesized CODE window per shipping regions + first non-FF @0x2000. ISA not verified; structural only."
0x4A43,0x4A45,19011,19013,3,CODE,0.78,plausible,ghidra,"ghidra_insn","Ghidra listing instruction start (MCS96:LE:16:default); LJMP/LCALL are PC-relative disp16"
0x4A46,0x4A47,19014,19015,2,CODE,0.55,plausible,re_pipeline,"code_window_hypothesis","Hypothesized CODE window per shipping regions + first non-FF @0x2000. ISA not verified; structural only."
0x4A48,0x4A4D,19016,19021,6,CODE,0.78,plausible,ghidra,"ghidra_insn","Ghidra listing instruction start (MCS96:LE:16:default); LJMP/LCALL are PC-relative disp16"
0x4A4E,0x4A4F,19022,19023,2,CODE,0.55,plausible,re_pipeline,"code_window_hypothesis","Hypothesized CODE window per shipping regions + first non-FF @0x2000. ISA not verified; structural only."
0x4A50,0x4A52,19024,19026,3,CODE,0.78,plausible,ghidra,"ghidra_insn","Ghidra listing instruction start (MCS96:LE:16:default); LJMP/LCALL are PC-relative disp16"
0x4A53,0x4A54,19027,19028,2,CODE,0.55,plausible,re_pipeline,"code_window_hypothesis","Hypothesized CODE window per shipping regions + first non-FF @0x2000. ISA not verified; structural only."
0x4A55,0x4A5A,19029,19034,6,CODE,0.78,plausible,ghidra,"ghidra_insn","Ghidra listing instruction start (MCS96:LE:16:default); LJMP/LCALL are PC-relative disp16"
0x4A5B,0x4A5C,19035,19036,2,CODE,0.55,plausible,re_pipeline,"code_window_hypothesis","Hypothesized CODE window per shipping regions + first non-FF @0x2000. ISA not verified; structural only."
0x4A5D,0x4A62,19037,19042,6,CODE,0.78,plausible,ghidra,"ghidra_insn","Ghidra listing instruction start (MCS96:LE:16:default); LJMP/LCALL are PC-relative disp16"
0x4A63,0x4A64,19043,19044,2,CODE,0.55,plausible,re_pipeline,"code_window_hypothesis","Hypothesized CODE window per shipping regions + first non-FF @0x2000. ISA not verified; structural only."
0x4A65,0x4A67,19045,19047,3,CODE,0.78,plausible,ghidra,"ghidra_insn","Ghidra listing instruction start (MCS96:LE:16:default); LJMP/LCALL are PC-relative disp16"
0x4A68,0x4A69,19048,19049,2,CODE,0.55,plausible,re_pipeline,"code_window_hypothesis","Hypothesized CODE window per shipping regions + first non-FF @0x2000. ISA not verified; structural only."
0x4A6A,0x4A6F,19050,19055,6,CODE,0.78,plausible,ghidra,"ghidra_insn","Ghidra listing instruction start (MCS96:LE:16:default); LJMP/LCALL are PC-relative disp16"
0x4A70,0x4A71,19056,19057,2,CODE,0.55,plausible,re_pipeline,"code_window_hypothesis","Hypothesized CODE window per shipping regions + first non-FF @0x2000. ISA not verified; structural only."
0x4A72,0x4A74,19058,19060,3,CODE,0.78,plausible,ghidra,"ghidra_insn","Ghidra listing instruction start (MCS96:LE:16:default); LJMP/LCALL are PC-relative disp16"
0x4A75,0x4A76,19061,19062,2,CODE,0.55,plausible,re_pipeline,"code_window_hypothesis","Hypothesized CODE window per shipping regions + first non-FF @0x2000. ISA not verified; structural only."
0x4A77,0x4A79,19063,19065,3,CODE,0.78,plausible,ghidra,"ghidra_insn","Ghidra listing instruction start (MCS96:LE:16:default); LJMP/LCALL are PC-relative disp16"
0x4A7A,0x4A7B,19066,19067,2,CODE,0.55,plausible,re_pipeline,"code_window_hypothesis","Hypothesized CODE window per shipping regions + first non-FF @0x2000. ISA not verified; structural only."
0x4A7C,0x4A7E,19068,19070,3,CODE,0.78,plausible,ghidra,"ghidra_insn","Ghidra listing instruction start (MCS96:LE:16:default); LJMP/LCALL are PC-relative disp16"
0x4A7F,0x4A80,19071,19072,2,CODE,0.55,plausible,re_pipeline,"code_window_hypothesis","Hypothesized CODE window per shipping regions + first non-FF @0x2000. ISA not verified; structural only."
0x4A81,0x4A83,19073,19075,3,CODE,0.78,plausible,ghidra,"ghidra_insn","Ghidra listing instruction start (MCS96:LE:16:default); LJMP/LCALL are PC-relative disp16"
0x4A84,0x4A85,19076,19077,2,CODE,0.55,plausible,re_pipeline,"code_window_hypothesis","Hypothesized CODE window per shipping regions + first non-FF @0x2000. ISA not verified; structural only."
0x4A86,0x4A88,19078,19080,3,CODE,0.78,plausible,ghidra,"ghidra_insn","Ghidra listing instruction start (MCS96:LE:16:default); LJMP/LCALL are PC-relative disp16"
0x4A89,0x4A8A,19081,19082,2,CODE,0.55,plausible,re_pipeline,"code_window_hypothesis","Hypothesized CODE window per shipping regions + first non-FF @0x2000. ISA not verified; structural only."
0x4A8B,0x4A8D,19083,19085,3,CODE,0.78,plausible,ghidra,"ghidra_insn","Ghidra listing instruction start (MCS96:LE:16:default); LJMP/LCALL are PC-relative disp16"
0x4A8E,0x4A8F,19086,19087,2,CODE,0.55,plausible,re_pipeline,"code_window_hypothesis","Hypothesized CODE window per shipping regions + first non-FF @0x2000. ISA not verified; structural only."
0x4A90,0x4A92,19088,19090,3,CODE,0.78,plausible,ghidra,"ghidra_insn","Ghidra listing instruction start (MCS96:LE:16:default); LJMP/LCALL are PC-relative disp16"
0x4A93,0x4A94,19091,19092,2,CODE,0.55,plausible,re_pipeline,"code_window_hypothesis","Hypothesized CODE window per shipping regions + first non-FF @0x2000. ISA not verified; structural only."
0x4A95,0x4A97,19093,19095,3,CODE,0.78,plausible,ghidra,"ghidra_insn","Ghidra listing instruction start (MCS96:LE:16:default); LJMP/LCALL are PC-relative disp16"
0x4A98,0x4A99,19096,19097,2,CODE,0.55,plausible,re_pipeline,"code_window_hypothesis","Hypothesized CODE window per shipping regions + first non-FF @0x2000. ISA not verified; structural only."
0x4A9A,0x4A9C,19098,19100,3,CODE,0.78,plausible,ghidra,"ghidra_insn","Ghidra listing instruction start (MCS96:LE:16:default); LJMP/LCALL are PC-relative disp16"
0x4A9D,0x4A9E,19101,19102,2,CODE,0.55,plausible,re_pipeline,"code_window_hypothesis","Hypothesized CODE window per shipping regions + first non-FF @0x2000. ISA not verified; structural only."
0x4A9F,0x4AA1,19103,19105,3,CODE,0.78,plausible,ghidra,"ghidra_insn","Ghidra listing instruction start (MCS96:LE:16:default); LJMP/LCALL are PC-relative disp16"
0x4AA2,0x4AA2,19106,19106,1,CODE,0.55,plausible,re_pipeline,"code_window_hypothesis","Hypothesized CODE window per shipping regions + first non-FF @0x2000. ISA not verified; structural only."
0x4AA3,0x4AA5,19107,19109,3,CODE,0.78,plausible,ghidra,"ghidra_insn","Ghidra listing instruction start (MCS96:LE:16:default); LJMP/LCALL are PC-relative disp16"
0x4AA6,0x4AA7,19110,19111,2,CODE,0.55,plausible,re_pipeline,"code_window_hypothesis","Hypothesized CODE window per shipping regions + first non-FF @0x2000. ISA not verified; structural only."
0x4AA8,0x4AAA,19112,19114,3,CODE,0.78,plausible,ghidra,"ghidra_insn","Ghidra listing instruction start (MCS96:LE:16:default); LJMP/LCALL are PC-relative disp16"
0x4AAB,0x4AAB,19115,19115,1,CODE,0.55,plausible,re_pipeline,"code_window_hypothesis","Hypothesized CODE window per shipping regions + first non-FF @0x2000. ISA not verified; structural only."
0x4AAC,0x4AAE,19116,19118,3,CODE,0.78,plausible,ghidra,"ghidra_insn","Ghidra listing instruction start (MCS96:LE:16:default); LJMP/LCALL are PC-relative disp16"
0x4AAF,0x4AB0,19119,19120,2,CODE,0.55,plausible,re_pipeline,"code_window_hypothesis","Hypothesized CODE window per shipping regions + first non-FF @0x2000. ISA not verified; structural only."
0x4AB1,0x4AB5,19121,19125,5,CODE,0.78,plausible,ghidra,"ghidra_insn","Ghidra listing instruction start (MCS96:LE:16:default); LJMP/LCALL are PC-relative disp16"
0x4AB6,0x4AB7,19126,19127,2,CODE,0.55,plausible,re_pipeline,"code_window_hypothesis","Hypothesized CODE window per shipping regions + first non-FF @0x2000. ISA not verified; structural only."
0x4AB8,0x4AC0,19128,19136,9,CODE,0.78,plausible,ghidra,"ghidra_insn","Ghidra listing instruction start (MCS96:LE:16:default); LJMP/LCALL are PC-relative disp16"
0x4AC1,0x4AC2,19137,19138,2,CODE,0.55,plausible,re_pipeline,"code_window_hypothesis","Hypothesized CODE window per shipping regions + first non-FF @0x2000. ISA not verified; structural only."
0x4AC3,0x4ACB,19139,19147,9,CODE,0.78,plausible,ghidra,"ghidra_insn","Ghidra listing instruction start (MCS96:LE:16:default); LJMP/LCALL are PC-relative disp16"
0x4ACC,0x4ACD,19148,19149,2,CODE,0.55,plausible,re_pipeline,"code_window_hypothesis","Hypothesized CODE window per shipping regions + first non-FF @0x2000. ISA not verified; structural only."
0x4ACE,0x4AD0,19150,19152,3,CODE,0.78,plausible,ghidra,"ghidra_insn","Ghidra listing instruction start (MCS96:LE:16:default); LJMP/LCALL are PC-relative disp16"
0x4AD1,0x4AD2,19153,19154,2,CODE,0.55,plausible,re_pipeline,"code_window_hypothesis","Hypothesized CODE window per shipping regions + first non-FF @0x2000. ISA not verified; structural only."
0x4AD3,0x4AD5,19155,19157,3,CODE,0.78,plausible,ghidra,"ghidra_insn","Ghidra listing instruction start (MCS96:LE:16:default); LJMP/LCALL are PC-relative disp16"
0x4AD6,0x4AD7,19158,19159,2,CODE,0.55,plausible,re_pipeline,"code_window_hypothesis","Hypothesized CODE window per shipping regions + first non-FF @0x2000. ISA not verified; structural only."
0x4AD8,0x4ADA,19160,19162,3,CODE,0.78,plausible,ghidra,"ghidra_insn","Ghidra listing instruction start (MCS96:LE:16:default); LJMP/LCALL are PC-relative disp16"
0x4ADB,0x4ADB,19163,19163,1,CODE,0.55,plausible,re_pipeline,"code_window_hypothesis","Hypothesized CODE window per shipping regions + first non-FF @0x2000. ISA not verified; structural only."
0x4ADC,0x4ADE,19164,19166,3,CODE,0.78,plausible,ghidra,"ghidra_insn","Ghidra listing instruction start (MCS96:LE:16:default); LJMP/LCALL are PC-relative disp16"
0x4ADF,0x4AE0,19167,19168,2,CODE,0.55,plausible,re_pipeline,"code_window_hypothesis","Hypothesized CODE window per shipping regions + first non-FF @0x2000. ISA not verified; structural only."
0x4AE1,0x4AE9,19169,19177,9,CODE,0.78,plausible,ghidra,"ghidra_insn","Ghidra listing instruction start (MCS96:LE:16:default); LJMP/LCALL are PC-relative disp16"
0x4AEA,0x4AEB,19178,19179,2,CODE,0.55,plausible,re_pipeline,"code_window_hypothesis","Hypothesized CODE window per shipping regions + first non-FF @0x2000. ISA not verified; structural only."
0x4AEC,0x4AF1,19180,19185,6,CODE,0.78,plausible,ghidra,"ghidra_insn","Ghidra listing instruction start (MCS96:LE:16:default); LJMP/LCALL are PC-relative disp16"
0x4AF2,0x4AF3,19186,19187,2,CODE,0.55,plausible,re_pipeline,"code_window_hypothesis","Hypothesized CODE window per shipping regions + first non-FF @0x2000. ISA not verified; structural only."
0x4AF4,0x4AF9,19188,19193,6,CODE,0.78,plausible,ghidra,"ghidra_insn","Ghidra listing instruction start (MCS96:LE:16:default); LJMP/LCALL are PC-relative disp16"
0x4AFA,0x4AFB,19194,19195,2,CODE,0.55,plausible,re_pipeline,"code_window_hypothesis","Hypothesized CODE window per shipping regions + first non-FF @0x2000. ISA not verified; structural only."
0x4AFC,0x4B01,19196,19201,6,CODE,0.78,plausible,ghidra,"ghidra_insn","Ghidra listing instruction start (MCS96:LE:16:default); LJMP/LCALL are PC-relative disp16"
0x4B02,0x4B03,19202,19203,2,CODE,0.55,plausible,re_pipeline,"code_window_hypothesis","Hypothesized CODE window per shipping regions + first non-FF @0x2000. ISA not verified; structural only."
0x4B04,0x4B1C,19204,19228,25,CODE,0.78,plausible,ghidra,"ghidra_insn","Ghidra listing instruction start (MCS96:LE:16:default); LJMP/LCALL are PC-relative disp16"
0x4B1D,0x4B1E,19229,19230,2,CODE,0.55,plausible,re_pipeline,"code_window_hypothesis","Hypothesized CODE window per shipping regions + first non-FF @0x2000. ISA not verified; structural only."
0x4B1F,0x4B21,19231,19233,3,CODE,0.78,plausible,ghidra,"ghidra_insn","Ghidra listing instruction start (MCS96:LE:16:default); LJMP/LCALL are PC-relative disp16"
0x4B22,0x4B23,19234,19235,2,CODE,0.55,plausible,re_pipeline,"code_window_hypothesis","Hypothesized CODE window per shipping regions + first non-FF @0x2000. ISA not verified; structural only."
0x4B24,0x4B26,19236,19238,3,CODE,0.78,plausible,ghidra,"ghidra_insn","Ghidra listing instruction start (MCS96:LE:16:default); LJMP/LCALL are PC-relative disp16"
0x4B27,0x4B28,19239,19240,2,CODE,0.55,plausible,re_pipeline,"code_window_hypothesis","Hypothesized CODE window per shipping regions + first non-FF @0x2000. ISA not verified; structural only."
0x4B29,0x4B2B,19241,19243,3,CODE,0.78,plausible,ghidra,"ghidra_insn","Ghidra listing instruction start (MCS96:LE:16:default); LJMP/LCALL are PC-relative disp16"
0x4B2C,0x4B2D,19244,19245,2,CODE,0.55,plausible,re_pipeline,"code_window_hypothesis","Hypothesized CODE window per shipping regions + first non-FF @0x2000. ISA not verified; structural only."
0x4B2E,0x4B38,19246,19256,11,CODE,0.78,plausible,ghidra,"ghidra_insn","Ghidra listing instruction start (MCS96:LE:16:default); LJMP/LCALL are PC-relative disp16"
0x4B39,0x4B3A,19257,19258,2,CODE,0.55,plausible,re_pipeline,"code_window_hypothesis","Hypothesized CODE window per shipping regions + first non-FF @0x2000. ISA not verified; structural only."
0x4B3B,0x4B40,19259,19264,6,CODE,0.78,plausible,ghidra,"ghidra_insn","Ghidra listing instruction start (MCS96:LE:16:default); LJMP/LCALL are PC-relative disp16"
0x4B41,0x4B42,19265,19266,2,CODE,0.55,plausible,re_pipeline,"code_window_hypothesis","Hypothesized CODE window per shipping regions + first non-FF @0x2000. ISA not verified; structural only."
0x4B43,0x4B48,19267,19272,6,CODE,0.78,plausible,ghidra,"ghidra_insn","Ghidra listing instruction start (MCS96:LE:16:default); LJMP/LCALL are PC-relative disp16"
0x4B49,0x4B4A,19273,19274,2,CODE,0.55,plausible,re_pipeline,"code_window_hypothesis","Hypothesized CODE window per shipping regions + first non-FF @0x2000. ISA not verified; structural only."
0x4B4B,0x4B4D,19275,19277,3,CODE,0.78,plausible,ghidra,"ghidra_insn","Ghidra listing instruction start (MCS96:LE:16:default); LJMP/LCALL are PC-relative disp16"
0x4B4E,0x4B4F,19278,19279,2,CODE,0.55,plausible,re_pipeline,"code_window_hypothesis","Hypothesized CODE window per shipping regions + first non-FF @0x2000. ISA not verified; structural only."
0x4B50,0x4B55,19280,19285,6,CODE,0.78,plausible,ghidra,"ghidra_insn","Ghidra listing instruction start (MCS96:LE:16:default); LJMP/LCALL are PC-relative disp16"
0x4B56,0x4B57,19286,19287,2,CODE,0.55,plausible,re_pipeline,"code_window_hypothesis","Hypothesized CODE window per shipping regions + first non-FF @0x2000. ISA not verified; structural only."
0x4B58,0x4B5A,19288,19290,3,CODE,0.78,plausible,ghidra,"ghidra_insn","Ghidra listing instruction start (MCS96:LE:16:default); LJMP/LCALL are PC-relative disp16"
0x4B5B,0x4B5C,19291,19292,2,CODE,0.55,plausible,re_pipeline,"code_window_hypothesis","Hypothesized CODE window per shipping regions + first non-FF @0x2000. ISA not verified; structural only."
0x4B5D,0x4B5F,19293,19295,3,CODE,0.78,plausible,ghidra,"ghidra_insn","Ghidra listing instruction start (MCS96:LE:16:default); LJMP/LCALL are PC-relative disp16"
0x4B60,0x4B61,19296,19297,2,CODE,0.55,plausible,re_pipeline,"code_window_hypothesis","Hypothesized CODE window per shipping regions + first non-FF @0x2000. ISA not verified; structural only."
0x4B62,0x4B64,19298,19300,3,CODE,0.78,plausible,ghidra,"ghidra_insn","Ghidra listing instruction start (MCS96:LE:16:default); LJMP/LCALL are PC-relative disp16"
0x4B65,0x4B66,19301,19302,2,CODE,0.55,plausible,re_pipeline,"code_window_hypothesis","Hypothesized CODE window per shipping regions + first non-FF @0x2000. ISA not verified; structural only."
0x4B67,0x4B69,19303,19305,3,CODE,0.78,plausible,ghidra,"ghidra_insn","Ghidra listing instruction start (MCS96:LE:16:default); LJMP/LCALL are PC-relative disp16"
0x4B6A,0x4B6B,19306,19307,2,CODE,0.55,plausible,re_pipeline,"code_window_hypothesis","Hypothesized CODE window per shipping regions + first non-FF @0x2000. ISA not verified; structural only."
0x4B6C,0x4B6E,19308,19310,3,CODE,0.78,plausible,ghidra,"ghidra_insn","Ghidra listing instruction start (MCS96:LE:16:default); LJMP/LCALL are PC-relative disp16"
0x4B6F,0x4B70,19311,19312,2,CODE,0.55,plausible,re_pipeline,"code_window_hypothesis","Hypothesized CODE window per shipping regions + first non-FF @0x2000. ISA not verified; structural only."
0x4B71,0x4B73,19313,19315,3,CODE,0.78,plausible,ghidra,"ghidra_insn","Ghidra listing instruction start (MCS96:LE:16:default); LJMP/LCALL are PC-relative disp16"
0x4B74,0x4B75,19316,19317,2,CODE,0.55,plausible,re_pipeline,"code_window_hypothesis","Hypothesized CODE window per shipping regions + first non-FF @0x2000. ISA not verified; structural only."
0x4B76,0x4B7E,19318,19326,9,CODE,0.78,plausible,ghidra,"ghidra_insn","Ghidra listing instruction start (MCS96:LE:16:default); LJMP/LCALL are PC-relative disp16"
0x4B7F,0x4B80,19327,19328,2,CODE,0.55,plausible,re_pipeline,"code_window_hypothesis","Hypothesized CODE window per shipping regions + first non-FF @0x2000. ISA not verified; structural only."
0x4B81,0x4B83,19329,19331,3,CODE,0.78,plausible,ghidra,"ghidra_insn","Ghidra listing instruction start (MCS96:LE:16:default); LJMP/LCALL are PC-relative disp16"
0x4B84,0x4B85,19332,19333,2,CODE,0.55,plausible,re_pipeline,"code_window_hypothesis","Hypothesized CODE window per shipping regions + first non-FF @0x2000. ISA not verified; structural only."
0x4B86,0x4B88,19334,19336,3,CODE,0.78,plausible,ghidra,"ghidra_insn","Ghidra listing instruction start (MCS96:LE:16:default); LJMP/LCALL are PC-relative disp16"
0x4B89,0x4B8A,19337,19338,2,CODE,0.55,plausible,re_pipeline,"code_window_hypothesis","Hypothesized CODE window per shipping regions + first non-FF @0x2000. ISA not verified; structural only."
0x4B8B,0x4B93,19339,19347,9,CODE,0.78,plausible,ghidra,"ghidra_insn","Ghidra listing instruction start (MCS96:LE:16:default); LJMP/LCALL are PC-relative disp16"
0x4B94,0x4B94,19348,19348,1,CODE,0.55,plausible,re_pipeline,"code_window_hypothesis","Hypothesized CODE window per shipping regions + first non-FF @0x2000. ISA not verified; structural only."
0x4B95,0x4B97,19349,19351,3,CODE,0.78,plausible,ghidra,"ghidra_insn","Ghidra listing instruction start (MCS96:LE:16:default); LJMP/LCALL are PC-relative disp16"
0x4B98,0x4B99,19352,19353,2,CODE,0.55,plausible,re_pipeline,"code_window_hypothesis","Hypothesized CODE window per shipping regions + first non-FF @0x2000. ISA not verified; structural only."
0x4B9A,0x4B9C,19354,19356,3,CODE,0.78,plausible,ghidra,"ghidra_insn","Ghidra listing instruction start (MCS96:LE:16:default); LJMP/LCALL are PC-relative disp16"
0x4B9D,0x4B9E,19357,19358,2,CODE,0.55,plausible,re_pipeline,"code_window_hypothesis","Hypothesized CODE window per shipping regions + first non-FF @0x2000. ISA not verified; structural only."
0x4B9F,0x4BA1,19359,19361,3,CODE,0.78,plausible,ghidra,"ghidra_insn","Ghidra listing instruction start (MCS96:LE:16:default); LJMP/LCALL are PC-relative disp16"
0x4BA2,0x4BA3,19362,19363,2,CODE,0.55,plausible,re_pipeline,"code_window_hypothesis","Hypothesized CODE window per shipping regions + first non-FF @0x2000. ISA not verified; structural only."
0x4BA4,0x4BA6,19364,19366,3,CODE,0.78,plausible,ghidra,"ghidra_insn","Ghidra listing instruction start (MCS96:LE:16:default); LJMP/LCALL are PC-relative disp16"
0x4BA7,0x4BA7,19367,19367,1,CODE,0.55,plausible,re_pipeline,"code_window_hypothesis","Hypothesized CODE window per shipping regions + first non-FF @0x2000. ISA not verified; structural only."
0x4BA8,0x4BAA,19368,19370,3,CODE,0.78,plausible,ghidra,"ghidra_insn","Ghidra listing instruction start (MCS96:LE:16:default); LJMP/LCALL are PC-relative disp16"
0x4BAB,0x4BAC,19371,19372,2,CODE,0.55,plausible,re_pipeline,"code_window_hypothesis","Hypothesized CODE window per shipping regions + first non-FF @0x2000. ISA not verified; structural only."
0x4BAD,0x4BAF,19373,19375,3,CODE,0.78,plausible,ghidra,"ghidra_insn","Ghidra listing instruction start (MCS96:LE:16:default); LJMP/LCALL are PC-relative disp16"
0x4BB0,0x4BB1,19376,19377,2,CODE,0.55,plausible,re_pipeline,"code_window_hypothesis","Hypothesized CODE window per shipping regions + first non-FF @0x2000. ISA not verified; structural only."
0x4BB2,0x4BB4,19378,19380,3,CODE,0.78,plausible,ghidra,"ghidra_insn","Ghidra listing instruction start (MCS96:LE:16:default); LJMP/LCALL are PC-relative disp16"
0x4BB5,0x4BB6,19381,19382,2,CODE,0.55,plausible,re_pipeline,"code_window_hypothesis","Hypothesized CODE window per shipping regions + first non-FF @0x2000. ISA not verified; structural only."
0x4BB7,0x4BBC,19383,19388,6,CODE,0.78,plausible,ghidra,"ghidra_insn","Ghidra listing instruction start (MCS96:LE:16:default); LJMP/LCALL are PC-relative disp16"
0x4BBD,0x4BBE,19389,19390,2,CODE,0.55,plausible,re_pipeline,"code_window_hypothesis","Hypothesized CODE window per shipping regions + first non-FF @0x2000. ISA not verified; structural only."
0x4BBF,0x4BC1,19391,19393,3,CODE,0.78,plausible,ghidra,"ghidra_insn","Ghidra listing instruction start (MCS96:LE:16:default); LJMP/LCALL are PC-relative disp16"
0x4BC2,0x4BC2,19394,19394,1,CODE,0.55,plausible,re_pipeline,"code_window_hypothesis","Hypothesized CODE window per shipping regions + first non-FF @0x2000. ISA not verified; structural only."
0x4BC3,0x4BC5,19395,19397,3,CODE,0.78,plausible,ghidra,"ghidra_insn","Ghidra listing instruction start (MCS96:LE:16:default); LJMP/LCALL are PC-relative disp16"
0x4BC6,0x4BC7,19398,19399,2,CODE,0.55,plausible,re_pipeline,"code_window_hypothesis","Hypothesized CODE window per shipping regions + first non-FF @0x2000. ISA not verified; structural only."
0x4BC8,0x4BCA,19400,19402,3,CODE,0.78,plausible,ghidra,"ghidra_insn","Ghidra listing instruction start (MCS96:LE:16:default); LJMP/LCALL are PC-relative disp16"
0x4BCB,0x4BCB,19403,19403,1,CODE,0.55,plausible,re_pipeline,"code_window_hypothesis","Hypothesized CODE window per shipping regions + first non-FF @0x2000. ISA not verified; structural only."
0x4BCC,0x4BCE,19404,19406,3,CODE,0.78,plausible,ghidra,"ghidra_insn","Ghidra listing instruction start (MCS96:LE:16:default); LJMP/LCALL are PC-relative disp16"
0x4BCF,0x4BD0,19407,19408,2,CODE,0.55,plausible,re_pipeline,"code_window_hypothesis","Hypothesized CODE window per shipping regions + first non-FF @0x2000. ISA not verified; structural only."
0x4BD1,0x4BD3,19409,19411,3,CODE,0.78,plausible,ghidra,"ghidra_insn","Ghidra listing instruction start (MCS96:LE:16:default); LJMP/LCALL are PC-relative disp16"
0x4BD4,0x4BD5,19412,19413,2,CODE,0.55,plausible,re_pipeline,"code_window_hypothesis","Hypothesized CODE window per shipping regions + first non-FF @0x2000. ISA not verified; structural only."
0x4BD6,0x4BD8,19414,19416,3,CODE,0.78,plausible,ghidra,"ghidra_insn","Ghidra listing instruction start (MCS96:LE:16:default); LJMP/LCALL are PC-relative disp16"
0x4BD9,0x4BDA,19417,19418,2,CODE,0.55,plausible,re_pipeline,"code_window_hypothesis","Hypothesized CODE window per shipping regions + first non-FF @0x2000. ISA not verified; structural only."
0x4BDB,0x4BE0,19419,19424,6,CODE,0.78,plausible,ghidra,"ghidra_insn","Ghidra listing instruction start (MCS96:LE:16:default); LJMP/LCALL are PC-relative disp16"
0x4BE1,0x4BE2,19425,19426,2,CODE,0.55,plausible,re_pipeline,"code_window_hypothesis","Hypothesized CODE window per shipping regions + first non-FF @0x2000. ISA not verified; structural only."
0x4BE3,0x4BE5,19427,19429,3,CODE,0.78,plausible,ghidra,"ghidra_insn","Ghidra listing instruction start (MCS96:LE:16:default); LJMP/LCALL are PC-relative disp16"
0x4BE6,0x4BE7,19430,19431,2,CODE,0.55,plausible,re_pipeline,"code_window_hypothesis","Hypothesized CODE window per shipping regions + first non-FF @0x2000. ISA not verified; structural only."
0x4BE8,0x4BEA,19432,19434,3,CODE,0.78,plausible,ghidra,"ghidra_insn","Ghidra listing instruction start (MCS96:LE:16:default); LJMP/LCALL are PC-relative disp16"
0x4BEB,0x4BEC,19435,19436,2,CODE,0.55,plausible,re_pipeline,"code_window_hypothesis","Hypothesized CODE window per shipping regions + first non-FF @0x2000. ISA not verified; structural only."
0x4BED,0x4BEF,19437,19439,3,CODE,0.78,plausible,ghidra,"ghidra_insn","Ghidra listing instruction start (MCS96:LE:16:default); LJMP/LCALL are PC-relative disp16"
0x4BF0,0x4BF0,19440,19440,1,CODE,0.55,plausible,re_pipeline,"code_window_hypothesis","Hypothesized CODE window per shipping regions + first non-FF @0x2000. ISA not verified; structural only."
0x4BF1,0x4BF3,19441,19443,3,CODE,0.78,plausible,ghidra,"ghidra_insn","Ghidra listing instruction start (MCS96:LE:16:default); LJMP/LCALL are PC-relative disp16"
0x4BF4,0x4BF5,19444,19445,2,CODE,0.55,plausible,re_pipeline,"code_window_hypothesis","Hypothesized CODE window per shipping regions + first non-FF @0x2000. ISA not verified; structural only."
0x4BF6,0x4BF8,19446,19448,3,CODE,0.78,plausible,ghidra,"ghidra_insn","Ghidra listing instruction start (MCS96:LE:16:default); LJMP/LCALL are PC-relative disp16"
0x4BF9,0x4BFA,19449,19450,2,CODE,0.55,plausible,re_pipeline,"code_window_hypothesis","Hypothesized CODE window per shipping regions + first non-FF @0x2000. ISA not verified; structural only."
0x4BFB,0x4BFD,19451,19453,3,CODE,0.78,plausible,ghidra,"ghidra_insn","Ghidra listing instruction start (MCS96:LE:16:default); LJMP/LCALL are PC-relative disp16"
0x4BFE,0x4BFF,19454,19455,2,CODE,0.55,plausible,re_pipeline,"code_window_hypothesis","Hypothesized CODE window per shipping regions + first non-FF @0x2000. ISA not verified; structural only."
0x4C00,0x4C05,19456,19461,6,CODE,0.78,plausible,ghidra,"ghidra_insn","Ghidra listing instruction start (MCS96:LE:16:default); LJMP/LCALL are PC-relative disp16"
0x4C06,0x4C07,19462,19463,2,CODE,0.55,plausible,re_pipeline,"code_window_hypothesis","Hypothesized CODE window per shipping regions + first non-FF @0x2000. ISA not verified; structural only."
0x4C08,0x4C0D,19464,19469,6,CODE,0.78,plausible,ghidra,"ghidra_insn","Ghidra listing instruction start (MCS96:LE:16:default); LJMP/LCALL are PC-relative disp16"
0x4C0E,0x4C0E,19470,19470,1,CODE,0.55,plausible,re_pipeline,"code_window_hypothesis","Hypothesized CODE window per shipping regions + first non-FF @0x2000. ISA not verified; structural only."
0x4C0F,0x4C17,19471,19479,9,CODE,0.78,plausible,ghidra,"ghidra_insn","Ghidra listing instruction start (MCS96:LE:16:default); LJMP/LCALL are PC-relative disp16"
0x4C18,0x4C18,19480,19480,1,CODE,0.55,plausible,re_pipeline,"code_window_hypothesis","Hypothesized CODE window per shipping regions + first non-FF @0x2000. ISA not verified; structural only."
0x4C19,0x4C21,19481,19489,9,CODE,0.78,plausible,ghidra,"ghidra_insn","Ghidra listing instruction start (MCS96:LE:16:default); LJMP/LCALL are PC-relative disp16"
0x4C22,0x4C22,19490,19490,1,CODE,0.55,plausible,re_pipeline,"code_window_hypothesis","Hypothesized CODE window per shipping regions + first non-FF @0x2000. ISA not verified; structural only."
0x4C23,0x4C2B,19491,19499,9,CODE,0.78,plausible,ghidra,"ghidra_insn","Ghidra listing instruction start (MCS96:LE:16:default); LJMP/LCALL are PC-relative disp16"
0x4C2C,0x4C2C,19500,19500,1,CODE,0.55,plausible,re_pipeline,"code_window_hypothesis","Hypothesized CODE window per shipping regions + first non-FF @0x2000. ISA not verified; structural only."
0x4C2D,0x4C35,19501,19509,9,CODE,0.78,plausible,ghidra,"ghidra_insn","Ghidra listing instruction start (MCS96:LE:16:default); LJMP/LCALL are PC-relative disp16"
0x4C36,0x4C37,19510,19511,2,CODE,0.55,plausible,re_pipeline,"code_window_hypothesis","Hypothesized CODE window per shipping regions + first non-FF @0x2000. ISA not verified; structural only."
0x4C38,0x4C3A,19512,19514,3,CODE,0.78,plausible,ghidra,"ghidra_insn","Ghidra listing instruction start (MCS96:LE:16:default); LJMP/LCALL are PC-relative disp16"
0x4C3B,0x4C3C,19515,19516,2,CODE,0.55,plausible,re_pipeline,"code_window_hypothesis","Hypothesized CODE window per shipping regions + first non-FF @0x2000. ISA not verified; structural only."
0x4C3D,0x4C3F,19517,19519,3,CODE,0.78,plausible,ghidra,"ghidra_insn","Ghidra listing instruction start (MCS96:LE:16:default); LJMP/LCALL are PC-relative disp16"
0x4C40,0x4C41,19520,19521,2,CODE,0.55,plausible,re_pipeline,"code_window_hypothesis","Hypothesized CODE window per shipping regions + first non-FF @0x2000. ISA not verified; structural only."
0x4C42,0x4C44,19522,19524,3,CODE,0.78,plausible,ghidra,"ghidra_insn","Ghidra listing instruction start (MCS96:LE:16:default); LJMP/LCALL are PC-relative disp16"
0x4C45,0x4C46,19525,19526,2,CODE,0.55,plausible,re_pipeline,"code_window_hypothesis","Hypothesized CODE window per shipping regions + first non-FF @0x2000. ISA not verified; structural only."
0x4C47,0x4C49,19527,19529,3,CODE,0.78,plausible,ghidra,"ghidra_insn","Ghidra listing instruction start (MCS96:LE:16:default); LJMP/LCALL are PC-relative disp16"
0x4C4A,0x4C4B,19530,19531,2,CODE,0.55,plausible,re_pipeline,"code_window_hypothesis","Hypothesized CODE window per shipping regions + first non-FF @0x2000. ISA not verified; structural only."
0x4C4C,0x4C50,19532,19536,5,CODE,0.78,plausible,ghidra,"ghidra_insn","Ghidra listing instruction start (MCS96:LE:16:default); LJMP/LCALL are PC-relative disp16"
0x4C51,0x4C52,19537,19538,2,CODE,0.55,plausible,re_pipeline,"code_window_hypothesis","Hypothesized CODE window per shipping regions + first non-FF @0x2000. ISA not verified; structural only."
0x4C53,0x4C55,19539,19541,3,CODE,0.78,plausible,ghidra,"ghidra_insn","Ghidra listing instruction start (MCS96:LE:16:default); LJMP/LCALL are PC-relative disp16"
0x4C56,0x4C57,19542,19543,2,CODE,0.55,plausible,re_pipeline,"code_window_hypothesis","Hypothesized CODE window per shipping regions + first non-FF @0x2000. ISA not verified; structural only."
0x4C58,0x4C5A,19544,19546,3,CODE,0.78,plausible,ghidra,"ghidra_insn","Ghidra listing instruction start (MCS96:LE:16:default); LJMP/LCALL are PC-relative disp16"
0x4C5B,0x4C5C,19547,19548,2,CODE,0.55,plausible,re_pipeline,"code_window_hypothesis","Hypothesized CODE window per shipping regions + first non-FF @0x2000. ISA not verified; structural only."
0x4C5D,0x4C5F,19549,19551,3,CODE,0.78,plausible,ghidra,"ghidra_insn","Ghidra listing instruction start (MCS96:LE:16:default); LJMP/LCALL are PC-relative disp16"
0x4C60,0x4C61,19552,19553,2,CODE,0.55,plausible,re_pipeline,"code_window_hypothesis","Hypothesized CODE window per shipping regions + first non-FF @0x2000. ISA not verified; structural only."
0x4C62,0x4C64,19554,19556,3,CODE,0.78,plausible,ghidra,"ghidra_insn","Ghidra listing instruction start (MCS96:LE:16:default); LJMP/LCALL are PC-relative disp16"
0x4C65,0x4C66,19557,19558,2,CODE,0.55,plausible,re_pipeline,"code_window_hypothesis","Hypothesized CODE window per shipping regions + first non-FF @0x2000. ISA not verified; structural only."
0x4C67,0x4C69,19559,19561,3,CODE,0.78,plausible,ghidra,"ghidra_insn","Ghidra listing instruction start (MCS96:LE:16:default); LJMP/LCALL are PC-relative disp16"
0x4C6A,0x4C6B,19562,19563,2,CODE,0.55,plausible,re_pipeline,"code_window_hypothesis","Hypothesized CODE window per shipping regions + first non-FF @0x2000. ISA not verified; structural only."
0x4C6C,0x4C6E,19564,19566,3,CODE,0.78,plausible,ghidra,"ghidra_insn","Ghidra listing instruction start (MCS96:LE:16:default); LJMP/LCALL are PC-relative disp16"
0x4C6F,0x4C70,19567,19568,2,CODE,0.55,plausible,re_pipeline,"code_window_hypothesis","Hypothesized CODE window per shipping regions + first non-FF @0x2000. ISA not verified; structural only."
0x4C71,0x4C73,19569,19571,3,CODE,0.78,plausible,ghidra,"ghidra_insn","Ghidra listing instruction start (MCS96:LE:16:default); LJMP/LCALL are PC-relative disp16"
0x4C74,0x4C75,19572,19573,2,CODE,0.55,plausible,re_pipeline,"code_window_hypothesis","Hypothesized CODE window per shipping regions + first non-FF @0x2000. ISA not verified; structural only."
0x4C76,0x4C7B,19574,19579,6,CODE,0.78,plausible,ghidra,"ghidra_insn","Ghidra listing instruction start (MCS96:LE:16:default); LJMP/LCALL are PC-relative disp16"
0x4C7C,0x4C7D,19580,19581,2,CODE,0.55,plausible,re_pipeline,"code_window_hypothesis","Hypothesized CODE window per shipping regions + first non-FF @0x2000. ISA not verified; structural only."
0x4C7E,0x4C80,19582,19584,3,CODE,0.78,plausible,ghidra,"ghidra_insn","Ghidra listing instruction start (MCS96:LE:16:default); LJMP/LCALL are PC-relative disp16"
0x4C81,0x4C82,19585,19586,2,CODE,0.55,plausible,re_pipeline,"code_window_hypothesis","Hypothesized CODE window per shipping regions + first non-FF @0x2000. ISA not verified; structural only."
0x4C83,0x4C85,19587,19589,3,CODE,0.78,plausible,ghidra,"ghidra_insn","Ghidra listing instruction start (MCS96:LE:16:default); LJMP/LCALL are PC-relative disp16"
0x4C86,0x4C87,19590,19591,2,CODE,0.55,plausible,re_pipeline,"code_window_hypothesis","Hypothesized CODE window per shipping regions + first non-FF @0x2000. ISA not verified; structural only."
0x4C88,0x4C8D,19592,19597,6,CODE,0.78,plausible,ghidra,"ghidra_insn","Ghidra listing instruction start (MCS96:LE:16:default); LJMP/LCALL are PC-relative disp16"
0x4C8E,0x4C8F,19598,19599,2,CODE,0.55,plausible,re_pipeline,"code_window_hypothesis","Hypothesized CODE window per shipping regions + first non-FF @0x2000. ISA not verified; structural only."
0x4C90,0x4C92,19600,19602,3,CODE,0.78,plausible,ghidra,"ghidra_insn","Ghidra listing instruction start (MCS96:LE:16:default); LJMP/LCALL are PC-relative disp16"
0x4C93,0x4C94,19603,19604,2,CODE,0.55,plausible,re_pipeline,"code_window_hypothesis","Hypothesized CODE window per shipping regions + first non-FF @0x2000. ISA not verified; structural only."
0x4C95,0x4C97,19605,19607,3,CODE,0.78,plausible,ghidra,"ghidra_insn","Ghidra listing instruction start (MCS96:LE:16:default); LJMP/LCALL are PC-relative disp16"
0x4C98,0x4C99,19608,19609,2,CODE,0.55,plausible,re_pipeline,"code_window_hypothesis","Hypothesized CODE window per shipping regions + first non-FF @0x2000. ISA not verified; structural only."
0x4C9A,0x4C9C,19610,19612,3,CODE,0.78,plausible,ghidra,"ghidra_insn","Ghidra listing instruction start (MCS96:LE:16:default); LJMP/LCALL are PC-relative disp16"
0x4C9D,0x4C9E,19613,19614,2,CODE,0.55,plausible,re_pipeline,"code_window_hypothesis","Hypothesized CODE window per shipping regions + first non-FF @0x2000. ISA not verified; structural only."
0x4C9F,0x4CA4,19615,19620,6,CODE,0.78,plausible,ghidra,"ghidra_insn","Ghidra listing instruction start (MCS96:LE:16:default); LJMP/LCALL are PC-relative disp16"
0x4CA5,0x4CA6,19621,19622,2,CODE,0.55,plausible,re_pipeline,"code_window_hypothesis","Hypothesized CODE window per shipping regions + first non-FF @0x2000. ISA not verified; structural only."
0x4CA7,0x4CAF,19623,19631,9,CODE,0.78,plausible,ghidra,"ghidra_insn","Ghidra listing instruction start (MCS96:LE:16:default); LJMP/LCALL are PC-relative disp16"
0x4CB0,0x4CB1,19632,19633,2,CODE,0.55,plausible,re_pipeline,"code_window_hypothesis","Hypothesized CODE window per shipping regions + first non-FF @0x2000. ISA not verified; structural only."
0x4CB2,0x4CB6,19634,19638,5,CODE,0.78,plausible,ghidra,"ghidra_insn","Ghidra listing instruction start (MCS96:LE:16:default); LJMP/LCALL are PC-relative disp16"
0x4CB7,0x4CB7,19639,19639,1,CODE,0.55,plausible,re_pipeline,"code_window_hypothesis","Hypothesized CODE window per shipping regions + first non-FF @0x2000. ISA not verified; structural only."
0x4CB8,0x4CBA,19640,19642,3,CODE,0.78,plausible,ghidra,"ghidra_insn","Ghidra listing instruction start (MCS96:LE:16:default); LJMP/LCALL are PC-relative disp16"
0x4CBB,0x4CBC,19643,19644,2,CODE,0.55,plausible,re_pipeline,"code_window_hypothesis","Hypothesized CODE window per shipping regions + first non-FF @0x2000. ISA not verified; structural only."
0x4CBD,0x4CBF,19645,19647,3,CODE,0.78,plausible,ghidra,"ghidra_insn","Ghidra listing instruction start (MCS96:LE:16:default); LJMP/LCALL are PC-relative disp16"
0x4CC0,0x4CC1,19648,19649,2,CODE,0.55,plausible,re_pipeline,"code_window_hypothesis","Hypothesized CODE window per shipping regions + first non-FF @0x2000. ISA not verified; structural only."
0x4CC2,0x4CC4,19650,19652,3,CODE,0.78,plausible,ghidra,"ghidra_insn","Ghidra listing instruction start (MCS96:LE:16:default); LJMP/LCALL are PC-relative disp16"
0x4CC5,0x4CC6,19653,19654,2,CODE,0.55,plausible,re_pipeline,"code_window_hypothesis","Hypothesized CODE window per shipping regions + first non-FF @0x2000. ISA not verified; structural only."
0x4CC7,0x4CC9,19655,19657,3,CODE,0.78,plausible,ghidra,"ghidra_insn","Ghidra listing instruction start (MCS96:LE:16:default); LJMP/LCALL are PC-relative disp16"
0x4CCA,0x4CCB,19658,19659,2,CODE,0.55,plausible,re_pipeline,"code_window_hypothesis","Hypothesized CODE window per shipping regions + first non-FF @0x2000. ISA not verified; structural only."
0x4CCC,0x4CCE,19660,19662,3,CODE,0.78,plausible,ghidra,"ghidra_insn","Ghidra listing instruction start (MCS96:LE:16:default); LJMP/LCALL are PC-relative disp16"
0x4CCF,0x4CD0,19663,19664,2,CODE,0.55,plausible,re_pipeline,"code_window_hypothesis","Hypothesized CODE window per shipping regions + first non-FF @0x2000. ISA not verified; structural only."
0x4CD1,0x4CD3,19665,19667,3,CODE,0.78,plausible,ghidra,"ghidra_insn","Ghidra listing instruction start (MCS96:LE:16:default); LJMP/LCALL are PC-relative disp16"
0x4CD4,0x4CD5,19668,19669,2,CODE,0.55,plausible,re_pipeline,"code_window_hypothesis","Hypothesized CODE window per shipping regions + first non-FF @0x2000. ISA not verified; structural only."
0x4CD6,0x4CD8,19670,19672,3,CODE,0.78,plausible,ghidra,"ghidra_insn","Ghidra listing instruction start (MCS96:LE:16:default); LJMP/LCALL are PC-relative disp16"
0x4CD9,0x4CDA,19673,19674,2,CODE,0.55,plausible,re_pipeline,"code_window_hypothesis","Hypothesized CODE window per shipping regions + first non-FF @0x2000. ISA not verified; structural only."
0x4CDB,0x4CDD,19675,19677,3,CODE,0.78,plausible,ghidra,"ghidra_insn","Ghidra listing instruction start (MCS96:LE:16:default); LJMP/LCALL are PC-relative disp16"
0x4CDE,0x4CDF,19678,19679,2,CODE,0.55,plausible,re_pipeline,"code_window_hypothesis","Hypothesized CODE window per shipping regions + first non-FF @0x2000. ISA not verified; structural only."
0x4CE0,0x4CE5,19680,19685,6,CODE,0.78,plausible,ghidra,"ghidra_insn","Ghidra listing instruction start (MCS96:LE:16:default); LJMP/LCALL are PC-relative disp16"
0x4CE6,0x4CE7,19686,19687,2,CODE,0.55,plausible,re_pipeline,"code_window_hypothesis","Hypothesized CODE window per shipping regions + first non-FF @0x2000. ISA not verified; structural only."
0x4CE8,0x4CEA,19688,19690,3,CODE,0.78,plausible,ghidra,"ghidra_insn","Ghidra listing instruction start (MCS96:LE:16:default); LJMP/LCALL are PC-relative disp16"
0x4CEB,0x4CEB,19691,19691,1,CODE,0.55,plausible,re_pipeline,"code_window_hypothesis","Hypothesized CODE window per shipping regions + first non-FF @0x2000. ISA not verified; structural only."
0x4CEC,0x4CEE,19692,19694,3,CODE,0.78,plausible,ghidra,"ghidra_insn","Ghidra listing instruction start (MCS96:LE:16:default); LJMP/LCALL are PC-relative disp16"
0x4CEF,0x4CF0,19695,19696,2,CODE,0.55,plausible,re_pipeline,"code_window_hypothesis","Hypothesized CODE window per shipping regions + first non-FF @0x2000. ISA not verified; structural only."
0x4CF1,0x4CF3,19697,19699,3,CODE,0.78,plausible,ghidra,"ghidra_insn","Ghidra listing instruction start (MCS96:LE:16:default); LJMP/LCALL are PC-relative disp16"
0x4CF4,0x4CF4,19700,19700,1,CODE,0.55,plausible,re_pipeline,"code_window_hypothesis","Hypothesized CODE window per shipping regions + first non-FF @0x2000. ISA not verified; structural only."
0x4CF5,0x4CF7,19701,19703,3,CODE,0.78,plausible,ghidra,"ghidra_insn","Ghidra listing instruction start (MCS96:LE:16:default); LJMP/LCALL are PC-relative disp16"
0x4CF8,0x4CF9,19704,19705,2,CODE,0.55,plausible,re_pipeline,"code_window_hypothesis","Hypothesized CODE window per shipping regions + first non-FF @0x2000. ISA not verified; structural only."
0x4CFA,0x4CFC,19706,19708,3,CODE,0.78,plausible,ghidra,"ghidra_insn","Ghidra listing instruction start (MCS96:LE:16:default); LJMP/LCALL are PC-relative disp16"
0x4CFD,0x4CFE,19709,19710,2,CODE,0.55,plausible,re_pipeline,"code_window_hypothesis","Hypothesized CODE window per shipping regions + first non-FF @0x2000. ISA not verified; structural only."
0x4CFF,0x4D01,19711,19713,3,CODE,0.78,plausible,ghidra,"ghidra_insn","Ghidra listing instruction start (MCS96:LE:16:default); LJMP/LCALL are PC-relative disp16"
0x4D02,0x4D03,19714,19715,2,CODE,0.55,plausible,re_pipeline,"code_window_hypothesis","Hypothesized CODE window per shipping regions + first non-FF @0x2000. ISA not verified; structural only."
0x4D04,0x4D06,19716,19718,3,CODE,0.78,plausible,ghidra,"ghidra_insn","Ghidra listing instruction start (MCS96:LE:16:default); LJMP/LCALL are PC-relative disp16"
0x4D07,0x4D08,19719,19720,2,CODE,0.55,plausible,re_pipeline,"code_window_hypothesis","Hypothesized CODE window per shipping regions + first non-FF @0x2000. ISA not verified; structural only."
0x4D09,0x4D0B,19721,19723,3,CODE,0.78,plausible,ghidra,"ghidra_insn","Ghidra listing instruction start (MCS96:LE:16:default); LJMP/LCALL are PC-relative disp16"
0x4D0C,0x4D0D,19724,19725,2,CODE,0.55,plausible,re_pipeline,"code_window_hypothesis","Hypothesized CODE window per shipping regions + first non-FF @0x2000. ISA not verified; structural only."
0x4D0E,0x4D10,19726,19728,3,CODE,0.78,plausible,ghidra,"ghidra_insn","Ghidra listing instruction start (MCS96:LE:16:default); LJMP/LCALL are PC-relative disp16"
0x4D11,0x4D12,19729,19730,2,CODE,0.55,plausible,re_pipeline,"code_window_hypothesis","Hypothesized CODE window per shipping regions + first non-FF @0x2000. ISA not verified; structural only."
0x4D13,0x4D15,19731,19733,3,CODE,0.78,plausible,ghidra,"ghidra_insn","Ghidra listing instruction start (MCS96:LE:16:default); LJMP/LCALL are PC-relative disp16"
0x4D16,0x4D17,19734,19735,2,CODE,0.55,plausible,re_pipeline,"code_window_hypothesis","Hypothesized CODE window per shipping regions + first non-FF @0x2000. ISA not verified; structural only."
0x4D18,0x4D1A,19736,19738,3,CODE,0.78,plausible,ghidra,"ghidra_insn","Ghidra listing instruction start (MCS96:LE:16:default); LJMP/LCALL are PC-relative disp16"
0x4D1B,0x4D1B,19739,19739,1,CODE,0.55,plausible,re_pipeline,"code_window_hypothesis","Hypothesized CODE window per shipping regions + first non-FF @0x2000. ISA not verified; structural only."
0x4D1C,0x4D1E,19740,19742,3,CODE,0.78,plausible,ghidra,"ghidra_insn","Ghidra listing instruction start (MCS96:LE:16:default); LJMP/LCALL are PC-relative disp16"
0x4D1F,0x4D20,19743,19744,2,CODE,0.55,plausible,re_pipeline,"code_window_hypothesis","Hypothesized CODE window per shipping regions + first non-FF @0x2000. ISA not verified; structural only."
0x4D21,0x4D29,19745,19753,9,CODE,0.78,plausible,ghidra,"ghidra_insn","Ghidra listing instruction start (MCS96:LE:16:default); LJMP/LCALL are PC-relative disp16"
0x4D2A,0x4D2B,19754,19755,2,CODE,0.55,plausible,re_pipeline,"code_window_hypothesis","Hypothesized CODE window per shipping regions + first non-FF @0x2000. ISA not verified; structural only."
0x4D2C,0x4D34,19756,19764,9,CODE,0.78,plausible,ghidra,"ghidra_insn","Ghidra listing instruction start (MCS96:LE:16:default); LJMP/LCALL are PC-relative disp16"
0x4D35,0x4D36,19765,19766,2,CODE,0.55,plausible,re_pipeline,"code_window_hypothesis","Hypothesized CODE window per shipping regions + first non-FF @0x2000. ISA not verified; structural only."
0x4D37,0x4D39,19767,19769,3,CODE,0.78,plausible,ghidra,"ghidra_insn","Ghidra listing instruction start (MCS96:LE:16:default); LJMP/LCALL are PC-relative disp16"
0x4D3A,0x4D3B,19770,19771,2,CODE,0.55,plausible,re_pipeline,"code_window_hypothesis","Hypothesized CODE window per shipping regions + first non-FF @0x2000. ISA not verified; structural only."
0x4D3C,0x4D3E,19772,19774,3,CODE,0.78,plausible,ghidra,"ghidra_insn","Ghidra listing instruction start (MCS96:LE:16:default); LJMP/LCALL are PC-relative disp16"
0x4D3F,0x4D40,19775,19776,2,CODE,0.55,plausible,re_pipeline,"code_window_hypothesis","Hypothesized CODE window per shipping regions + first non-FF @0x2000. ISA not verified; structural only."
0x4D41,0x4D55,19777,19797,21,CODE,0.78,plausible,ghidra,"ghidra_insn","Ghidra listing instruction start (MCS96:LE:16:default); LJMP/LCALL are PC-relative disp16"
0x4D56,0x4D57,19798,19799,2,CODE,0.55,plausible,re_pipeline,"code_window_hypothesis","Hypothesized CODE window per shipping regions + first non-FF @0x2000. ISA not verified; structural only."
0x4D58,0x4D5A,19800,19802,3,CODE,0.78,plausible,ghidra,"ghidra_insn","Ghidra listing instruction start (MCS96:LE:16:default); LJMP/LCALL are PC-relative disp16"
0x4D5B,0x4D5C,19803,19804,2,CODE,0.55,plausible,re_pipeline,"code_window_hypothesis","Hypothesized CODE window per shipping regions + first non-FF @0x2000. ISA not verified; structural only."
0x4D5D,0x4D62,19805,19810,6,CODE,0.78,plausible,ghidra,"ghidra_insn","Ghidra listing instruction start (MCS96:LE:16:default); LJMP/LCALL are PC-relative disp16"
0x4D63,0x4D63,19811,19811,1,CODE,0.55,plausible,re_pipeline,"code_window_hypothesis","Hypothesized CODE window per shipping regions + first non-FF @0x2000. ISA not verified; structural only."
0x4D64,0x4D68,19812,19816,5,CODE,0.78,plausible,ghidra,"ghidra_insn","Ghidra listing instruction start (MCS96:LE:16:default); LJMP/LCALL are PC-relative disp16"
0x4D69,0x4D69,19817,19817,1,CODE,0.55,plausible,re_pipeline,"code_window_hypothesis","Hypothesized CODE window per shipping regions + first non-FF @0x2000. ISA not verified; structural only."
0x4D6A,0x4D72,19818,19826,9,CODE,0.78,plausible,ghidra,"ghidra_insn","Ghidra listing instruction start (MCS96:LE:16:default); LJMP/LCALL are PC-relative disp16"
0x4D73,0x4D73,19827,19827,1,CODE,0.55,plausible,re_pipeline,"code_window_hypothesis","Hypothesized CODE window per shipping regions + first non-FF @0x2000. ISA not verified; structural only."
0x4D74,0x4D78,19828,19832,5,CODE,0.78,plausible,ghidra,"ghidra_insn","Ghidra listing instruction start (MCS96:LE:16:default); LJMP/LCALL are PC-relative disp16"
0x4D79,0x4D7A,19833,19834,2,CODE,0.55,plausible,re_pipeline,"code_window_hypothesis","Hypothesized CODE window per shipping regions + first non-FF @0x2000. ISA not verified; structural only."
0x4D7B,0x4D7D,19835,19837,3,CODE,0.78,plausible,ghidra,"ghidra_insn","Ghidra listing instruction start (MCS96:LE:16:default); LJMP/LCALL are PC-relative disp16"
0x4D7E,0x4D7F,19838,19839,2,CODE,0.55,plausible,re_pipeline,"code_window_hypothesis","Hypothesized CODE window per shipping regions + first non-FF @0x2000. ISA not verified; structural only."
0x4D80,0x4D82,19840,19842,3,CODE,0.78,plausible,ghidra,"ghidra_insn","Ghidra listing instruction start (MCS96:LE:16:default); LJMP/LCALL are PC-relative disp16"
0x4D83,0x4D84,19843,19844,2,CODE,0.55,plausible,re_pipeline,"code_window_hypothesis","Hypothesized CODE window per shipping regions + first non-FF @0x2000. ISA not verified; structural only."
0x4D85,0x4D87,19845,19847,3,CODE,0.78,plausible,ghidra,"ghidra_insn","Ghidra listing instruction start (MCS96:LE:16:default); LJMP/LCALL are PC-relative disp16"
0x4D88,0x4D89,19848,19849,2,CODE,0.55,plausible,re_pipeline,"code_window_hypothesis","Hypothesized CODE window per shipping regions + first non-FF @0x2000. ISA not verified; structural only."
0x4D8A,0x4D8C,19850,19852,3,CODE,0.78,plausible,ghidra,"ghidra_insn","Ghidra listing instruction start (MCS96:LE:16:default); LJMP/LCALL are PC-relative disp16"
0x4D8D,0x4D8E,19853,19854,2,CODE,0.55,plausible,re_pipeline,"code_window_hypothesis","Hypothesized CODE window per shipping regions + first non-FF @0x2000. ISA not verified; structural only."
0x4D8F,0x4D99,19855,19865,11,CODE,0.78,plausible,ghidra,"ghidra_insn","Ghidra listing instruction start (MCS96:LE:16:default); LJMP/LCALL are PC-relative disp16"
0x4D9A,0x4D9A,19866,19866,1,CODE,0.55,plausible,re_pipeline,"code_window_hypothesis","Hypothesized CODE window per shipping regions + first non-FF @0x2000. ISA not verified; structural only."
0x4D9B,0x4D9D,19867,19869,3,CODE,0.78,plausible,ghidra,"ghidra_insn","Ghidra listing instruction start (MCS96:LE:16:default); LJMP/LCALL are PC-relative disp16"
0x4D9E,0x4D9E,19870,19870,1,CODE,0.55,plausible,re_pipeline,"code_window_hypothesis","Hypothesized CODE window per shipping regions + first non-FF @0x2000. ISA not verified; structural only."
0x4D9F,0x4DA6,19871,19878,8,CODE,0.78,plausible,ghidra,"ghidra_insn","Ghidra listing instruction start (MCS96:LE:16:default); LJMP/LCALL are PC-relative disp16"
0x4DA7,0x4DA7,19879,19879,1,CODE,0.55,plausible,re_pipeline,"code_window_hypothesis","Hypothesized CODE window per shipping regions + first non-FF @0x2000. ISA not verified; structural only."
0x4DA8,0x4DAA,19880,19882,3,CODE,0.78,plausible,ghidra,"ghidra_insn","Ghidra listing instruction start (MCS96:LE:16:default); LJMP/LCALL are PC-relative disp16"
0x4DAB,0x4DAC,19883,19884,2,CODE,0.55,plausible,re_pipeline,"code_window_hypothesis","Hypothesized CODE window per shipping regions + first non-FF @0x2000. ISA not verified; structural only."
0x4DAD,0x4DBB,19885,19899,15,CODE,0.78,plausible,ghidra,"ghidra_insn","Ghidra listing instruction start (MCS96:LE:16:default); LJMP/LCALL are PC-relative disp16"
0x4DBC,0x4DBD,19900,19901,2,CODE,0.55,plausible,re_pipeline,"code_window_hypothesis","Hypothesized CODE window per shipping regions + first non-FF @0x2000. ISA not verified; structural only."
0x4DBE,0x4DC0,19902,19904,3,CODE,0.78,plausible,ghidra,"ghidra_insn","Ghidra listing instruction start (MCS96:LE:16:default); LJMP/LCALL are PC-relative disp16"
0x4DC1,0x4DC2,19905,19906,2,CODE,0.55,plausible,re_pipeline,"code_window_hypothesis","Hypothesized CODE window per shipping regions + first non-FF @0x2000. ISA not verified; structural only."
0x4DC3,0x4DC5,19907,19909,3,CODE,0.78,plausible,ghidra,"ghidra_insn","Ghidra listing instruction start (MCS96:LE:16:default); LJMP/LCALL are PC-relative disp16"
0x4DC6,0x4DC7,19910,19911,2,CODE,0.55,plausible,re_pipeline,"code_window_hypothesis","Hypothesized CODE window per shipping regions + first non-FF @0x2000. ISA not verified; structural only."
0x4DC8,0x4DCA,19912,19914,3,CODE,0.78,plausible,ghidra,"ghidra_insn","Ghidra listing instruction start (MCS96:LE:16:default); LJMP/LCALL are PC-relative disp16"
0x4DCB,0x4DCC,19915,19916,2,CODE,0.55,plausible,re_pipeline,"code_window_hypothesis","Hypothesized CODE window per shipping regions + first non-FF @0x2000. ISA not verified; structural only."
0x4DCD,0x4DCF,19917,19919,3,CODE,0.78,plausible,ghidra,"ghidra_insn","Ghidra listing instruction start (MCS96:LE:16:default); LJMP/LCALL are PC-relative disp16"
0x4DD0,0x4DD1,19920,19921,2,CODE,0.55,plausible,re_pipeline,"code_window_hypothesis","Hypothesized CODE window per shipping regions + first non-FF @0x2000. ISA not verified; structural only."
0x4DD2,0x4DD4,19922,19924,3,CODE,0.78,plausible,ghidra,"ghidra_insn","Ghidra listing instruction start (MCS96:LE:16:default); LJMP/LCALL are PC-relative disp16"
0x4DD5,0x4DD6,19925,19926,2,CODE,0.55,plausible,re_pipeline,"code_window_hypothesis","Hypothesized CODE window per shipping regions + first non-FF @0x2000. ISA not verified; structural only."
0x4DD7,0x4DD9,19927,19929,3,CODE,0.78,plausible,ghidra,"ghidra_insn","Ghidra listing instruction start (MCS96:LE:16:default); LJMP/LCALL are PC-relative disp16"
0x4DDA,0x4DDB,19930,19931,2,CODE,0.55,plausible,re_pipeline,"code_window_hypothesis","Hypothesized CODE window per shipping regions + first non-FF @0x2000. ISA not verified; structural only."
0x4DDC,0x4DDE,19932,19934,3,CODE,0.78,plausible,ghidra,"ghidra_insn","Ghidra listing instruction start (MCS96:LE:16:default); LJMP/LCALL are PC-relative disp16"
0x4DDF,0x4DE0,19935,19936,2,CODE,0.55,plausible,re_pipeline,"code_window_hypothesis","Hypothesized CODE window per shipping regions + first non-FF @0x2000. ISA not verified; structural only."
0x4DE1,0x4DE3,19937,19939,3,CODE,0.78,plausible,ghidra,"ghidra_insn","Ghidra listing instruction start (MCS96:LE:16:default); LJMP/LCALL are PC-relative disp16"
0x4DE4,0x4DE5,19940,19941,2,CODE,0.55,plausible,re_pipeline,"code_window_hypothesis","Hypothesized CODE window per shipping regions + first non-FF @0x2000. ISA not verified; structural only."
0x4DE6,0x4DEE,19942,19950,9,CODE,0.78,plausible,ghidra,"ghidra_insn","Ghidra listing instruction start (MCS96:LE:16:default); LJMP/LCALL are PC-relative disp16"
0x4DEF,0x4DF0,19951,19952,2,CODE,0.55,plausible,re_pipeline,"code_window_hypothesis","Hypothesized CODE window per shipping regions + first non-FF @0x2000. ISA not verified; structural only."
0x4DF1,0x4DF6,19953,19958,6,CODE,0.78,plausible,ghidra,"ghidra_insn","Ghidra listing instruction start (MCS96:LE:16:default); LJMP/LCALL are PC-relative disp16"
0x4DF7,0x4DF7,19959,19959,1,CODE,0.55,plausible,re_pipeline,"code_window_hypothesis","Hypothesized CODE window per shipping regions + first non-FF @0x2000. ISA not verified; structural only."
0x4DF8,0x4DFA,19960,19962,3,CODE,0.78,plausible,ghidra,"ghidra_insn","Ghidra listing instruction start (MCS96:LE:16:default); LJMP/LCALL are PC-relative disp16"
0x4DFB,0x4DFB,19963,19963,1,CODE,0.55,plausible,re_pipeline,"code_window_hypothesis","Hypothesized CODE window per shipping regions + first non-FF @0x2000. ISA not verified; structural only."
0x4DFC,0x4E03,19964,19971,8,CODE,0.78,plausible,ghidra,"ghidra_insn","Ghidra listing instruction start (MCS96:LE:16:default); LJMP/LCALL are PC-relative disp16"
0x4E04,0x4E05,19972,19973,2,CODE,0.55,plausible,re_pipeline,"code_window_hypothesis","Hypothesized CODE window per shipping regions + first non-FF @0x2000. ISA not verified; structural only."
0x4E06,0x4E0E,19974,19982,9,CODE,0.78,plausible,ghidra,"ghidra_insn","Ghidra listing instruction start (MCS96:LE:16:default); LJMP/LCALL are PC-relative disp16"
0x4E0F,0x4E10,19983,19984,2,CODE,0.55,plausible,re_pipeline,"code_window_hypothesis","Hypothesized CODE window per shipping regions + first non-FF @0x2000. ISA not verified; structural only."
0x4E11,0x4E13,19985,19987,3,CODE,0.78,plausible,ghidra,"ghidra_insn","Ghidra listing instruction start (MCS96:LE:16:default); LJMP/LCALL are PC-relative disp16"
0x4E14,0x4E15,19988,19989,2,CODE,0.55,plausible,re_pipeline,"code_window_hypothesis","Hypothesized CODE window per shipping regions + first non-FF @0x2000. ISA not verified; structural only."
0x4E16,0x4E18,19990,19992,3,CODE,0.78,plausible,ghidra,"ghidra_insn","Ghidra listing instruction start (MCS96:LE:16:default); LJMP/LCALL are PC-relative disp16"
0x4E19,0x4E1A,19993,19994,2,CODE,0.55,plausible,re_pipeline,"code_window_hypothesis","Hypothesized CODE window per shipping regions + first non-FF @0x2000. ISA not verified; structural only."
0x4E1B,0x4E1D,19995,19997,3,CODE,0.78,plausible,ghidra,"ghidra_insn","Ghidra listing instruction start (MCS96:LE:16:default); LJMP/LCALL are PC-relative disp16"
0x4E1E,0x4E1F,19998,19999,2,CODE,0.55,plausible,re_pipeline,"code_window_hypothesis","Hypothesized CODE window per shipping regions + first non-FF @0x2000. ISA not verified; structural only."
0x4E20,0x4E22,20000,20002,3,CODE,0.78,plausible,ghidra,"ghidra_insn","Ghidra listing instruction start (MCS96:LE:16:default); LJMP/LCALL are PC-relative disp16"
0x4E23,0x4E25,20003,20005,3,CODE,0.55,plausible,re_pipeline,"code_window_hypothesis","Hypothesized CODE window per shipping regions + first non-FF @0x2000. ISA not verified; structural only."
0x4E26,0x4E28,20006,20008,3,CODE,0.78,plausible,ghidra,"ghidra_insn","Ghidra listing instruction start (MCS96:LE:16:default); LJMP/LCALL are PC-relative disp16"
0x4E29,0x4E2A,20009,20010,2,CODE,0.55,plausible,re_pipeline,"code_window_hypothesis","Hypothesized CODE window per shipping regions + first non-FF @0x2000. ISA not verified; structural only."
0x4E2B,0x4E2D,20011,20013,3,CODE,0.78,plausible,ghidra,"ghidra_insn","Ghidra listing instruction start (MCS96:LE:16:default); LJMP/LCALL are PC-relative disp16"
0x4E2E,0x4E2F,20014,20015,2,CODE,0.55,plausible,re_pipeline,"code_window_hypothesis","Hypothesized CODE window per shipping regions + first non-FF @0x2000. ISA not verified; structural only."
0x4E30,0x4E38,20016,20024,9,CODE,0.78,plausible,ghidra,"ghidra_insn","Ghidra listing instruction start (MCS96:LE:16:default); LJMP/LCALL are PC-relative disp16"
0x4E39,0x4E3A,20025,20026,2,CODE,0.55,plausible,re_pipeline,"code_window_hypothesis","Hypothesized CODE window per shipping regions + first non-FF @0x2000. ISA not verified; structural only."
0x4E3B,0x4E3D,20027,20029,3,CODE,0.78,plausible,ghidra,"ghidra_insn","Ghidra listing instruction start (MCS96:LE:16:default); LJMP/LCALL are PC-relative disp16"
0x4E3E,0x4E3F,20030,20031,2,CODE,0.55,plausible,re_pipeline,"code_window_hypothesis","Hypothesized CODE window per shipping regions + first non-FF @0x2000. ISA not verified; structural only."
0x4E40,0x4E45,20032,20037,6,CODE,0.78,plausible,ghidra,"ghidra_insn","Ghidra listing instruction start (MCS96:LE:16:default); LJMP/LCALL are PC-relative disp16"
0x4E46,0x4E46,20038,20038,1,CODE,0.55,plausible,re_pipeline,"code_window_hypothesis","Hypothesized CODE window per shipping regions + first non-FF @0x2000. ISA not verified; structural only."
0x4E47,0x4E49,20039,20041,3,CODE,0.78,plausible,ghidra,"ghidra_insn","Ghidra listing instruction start (MCS96:LE:16:default); LJMP/LCALL are PC-relative disp16"
0x4E4A,0x4E4A,20042,20042,1,CODE,0.55,plausible,re_pipeline,"code_window_hypothesis","Hypothesized CODE window per shipping regions + first non-FF @0x2000. ISA not verified; structural only."
0x4E4B,0x4E4D,20043,20045,3,CODE,0.78,plausible,ghidra,"ghidra_insn","Ghidra listing instruction start (MCS96:LE:16:default); LJMP/LCALL are PC-relative disp16"
0x4E4E,0x4E4F,20046,20047,2,CODE,0.55,plausible,re_pipeline,"code_window_hypothesis","Hypothesized CODE window per shipping regions + first non-FF @0x2000. ISA not verified; structural only."
0x4E50,0x4E52,20048,20050,3,CODE,0.78,plausible,ghidra,"ghidra_insn","Ghidra listing instruction start (MCS96:LE:16:default); LJMP/LCALL are PC-relative disp16"
0x4E53,0x4E54,20051,20052,2,CODE,0.55,plausible,re_pipeline,"code_window_hypothesis","Hypothesized CODE window per shipping regions + first non-FF @0x2000. ISA not verified; structural only."
0x4E55,0x4E57,20053,20055,3,CODE,0.78,plausible,ghidra,"ghidra_insn","Ghidra listing instruction start (MCS96:LE:16:default); LJMP/LCALL are PC-relative disp16"
0x4E58,0x4E59,20056,20057,2,CODE,0.55,plausible,re_pipeline,"code_window_hypothesis","Hypothesized CODE window per shipping regions + first non-FF @0x2000. ISA not verified; structural only."
0x4E5A,0x4E5C,20058,20060,3,CODE,0.78,plausible,ghidra,"ghidra_insn","Ghidra listing instruction start (MCS96:LE:16:default); LJMP/LCALL are PC-relative disp16"
0x4E5D,0x4E5E,20061,20062,2,CODE,0.55,plausible,re_pipeline,"code_window_hypothesis","Hypothesized CODE window per shipping regions + first non-FF @0x2000. ISA not verified; structural only."
0x4E5F,0x4E61,20063,20065,3,CODE,0.78,plausible,ghidra,"ghidra_insn","Ghidra listing instruction start (MCS96:LE:16:default); LJMP/LCALL are PC-relative disp16"
0x4E62,0x4E63,20066,20067,2,CODE,0.55,plausible,re_pipeline,"code_window_hypothesis","Hypothesized CODE window per shipping regions + first non-FF @0x2000. ISA not verified; structural only."
0x4E64,0x4E66,20068,20070,3,CODE,0.78,plausible,ghidra,"ghidra_insn","Ghidra listing instruction start (MCS96:LE:16:default); LJMP/LCALL are PC-relative disp16"
0x4E67,0x4E68,20071,20072,2,CODE,0.55,plausible,re_pipeline,"code_window_hypothesis","Hypothesized CODE window per shipping regions + first non-FF @0x2000. ISA not verified; structural only."
0x4E69,0x4E6B,20073,20075,3,CODE,0.78,plausible,ghidra,"ghidra_insn","Ghidra listing instruction start (MCS96:LE:16:default); LJMP/LCALL are PC-relative disp16"
0x4E6C,0x4E6D,20076,20077,2,CODE,0.55,plausible,re_pipeline,"code_window_hypothesis","Hypothesized CODE window per shipping regions + first non-FF @0x2000. ISA not verified; structural only."
0x4E6E,0x4E70,20078,20080,3,CODE,0.78,plausible,ghidra,"ghidra_insn","Ghidra listing instruction start (MCS96:LE:16:default); LJMP/LCALL are PC-relative disp16"
0x4E71,0x4E72,20081,20082,2,CODE,0.55,plausible,re_pipeline,"code_window_hypothesis","Hypothesized CODE window per shipping regions + first non-FF @0x2000. ISA not verified; structural only."
0x4E73,0x4E75,20083,20085,3,CODE,0.78,plausible,ghidra,"ghidra_insn","Ghidra listing instruction start (MCS96:LE:16:default); LJMP/LCALL are PC-relative disp16"
0x4E76,0x4E77,20086,20087,2,CODE,0.55,plausible,re_pipeline,"code_window_hypothesis","Hypothesized CODE window per shipping regions + first non-FF @0x2000. ISA not verified; structural only."
0x4E78,0x4E7A,20088,20090,3,CODE,0.78,plausible,ghidra,"ghidra_insn","Ghidra listing instruction start (MCS96:LE:16:default); LJMP/LCALL are PC-relative disp16"
0x4E7B,0x4E7C,20091,20092,2,CODE,0.55,plausible,re_pipeline,"code_window_hypothesis","Hypothesized CODE window per shipping regions + first non-FF @0x2000. ISA not verified; structural only."
0x4E7D,0x4E87,20093,20103,11,CODE,0.78,plausible,ghidra,"ghidra_insn","Ghidra listing instruction start (MCS96:LE:16:default); LJMP/LCALL are PC-relative disp16"
0x4E88,0x4E89,20104,20105,2,CODE,0.55,plausible,re_pipeline,"code_window_hypothesis","Hypothesized CODE window per shipping regions + first non-FF @0x2000. ISA not verified; structural only."
0x4E8A,0x4E9D,20106,20125,20,CODE,0.78,plausible,ghidra,"ghidra_insn","Ghidra listing instruction start (MCS96:LE:16:default); LJMP/LCALL are PC-relative disp16"
0x4E9E,0x4E9E,20126,20126,1,CODE,0.55,plausible,re_pipeline,"code_window_hypothesis","Hypothesized CODE window per shipping regions + first non-FF @0x2000. ISA not verified; structural only."
0x4E9F,0x4EA1,20127,20129,3,CODE,0.78,plausible,ghidra,"ghidra_insn","Ghidra listing instruction start (MCS96:LE:16:default); LJMP/LCALL are PC-relative disp16"
0x4EA2,0x4EA2,20130,20130,1,CODE,0.55,plausible,re_pipeline,"code_window_hypothesis","Hypothesized CODE window per shipping regions + first non-FF @0x2000. ISA not verified; structural only."
0x4EA3,0x4EAF,20131,20143,13,CODE,0.78,plausible,ghidra,"ghidra_insn","Ghidra listing instruction start (MCS96:LE:16:default); LJMP/LCALL are PC-relative disp16"
0x4EB0,0x4EB1,20144,20145,2,CODE,0.55,plausible,re_pipeline,"code_window_hypothesis","Hypothesized CODE window per shipping regions + first non-FF @0x2000. ISA not verified; structural only."
0x4EB2,0x4EB4,20146,20148,3,CODE,0.78,plausible,ghidra,"ghidra_insn","Ghidra listing instruction start (MCS96:LE:16:default); LJMP/LCALL are PC-relative disp16"
0x4EB5,0x4EB5,20149,20149,1,CODE,0.55,plausible,re_pipeline,"code_window_hypothesis","Hypothesized CODE window per shipping regions + first non-FF @0x2000. ISA not verified; structural only."
0x4EB6,0x4ECE,20150,20174,25,CODE,0.78,plausible,ghidra,"ghidra_insn","Ghidra listing instruction start (MCS96:LE:16:default); LJMP/LCALL are PC-relative disp16"
0x4ECF,0x4ECF,20175,20175,1,CODE,0.55,plausible,re_pipeline,"code_window_hypothesis","Hypothesized CODE window per shipping regions + first non-FF @0x2000. ISA not verified; structural only."
0x4ED0,0x4ED5,20176,20181,6,CODE,0.78,plausible,ghidra,"ghidra_insn","Ghidra listing instruction start (MCS96:LE:16:default); LJMP/LCALL are PC-relative disp16"
0x4ED6,0x4ED6,20182,20182,1,CODE,0.55,plausible,re_pipeline,"code_window_hypothesis","Hypothesized CODE window per shipping regions + first non-FF @0x2000. ISA not verified; structural only."
0x4ED7,0x4EDB,20183,20187,5,CODE,0.78,plausible,ghidra,"ghidra_insn","Ghidra listing instruction start (MCS96:LE:16:default); LJMP/LCALL are PC-relative disp16"
0x4EDC,0x4EDC,20188,20188,1,CODE,0.55,plausible,re_pipeline,"code_window_hypothesis","Hypothesized CODE window per shipping regions + first non-FF @0x2000. ISA not verified; structural only."
0x4EDD,0x4EDF,20189,20191,3,CODE,0.78,plausible,ghidra,"ghidra_insn","Ghidra listing instruction start (MCS96:LE:16:default); LJMP/LCALL are PC-relative disp16"
0x4EE0,0x4EE0,20192,20192,1,CODE,0.55,plausible,re_pipeline,"code_window_hypothesis","Hypothesized CODE window per shipping regions + first non-FF @0x2000. ISA not verified; structural only."
0x4EE1,0x4EE6,20193,20198,6,CODE,0.78,plausible,ghidra,"ghidra_insn","Ghidra listing instruction start (MCS96:LE:16:default); LJMP/LCALL are PC-relative disp16"
0x4EE7,0x4EE7,20199,20199,1,CODE,0.55,plausible,re_pipeline,"code_window_hypothesis","Hypothesized CODE window per shipping regions + first non-FF @0x2000. ISA not verified; structural only."
0x4EE8,0x4EEC,20200,20204,5,CODE,0.78,plausible,ghidra,"ghidra_insn","Ghidra listing instruction start (MCS96:LE:16:default); LJMP/LCALL are PC-relative disp16"
0x4EED,0x4EED,20205,20205,1,CODE,0.55,plausible,re_pipeline,"code_window_hypothesis","Hypothesized CODE window per shipping regions + first non-FF @0x2000. ISA not verified; structural only."
0x4EEE,0x4EF3,20206,20211,6,CODE,0.78,plausible,ghidra,"ghidra_insn","Ghidra listing instruction start (MCS96:LE:16:default); LJMP/LCALL are PC-relative disp16"
0x4EF4,0x4EF4,20212,20212,1,CODE,0.55,plausible,re_pipeline,"code_window_hypothesis","Hypothesized CODE window per shipping regions + first non-FF @0x2000. ISA not verified; structural only."
0x4EF5,0x4EF7,20213,20215,3,CODE,0.78,plausible,ghidra,"ghidra_insn","Ghidra listing instruction start (MCS96:LE:16:default); LJMP/LCALL are PC-relative disp16"
0x4EF8,0x4EF8,20216,20216,1,CODE,0.55,plausible,re_pipeline,"code_window_hypothesis","Hypothesized CODE window per shipping regions + first non-FF @0x2000. ISA not verified; structural only."
0x4EF9,0x4EFE,20217,20222,6,CODE,0.78,plausible,ghidra,"ghidra_insn","Ghidra listing instruction start (MCS96:LE:16:default); LJMP/LCALL are PC-relative disp16"
0x4EFF,0x4EFF,20223,20223,1,CODE,0.55,plausible,re_pipeline,"code_window_hypothesis","Hypothesized CODE window per shipping regions + first non-FF @0x2000. ISA not verified; structural only."
0x4F00,0x4F0A,20224,20234,11,CODE,0.78,plausible,ghidra,"ghidra_insn","Ghidra listing instruction start (MCS96:LE:16:default); LJMP/LCALL are PC-relative disp16"
0x4F0B,0x4F0C,20235,20236,2,CODE,0.55,plausible,re_pipeline,"code_window_hypothesis","Hypothesized CODE window per shipping regions + first non-FF @0x2000. ISA not verified; structural only."
0x4F0D,0x4F11,20237,20241,5,CODE,0.78,plausible,ghidra,"ghidra_insn","Ghidra listing instruction start (MCS96:LE:16:default); LJMP/LCALL are PC-relative disp16"
0x4F12,0x4F13,20242,20243,2,CODE,0.55,plausible,re_pipeline,"code_window_hypothesis","Hypothesized CODE window per shipping regions + first non-FF @0x2000. ISA not verified; structural only."
0x4F14,0x4F16,20244,20246,3,CODE,0.78,plausible,ghidra,"ghidra_insn","Ghidra listing instruction start (MCS96:LE:16:default); LJMP/LCALL are PC-relative disp16"
0x4F17,0x4F18,20247,20248,2,CODE,0.55,plausible,re_pipeline,"code_window_hypothesis","Hypothesized CODE window per shipping regions + first non-FF @0x2000. ISA not verified; structural only."
0x4F19,0x4F21,20249,20257,9,CODE,0.78,plausible,ghidra,"ghidra_insn","Ghidra listing instruction start (MCS96:LE:16:default); LJMP/LCALL are PC-relative disp16"
0x4F22,0x4F23,20258,20259,2,CODE,0.55,plausible,re_pipeline,"code_window_hypothesis","Hypothesized CODE window per shipping regions + first non-FF @0x2000. ISA not verified; structural only."
0x4F24,0x4F26,20260,20262,3,CODE,0.78,plausible,ghidra,"ghidra_insn","Ghidra listing instruction start (MCS96:LE:16:default); LJMP/LCALL are PC-relative disp16"
0x4F27,0x4F27,20263,20263,1,CODE,0.55,plausible,re_pipeline,"code_window_hypothesis","Hypothesized CODE window per shipping regions + first non-FF @0x2000. ISA not verified; structural only."
0x4F28,0x4F2F,20264,20271,8,CODE,0.78,plausible,ghidra,"ghidra_insn","Ghidra listing instruction start (MCS96:LE:16:default); LJMP/LCALL are PC-relative disp16"
0x4F30,0x4F31,20272,20273,2,CODE,0.55,plausible,re_pipeline,"code_window_hypothesis","Hypothesized CODE window per shipping regions + first non-FF @0x2000. ISA not verified; structural only."
0x4F32,0x4F34,20274,20276,3,CODE,0.78,plausible,ghidra,"ghidra_insn","Ghidra listing instruction start (MCS96:LE:16:default); LJMP/LCALL are PC-relative disp16"
0x4F35,0x4F36,20277,20278,2,CODE,0.55,plausible,re_pipeline,"code_window_hypothesis","Hypothesized CODE window per shipping regions + first non-FF @0x2000. ISA not verified; structural only."
0x4F37,0x4F54,20279,20308,30,CODE,0.78,plausible,ghidra,"ghidra_insn","Ghidra listing instruction start (MCS96:LE:16:default); LJMP/LCALL are PC-relative disp16"
0x4F55,0x4F56,20309,20310,2,CODE,0.55,plausible,re_pipeline,"code_window_hypothesis","Hypothesized CODE window per shipping regions + first non-FF @0x2000. ISA not verified; structural only."
0x4F57,0x4F59,20311,20313,3,CODE,0.78,plausible,ghidra,"ghidra_insn","Ghidra listing instruction start (MCS96:LE:16:default); LJMP/LCALL are PC-relative disp16"
0x4F5A,0x4F5B,20314,20315,2,CODE,0.55,plausible,re_pipeline,"code_window_hypothesis","Hypothesized CODE window per shipping regions + first non-FF @0x2000. ISA not verified; structural only."
0x4F5C,0x4F63,20316,20323,8,CODE,0.78,plausible,ghidra,"ghidra_insn","Ghidra listing instruction start (MCS96:LE:16:default); LJMP/LCALL are PC-relative disp16"
0x4F64,0x4F65,20324,20325,2,CODE,0.55,plausible,re_pipeline,"code_window_hypothesis","Hypothesized CODE window per shipping regions + first non-FF @0x2000. ISA not verified; structural only."
0x4F66,0x4F73,20326,20339,14,CODE,0.78,plausible,ghidra,"ghidra_insn","Ghidra listing instruction start (MCS96:LE:16:default); LJMP/LCALL are PC-relative disp16"
0x4F74,0x4F75,20340,20341,2,CODE,0.55,plausible,re_pipeline,"code_window_hypothesis","Hypothesized CODE window per shipping regions + first non-FF @0x2000. ISA not verified; structural only."
0x4F76,0x4F7A,20342,20346,5,CODE,0.78,plausible,ghidra,"ghidra_insn","Ghidra listing instruction start (MCS96:LE:16:default); LJMP/LCALL are PC-relative disp16"
0x4F7B,0x4F7C,20347,20348,2,CODE,0.55,plausible,re_pipeline,"code_window_hypothesis","Hypothesized CODE window per shipping regions + first non-FF @0x2000. ISA not verified; structural only."
0x4F7D,0x4F7F,20349,20351,3,CODE,0.78,plausible,ghidra,"ghidra_insn","Ghidra listing instruction start (MCS96:LE:16:default); LJMP/LCALL are PC-relative disp16"
0x4F80,0x4F81,20352,20353,2,CODE,0.55,plausible,re_pipeline,"code_window_hypothesis","Hypothesized CODE window per shipping regions + first non-FF @0x2000. ISA not verified; structural only."
0x4F82,0x4F86,20354,20358,5,CODE,0.78,plausible,ghidra,"ghidra_insn","Ghidra listing instruction start (MCS96:LE:16:default); LJMP/LCALL are PC-relative disp16"
0x4F87,0x4F88,20359,20360,2,CODE,0.55,plausible,re_pipeline,"code_window_hypothesis","Hypothesized CODE window per shipping regions + first non-FF @0x2000. ISA not verified; structural only."
0x4F89,0x4F8B,20361,20363,3,CODE,0.78,plausible,ghidra,"ghidra_insn","Ghidra listing instruction start (MCS96:LE:16:default); LJMP/LCALL are PC-relative disp16"
0x4F8C,0x4F8C,20364,20364,1,CODE,0.55,plausible,re_pipeline,"code_window_hypothesis","Hypothesized CODE window per shipping regions + first non-FF @0x2000. ISA not verified; structural only."
0x4F8D,0x4F8F,20365,20367,3,CODE,0.78,plausible,ghidra,"ghidra_insn","Ghidra listing instruction start (MCS96:LE:16:default); LJMP/LCALL are PC-relative disp16"
0x4F90,0x4F91,20368,20369,2,CODE,0.55,plausible,re_pipeline,"code_window_hypothesis","Hypothesized CODE window per shipping regions + first non-FF @0x2000. ISA not verified; structural only."
0x4F92,0x4FA4,20370,20388,19,CODE,0.78,plausible,ghidra,"ghidra_insn","Ghidra listing instruction start (MCS96:LE:16:default); LJMP/LCALL are PC-relative disp16"
0x4FA5,0x4FA6,20389,20390,2,CODE,0.55,plausible,re_pipeline,"code_window_hypothesis","Hypothesized CODE window per shipping regions + first non-FF @0x2000. ISA not verified; structural only."
0x4FA7,0x4FA9,20391,20393,3,CODE,0.78,plausible,ghidra,"ghidra_insn","Ghidra listing instruction start (MCS96:LE:16:default); LJMP/LCALL are PC-relative disp16"
0x4FAA,0x4FAB,20394,20395,2,CODE,0.55,plausible,re_pipeline,"code_window_hypothesis","Hypothesized CODE window per shipping regions + first non-FF @0x2000. ISA not verified; structural only."
0x4FAC,0x4FAE,20396,20398,3,CODE,0.78,plausible,ghidra,"ghidra_insn","Ghidra listing instruction start (MCS96:LE:16:default); LJMP/LCALL are PC-relative disp16"
0x4FAF,0x4FB0,20399,20400,2,CODE,0.55,plausible,re_pipeline,"code_window_hypothesis","Hypothesized CODE window per shipping regions + first non-FF @0x2000. ISA not verified; structural only."
0x4FB1,0x4FB6,20401,20406,6,CODE,0.78,plausible,ghidra,"ghidra_insn","Ghidra listing instruction start (MCS96:LE:16:default); LJMP/LCALL are PC-relative disp16"
0x4FB7,0x4FB8,20407,20408,2,CODE,0.55,plausible,re_pipeline,"code_window_hypothesis","Hypothesized CODE window per shipping regions + first non-FF @0x2000. ISA not verified; structural only."
0x4FB9,0x4FBE,20409,20414,6,CODE,0.78,plausible,ghidra,"ghidra_insn","Ghidra listing instruction start (MCS96:LE:16:default); LJMP/LCALL are PC-relative disp16"
0x4FBF,0x4FC0,20415,20416,2,CODE,0.55,plausible,re_pipeline,"code_window_hypothesis","Hypothesized CODE window per shipping regions + first non-FF @0x2000. ISA not verified; structural only."
0x4FC1,0x4FC3,20417,20419,3,CODE,0.78,plausible,ghidra,"ghidra_insn","Ghidra listing instruction start (MCS96:LE:16:default); LJMP/LCALL are PC-relative disp16"
0x4FC4,0x4FC5,20420,20421,2,CODE,0.55,plausible,re_pipeline,"code_window_hypothesis","Hypothesized CODE window per shipping regions + first non-FF @0x2000. ISA not verified; structural only."
0x4FC6,0x4FCD,20422,20429,8,CODE,0.78,plausible,ghidra,"ghidra_insn","Ghidra listing instruction start (MCS96:LE:16:default); LJMP/LCALL are PC-relative disp16"
0x4FCE,0x4FCF,20430,20431,2,CODE,0.55,plausible,re_pipeline,"code_window_hypothesis","Hypothesized CODE window per shipping regions + first non-FF @0x2000. ISA not verified; structural only."
0x4FD0,0x4FD2,20432,20434,3,CODE,0.78,plausible,ghidra,"ghidra_insn","Ghidra listing instruction start (MCS96:LE:16:default); LJMP/LCALL are PC-relative disp16"
0x4FD3,0x4FD3,20435,20435,1,CODE,0.55,plausible,re_pipeline,"code_window_hypothesis","Hypothesized CODE window per shipping regions + first non-FF @0x2000. ISA not verified; structural only."
0x4FD4,0x4FD6,20436,20438,3,CODE,0.78,plausible,ghidra,"ghidra_insn","Ghidra listing instruction start (MCS96:LE:16:default); LJMP/LCALL are PC-relative disp16"
0x4FD7,0x4FD8,20439,20440,2,CODE,0.55,plausible,re_pipeline,"code_window_hypothesis","Hypothesized CODE window per shipping regions + first non-FF @0x2000. ISA not verified; structural only."
0x4FD9,0x4FDB,20441,20443,3,CODE,0.78,plausible,ghidra,"ghidra_insn","Ghidra listing instruction start (MCS96:LE:16:default); LJMP/LCALL are PC-relative disp16"
0x4FDC,0x4FDC,20444,20444,1,CODE,0.55,plausible,re_pipeline,"code_window_hypothesis","Hypothesized CODE window per shipping regions + first non-FF @0x2000. ISA not verified; structural only."
0x4FDD,0x4FE2,20445,20450,6,CODE,0.78,plausible,ghidra,"ghidra_insn","Ghidra listing instruction start (MCS96:LE:16:default); LJMP/LCALL are PC-relative disp16"
0x4FE3,0x4FE4,20451,20452,2,CODE,0.55,plausible,re_pipeline,"code_window_hypothesis","Hypothesized CODE window per shipping regions + first non-FF @0x2000. ISA not verified; structural only."
0x4FE5,0x4FED,20453,20461,9,CODE,0.78,plausible,ghidra,"ghidra_insn","Ghidra listing instruction start (MCS96:LE:16:default); LJMP/LCALL are PC-relative disp16"
0x4FEE,0x4FEE,20462,20462,1,CODE,0.55,plausible,re_pipeline,"code_window_hypothesis","Hypothesized CODE window per shipping regions + first non-FF @0x2000. ISA not verified; structural only."
0x4FEF,0x4FF1,20463,20465,3,CODE,0.78,plausible,ghidra,"ghidra_insn","Ghidra listing instruction start (MCS96:LE:16:default); LJMP/LCALL are PC-relative disp16"
0x4FF2,0x4FF3,20466,20467,2,CODE,0.55,plausible,re_pipeline,"code_window_hypothesis","Hypothesized CODE window per shipping regions + first non-FF @0x2000. ISA not verified; structural only."
0x4FF4,0x4FF9,20468,20473,6,CODE,0.78,plausible,ghidra,"ghidra_insn","Ghidra listing instruction start (MCS96:LE:16:default); LJMP/LCALL are PC-relative disp16"
0x4FFA,0x4FFC,20474,20476,3,CODE,0.55,plausible,re_pipeline,"code_window_hypothesis","Hypothesized CODE window per shipping regions + first non-FF @0x2000. ISA not verified; structural only."
0x4FFD,0x4FFF,20477,20479,3,CODE,0.78,plausible,ghidra,"ghidra_insn","Ghidra listing instruction start (MCS96:LE:16:default); LJMP/LCALL are PC-relative disp16"
0x5000,0x5000,20480,20480,1,CODE,0.55,plausible,re_pipeline,"code_window_hypothesis","Hypothesized CODE window per shipping regions + first non-FF @0x2000. ISA not verified; structural only."
0x5001,0x5003,20481,20483,3,CODE,0.78,plausible,ghidra,"ghidra_insn","Ghidra listing instruction start (MCS96:LE:16:default); LJMP/LCALL are PC-relative disp16"
0x5004,0x5004,20484,20484,1,CODE,0.55,plausible,re_pipeline,"code_window_hypothesis","Hypothesized CODE window per shipping regions + first non-FF @0x2000. ISA not verified; structural only."
0x5005,0x5007,20485,20487,3,CODE,0.78,plausible,ghidra,"ghidra_insn","Ghidra listing instruction start (MCS96:LE:16:default); LJMP/LCALL are PC-relative disp16"
0x5008,0x5009,20488,20489,2,CODE,0.55,plausible,re_pipeline,"code_window_hypothesis","Hypothesized CODE window per shipping regions + first non-FF @0x2000. ISA not verified; structural only."
0x500A,0x500C,20490,20492,3,CODE,0.78,plausible,ghidra,"ghidra_insn","Ghidra listing instruction start (MCS96:LE:16:default); LJMP/LCALL are PC-relative disp16"
0x500D,0x500E,20493,20494,2,CODE,0.55,plausible,re_pipeline,"code_window_hypothesis","Hypothesized CODE window per shipping regions + first non-FF @0x2000. ISA not verified; structural only."
0x500F,0x5014,20495,20500,6,CODE,0.78,plausible,ghidra,"ghidra_insn","Ghidra listing instruction start (MCS96:LE:16:default); LJMP/LCALL are PC-relative disp16"
0x5015,0x5017,20501,20503,3,CODE,0.55,plausible,re_pipeline,"code_window_hypothesis","Hypothesized CODE window per shipping regions + first non-FF @0x2000. ISA not verified; structural only."
0x5018,0x501A,20504,20506,3,CODE,0.78,plausible,ghidra,"ghidra_insn","Ghidra listing instruction start (MCS96:LE:16:default); LJMP/LCALL are PC-relative disp16"
0x501B,0x501C,20507,20508,2,CODE,0.55,plausible,re_pipeline,"code_window_hypothesis","Hypothesized CODE window per shipping regions + first non-FF @0x2000. ISA not verified; structural only."
0x501D,0x501F,20509,20511,3,CODE,0.78,plausible,ghidra,"ghidra_insn","Ghidra listing instruction start (MCS96:LE:16:default); LJMP/LCALL are PC-relative disp16"
0x5020,0x5021,20512,20513,2,CODE,0.55,plausible,re_pipeline,"code_window_hypothesis","Hypothesized CODE window per shipping regions + first non-FF @0x2000. ISA not verified; structural only."
0x5022,0x5024,20514,20516,3,CODE,0.78,plausible,ghidra,"ghidra_insn","Ghidra listing instruction start (MCS96:LE:16:default); LJMP/LCALL are PC-relative disp16"
0x5025,0x5027,20517,20519,3,CODE,0.55,plausible,re_pipeline,"code_window_hypothesis","Hypothesized CODE window per shipping regions + first non-FF @0x2000. ISA not verified; structural only."
0x5028,0x5034,20520,20532,13,CODE,0.78,plausible,ghidra,"ghidra_insn","Ghidra listing instruction start (MCS96:LE:16:default); LJMP/LCALL are PC-relative disp16"
0x5035,0x5036,20533,20534,2,CODE,0.55,plausible,re_pipeline,"code_window_hypothesis","Hypothesized CODE window per shipping regions + first non-FF @0x2000. ISA not verified; structural only."
0x5037,0x5039,20535,20537,3,CODE,0.78,plausible,ghidra,"ghidra_insn","Ghidra listing instruction start (MCS96:LE:16:default); LJMP/LCALL are PC-relative disp16"
0x503A,0x503B,20538,20539,2,CODE,0.55,plausible,re_pipeline,"code_window_hypothesis","Hypothesized CODE window per shipping regions + first non-FF @0x2000. ISA not verified; structural only."
0x503C,0x503E,20540,20542,3,CODE,0.78,plausible,ghidra,"ghidra_insn","Ghidra listing instruction start (MCS96:LE:16:default); LJMP/LCALL are PC-relative disp16"
0x503F,0x5041,20543,20545,3,CODE,0.55,plausible,re_pipeline,"code_window_hypothesis","Hypothesized CODE window per shipping regions + first non-FF @0x2000. ISA not verified; structural only."
0x5042,0x5053,20546,20563,18,CODE,0.78,plausible,ghidra,"ghidra_insn","Ghidra listing instruction start (MCS96:LE:16:default); LJMP/LCALL are PC-relative disp16"
0x5054,0x5054,20564,20564,1,CODE,0.55,plausible,re_pipeline,"code_window_hypothesis","Hypothesized CODE window per shipping regions + first non-FF @0x2000. ISA not verified; structural only."
0x5055,0x5057,20565,20567,3,CODE,0.78,plausible,ghidra,"ghidra_insn","Ghidra listing instruction start (MCS96:LE:16:default); LJMP/LCALL are PC-relative disp16"
0x5058,0x5059,20568,20569,2,CODE,0.55,plausible,re_pipeline,"code_window_hypothesis","Hypothesized CODE window per shipping regions + first non-FF @0x2000. ISA not verified; structural only."
0x505A,0x505C,20570,20572,3,CODE,0.78,plausible,ghidra,"ghidra_insn","Ghidra listing instruction start (MCS96:LE:16:default); LJMP/LCALL are PC-relative disp16"
0x505D,0x505E,20573,20574,2,CODE,0.55,plausible,re_pipeline,"code_window_hypothesis","Hypothesized CODE window per shipping regions + first non-FF @0x2000. ISA not verified; structural only."
0x505F,0x5064,20575,20580,6,CODE,0.78,plausible,ghidra,"ghidra_insn","Ghidra listing instruction start (MCS96:LE:16:default); LJMP/LCALL are PC-relative disp16"
0x5065,0x5067,20581,20583,3,CODE,0.55,plausible,re_pipeline,"code_window_hypothesis","Hypothesized CODE window per shipping regions + first non-FF @0x2000. ISA not verified; structural only."
0x5068,0x506A,20584,20586,3,CODE,0.78,plausible,ghidra,"ghidra_insn","Ghidra listing instruction start (MCS96:LE:16:default); LJMP/LCALL are PC-relative disp16"
0x506B,0x506C,20587,20588,2,CODE,0.55,plausible,re_pipeline,"code_window_hypothesis","Hypothesized CODE window per shipping regions + first non-FF @0x2000. ISA not verified; structural only."
0x506D,0x506F,20589,20591,3,CODE,0.78,plausible,ghidra,"ghidra_insn","Ghidra listing instruction start (MCS96:LE:16:default); LJMP/LCALL are PC-relative disp16"
0x5070,0x5071,20592,20593,2,CODE,0.55,plausible,re_pipeline,"code_window_hypothesis","Hypothesized CODE window per shipping regions + first non-FF @0x2000. ISA not verified; structural only."
0x5072,0x50FB,20594,20731,138,CODE,0.78,plausible,ghidra,"ghidra_insn","Ghidra listing instruction start (MCS96:LE:16:default); LJMP/LCALL are PC-relative disp16"
0x50FC,0x50FD,20732,20733,2,CODE,0.55,plausible,re_pipeline,"code_window_hypothesis","Hypothesized CODE window per shipping regions + first non-FF @0x2000. ISA not verified; structural only."
0x50FE,0x5100,20734,20736,3,CODE,0.78,plausible,ghidra,"ghidra_insn","Ghidra listing instruction start (MCS96:LE:16:default); LJMP/LCALL are PC-relative disp16"
0x5101,0x5101,20737,20737,1,CODE,0.55,plausible,re_pipeline,"code_window_hypothesis","Hypothesized CODE window per shipping regions + first non-FF @0x2000. ISA not verified; structural only."
0x5102,0x510A,20738,20746,9,CODE,0.78,plausible,ghidra,"ghidra_insn","Ghidra listing instruction start (MCS96:LE:16:default); LJMP/LCALL are PC-relative disp16"
0x510B,0x510C,20747,20748,2,CODE,0.55,plausible,re_pipeline,"code_window_hypothesis","Hypothesized CODE window per shipping regions + first non-FF @0x2000. ISA not verified; structural only."
0x510D,0x5115,20749,20757,9,CODE,0.78,plausible,ghidra,"ghidra_insn","Ghidra listing instruction start (MCS96:LE:16:default); LJMP/LCALL are PC-relative disp16"
0x5116,0x5117,20758,20759,2,CODE,0.55,plausible,re_pipeline,"code_window_hypothesis","Hypothesized CODE window per shipping regions + first non-FF @0x2000. ISA not verified; structural only."
0x5118,0x511C,20760,20764,5,CODE,0.78,plausible,ghidra,"ghidra_insn","Ghidra listing instruction start (MCS96:LE:16:default); LJMP/LCALL are PC-relative disp16"
0x511D,0x511E,20765,20766,2,CODE,0.55,plausible,re_pipeline,"code_window_hypothesis","Hypothesized CODE window per shipping regions + first non-FF @0x2000. ISA not verified; structural only."
0x511F,0x5127,20767,20775,9,CODE,0.78,plausible,ghidra,"ghidra_insn","Ghidra listing instruction start (MCS96:LE:16:default); LJMP/LCALL are PC-relative disp16"
0x5128,0x5128,20776,20776,1,CODE,0.55,plausible,re_pipeline,"code_window_hypothesis","Hypothesized CODE window per shipping regions + first non-FF @0x2000. ISA not verified; structural only."
0x5129,0x512B,20777,20779,3,CODE,0.78,plausible,ghidra,"ghidra_insn","Ghidra listing instruction start (MCS96:LE:16:default); LJMP/LCALL are PC-relative disp16"
0x512C,0x512D,20780,20781,2,CODE,0.55,plausible,re_pipeline,"code_window_hypothesis","Hypothesized CODE window per shipping regions + first non-FF @0x2000. ISA not verified; structural only."
0x512E,0x5130,20782,20784,3,CODE,0.78,plausible,ghidra,"ghidra_insn","Ghidra listing instruction start (MCS96:LE:16:default); LJMP/LCALL are PC-relative disp16"
0x5131,0x5132,20785,20786,2,CODE,0.55,plausible,re_pipeline,"code_window_hypothesis","Hypothesized CODE window per shipping regions + first non-FF @0x2000. ISA not verified; structural only."
0x5133,0x5135,20787,20789,3,CODE,0.78,plausible,ghidra,"ghidra_insn","Ghidra listing instruction start (MCS96:LE:16:default); LJMP/LCALL are PC-relative disp16"
0x5136,0x5137,20790,20791,2,CODE,0.55,plausible,re_pipeline,"code_window_hypothesis","Hypothesized CODE window per shipping regions + first non-FF @0x2000. ISA not verified; structural only."
0x5138,0x513A,20792,20794,3,CODE,0.78,plausible,ghidra,"ghidra_insn","Ghidra listing instruction start (MCS96:LE:16:default); LJMP/LCALL are PC-relative disp16"
0x513B,0x513C,20795,20796,2,CODE,0.55,plausible,re_pipeline,"code_window_hypothesis","Hypothesized CODE window per shipping regions + first non-FF @0x2000. ISA not verified; structural only."
0x513D,0x513F,20797,20799,3,CODE,0.78,plausible,ghidra,"ghidra_insn","Ghidra listing instruction start (MCS96:LE:16:default); LJMP/LCALL are PC-relative disp16"
0x5140,0x5141,20800,20801,2,CODE,0.55,plausible,re_pipeline,"code_window_hypothesis","Hypothesized CODE window per shipping regions + first non-FF @0x2000. ISA not verified; structural only."
0x5142,0x5144,20802,20804,3,CODE,0.78,plausible,ghidra,"ghidra_insn","Ghidra listing instruction start (MCS96:LE:16:default); LJMP/LCALL are PC-relative disp16"
0x5145,0x5146,20805,20806,2,CODE,0.55,plausible,re_pipeline,"code_window_hypothesis","Hypothesized CODE window per shipping regions + first non-FF @0x2000. ISA not verified; structural only."
0x5147,0x5149,20807,20809,3,CODE,0.78,plausible,ghidra,"ghidra_insn","Ghidra listing instruction start (MCS96:LE:16:default); LJMP/LCALL are PC-relative disp16"
0x514A,0x514B,20810,20811,2,CODE,0.55,plausible,re_pipeline,"code_window_hypothesis","Hypothesized CODE window per shipping regions + first non-FF @0x2000. ISA not verified; structural only."
0x514C,0x514E,20812,20814,3,CODE,0.78,plausible,ghidra,"ghidra_insn","Ghidra listing instruction start (MCS96:LE:16:default); LJMP/LCALL are PC-relative disp16"
0x514F,0x5150,20815,20816,2,CODE,0.55,plausible,re_pipeline,"code_window_hypothesis","Hypothesized CODE window per shipping regions + first non-FF @0x2000. ISA not verified; structural only."
0x5151,0x5153,20817,20819,3,CODE,0.78,plausible,ghidra,"ghidra_insn","Ghidra listing instruction start (MCS96:LE:16:default); LJMP/LCALL are PC-relative disp16"
0x5154,0x5154,20820,20820,1,CODE,0.55,plausible,re_pipeline,"code_window_hypothesis","Hypothesized CODE window per shipping regions + first non-FF @0x2000. ISA not verified; structural only."
0x5155,0x5157,20821,20823,3,CODE,0.78,plausible,ghidra,"ghidra_insn","Ghidra listing instruction start (MCS96:LE:16:default); LJMP/LCALL are PC-relative disp16"
0x5158,0x5159,20824,20825,2,CODE,0.55,plausible,re_pipeline,"code_window_hypothesis","Hypothesized CODE window per shipping regions + first non-FF @0x2000. ISA not verified; structural only."
0x515A,0x515C,20826,20828,3,CODE,0.78,plausible,ghidra,"ghidra_insn","Ghidra listing instruction start (MCS96:LE:16:default); LJMP/LCALL are PC-relative disp16"
0x515D,0x515E,20829,20830,2,CODE,0.55,plausible,re_pipeline,"code_window_hypothesis","Hypothesized CODE window per shipping regions + first non-FF @0x2000. ISA not verified; structural only."
0x515F,0x5164,20831,20836,6,CODE,0.78,plausible,ghidra,"ghidra_insn","Ghidra listing instruction start (MCS96:LE:16:default); LJMP/LCALL are PC-relative disp16"
0x5165,0x5166,20837,20838,2,CODE,0.55,plausible,re_pipeline,"code_window_hypothesis","Hypothesized CODE window per shipping regions + first non-FF @0x2000. ISA not verified; structural only."
0x5167,0x516C,20839,20844,6,CODE,0.78,plausible,ghidra,"ghidra_insn","Ghidra listing instruction start (MCS96:LE:16:default); LJMP/LCALL are PC-relative disp16"
0x516D,0x516D,20845,20845,1,CODE,0.55,plausible,re_pipeline,"code_window_hypothesis","Hypothesized CODE window per shipping regions + first non-FF @0x2000. ISA not verified; structural only."
0x516E,0x5173,20846,20851,6,CODE,0.78,plausible,ghidra,"ghidra_insn","Ghidra listing instruction start (MCS96:LE:16:default); LJMP/LCALL are PC-relative disp16"
0x5174,0x5175,20852,20853,2,CODE,0.55,plausible,re_pipeline,"code_window_hypothesis","Hypothesized CODE window per shipping regions + first non-FF @0x2000. ISA not verified; structural only."
0x5176,0x517B,20854,20859,6,CODE,0.78,plausible,ghidra,"ghidra_insn","Ghidra listing instruction start (MCS96:LE:16:default); LJMP/LCALL are PC-relative disp16"
0x517C,0x517E,20860,20862,3,CODE,0.55,plausible,re_pipeline,"code_window_hypothesis","Hypothesized CODE window per shipping regions + first non-FF @0x2000. ISA not verified; structural only."
0x517F,0x5189,20863,20873,11,CODE,0.78,plausible,ghidra,"ghidra_insn","Ghidra listing instruction start (MCS96:LE:16:default); LJMP/LCALL are PC-relative disp16"
0x518A,0x518A,20874,20874,1,CODE,0.55,plausible,re_pipeline,"code_window_hypothesis","Hypothesized CODE window per shipping regions + first non-FF @0x2000. ISA not verified; structural only."
0x518B,0x5192,20875,20882,8,CODE,0.78,plausible,ghidra,"ghidra_insn","Ghidra listing instruction start (MCS96:LE:16:default); LJMP/LCALL are PC-relative disp16"
0x5193,0x5194,20883,20884,2,CODE,0.55,plausible,re_pipeline,"code_window_hypothesis","Hypothesized CODE window per shipping regions + first non-FF @0x2000. ISA not verified; structural only."
0x5195,0x5197,20885,20887,3,CODE,0.78,plausible,ghidra,"ghidra_insn","Ghidra listing instruction start (MCS96:LE:16:default); LJMP/LCALL are PC-relative disp16"
0x5198,0x5199,20888,20889,2,CODE,0.55,plausible,re_pipeline,"code_window_hypothesis","Hypothesized CODE window per shipping regions + first non-FF @0x2000. ISA not verified; structural only."
0x519A,0x519C,20890,20892,3,CODE,0.78,plausible,ghidra,"ghidra_insn","Ghidra listing instruction start (MCS96:LE:16:default); LJMP/LCALL are PC-relative disp16"
0x519D,0x519D,20893,20893,1,CODE,0.55,plausible,re_pipeline,"code_window_hypothesis","Hypothesized CODE window per shipping regions + first non-FF @0x2000. ISA not verified; structural only."
0x519E,0x51A0,20894,20896,3,CODE,0.78,plausible,ghidra,"ghidra_insn","Ghidra listing instruction start (MCS96:LE:16:default); LJMP/LCALL are PC-relative disp16"
0x51A1,0x51A1,20897,20897,1,CODE,0.55,plausible,re_pipeline,"code_window_hypothesis","Hypothesized CODE window per shipping regions + first non-FF @0x2000. ISA not verified; structural only."
0x51A2,0x51AE,20898,20910,13,CODE,0.78,plausible,ghidra,"ghidra_insn","Ghidra listing instruction start (MCS96:LE:16:default); LJMP/LCALL are PC-relative disp16"
0x51AF,0x51AF,20911,20911,1,CODE,0.55,plausible,re_pipeline,"code_window_hypothesis","Hypothesized CODE window per shipping regions + first non-FF @0x2000. ISA not verified; structural only."
0x51B0,0x51B7,20912,20919,8,CODE,0.78,plausible,ghidra,"ghidra_insn","Ghidra listing instruction start (MCS96:LE:16:default); LJMP/LCALL are PC-relative disp16"
0x51B8,0x51B8,20920,20920,1,CODE,0.55,plausible,re_pipeline,"code_window_hypothesis","Hypothesized CODE window per shipping regions + first non-FF @0x2000. ISA not verified; structural only."
0x51B9,0x51C0,20921,20928,8,CODE,0.78,plausible,ghidra,"ghidra_insn","Ghidra listing instruction start (MCS96:LE:16:default); LJMP/LCALL are PC-relative disp16"
0x51C1,0x51C1,20929,20929,1,CODE,0.55,plausible,re_pipeline,"code_window_hypothesis","Hypothesized CODE window per shipping regions + first non-FF @0x2000. ISA not verified; structural only."
0x51C2,0x51CC,20930,20940,11,CODE,0.78,plausible,ghidra,"ghidra_insn","Ghidra listing instruction start (MCS96:LE:16:default); LJMP/LCALL are PC-relative disp16"
0x51CD,0x51CE,20941,20942,2,CODE,0.55,plausible,re_pipeline,"code_window_hypothesis","Hypothesized CODE window per shipping regions + first non-FF @0x2000. ISA not verified; structural only."
0x51CF,0x51D6,20943,20950,8,CODE,0.78,plausible,ghidra,"ghidra_insn","Ghidra listing instruction start (MCS96:LE:16:default); LJMP/LCALL are PC-relative disp16"
0x51D7,0x51D7,20951,20951,1,CODE,0.55,plausible,re_pipeline,"code_window_hypothesis","Hypothesized CODE window per shipping regions + first non-FF @0x2000. ISA not verified; structural only."
0x51D8,0x51DF,20952,20959,8,CODE,0.78,plausible,ghidra,"ghidra_insn","Ghidra listing instruction start (MCS96:LE:16:default); LJMP/LCALL are PC-relative disp16"
0x51E0,0x51E0,20960,20960,1,CODE,0.55,plausible,re_pipeline,"code_window_hypothesis","Hypothesized CODE window per shipping regions + first non-FF @0x2000. ISA not verified; structural only."
0x51E1,0x51EB,20961,20971,11,CODE,0.78,plausible,ghidra,"ghidra_insn","Ghidra listing instruction start (MCS96:LE:16:default); LJMP/LCALL are PC-relative disp16"
0x51EC,0x51ED,20972,20973,2,CODE,0.55,plausible,re_pipeline,"code_window_hypothesis","Hypothesized CODE window per shipping regions + first non-FF @0x2000. ISA not verified; structural only."
0x51EE,0x51F8,20974,20984,11,CODE,0.78,plausible,ghidra,"ghidra_insn","Ghidra listing instruction start (MCS96:LE:16:default); LJMP/LCALL are PC-relative disp16"
0x51F9,0x51F9,20985,20985,1,CODE,0.55,plausible,re_pipeline,"code_window_hypothesis","Hypothesized CODE window per shipping regions + first non-FF @0x2000. ISA not verified; structural only."
0x51FA,0x51FF,20986,20991,6,CODE,0.78,plausible,ghidra,"ghidra_insn","Ghidra listing instruction start (MCS96:LE:16:default); LJMP/LCALL are PC-relative disp16"
0x5200,0x5201,20992,20993,2,CODE,0.55,plausible,re_pipeline,"code_window_hypothesis","Hypothesized CODE window per shipping regions + first non-FF @0x2000. ISA not verified; structural only."
0x5202,0x5204,20994,20996,3,CODE,0.78,plausible,ghidra,"ghidra_insn","Ghidra listing instruction start (MCS96:LE:16:default); LJMP/LCALL are PC-relative disp16"
0x5205,0x5206,20997,20998,2,CODE,0.55,plausible,re_pipeline,"code_window_hypothesis","Hypothesized CODE window per shipping regions + first non-FF @0x2000. ISA not verified; structural only."
0x5207,0x5209,20999,21001,3,CODE,0.78,plausible,ghidra,"ghidra_insn","Ghidra listing instruction start (MCS96:LE:16:default); LJMP/LCALL are PC-relative disp16"
0x520A,0x520B,21002,21003,2,CODE,0.55,plausible,re_pipeline,"code_window_hypothesis","Hypothesized CODE window per shipping regions + first non-FF @0x2000. ISA not verified; structural only."
0x520C,0x5214,21004,21012,9,CODE,0.78,plausible,ghidra,"ghidra_insn","Ghidra listing instruction start (MCS96:LE:16:default); LJMP/LCALL are PC-relative disp16"
0x5215,0x5216,21013,21014,2,CODE,0.55,plausible,re_pipeline,"code_window_hypothesis","Hypothesized CODE window per shipping regions + first non-FF @0x2000. ISA not verified; structural only."
0x5217,0x5219,21015,21017,3,CODE,0.78,plausible,ghidra,"ghidra_insn","Ghidra listing instruction start (MCS96:LE:16:default); LJMP/LCALL are PC-relative disp16"
0x521A,0x521B,21018,21019,2,CODE,0.55,plausible,re_pipeline,"code_window_hypothesis","Hypothesized CODE window per shipping regions + first non-FF @0x2000. ISA not verified; structural only."
0x521C,0x521E,21020,21022,3,CODE,0.78,plausible,ghidra,"ghidra_insn","Ghidra listing instruction start (MCS96:LE:16:default); LJMP/LCALL are PC-relative disp16"
0x521F,0x5220,21023,21024,2,CODE,0.55,plausible,re_pipeline,"code_window_hypothesis","Hypothesized CODE window per shipping regions + first non-FF @0x2000. ISA not verified; structural only."
0x5221,0x5223,21025,21027,3,CODE,0.78,plausible,ghidra,"ghidra_insn","Ghidra listing instruction start (MCS96:LE:16:default); LJMP/LCALL are PC-relative disp16"
0x5224,0x5225,21028,21029,2,CODE,0.55,plausible,re_pipeline,"code_window_hypothesis","Hypothesized CODE window per shipping regions + first non-FF @0x2000. ISA not verified; structural only."
0x5226,0x522E,21030,21038,9,CODE,0.78,plausible,ghidra,"ghidra_insn","Ghidra listing instruction start (MCS96:LE:16:default); LJMP/LCALL are PC-relative disp16"
0x522F,0x5230,21039,21040,2,CODE,0.55,plausible,re_pipeline,"code_window_hypothesis","Hypothesized CODE window per shipping regions + first non-FF @0x2000. ISA not verified; structural only."
0x5231,0x5239,21041,21049,9,CODE,0.78,plausible,ghidra,"ghidra_insn","Ghidra listing instruction start (MCS96:LE:16:default); LJMP/LCALL are PC-relative disp16"
0x523A,0x523B,21050,21051,2,CODE,0.55,plausible,re_pipeline,"code_window_hypothesis","Hypothesized CODE window per shipping regions + first non-FF @0x2000. ISA not verified; structural only."
0x523C,0x523E,21052,21054,3,CODE,0.78,plausible,ghidra,"ghidra_insn","Ghidra listing instruction start (MCS96:LE:16:default); LJMP/LCALL are PC-relative disp16"
0x523F,0x5240,21055,21056,2,CODE,0.55,plausible,re_pipeline,"code_window_hypothesis","Hypothesized CODE window per shipping regions + first non-FF @0x2000. ISA not verified; structural only."
0x5241,0x5243,21057,21059,3,CODE,0.78,plausible,ghidra,"ghidra_insn","Ghidra listing instruction start (MCS96:LE:16:default); LJMP/LCALL are PC-relative disp16"
0x5244,0x5245,21060,21061,2,CODE,0.55,plausible,re_pipeline,"code_window_hypothesis","Hypothesized CODE window per shipping regions + first non-FF @0x2000. ISA not verified; structural only."
0x5246,0x5248,21062,21064,3,CODE,0.78,plausible,ghidra,"ghidra_insn","Ghidra listing instruction start (MCS96:LE:16:default); LJMP/LCALL are PC-relative disp16"
0x5249,0x524A,21065,21066,2,CODE,0.55,plausible,re_pipeline,"code_window_hypothesis","Hypothesized CODE window per shipping regions + first non-FF @0x2000. ISA not verified; structural only."
0x524B,0x5253,21067,21075,9,CODE,0.78,plausible,ghidra,"ghidra_insn","Ghidra listing instruction start (MCS96:LE:16:default); LJMP/LCALL are PC-relative disp16"
0x5254,0x5255,21076,21077,2,CODE,0.55,plausible,re_pipeline,"code_window_hypothesis","Hypothesized CODE window per shipping regions + first non-FF @0x2000. ISA not verified; structural only."
0x5256,0x5258,21078,21080,3,CODE,0.78,plausible,ghidra,"ghidra_insn","Ghidra listing instruction start (MCS96:LE:16:default); LJMP/LCALL are PC-relative disp16"
0x5259,0x525A,21081,21082,2,CODE,0.55,plausible,re_pipeline,"code_window_hypothesis","Hypothesized CODE window per shipping regions + first non-FF @0x2000. ISA not verified; structural only."
0x525B,0x525D,21083,21085,3,CODE,0.78,plausible,ghidra,"ghidra_insn","Ghidra listing instruction start (MCS96:LE:16:default); LJMP/LCALL are PC-relative disp16"
0x525E,0x525F,21086,21087,2,CODE,0.55,plausible,re_pipeline,"code_window_hypothesis","Hypothesized CODE window per shipping regions + first non-FF @0x2000. ISA not verified; structural only."
0x5260,0x5262,21088,21090,3,CODE,0.78,plausible,ghidra,"ghidra_insn","Ghidra listing instruction start (MCS96:LE:16:default); LJMP/LCALL are PC-relative disp16"
0x5263,0x5264,21091,21092,2,CODE,0.55,plausible,re_pipeline,"code_window_hypothesis","Hypothesized CODE window per shipping regions + first non-FF @0x2000. ISA not verified; structural only."
0x5265,0x526D,21093,21101,9,CODE,0.78,plausible,ghidra,"ghidra_insn","Ghidra listing instruction start (MCS96:LE:16:default); LJMP/LCALL are PC-relative disp16"
0x526E,0x526F,21102,21103,2,CODE,0.55,plausible,re_pipeline,"code_window_hypothesis","Hypothesized CODE window per shipping regions + first non-FF @0x2000. ISA not verified; structural only."
0x5270,0x5272,21104,21106,3,CODE,0.78,plausible,ghidra,"ghidra_insn","Ghidra listing instruction start (MCS96:LE:16:default); LJMP/LCALL are PC-relative disp16"
0x5273,0x5274,21107,21108,2,CODE,0.55,plausible,re_pipeline,"code_window_hypothesis","Hypothesized CODE window per shipping regions + first non-FF @0x2000. ISA not verified; structural only."
0x5275,0x5277,21109,21111,3,CODE,0.78,plausible,ghidra,"ghidra_insn","Ghidra listing instruction start (MCS96:LE:16:default); LJMP/LCALL are PC-relative disp16"
0x5278,0x5279,21112,21113,2,CODE,0.55,plausible,re_pipeline,"code_window_hypothesis","Hypothesized CODE window per shipping regions + first non-FF @0x2000. ISA not verified; structural only."
0x527A,0x527C,21114,21116,3,CODE,0.78,plausible,ghidra,"ghidra_insn","Ghidra listing instruction start (MCS96:LE:16:default); LJMP/LCALL are PC-relative disp16"
0x527D,0x527E,21117,21118,2,CODE,0.55,plausible,re_pipeline,"code_window_hypothesis","Hypothesized CODE window per shipping regions + first non-FF @0x2000. ISA not verified; structural only."
0x527F,0x5287,21119,21127,9,CODE,0.78,plausible,ghidra,"ghidra_insn","Ghidra listing instruction start (MCS96:LE:16:default); LJMP/LCALL are PC-relative disp16"
0x5288,0x5289,21128,21129,2,CODE,0.55,plausible,re_pipeline,"code_window_hypothesis","Hypothesized CODE window per shipping regions + first non-FF @0x2000. ISA not verified; structural only."
0x528A,0x5293,21130,21139,10,CODE,0.78,plausible,ghidra,"ghidra_insn","Ghidra listing instruction start (MCS96:LE:16:default); LJMP/LCALL are PC-relative disp16"
0x5294,0x5295,21140,21141,2,CODE,0.55,plausible,re_pipeline,"code_window_hypothesis","Hypothesized CODE window per shipping regions + first non-FF @0x2000. ISA not verified; structural only."
0x5296,0x5298,21142,21144,3,CODE,0.78,plausible,ghidra,"ghidra_insn","Ghidra listing instruction start (MCS96:LE:16:default); LJMP/LCALL are PC-relative disp16"
0x5299,0x5299,21145,21145,1,CODE,0.55,plausible,re_pipeline,"code_window_hypothesis","Hypothesized CODE window per shipping regions + first non-FF @0x2000. ISA not verified; structural only."
0x529A,0x529C,21146,21148,3,CODE,0.78,plausible,ghidra,"ghidra_insn","Ghidra listing instruction start (MCS96:LE:16:default); LJMP/LCALL are PC-relative disp16"
0x529D,0x529E,21149,21150,2,CODE,0.55,plausible,re_pipeline,"code_window_hypothesis","Hypothesized CODE window per shipping regions + first non-FF @0x2000. ISA not verified; structural only."
0x529F,0x52A4,21151,21156,6,CODE,0.78,plausible,ghidra,"ghidra_insn","Ghidra listing instruction start (MCS96:LE:16:default); LJMP/LCALL are PC-relative disp16"
0x52A5,0x52A6,21157,21158,2,CODE,0.55,plausible,re_pipeline,"code_window_hypothesis","Hypothesized CODE window per shipping regions + first non-FF @0x2000. ISA not verified; structural only."
0x52A7,0x52B1,21159,21169,11,CODE,0.78,plausible,ghidra,"ghidra_insn","Ghidra listing instruction start (MCS96:LE:16:default); LJMP/LCALL are PC-relative disp16"
0x52B2,0x52B3,21170,21171,2,CODE,0.55,plausible,re_pipeline,"code_window_hypothesis","Hypothesized CODE window per shipping regions + first non-FF @0x2000. ISA not verified; structural only."
0x52B4,0x52C1,21172,21185,14,CODE,0.78,plausible,ghidra,"ghidra_insn","Ghidra listing instruction start (MCS96:LE:16:default); LJMP/LCALL are PC-relative disp16"
0x52C2,0x52C3,21186,21187,2,CODE,0.55,plausible,re_pipeline,"code_window_hypothesis","Hypothesized CODE window per shipping regions + first non-FF @0x2000. ISA not verified; structural only."
0x52C4,0x52D3,21188,21203,16,CODE,0.78,plausible,ghidra,"ghidra_insn","Ghidra listing instruction start (MCS96:LE:16:default); LJMP/LCALL are PC-relative disp16"
0x52D4,0x52D5,21204,21205,2,CODE,0.55,plausible,re_pipeline,"code_window_hypothesis","Hypothesized CODE window per shipping regions + first non-FF @0x2000. ISA not verified; structural only."
0x52D6,0x52D8,21206,21208,3,CODE,0.78,plausible,ghidra,"ghidra_insn","Ghidra listing instruction start (MCS96:LE:16:default); LJMP/LCALL are PC-relative disp16"
0x52D9,0x52DA,21209,21210,2,CODE,0.55,plausible,re_pipeline,"code_window_hypothesis","Hypothesized CODE window per shipping regions + first non-FF @0x2000. ISA not verified; structural only."
0x52DB,0x52E0,21211,21216,6,CODE,0.78,plausible,ghidra,"ghidra_insn","Ghidra listing instruction start (MCS96:LE:16:default); LJMP/LCALL are PC-relative disp16"
0x52E1,0x52E2,21217,21218,2,CODE,0.55,plausible,re_pipeline,"code_window_hypothesis","Hypothesized CODE window per shipping regions + first non-FF @0x2000. ISA not verified; structural only."
0x52E3,0x52E5,21219,21221,3,CODE,0.78,plausible,ghidra,"ghidra_insn","Ghidra listing instruction start (MCS96:LE:16:default); LJMP/LCALL are PC-relative disp16"
0x52E6,0x52E7,21222,21223,2,CODE,0.55,plausible,re_pipeline,"code_window_hypothesis","Hypothesized CODE window per shipping regions + first non-FF @0x2000. ISA not verified; structural only."
0x52E8,0x52EF,21224,21231,8,CODE,0.78,plausible,ghidra,"ghidra_insn","Ghidra listing instruction start (MCS96:LE:16:default); LJMP/LCALL are PC-relative disp16"
0x52F0,0x52F1,21232,21233,2,CODE,0.55,plausible,re_pipeline,"code_window_hypothesis","Hypothesized CODE window per shipping regions + first non-FF @0x2000. ISA not verified; structural only."
0x52F2,0x52F7,21234,21239,6,CODE,0.78,plausible,ghidra,"ghidra_insn","Ghidra listing instruction start (MCS96:LE:16:default); LJMP/LCALL are PC-relative disp16"
0x52F8,0x52F9,21240,21241,2,CODE,0.55,plausible,re_pipeline,"code_window_hypothesis","Hypothesized CODE window per shipping regions + first non-FF @0x2000. ISA not verified; structural only."
0x52FA,0x52FE,21242,21246,5,CODE,0.78,plausible,ghidra,"ghidra_insn","Ghidra listing instruction start (MCS96:LE:16:default); LJMP/LCALL are PC-relative disp16"
0x52FF,0x5300,21247,21248,2,CODE,0.55,plausible,re_pipeline,"code_window_hypothesis","Hypothesized CODE window per shipping regions + first non-FF @0x2000. ISA not verified; structural only."
0x5301,0x5308,21249,21256,8,CODE,0.78,plausible,ghidra,"ghidra_insn","Ghidra listing instruction start (MCS96:LE:16:default); LJMP/LCALL are PC-relative disp16"
0x5309,0x5309,21257,21257,1,CODE,0.55,plausible,re_pipeline,"code_window_hypothesis","Hypothesized CODE window per shipping regions + first non-FF @0x2000. ISA not verified; structural only."
0x530A,0x5317,21258,21271,14,CODE,0.78,plausible,ghidra,"ghidra_insn","Ghidra listing instruction start (MCS96:LE:16:default); LJMP/LCALL are PC-relative disp16"
0x5318,0x5318,21272,21272,1,CODE,0.55,plausible,re_pipeline,"code_window_hypothesis","Hypothesized CODE window per shipping regions + first non-FF @0x2000. ISA not verified; structural only."
0x5319,0x5329,21273,21289,17,CODE,0.78,plausible,ghidra,"ghidra_insn","Ghidra listing instruction start (MCS96:LE:16:default); LJMP/LCALL are PC-relative disp16"
0x532A,0x532A,21290,21290,1,CODE,0.55,plausible,re_pipeline,"code_window_hypothesis","Hypothesized CODE window per shipping regions + first non-FF @0x2000. ISA not verified; structural only."
0x532B,0x5333,21291,21299,9,CODE,0.78,plausible,ghidra,"ghidra_insn","Ghidra listing instruction start (MCS96:LE:16:default); LJMP/LCALL are PC-relative disp16"
0x5334,0x5335,21300,21301,2,CODE,0.55,plausible,re_pipeline,"code_window_hypothesis","Hypothesized CODE window per shipping regions + first non-FF @0x2000. ISA not verified; structural only."
0x5336,0x5338,21302,21304,3,CODE,0.78,plausible,ghidra,"ghidra_insn","Ghidra listing instruction start (MCS96:LE:16:default); LJMP/LCALL are PC-relative disp16"
0x5339,0x533A,21305,21306,2,CODE,0.55,plausible,re_pipeline,"code_window_hypothesis","Hypothesized CODE window per shipping regions + first non-FF @0x2000. ISA not verified; structural only."
0x533B,0x5346,21307,21318,12,CODE,0.78,plausible,ghidra,"ghidra_insn","Ghidra listing instruction start (MCS96:LE:16:default); LJMP/LCALL are PC-relative disp16"
0x5347,0x5348,21319,21320,2,CODE,0.55,plausible,re_pipeline,"code_window_hypothesis","Hypothesized CODE window per shipping regions + first non-FF @0x2000. ISA not verified; structural only."
0x5349,0x534E,21321,21326,6,CODE,0.78,plausible,ghidra,"ghidra_insn","Ghidra listing instruction start (MCS96:LE:16:default); LJMP/LCALL are PC-relative disp16"
0x534F,0x5350,21327,21328,2,CODE,0.55,plausible,re_pipeline,"code_window_hypothesis","Hypothesized CODE window per shipping regions + first non-FF @0x2000. ISA not verified; structural only."
0x5351,0x5353,21329,21331,3,CODE,0.78,plausible,ghidra,"ghidra_insn","Ghidra listing instruction start (MCS96:LE:16:default); LJMP/LCALL are PC-relative disp16"
0x5354,0x5354,21332,21332,1,CODE,0.55,plausible,re_pipeline,"code_window_hypothesis","Hypothesized CODE window per shipping regions + first non-FF @0x2000. ISA not verified; structural only."
0x5355,0x535A,21333,21338,6,CODE,0.78,plausible,ghidra,"ghidra_insn","Ghidra listing instruction start (MCS96:LE:16:default); LJMP/LCALL are PC-relative disp16"
0x535B,0x535C,21339,21340,2,CODE,0.55,plausible,re_pipeline,"code_window_hypothesis","Hypothesized CODE window per shipping regions + first non-FF @0x2000. ISA not verified; structural only."
0x535D,0x5361,21341,21345,5,CODE,0.78,plausible,ghidra,"ghidra_insn","Ghidra listing instruction start (MCS96:LE:16:default); LJMP/LCALL are PC-relative disp16"
0x5362,0x5363,21346,21347,2,CODE,0.55,plausible,re_pipeline,"code_window_hypothesis","Hypothesized CODE window per shipping regions + first non-FF @0x2000. ISA not verified; structural only."
0x5364,0x536B,21348,21355,8,CODE,0.78,plausible,ghidra,"ghidra_insn","Ghidra listing instruction start (MCS96:LE:16:default); LJMP/LCALL are PC-relative disp16"
0x536C,0x536C,21356,21356,1,CODE,0.55,plausible,re_pipeline,"code_window_hypothesis","Hypothesized CODE window per shipping regions + first non-FF @0x2000. ISA not verified; structural only."
0x536D,0x537A,21357,21370,14,CODE,0.78,plausible,ghidra,"ghidra_insn","Ghidra listing instruction start (MCS96:LE:16:default); LJMP/LCALL are PC-relative disp16"
0x537B,0x537B,21371,21371,1,CODE,0.55,plausible,re_pipeline,"code_window_hypothesis","Hypothesized CODE window per shipping regions + first non-FF @0x2000. ISA not verified; structural only."
0x537C,0x538F,21372,21391,20,CODE,0.78,plausible,ghidra,"ghidra_insn","Ghidra listing instruction start (MCS96:LE:16:default); LJMP/LCALL are PC-relative disp16"
0x5390,0x5391,21392,21393,2,CODE,0.55,plausible,re_pipeline,"code_window_hypothesis","Hypothesized CODE window per shipping regions + first non-FF @0x2000. ISA not verified; structural only."
0x5392,0x5396,21394,21398,5,CODE,0.78,plausible,ghidra,"ghidra_insn","Ghidra listing instruction start (MCS96:LE:16:default); LJMP/LCALL are PC-relative disp16"
0x5397,0x5397,21399,21399,1,CODE,0.55,plausible,re_pipeline,"code_window_hypothesis","Hypothesized CODE window per shipping regions + first non-FF @0x2000. ISA not verified; structural only."
0x5398,0x53A0,21400,21408,9,CODE,0.78,plausible,ghidra,"ghidra_insn","Ghidra listing instruction start (MCS96:LE:16:default); LJMP/LCALL are PC-relative disp16"
0x53A1,0x53A2,21409,21410,2,CODE,0.55,plausible,re_pipeline,"code_window_hypothesis","Hypothesized CODE window per shipping regions + first non-FF @0x2000. ISA not verified; structural only."
0x53A3,0x53A5,21411,21413,3,CODE,0.78,plausible,ghidra,"ghidra_insn","Ghidra listing instruction start (MCS96:LE:16:default); LJMP/LCALL are PC-relative disp16"
0x53A6,0x53A7,21414,21415,2,CODE,0.55,plausible,re_pipeline,"code_window_hypothesis","Hypothesized CODE window per shipping regions + first non-FF @0x2000. ISA not verified; structural only."
0x53A8,0x53B6,21416,21430,15,CODE,0.78,plausible,ghidra,"ghidra_insn","Ghidra listing instruction start (MCS96:LE:16:default); LJMP/LCALL are PC-relative disp16"
0x53B7,0x53B8,21431,21432,2,CODE,0.55,plausible,re_pipeline,"code_window_hypothesis","Hypothesized CODE window per shipping regions + first non-FF @0x2000. ISA not verified; structural only."
0x53B9,0x53C1,21433,21441,9,CODE,0.78,plausible,ghidra,"ghidra_insn","Ghidra listing instruction start (MCS96:LE:16:default); LJMP/LCALL are PC-relative disp16"
0x53C2,0x53C3,21442,21443,2,CODE,0.55,plausible,re_pipeline,"code_window_hypothesis","Hypothesized CODE window per shipping regions + first non-FF @0x2000. ISA not verified; structural only."
0x53C4,0x53C9,21444,21449,6,CODE,0.78,plausible,ghidra,"ghidra_insn","Ghidra listing instruction start (MCS96:LE:16:default); LJMP/LCALL are PC-relative disp16"
0x53CA,0x53CA,21450,21450,1,CODE,0.55,plausible,re_pipeline,"code_window_hypothesis","Hypothesized CODE window per shipping regions + first non-FF @0x2000. ISA not verified; structural only."
0x53CB,0x53D0,21451,21456,6,CODE,0.78,plausible,ghidra,"ghidra_insn","Ghidra listing instruction start (MCS96:LE:16:default); LJMP/LCALL are PC-relative disp16"
0x53D1,0x53D2,21457,21458,2,CODE,0.55,plausible,re_pipeline,"code_window_hypothesis","Hypothesized CODE window per shipping regions + first non-FF @0x2000. ISA not verified; structural only."
0x53D3,0x53D7,21459,21463,5,CODE,0.78,plausible,ghidra,"ghidra_insn","Ghidra listing instruction start (MCS96:LE:16:default); LJMP/LCALL are PC-relative disp16"
0x53D8,0x53D9,21464,21465,2,CODE,0.55,plausible,re_pipeline,"code_window_hypothesis","Hypothesized CODE window per shipping regions + first non-FF @0x2000. ISA not verified; structural only."
0x53DA,0x53DC,21466,21468,3,CODE,0.78,plausible,ghidra,"ghidra_insn","Ghidra listing instruction start (MCS96:LE:16:default); LJMP/LCALL are PC-relative disp16"
0x53DD,0x53DF,21469,21471,3,CODE,0.55,plausible,re_pipeline,"code_window_hypothesis","Hypothesized CODE window per shipping regions + first non-FF @0x2000. ISA not verified; structural only."
0x53E0,0x53EB,21472,21483,12,CODE,0.78,plausible,ghidra,"ghidra_insn","Ghidra listing instruction start (MCS96:LE:16:default); LJMP/LCALL are PC-relative disp16"
0x53EC,0x53ED,21484,21485,2,CODE,0.55,plausible,re_pipeline,"code_window_hypothesis","Hypothesized CODE window per shipping regions + first non-FF @0x2000. ISA not verified; structural only."
0x53EE,0x53F3,21486,21491,6,CODE,0.78,plausible,ghidra,"ghidra_insn","Ghidra listing instruction start (MCS96:LE:16:default); LJMP/LCALL are PC-relative disp16"
0x53F4,0x53F5,21492,21493,2,CODE,0.55,plausible,re_pipeline,"code_window_hypothesis","Hypothesized CODE window per shipping regions + first non-FF @0x2000. ISA not verified; structural only."
0x53F6,0x53FB,21494,21499,6,CODE,0.78,plausible,ghidra,"ghidra_insn","Ghidra listing instruction start (MCS96:LE:16:default); LJMP/LCALL are PC-relative disp16"
0x53FC,0x53FD,21500,21501,2,CODE,0.55,plausible,re_pipeline,"code_window_hypothesis","Hypothesized CODE window per shipping regions + first non-FF @0x2000. ISA not verified; structural only."
0x53FE,0x5400,21502,21504,3,CODE,0.78,plausible,ghidra,"ghidra_insn","Ghidra listing instruction start (MCS96:LE:16:default); LJMP/LCALL are PC-relative disp16"
0x5401,0x5402,21505,21506,2,CODE,0.55,plausible,re_pipeline,"code_window_hypothesis","Hypothesized CODE window per shipping regions + first non-FF @0x2000. ISA not verified; structural only."
0x5403,0x5407,21507,21511,5,CODE,0.78,plausible,ghidra,"ghidra_insn","Ghidra listing instruction start (MCS96:LE:16:default); LJMP/LCALL are PC-relative disp16"
0x5408,0x5409,21512,21513,2,CODE,0.55,plausible,re_pipeline,"code_window_hypothesis","Hypothesized CODE window per shipping regions + first non-FF @0x2000. ISA not verified; structural only."
0x540A,0x5411,21514,21521,8,CODE,0.78,plausible,ghidra,"ghidra_insn","Ghidra listing instruction start (MCS96:LE:16:default); LJMP/LCALL are PC-relative disp16"
0x5412,0x5413,21522,21523,2,CODE,0.55,plausible,re_pipeline,"code_window_hypothesis","Hypothesized CODE window per shipping regions + first non-FF @0x2000. ISA not verified; structural only."
0x5414,0x5427,21524,21543,20,CODE,0.78,plausible,ghidra,"ghidra_insn","Ghidra listing instruction start (MCS96:LE:16:default); LJMP/LCALL are PC-relative disp16"
0x5428,0x5429,21544,21545,2,CODE,0.55,plausible,re_pipeline,"code_window_hypothesis","Hypothesized CODE window per shipping regions + first non-FF @0x2000. ISA not verified; structural only."
0x542A,0x542F,21546,21551,6,CODE,0.78,plausible,ghidra,"ghidra_insn","Ghidra listing instruction start (MCS96:LE:16:default); LJMP/LCALL are PC-relative disp16"
0x5430,0x5430,21552,21552,1,CODE,0.55,plausible,re_pipeline,"code_window_hypothesis","Hypothesized CODE window per shipping regions + first non-FF @0x2000. ISA not verified; structural only."
0x5431,0x543A,21553,21562,10,CODE,0.78,plausible,ghidra,"ghidra_insn","Ghidra listing instruction start (MCS96:LE:16:default); LJMP/LCALL are PC-relative disp16"
0x543B,0x543B,21563,21563,1,CODE,0.55,plausible,re_pipeline,"code_window_hypothesis","Hypothesized CODE window per shipping regions + first non-FF @0x2000. ISA not verified; structural only."
0x543C,0x5443,21564,21571,8,CODE,0.78,plausible,ghidra,"ghidra_insn","Ghidra listing instruction start (MCS96:LE:16:default); LJMP/LCALL are PC-relative disp16"
0x5444,0x5445,21572,21573,2,CODE,0.55,plausible,re_pipeline,"code_window_hypothesis","Hypothesized CODE window per shipping regions + first non-FF @0x2000. ISA not verified; structural only."
0x5446,0x5452,21574,21586,13,CODE,0.78,plausible,ghidra,"ghidra_insn","Ghidra listing instruction start (MCS96:LE:16:default); LJMP/LCALL are PC-relative disp16"
0x5453,0x5454,21587,21588,2,CODE,0.55,plausible,re_pipeline,"code_window_hypothesis","Hypothesized CODE window per shipping regions + first non-FF @0x2000. ISA not verified; structural only."
0x5455,0x5472,21589,21618,30,CODE,0.78,plausible,ghidra,"ghidra_insn","Ghidra listing instruction start (MCS96:LE:16:default); LJMP/LCALL are PC-relative disp16"
0x5473,0x5474,21619,21620,2,CODE,0.55,plausible,re_pipeline,"code_window_hypothesis","Hypothesized CODE window per shipping regions + first non-FF @0x2000. ISA not verified; structural only."
0x5475,0x5477,21621,21623,3,CODE,0.78,plausible,ghidra,"ghidra_insn","Ghidra listing instruction start (MCS96:LE:16:default); LJMP/LCALL are PC-relative disp16"
0x5478,0x5479,21624,21625,2,CODE,0.55,plausible,re_pipeline,"code_window_hypothesis","Hypothesized CODE window per shipping regions + first non-FF @0x2000. ISA not verified; structural only."
0x547A,0x5480,21626,21632,7,CODE,0.78,plausible,ghidra,"ghidra_insn","Ghidra listing instruction start (MCS96:LE:16:default); LJMP/LCALL are PC-relative disp16"
0x5481,0x5481,21633,21633,1,CODE,0.55,plausible,re_pipeline,"code_window_hypothesis","Hypothesized CODE window per shipping regions + first non-FF @0x2000. ISA not verified; structural only."
0x5482,0x549B,21634,21659,26,CODE,0.78,plausible,ghidra,"ghidra_insn","Ghidra listing instruction start (MCS96:LE:16:default); LJMP/LCALL are PC-relative disp16"
0x549C,0x549D,21660,21661,2,CODE,0.55,plausible,re_pipeline,"code_window_hypothesis","Hypothesized CODE window per shipping regions + first non-FF @0x2000. ISA not verified; structural only."
0x549E,0x54A3,21662,21667,6,CODE,0.78,plausible,ghidra,"ghidra_insn","Ghidra listing instruction start (MCS96:LE:16:default); LJMP/LCALL are PC-relative disp16"
0x54A4,0x54A4,21668,21668,1,CODE,0.55,plausible,re_pipeline,"code_window_hypothesis","Hypothesized CODE window per shipping regions + first non-FF @0x2000. ISA not verified; structural only."
0x54A5,0x54AD,21669,21677,9,CODE,0.78,plausible,ghidra,"ghidra_insn","Ghidra listing instruction start (MCS96:LE:16:default); LJMP/LCALL are PC-relative disp16"
0x54AE,0x54AF,21678,21679,2,CODE,0.55,plausible,re_pipeline,"code_window_hypothesis","Hypothesized CODE window per shipping regions + first non-FF @0x2000. ISA not verified; structural only."
0x54B0,0x54BA,21680,21690,11,CODE,0.78,plausible,ghidra,"ghidra_insn","Ghidra listing instruction start (MCS96:LE:16:default); LJMP/LCALL are PC-relative disp16"
0x54BB,0x54BB,21691,21691,1,CODE,0.55,plausible,re_pipeline,"code_window_hypothesis","Hypothesized CODE window per shipping regions + first non-FF @0x2000. ISA not verified; structural only."
0x54BC,0x54C4,21692,21700,9,CODE,0.78,plausible,ghidra,"ghidra_insn","Ghidra listing instruction start (MCS96:LE:16:default); LJMP/LCALL are PC-relative disp16"
0x54C5,0x54C6,21701,21702,2,CODE,0.55,plausible,re_pipeline,"code_window_hypothesis","Hypothesized CODE window per shipping regions + first non-FF @0x2000. ISA not verified; structural only."
0x54C7,0x54C9,21703,21705,3,CODE,0.78,plausible,ghidra,"ghidra_insn","Ghidra listing instruction start (MCS96:LE:16:default); LJMP/LCALL are PC-relative disp16"
0x54CA,0x54CB,21706,21707,2,CODE,0.55,plausible,re_pipeline,"code_window_hypothesis","Hypothesized CODE window per shipping regions + first non-FF @0x2000. ISA not verified; structural only."
0x54CC,0x54D1,21708,21713,6,CODE,0.78,plausible,ghidra,"ghidra_insn","Ghidra listing instruction start (MCS96:LE:16:default); LJMP/LCALL are PC-relative disp16"
0x54D2,0x54D3,21714,21715,2,CODE,0.55,plausible,re_pipeline,"code_window_hypothesis","Hypothesized CODE window per shipping regions + first non-FF @0x2000. ISA not verified; structural only."
0x54D4,0x54DB,21716,21723,8,CODE,0.78,plausible,ghidra,"ghidra_insn","Ghidra listing instruction start (MCS96:LE:16:default); LJMP/LCALL are PC-relative disp16"
0x54DC,0x54DD,21724,21725,2,CODE,0.55,plausible,re_pipeline,"code_window_hypothesis","Hypothesized CODE window per shipping regions + first non-FF @0x2000. ISA not verified; structural only."
0x54DE,0x54E8,21726,21736,11,CODE,0.78,plausible,ghidra,"ghidra_insn","Ghidra listing instruction start (MCS96:LE:16:default); LJMP/LCALL are PC-relative disp16"
0x54E9,0x54EA,21737,21738,2,CODE,0.55,plausible,re_pipeline,"code_window_hypothesis","Hypothesized CODE window per shipping regions + first non-FF @0x2000. ISA not verified; structural only."
0x54EB,0x54FB,21739,21755,17,CODE,0.78,plausible,ghidra,"ghidra_insn","Ghidra listing instruction start (MCS96:LE:16:default); LJMP/LCALL are PC-relative disp16"
0x54FC,0x54FD,21756,21757,2,CODE,0.55,plausible,re_pipeline,"code_window_hypothesis","Hypothesized CODE window per shipping regions + first non-FF @0x2000. ISA not verified; structural only."
0x54FE,0x5502,21758,21762,5,CODE,0.78,plausible,ghidra,"ghidra_insn","Ghidra listing instruction start (MCS96:LE:16:default); LJMP/LCALL are PC-relative disp16"
0x5503,0x5504,21763,21764,2,CODE,0.55,plausible,re_pipeline,"code_window_hypothesis","Hypothesized CODE window per shipping regions + first non-FF @0x2000. ISA not verified; structural only."
0x5505,0x550C,21765,21772,8,CODE,0.78,plausible,ghidra,"ghidra_insn","Ghidra listing instruction start (MCS96:LE:16:default); LJMP/LCALL are PC-relative disp16"
0x550D,0x550D,21773,21773,1,CODE,0.55,plausible,re_pipeline,"code_window_hypothesis","Hypothesized CODE window per shipping regions + first non-FF @0x2000. ISA not verified; structural only."
0x550E,0x5518,21774,21784,11,CODE,0.78,plausible,ghidra,"ghidra_insn","Ghidra listing instruction start (MCS96:LE:16:default); LJMP/LCALL are PC-relative disp16"
0x5519,0x551A,21785,21786,2,CODE,0.55,plausible,re_pipeline,"code_window_hypothesis","Hypothesized CODE window per shipping regions + first non-FF @0x2000. ISA not verified; structural only."
0x551B,0x5525,21787,21797,11,CODE,0.78,plausible,ghidra,"ghidra_insn","Ghidra listing instruction start (MCS96:LE:16:default); LJMP/LCALL are PC-relative disp16"
0x5526,0x5526,21798,21798,1,CODE,0.55,plausible,re_pipeline,"code_window_hypothesis","Hypothesized CODE window per shipping regions + first non-FF @0x2000. ISA not verified; structural only."
0x5527,0x5531,21799,21809,11,CODE,0.78,plausible,ghidra,"ghidra_insn","Ghidra listing instruction start (MCS96:LE:16:default); LJMP/LCALL are PC-relative disp16"
0x5532,0x5533,21810,21811,2,CODE,0.55,plausible,re_pipeline,"code_window_hypothesis","Hypothesized CODE window per shipping regions + first non-FF @0x2000. ISA not verified; structural only."
0x5534,0x5539,21812,21817,6,CODE,0.78,plausible,ghidra,"ghidra_insn","Ghidra listing instruction start (MCS96:LE:16:default); LJMP/LCALL are PC-relative disp16"
0x553A,0x553A,21818,21818,1,CODE,0.55,plausible,re_pipeline,"code_window_hypothesis","Hypothesized CODE window per shipping regions + first non-FF @0x2000. ISA not verified; structural only."
0x553B,0x554B,21819,21835,17,CODE,0.78,plausible,ghidra,"ghidra_insn","Ghidra listing instruction start (MCS96:LE:16:default); LJMP/LCALL are PC-relative disp16"
0x554C,0x554C,21836,21836,1,CODE,0.55,plausible,re_pipeline,"code_window_hypothesis","Hypothesized CODE window per shipping regions + first non-FF @0x2000. ISA not verified; structural only."
0x554D,0x5555,21837,21845,9,CODE,0.78,plausible,ghidra,"ghidra_insn","Ghidra listing instruction start (MCS96:LE:16:default); LJMP/LCALL are PC-relative disp16"
0x5556,0x5557,21846,21847,2,CODE,0.55,plausible,re_pipeline,"code_window_hypothesis","Hypothesized CODE window per shipping regions + first non-FF @0x2000. ISA not verified; structural only."
0x5558,0x555A,21848,21850,3,CODE,0.78,plausible,ghidra,"ghidra_insn","Ghidra listing instruction start (MCS96:LE:16:default); LJMP/LCALL are PC-relative disp16"
0x555B,0x555C,21851,21852,2,CODE,0.55,plausible,re_pipeline,"code_window_hypothesis","Hypothesized CODE window per shipping regions + first non-FF @0x2000. ISA not verified; structural only."
0x555D,0x556B,21853,21867,15,CODE,0.78,plausible,ghidra,"ghidra_insn","Ghidra listing instruction start (MCS96:LE:16:default); LJMP/LCALL are PC-relative disp16"
0x556C,0x556D,21868,21869,2,CODE,0.55,plausible,re_pipeline,"code_window_hypothesis","Hypothesized CODE window per shipping regions + first non-FF @0x2000. ISA not verified; structural only."
0x556E,0x5580,21870,21888,19,CODE,0.78,plausible,ghidra,"ghidra_insn","Ghidra listing instruction start (MCS96:LE:16:default); LJMP/LCALL are PC-relative disp16"
0x5581,0x5582,21889,21890,2,CODE,0.55,plausible,re_pipeline,"code_window_hypothesis","Hypothesized CODE window per shipping regions + first non-FF @0x2000. ISA not verified; structural only."
0x5583,0x5588,21891,21896,6,CODE,0.78,plausible,ghidra,"ghidra_insn","Ghidra listing instruction start (MCS96:LE:16:default); LJMP/LCALL are PC-relative disp16"
0x5589,0x558A,21897,21898,2,CODE,0.55,plausible,re_pipeline,"code_window_hypothesis","Hypothesized CODE window per shipping regions + first non-FF @0x2000. ISA not verified; structural only."
0x558B,0x558F,21899,21903,5,CODE,0.78,plausible,ghidra,"ghidra_insn","Ghidra listing instruction start (MCS96:LE:16:default); LJMP/LCALL are PC-relative disp16"
0x5590,0x5590,21904,21904,1,CODE,0.55,plausible,re_pipeline,"code_window_hypothesis","Hypothesized CODE window per shipping regions + first non-FF @0x2000. ISA not verified; structural only."
0x5591,0x5599,21905,21913,9,CODE,0.78,plausible,ghidra,"ghidra_insn","Ghidra listing instruction start (MCS96:LE:16:default); LJMP/LCALL are PC-relative disp16"
0x559A,0x559B,21914,21915,2,CODE,0.55,plausible,re_pipeline,"code_window_hypothesis","Hypothesized CODE window per shipping regions + first non-FF @0x2000. ISA not verified; structural only."
0x559C,0x559E,21916,21918,3,CODE,0.78,plausible,ghidra,"ghidra_insn","Ghidra listing instruction start (MCS96:LE:16:default); LJMP/LCALL are PC-relative disp16"
0x559F,0x55A0,21919,21920,2,CODE,0.55,plausible,re_pipeline,"code_window_hypothesis","Hypothesized CODE window per shipping regions + first non-FF @0x2000. ISA not verified; structural only."
0x55A1,0x55A3,21921,21923,3,CODE,0.78,plausible,ghidra,"ghidra_insn","Ghidra listing instruction start (MCS96:LE:16:default); LJMP/LCALL are PC-relative disp16"
0x55A4,0x55A5,21924,21925,2,CODE,0.55,plausible,re_pipeline,"code_window_hypothesis","Hypothesized CODE window per shipping regions + first non-FF @0x2000. ISA not verified; structural only."
0x55A6,0x55A8,21926,21928,3,CODE,0.78,plausible,ghidra,"ghidra_insn","Ghidra listing instruction start (MCS96:LE:16:default); LJMP/LCALL are PC-relative disp16"
0x55A9,0x55AA,21929,21930,2,CODE,0.55,plausible,re_pipeline,"code_window_hypothesis","Hypothesized CODE window per shipping regions + first non-FF @0x2000. ISA not verified; structural only."
0x55AB,0x55B0,21931,21936,6,CODE,0.78,plausible,ghidra,"ghidra_insn","Ghidra listing instruction start (MCS96:LE:16:default); LJMP/LCALL are PC-relative disp16"
0x55B1,0x55B2,21937,21938,2,CODE,0.55,plausible,re_pipeline,"code_window_hypothesis","Hypothesized CODE window per shipping regions + first non-FF @0x2000. ISA not verified; structural only."
0x55B3,0x55B5,21939,21941,3,CODE,0.78,plausible,ghidra,"ghidra_insn","Ghidra listing instruction start (MCS96:LE:16:default); LJMP/LCALL are PC-relative disp16"
0x55B6,0x55B7,21942,21943,2,CODE,0.55,plausible,re_pipeline,"code_window_hypothesis","Hypothesized CODE window per shipping regions + first non-FF @0x2000. ISA not verified; structural only."
0x55B8,0x55C0,21944,21952,9,CODE,0.78,plausible,ghidra,"ghidra_insn","Ghidra listing instruction start (MCS96:LE:16:default); LJMP/LCALL are PC-relative disp16"
0x55C1,0x55C2,21953,21954,2,CODE,0.55,plausible,re_pipeline,"code_window_hypothesis","Hypothesized CODE window per shipping regions + first non-FF @0x2000. ISA not verified; structural only."
0x55C3,0x55C5,21955,21957,3,CODE,0.78,plausible,ghidra,"ghidra_insn","Ghidra listing instruction start (MCS96:LE:16:default); LJMP/LCALL are PC-relative disp16"
0x55C6,0x55C7,21958,21959,2,CODE,0.55,plausible,re_pipeline,"code_window_hypothesis","Hypothesized CODE window per shipping regions + first non-FF @0x2000. ISA not verified; structural only."
0x55C8,0x55CC,21960,21964,5,CODE,0.78,plausible,ghidra,"ghidra_insn","Ghidra listing instruction start (MCS96:LE:16:default); LJMP/LCALL are PC-relative disp16"
0x55CD,0x55CE,21965,21966,2,CODE,0.55,plausible,re_pipeline,"code_window_hypothesis","Hypothesized CODE window per shipping regions + first non-FF @0x2000. ISA not verified; structural only."
0x55CF,0x55D1,21967,21969,3,CODE,0.78,plausible,ghidra,"ghidra_insn","Ghidra listing instruction start (MCS96:LE:16:default); LJMP/LCALL are PC-relative disp16"
0x55D2,0x55D3,21970,21971,2,CODE,0.55,plausible,re_pipeline,"code_window_hypothesis","Hypothesized CODE window per shipping regions + first non-FF @0x2000. ISA not verified; structural only."
0x55D4,0x55D6,21972,21974,3,CODE,0.78,plausible,ghidra,"ghidra_insn","Ghidra listing instruction start (MCS96:LE:16:default); LJMP/LCALL are PC-relative disp16"
0x55D7,0x55D8,21975,21976,2,CODE,0.55,plausible,re_pipeline,"code_window_hypothesis","Hypothesized CODE window per shipping regions + first non-FF @0x2000. ISA not verified; structural only."
0x55D9,0x55DB,21977,21979,3,CODE,0.78,plausible,ghidra,"ghidra_insn","Ghidra listing instruction start (MCS96:LE:16:default); LJMP/LCALL are PC-relative disp16"
0x55DC,0x55DD,21980,21981,2,CODE,0.55,plausible,re_pipeline,"code_window_hypothesis","Hypothesized CODE window per shipping regions + first non-FF @0x2000. ISA not verified; structural only."
0x55DE,0x55E0,21982,21984,3,CODE,0.78,plausible,ghidra,"ghidra_insn","Ghidra listing instruction start (MCS96:LE:16:default); LJMP/LCALL are PC-relative disp16"
0x55E1,0x55E2,21985,21986,2,CODE,0.55,plausible,re_pipeline,"code_window_hypothesis","Hypothesized CODE window per shipping regions + first non-FF @0x2000. ISA not verified; structural only."
0x55E3,0x55E8,21987,21992,6,CODE,0.78,plausible,ghidra,"ghidra_insn","Ghidra listing instruction start (MCS96:LE:16:default); LJMP/LCALL are PC-relative disp16"
0x55E9,0x55EA,21993,21994,2,CODE,0.55,plausible,re_pipeline,"code_window_hypothesis","Hypothesized CODE window per shipping regions + first non-FF @0x2000. ISA not verified; structural only."
0x55EB,0x55ED,21995,21997,3,CODE,0.78,plausible,ghidra,"ghidra_insn","Ghidra listing instruction start (MCS96:LE:16:default); LJMP/LCALL are PC-relative disp16"
0x55EE,0x55EF,21998,21999,2,CODE,0.55,plausible,re_pipeline,"code_window_hypothesis","Hypothesized CODE window per shipping regions + first non-FF @0x2000. ISA not verified; structural only."
0x55F0,0x55F2,22000,22002,3,CODE,0.78,plausible,ghidra,"ghidra_insn","Ghidra listing instruction start (MCS96:LE:16:default); LJMP/LCALL are PC-relative disp16"
0x55F3,0x55F4,22003,22004,2,CODE,0.55,plausible,re_pipeline,"code_window_hypothesis","Hypothesized CODE window per shipping regions + first non-FF @0x2000. ISA not verified; structural only."
0x55F5,0x560D,22005,22029,25,CODE,0.78,plausible,ghidra,"ghidra_insn","Ghidra listing instruction start (MCS96:LE:16:default); LJMP/LCALL are PC-relative disp16"
0x560E,0x560F,22030,22031,2,CODE,0.55,plausible,re_pipeline,"code_window_hypothesis","Hypothesized CODE window per shipping regions + first non-FF @0x2000. ISA not verified; structural only."
0x5610,0x561B,22032,22043,12,CODE,0.78,plausible,ghidra,"ghidra_insn","Ghidra listing instruction start (MCS96:LE:16:default); LJMP/LCALL are PC-relative disp16"
0x561C,0x561D,22044,22045,2,CODE,0.55,plausible,re_pipeline,"code_window_hypothesis","Hypothesized CODE window per shipping regions + first non-FF @0x2000. ISA not verified; structural only."
0x561E,0x5620,22046,22048,3,CODE,0.78,plausible,ghidra,"ghidra_insn","Ghidra listing instruction start (MCS96:LE:16:default); LJMP/LCALL are PC-relative disp16"
0x5621,0x5622,22049,22050,2,CODE,0.55,plausible,re_pipeline,"code_window_hypothesis","Hypothesized CODE window per shipping regions + first non-FF @0x2000. ISA not verified; structural only."
0x5623,0x5625,22051,22053,3,CODE,0.78,plausible,ghidra,"ghidra_insn","Ghidra listing instruction start (MCS96:LE:16:default); LJMP/LCALL are PC-relative disp16"
0x5626,0x5626,22054,22054,1,CODE,0.55,plausible,re_pipeline,"code_window_hypothesis","Hypothesized CODE window per shipping regions + first non-FF @0x2000. ISA not verified; structural only."
0x5627,0x562C,22055,22060,6,CODE,0.78,plausible,ghidra,"ghidra_insn","Ghidra listing instruction start (MCS96:LE:16:default); LJMP/LCALL are PC-relative disp16"
0x562D,0x562E,22061,22062,2,CODE,0.55,plausible,re_pipeline,"code_window_hypothesis","Hypothesized CODE window per shipping regions + first non-FF @0x2000. ISA not verified; structural only."
0x562F,0x5634,22063,22068,6,CODE,0.78,plausible,ghidra,"ghidra_insn","Ghidra listing instruction start (MCS96:LE:16:default); LJMP/LCALL are PC-relative disp16"
0x5635,0x5635,22069,22069,1,CODE,0.55,plausible,re_pipeline,"code_window_hypothesis","Hypothesized CODE window per shipping regions + first non-FF @0x2000. ISA not verified; structural only."
0x5636,0x563B,22070,22075,6,CODE,0.78,plausible,ghidra,"ghidra_insn","Ghidra listing instruction start (MCS96:LE:16:default); LJMP/LCALL are PC-relative disp16"
0x563C,0x563D,22076,22077,2,CODE,0.55,plausible,re_pipeline,"code_window_hypothesis","Hypothesized CODE window per shipping regions + first non-FF @0x2000. ISA not verified; structural only."
0x563E,0x5640,22078,22080,3,CODE,0.78,plausible,ghidra,"ghidra_insn","Ghidra listing instruction start (MCS96:LE:16:default); LJMP/LCALL are PC-relative disp16"
0x5641,0x5642,22081,22082,2,CODE,0.55,plausible,re_pipeline,"code_window_hypothesis","Hypothesized CODE window per shipping regions + first non-FF @0x2000. ISA not verified; structural only."
0x5643,0x5645,22083,22085,3,CODE,0.78,plausible,ghidra,"ghidra_insn","Ghidra listing instruction start (MCS96:LE:16:default); LJMP/LCALL are PC-relative disp16"
0x5646,0x5647,22086,22087,2,CODE,0.55,plausible,re_pipeline,"code_window_hypothesis","Hypothesized CODE window per shipping regions + first non-FF @0x2000. ISA not verified; structural only."
0x5648,0x564C,22088,22092,5,CODE,0.78,plausible,ghidra,"ghidra_insn","Ghidra listing instruction start (MCS96:LE:16:default); LJMP/LCALL are PC-relative disp16"
0x564D,0x564D,22093,22093,1,CODE,0.55,plausible,re_pipeline,"code_window_hypothesis","Hypothesized CODE window per shipping regions + first non-FF @0x2000. ISA not verified; structural only."
0x564E,0x5650,22094,22096,3,CODE,0.78,plausible,ghidra,"ghidra_insn","Ghidra listing instruction start (MCS96:LE:16:default); LJMP/LCALL are PC-relative disp16"
0x5651,0x5652,22097,22098,2,CODE,0.55,plausible,re_pipeline,"code_window_hypothesis","Hypothesized CODE window per shipping regions + first non-FF @0x2000. ISA not verified; structural only."
0x5653,0x5655,22099,22101,3,CODE,0.78,plausible,ghidra,"ghidra_insn","Ghidra listing instruction start (MCS96:LE:16:default); LJMP/LCALL are PC-relative disp16"
0x5656,0x5657,22102,22103,2,CODE,0.55,plausible,re_pipeline,"code_window_hypothesis","Hypothesized CODE window per shipping regions + first non-FF @0x2000. ISA not verified; structural only."
0x5658,0x5661,22104,22113,10,CODE,0.78,plausible,ghidra,"ghidra_insn","Ghidra listing instruction start (MCS96:LE:16:default); LJMP/LCALL are PC-relative disp16"
0x5662,0x5662,22114,22114,1,CODE,0.55,plausible,re_pipeline,"code_window_hypothesis","Hypothesized CODE window per shipping regions + first non-FF @0x2000. ISA not verified; structural only."
0x5663,0x566D,22115,22125,11,CODE,0.78,plausible,ghidra,"ghidra_insn","Ghidra listing instruction start (MCS96:LE:16:default); LJMP/LCALL are PC-relative disp16"
0x566E,0x566F,22126,22127,2,CODE,0.55,plausible,re_pipeline,"code_window_hypothesis","Hypothesized CODE window per shipping regions + first non-FF @0x2000. ISA not verified; structural only."
0x5670,0x567C,22128,22140,13,CODE,0.78,plausible,ghidra,"ghidra_insn","Ghidra listing instruction start (MCS96:LE:16:default); LJMP/LCALL are PC-relative disp16"
0x567D,0x567E,22141,22142,2,CODE,0.55,plausible,re_pipeline,"code_window_hypothesis","Hypothesized CODE window per shipping regions + first non-FF @0x2000. ISA not verified; structural only."
0x567F,0x5689,22143,22153,11,CODE,0.78,plausible,ghidra,"ghidra_insn","Ghidra listing instruction start (MCS96:LE:16:default); LJMP/LCALL are PC-relative disp16"
0x568A,0x568B,22154,22155,2,CODE,0.55,plausible,re_pipeline,"code_window_hypothesis","Hypothesized CODE window per shipping regions + first non-FF @0x2000. ISA not verified; structural only."
0x568C,0x568E,22156,22158,3,CODE,0.78,plausible,ghidra,"ghidra_insn","Ghidra listing instruction start (MCS96:LE:16:default); LJMP/LCALL are PC-relative disp16"
0x568F,0x5690,22159,22160,2,CODE,0.55,plausible,re_pipeline,"code_window_hypothesis","Hypothesized CODE window per shipping regions + first non-FF @0x2000. ISA not verified; structural only."
0x5691,0x5693,22161,22163,3,CODE,0.78,plausible,ghidra,"ghidra_insn","Ghidra listing instruction start (MCS96:LE:16:default); LJMP/LCALL are PC-relative disp16"
0x5694,0x5696,22164,22166,3,CODE,0.55,plausible,re_pipeline,"code_window_hypothesis","Hypothesized CODE window per shipping regions + first non-FF @0x2000. ISA not verified; structural only."
0x5697,0x56A4,22167,22180,14,CODE,0.78,plausible,ghidra,"ghidra_insn","Ghidra listing instruction start (MCS96:LE:16:default); LJMP/LCALL are PC-relative disp16"
0x56A5,0x56A5,22181,22181,1,CODE,0.55,plausible,re_pipeline,"code_window_hypothesis","Hypothesized CODE window per shipping regions + first non-FF @0x2000. ISA not verified; structural only."
0x56A6,0x56AA,22182,22186,5,CODE,0.78,plausible,ghidra,"ghidra_insn","Ghidra listing instruction start (MCS96:LE:16:default); LJMP/LCALL are PC-relative disp16"
0x56AB,0x56AC,22187,22188,2,CODE,0.55,plausible,re_pipeline,"code_window_hypothesis","Hypothesized CODE window per shipping regions + first non-FF @0x2000. ISA not verified; structural only."
0x56AD,0x56BB,22189,22203,15,CODE,0.78,plausible,ghidra,"ghidra_insn","Ghidra listing instruction start (MCS96:LE:16:default); LJMP/LCALL are PC-relative disp16"
0x56BC,0x56BE,22204,22206,3,CODE,0.55,plausible,re_pipeline,"code_window_hypothesis","Hypothesized CODE window per shipping regions + first non-FF @0x2000. ISA not verified; structural only."
0x56BF,0x56CA,22207,22218,12,CODE,0.78,plausible,ghidra,"ghidra_insn","Ghidra listing instruction start (MCS96:LE:16:default); LJMP/LCALL are PC-relative disp16"
0x56CB,0x56CC,22219,22220,2,CODE,0.55,plausible,re_pipeline,"code_window_hypothesis","Hypothesized CODE window per shipping regions + first non-FF @0x2000. ISA not verified; structural only."
0x56CD,0x56E0,22221,22240,20,CODE,0.78,plausible,ghidra,"ghidra_insn","Ghidra listing instruction start (MCS96:LE:16:default); LJMP/LCALL are PC-relative disp16"
0x56E1,0x56E2,22241,22242,2,CODE,0.55,plausible,re_pipeline,"code_window_hypothesis","Hypothesized CODE window per shipping regions + first non-FF @0x2000. ISA not verified; structural only."
0x56E3,0x56E7,22243,22247,5,CODE,0.78,plausible,ghidra,"ghidra_insn","Ghidra listing instruction start (MCS96:LE:16:default); LJMP/LCALL are PC-relative disp16"
0x56E8,0x56E9,22248,22249,2,CODE,0.55,plausible,re_pipeline,"code_window_hypothesis","Hypothesized CODE window per shipping regions + first non-FF @0x2000. ISA not verified; structural only."
0x56EA,0x56EC,22250,22252,3,CODE,0.78,plausible,ghidra,"ghidra_insn","Ghidra listing instruction start (MCS96:LE:16:default); LJMP/LCALL are PC-relative disp16"
0x56ED,0x56EE,22253,22254,2,CODE,0.55,plausible,re_pipeline,"code_window_hypothesis","Hypothesized CODE window per shipping regions + first non-FF @0x2000. ISA not verified; structural only."
0x56EF,0x56F8,22255,22264,10,CODE,0.78,plausible,ghidra,"ghidra_insn","Ghidra listing instruction start (MCS96:LE:16:default); LJMP/LCALL are PC-relative disp16"
0x56F9,0x56FA,22265,22266,2,CODE,0.55,plausible,re_pipeline,"code_window_hypothesis","Hypothesized CODE window per shipping regions + first non-FF @0x2000. ISA not verified; structural only."
0x56FB,0x56FF,22267,22271,5,CODE,0.78,plausible,ghidra,"ghidra_insn","Ghidra listing instruction start (MCS96:LE:16:default); LJMP/LCALL are PC-relative disp16"
0x5700,0x5701,22272,22273,2,CODE,0.55,plausible,re_pipeline,"code_window_hypothesis","Hypothesized CODE window per shipping regions + first non-FF @0x2000. ISA not verified; structural only."
0x5702,0x5706,22274,22278,5,CODE,0.78,plausible,ghidra,"ghidra_insn","Ghidra listing instruction start (MCS96:LE:16:default); LJMP/LCALL are PC-relative disp16"
0x5707,0x5708,22279,22280,2,CODE,0.55,plausible,re_pipeline,"code_window_hypothesis","Hypothesized CODE window per shipping regions + first non-FF @0x2000. ISA not verified; structural only."
0x5709,0x570B,22281,22283,3,CODE,0.78,plausible,ghidra,"ghidra_insn","Ghidra listing instruction start (MCS96:LE:16:default); LJMP/LCALL are PC-relative disp16"
0x570C,0x570D,22284,22285,2,CODE,0.55,plausible,re_pipeline,"code_window_hypothesis","Hypothesized CODE window per shipping regions + first non-FF @0x2000. ISA not verified; structural only."
0x570E,0x5724,22286,22308,23,CODE,0.78,plausible,ghidra,"ghidra_insn","Ghidra listing instruction start (MCS96:LE:16:default); LJMP/LCALL are PC-relative disp16"
0x5725,0x5726,22309,22310,2,CODE,0.55,plausible,re_pipeline,"code_window_hypothesis","Hypothesized CODE window per shipping regions + first non-FF @0x2000. ISA not verified; structural only."
0x5727,0x572C,22311,22316,6,CODE,0.78,plausible,ghidra,"ghidra_insn","Ghidra listing instruction start (MCS96:LE:16:default); LJMP/LCALL are PC-relative disp16"
0x572D,0x572D,22317,22317,1,CODE,0.55,plausible,re_pipeline,"code_window_hypothesis","Hypothesized CODE window per shipping regions + first non-FF @0x2000. ISA not verified; structural only."
0x572E,0x5730,22318,22320,3,CODE,0.78,plausible,ghidra,"ghidra_insn","Ghidra listing instruction start (MCS96:LE:16:default); LJMP/LCALL are PC-relative disp16"
0x5731,0x5732,22321,22322,2,CODE,0.55,plausible,re_pipeline,"code_window_hypothesis","Hypothesized CODE window per shipping regions + first non-FF @0x2000. ISA not verified; structural only."
0x5733,0x573B,22323,22331,9,CODE,0.78,plausible,ghidra,"ghidra_insn","Ghidra listing instruction start (MCS96:LE:16:default); LJMP/LCALL are PC-relative disp16"
0x573C,0x573D,22332,22333,2,CODE,0.55,plausible,re_pipeline,"code_window_hypothesis","Hypothesized CODE window per shipping regions + first non-FF @0x2000. ISA not verified; structural only."
0x573E,0x5743,22334,22339,6,CODE,0.78,plausible,ghidra,"ghidra_insn","Ghidra listing instruction start (MCS96:LE:16:default); LJMP/LCALL are PC-relative disp16"
0x5744,0x5745,22340,22341,2,CODE,0.55,plausible,re_pipeline,"code_window_hypothesis","Hypothesized CODE window per shipping regions + first non-FF @0x2000. ISA not verified; structural only."
0x5746,0x574D,22342,22349,8,CODE,0.78,plausible,ghidra,"ghidra_insn","Ghidra listing instruction start (MCS96:LE:16:default); LJMP/LCALL are PC-relative disp16"
0x574E,0x5750,22350,22352,3,CODE,0.55,plausible,re_pipeline,"code_window_hypothesis","Hypothesized CODE window per shipping regions + first non-FF @0x2000. ISA not verified; structural only."
0x5751,0x575D,22353,22365,13,CODE,0.78,plausible,ghidra,"ghidra_insn","Ghidra listing instruction start (MCS96:LE:16:default); LJMP/LCALL are PC-relative disp16"
0x575E,0x575F,22366,22367,2,CODE,0.55,plausible,re_pipeline,"code_window_hypothesis","Hypothesized CODE window per shipping regions + first non-FF @0x2000. ISA not verified; structural only."
0x5760,0x5762,22368,22370,3,CODE,0.78,plausible,ghidra,"ghidra_insn","Ghidra listing instruction start (MCS96:LE:16:default); LJMP/LCALL are PC-relative disp16"
0x5763,0x5764,22371,22372,2,CODE,0.55,plausible,re_pipeline,"code_window_hypothesis","Hypothesized CODE window per shipping regions + first non-FF @0x2000. ISA not verified; structural only."
0x5765,0x5767,22373,22375,3,CODE,0.78,plausible,ghidra,"ghidra_insn","Ghidra listing instruction start (MCS96:LE:16:default); LJMP/LCALL are PC-relative disp16"
0x5768,0x5769,22376,22377,2,CODE,0.55,plausible,re_pipeline,"code_window_hypothesis","Hypothesized CODE window per shipping regions + first non-FF @0x2000. ISA not verified; structural only."
0x576A,0x576C,22378,22380,3,CODE,0.78,plausible,ghidra,"ghidra_insn","Ghidra listing instruction start (MCS96:LE:16:default); LJMP/LCALL are PC-relative disp16"
0x576D,0x576E,22381,22382,2,CODE,0.55,plausible,re_pipeline,"code_window_hypothesis","Hypothesized CODE window per shipping regions + first non-FF @0x2000. ISA not verified; structural only."
0x576F,0x5776,22383,22390,8,CODE,0.78,plausible,ghidra,"ghidra_insn","Ghidra listing instruction start (MCS96:LE:16:default); LJMP/LCALL are PC-relative disp16"
0x5777,0x5778,22391,22392,2,CODE,0.55,plausible,re_pipeline,"code_window_hypothesis","Hypothesized CODE window per shipping regions + first non-FF @0x2000. ISA not verified; structural only."
0x5779,0x577E,22393,22398,6,CODE,0.78,plausible,ghidra,"ghidra_insn","Ghidra listing instruction start (MCS96:LE:16:default); LJMP/LCALL are PC-relative disp16"
0x577F,0x5780,22399,22400,2,CODE,0.55,plausible,re_pipeline,"code_window_hypothesis","Hypothesized CODE window per shipping regions + first non-FF @0x2000. ISA not verified; structural only."
0x5781,0x5788,22401,22408,8,CODE,0.78,plausible,ghidra,"ghidra_insn","Ghidra listing instruction start (MCS96:LE:16:default); LJMP/LCALL are PC-relative disp16"
0x5789,0x578A,22409,22410,2,CODE,0.55,plausible,re_pipeline,"code_window_hypothesis","Hypothesized CODE window per shipping regions + first non-FF @0x2000. ISA not verified; structural only."
0x578B,0x5790,22411,22416,6,CODE,0.78,plausible,ghidra,"ghidra_insn","Ghidra listing instruction start (MCS96:LE:16:default); LJMP/LCALL are PC-relative disp16"
0x5791,0x5792,22417,22418,2,CODE,0.55,plausible,re_pipeline,"code_window_hypothesis","Hypothesized CODE window per shipping regions + first non-FF @0x2000. ISA not verified; structural only."
0x5793,0x5795,22419,22421,3,CODE,0.78,plausible,ghidra,"ghidra_insn","Ghidra listing instruction start (MCS96:LE:16:default); LJMP/LCALL are PC-relative disp16"
0x5796,0x5797,22422,22423,2,CODE,0.55,plausible,re_pipeline,"code_window_hypothesis","Hypothesized CODE window per shipping regions + first non-FF @0x2000. ISA not verified; structural only."
0x5798,0x579A,22424,22426,3,CODE,0.78,plausible,ghidra,"ghidra_insn","Ghidra listing instruction start (MCS96:LE:16:default); LJMP/LCALL are PC-relative disp16"
0x579B,0x579C,22427,22428,2,CODE,0.55,plausible,re_pipeline,"code_window_hypothesis","Hypothesized CODE window per shipping regions + first non-FF @0x2000. ISA not verified; structural only."
0x579D,0x579F,22429,22431,3,CODE,0.78,plausible,ghidra,"ghidra_insn","Ghidra listing instruction start (MCS96:LE:16:default); LJMP/LCALL are PC-relative disp16"
0x57A0,0x57A1,22432,22433,2,CODE,0.55,plausible,re_pipeline,"code_window_hypothesis","Hypothesized CODE window per shipping regions + first non-FF @0x2000. ISA not verified; structural only."
0x57A2,0x57A4,22434,22436,3,CODE,0.78,plausible,ghidra,"ghidra_insn","Ghidra listing instruction start (MCS96:LE:16:default); LJMP/LCALL are PC-relative disp16"
0x57A5,0x57A6,22437,22438,2,CODE,0.55,plausible,re_pipeline,"code_window_hypothesis","Hypothesized CODE window per shipping regions + first non-FF @0x2000. ISA not verified; structural only."
0x57A7,0x57A9,22439,22441,3,CODE,0.78,plausible,ghidra,"ghidra_insn","Ghidra listing instruction start (MCS96:LE:16:default); LJMP/LCALL are PC-relative disp16"
0x57AA,0x57AB,22442,22443,2,CODE,0.55,plausible,re_pipeline,"code_window_hypothesis","Hypothesized CODE window per shipping regions + first non-FF @0x2000. ISA not verified; structural only."
0x57AC,0x57AE,22444,22446,3,CODE,0.78,plausible,ghidra,"ghidra_insn","Ghidra listing instruction start (MCS96:LE:16:default); LJMP/LCALL are PC-relative disp16"
0x57AF,0x57B0,22447,22448,2,CODE,0.55,plausible,re_pipeline,"code_window_hypothesis","Hypothesized CODE window per shipping regions + first non-FF @0x2000. ISA not verified; structural only."
0x57B1,0x57BD,22449,22461,13,CODE,0.78,plausible,ghidra,"ghidra_insn","Ghidra listing instruction start (MCS96:LE:16:default); LJMP/LCALL are PC-relative disp16"
0x57BE,0x57BF,22462,22463,2,CODE,0.55,plausible,re_pipeline,"code_window_hypothesis","Hypothesized CODE window per shipping regions + first non-FF @0x2000. ISA not verified; structural only."
0x57C0,0x57C4,22464,22468,5,CODE,0.78,plausible,ghidra,"ghidra_insn","Ghidra listing instruction start (MCS96:LE:16:default); LJMP/LCALL are PC-relative disp16"
0x57C5,0x57C6,22469,22470,2,CODE,0.55,plausible,re_pipeline,"code_window_hypothesis","Hypothesized CODE window per shipping regions + first non-FF @0x2000. ISA not verified; structural only."
0x57C7,0x57CD,22471,22477,7,CODE,0.78,plausible,ghidra,"ghidra_insn","Ghidra listing instruction start (MCS96:LE:16:default); LJMP/LCALL are PC-relative disp16"
0x57CE,0x57CF,22478,22479,2,CODE,0.55,plausible,re_pipeline,"code_window_hypothesis","Hypothesized CODE window per shipping regions + first non-FF @0x2000. ISA not verified; structural only."
0x57D0,0x57DC,22480,22492,13,CODE,0.78,plausible,ghidra,"ghidra_insn","Ghidra listing instruction start (MCS96:LE:16:default); LJMP/LCALL are PC-relative disp16"
0x57DD,0x57DE,22493,22494,2,CODE,0.55,plausible,re_pipeline,"code_window_hypothesis","Hypothesized CODE window per shipping regions + first non-FF @0x2000. ISA not verified; structural only."
0x57DF,0x57E1,22495,22497,3,CODE,0.78,plausible,ghidra,"ghidra_insn","Ghidra listing instruction start (MCS96:LE:16:default); LJMP/LCALL are PC-relative disp16"
0x57E2,0x57E3,22498,22499,2,CODE,0.55,plausible,re_pipeline,"code_window_hypothesis","Hypothesized CODE window per shipping regions + first non-FF @0x2000. ISA not verified; structural only."
0x57E4,0x57E9,22500,22505,6,CODE,0.78,plausible,ghidra,"ghidra_insn","Ghidra listing instruction start (MCS96:LE:16:default); LJMP/LCALL are PC-relative disp16"
0x57EA,0x57EB,22506,22507,2,CODE,0.55,plausible,re_pipeline,"code_window_hypothesis","Hypothesized CODE window per shipping regions + first non-FF @0x2000. ISA not verified; structural only."
0x57EC,0x57F6,22508,22518,11,CODE,0.78,plausible,ghidra,"ghidra_insn","Ghidra listing instruction start (MCS96:LE:16:default); LJMP/LCALL are PC-relative disp16"
0x57F7,0x57F8,22519,22520,2,CODE,0.55,plausible,re_pipeline,"code_window_hypothesis","Hypothesized CODE window per shipping regions + first non-FF @0x2000. ISA not verified; structural only."
0x57F9,0x5803,22521,22531,11,CODE,0.78,plausible,ghidra,"ghidra_insn","Ghidra listing instruction start (MCS96:LE:16:default); LJMP/LCALL are PC-relative disp16"
0x5804,0x5805,22532,22533,2,CODE,0.55,plausible,re_pipeline,"code_window_hypothesis","Hypothesized CODE window per shipping regions + first non-FF @0x2000. ISA not verified; structural only."
0x5806,0x580B,22534,22539,6,CODE,0.78,plausible,ghidra,"ghidra_insn","Ghidra listing instruction start (MCS96:LE:16:default); LJMP/LCALL are PC-relative disp16"
0x580C,0x580D,22540,22541,2,CODE,0.55,plausible,re_pipeline,"code_window_hypothesis","Hypothesized CODE window per shipping regions + first non-FF @0x2000. ISA not verified; structural only."
0x580E,0x5810,22542,22544,3,CODE,0.78,plausible,ghidra,"ghidra_insn","Ghidra listing instruction start (MCS96:LE:16:default); LJMP/LCALL are PC-relative disp16"
0x5811,0x5812,22545,22546,2,CODE,0.55,plausible,re_pipeline,"code_window_hypothesis","Hypothesized CODE window per shipping regions + first non-FF @0x2000. ISA not verified; structural only."
0x5813,0x5815,22547,22549,3,CODE,0.78,plausible,ghidra,"ghidra_insn","Ghidra listing instruction start (MCS96:LE:16:default); LJMP/LCALL are PC-relative disp16"
0x5816,0x5817,22550,22551,2,CODE,0.55,plausible,re_pipeline,"code_window_hypothesis","Hypothesized CODE window per shipping regions + first non-FF @0x2000. ISA not verified; structural only."
0x5818,0x5822,22552,22562,11,CODE,0.78,plausible,ghidra,"ghidra_insn","Ghidra listing instruction start (MCS96:LE:16:default); LJMP/LCALL are PC-relative disp16"
0x5823,0x5824,22563,22564,2,CODE,0.55,plausible,re_pipeline,"code_window_hypothesis","Hypothesized CODE window per shipping regions + first non-FF @0x2000. ISA not verified; structural only."
0x5825,0x5827,22565,22567,3,CODE,0.78,plausible,ghidra,"ghidra_insn","Ghidra listing instruction start (MCS96:LE:16:default); LJMP/LCALL are PC-relative disp16"
0x5828,0x5829,22568,22569,2,CODE,0.55,plausible,re_pipeline,"code_window_hypothesis","Hypothesized CODE window per shipping regions + first non-FF @0x2000. ISA not verified; structural only."
0x582A,0x582C,22570,22572,3,CODE,0.78,plausible,ghidra,"ghidra_insn","Ghidra listing instruction start (MCS96:LE:16:default); LJMP/LCALL are PC-relative disp16"
0x582D,0x582E,22573,22574,2,CODE,0.55,plausible,re_pipeline,"code_window_hypothesis","Hypothesized CODE window per shipping regions + first non-FF @0x2000. ISA not verified; structural only."
0x582F,0x5834,22575,22580,6,CODE,0.78,plausible,ghidra,"ghidra_insn","Ghidra listing instruction start (MCS96:LE:16:default); LJMP/LCALL are PC-relative disp16"
0x5835,0x5836,22581,22582,2,CODE,0.55,plausible,re_pipeline,"code_window_hypothesis","Hypothesized CODE window per shipping regions + first non-FF @0x2000. ISA not verified; structural only."
0x5837,0x5841,22583,22593,11,CODE,0.78,plausible,ghidra,"ghidra_insn","Ghidra listing instruction start (MCS96:LE:16:default); LJMP/LCALL are PC-relative disp16"
0x5842,0x5843,22594,22595,2,CODE,0.55,plausible,re_pipeline,"code_window_hypothesis","Hypothesized CODE window per shipping regions + first non-FF @0x2000. ISA not verified; structural only."
0x5844,0x585A,22596,22618,23,CODE,0.78,plausible,ghidra,"ghidra_insn","Ghidra listing instruction start (MCS96:LE:16:default); LJMP/LCALL are PC-relative disp16"
0x585B,0x585C,22619,22620,2,CODE,0.55,plausible,re_pipeline,"code_window_hypothesis","Hypothesized CODE window per shipping regions + first non-FF @0x2000. ISA not verified; structural only."
0x585D,0x585F,22621,22623,3,CODE,0.78,plausible,ghidra,"ghidra_insn","Ghidra listing instruction start (MCS96:LE:16:default); LJMP/LCALL are PC-relative disp16"
0x5860,0x5860,22624,22624,1,CODE,0.55,plausible,re_pipeline,"code_window_hypothesis","Hypothesized CODE window per shipping regions + first non-FF @0x2000. ISA not verified; structural only."
0x5861,0x5866,22625,22630,6,CODE,0.78,plausible,ghidra,"ghidra_insn","Ghidra listing instruction start (MCS96:LE:16:default); LJMP/LCALL are PC-relative disp16"
0x5867,0x5868,22631,22632,2,CODE,0.55,plausible,re_pipeline,"code_window_hypothesis","Hypothesized CODE window per shipping regions + first non-FF @0x2000. ISA not verified; structural only."
0x5869,0x586B,22633,22635,3,CODE,0.78,plausible,ghidra,"ghidra_insn","Ghidra listing instruction start (MCS96:LE:16:default); LJMP/LCALL are PC-relative disp16"
0x586C,0x586D,22636,22637,2,CODE,0.55,plausible,re_pipeline,"code_window_hypothesis","Hypothesized CODE window per shipping regions + first non-FF @0x2000. ISA not verified; structural only."
0x586E,0x5870,22638,22640,3,CODE,0.78,plausible,ghidra,"ghidra_insn","Ghidra listing instruction start (MCS96:LE:16:default); LJMP/LCALL are PC-relative disp16"
0x5871,0x5871,22641,22641,1,CODE,0.55,plausible,re_pipeline,"code_window_hypothesis","Hypothesized CODE window per shipping regions + first non-FF @0x2000. ISA not verified; structural only."
0x5872,0x5877,22642,22647,6,CODE,0.78,plausible,ghidra,"ghidra_insn","Ghidra listing instruction start (MCS96:LE:16:default); LJMP/LCALL are PC-relative disp16"
0x5878,0x5879,22648,22649,2,CODE,0.55,plausible,re_pipeline,"code_window_hypothesis","Hypothesized CODE window per shipping regions + first non-FF @0x2000. ISA not verified; structural only."
0x587A,0x588C,22650,22668,19,CODE,0.78,plausible,ghidra,"ghidra_insn","Ghidra listing instruction start (MCS96:LE:16:default); LJMP/LCALL are PC-relative disp16"
0x588D,0x588E,22669,22670,2,CODE,0.55,plausible,re_pipeline,"code_window_hypothesis","Hypothesized CODE window per shipping regions + first non-FF @0x2000. ISA not verified; structural only."
0x588F,0x589D,22671,22685,15,CODE,0.78,plausible,ghidra,"ghidra_insn","Ghidra listing instruction start (MCS96:LE:16:default); LJMP/LCALL are PC-relative disp16"
0x589E,0x589F,22686,22687,2,CODE,0.55,plausible,re_pipeline,"code_window_hypothesis","Hypothesized CODE window per shipping regions + first non-FF @0x2000. ISA not verified; structural only."
0x58A0,0x58AD,22688,22701,14,CODE,0.78,plausible,ghidra,"ghidra_insn","Ghidra listing instruction start (MCS96:LE:16:default); LJMP/LCALL are PC-relative disp16"
0x58AE,0x58AF,22702,22703,2,CODE,0.55,plausible,re_pipeline,"code_window_hypothesis","Hypothesized CODE window per shipping regions + first non-FF @0x2000. ISA not verified; structural only."
0x58B0,0x58B4,22704,22708,5,CODE,0.78,plausible,ghidra,"ghidra_insn","Ghidra listing instruction start (MCS96:LE:16:default); LJMP/LCALL are PC-relative disp16"
0x58B5,0x58B6,22709,22710,2,CODE,0.55,plausible,re_pipeline,"code_window_hypothesis","Hypothesized CODE window per shipping regions + first non-FF @0x2000. ISA not verified; structural only."
0x58B7,0x58BD,22711,22717,7,CODE,0.78,plausible,ghidra,"ghidra_insn","Ghidra listing instruction start (MCS96:LE:16:default); LJMP/LCALL are PC-relative disp16"
0x58BE,0x58BF,22718,22719,2,CODE,0.55,plausible,re_pipeline,"code_window_hypothesis","Hypothesized CODE window per shipping regions + first non-FF @0x2000. ISA not verified; structural only."
0x58C0,0x58C6,22720,22726,7,CODE,0.78,plausible,ghidra,"ghidra_insn","Ghidra listing instruction start (MCS96:LE:16:default); LJMP/LCALL are PC-relative disp16"
0x58C7,0x58C8,22727,22728,2,CODE,0.55,plausible,re_pipeline,"code_window_hypothesis","Hypothesized CODE window per shipping regions + first non-FF @0x2000. ISA not verified; structural only."
0x58C9,0x58CB,22729,22731,3,CODE,0.78,plausible,ghidra,"ghidra_insn","Ghidra listing instruction start (MCS96:LE:16:default); LJMP/LCALL are PC-relative disp16"
0x58CC,0x58CD,22732,22733,2,CODE,0.55,plausible,re_pipeline,"code_window_hypothesis","Hypothesized CODE window per shipping regions + first non-FF @0x2000. ISA not verified; structural only."
0x58CE,0x58D4,22734,22740,7,CODE,0.78,plausible,ghidra,"ghidra_insn","Ghidra listing instruction start (MCS96:LE:16:default); LJMP/LCALL are PC-relative disp16"
0x58D5,0x58D5,22741,22741,1,CODE,0.55,plausible,re_pipeline,"code_window_hypothesis","Hypothesized CODE window per shipping regions + first non-FF @0x2000. ISA not verified; structural only."
0x58D6,0x58DB,22742,22747,6,CODE,0.78,plausible,ghidra,"ghidra_insn","Ghidra listing instruction start (MCS96:LE:16:default); LJMP/LCALL are PC-relative disp16"
0x58DC,0x58DD,22748,22749,2,CODE,0.55,plausible,re_pipeline,"code_window_hypothesis","Hypothesized CODE window per shipping regions + first non-FF @0x2000. ISA not verified; structural only."
0x58DE,0x58E0,22750,22752,3,CODE,0.78,plausible,ghidra,"ghidra_insn","Ghidra listing instruction start (MCS96:LE:16:default); LJMP/LCALL are PC-relative disp16"
0x58E1,0x58E1,22753,22753,1,CODE,0.55,plausible,re_pipeline,"code_window_hypothesis","Hypothesized CODE window per shipping regions + first non-FF @0x2000. ISA not verified; structural only."
0x58E2,0x58E7,22754,22759,6,CODE,0.78,plausible,ghidra,"ghidra_insn","Ghidra listing instruction start (MCS96:LE:16:default); LJMP/LCALL are PC-relative disp16"
0x58E8,0x58E9,22760,22761,2,CODE,0.55,plausible,re_pipeline,"code_window_hypothesis","Hypothesized CODE window per shipping regions + first non-FF @0x2000. ISA not verified; structural only."
0x58EA,0x58F6,22762,22774,13,CODE,0.78,plausible,ghidra,"ghidra_insn","Ghidra listing instruction start (MCS96:LE:16:default); LJMP/LCALL are PC-relative disp16"
0x58F7,0x58F7,22775,22775,1,CODE,0.55,plausible,re_pipeline,"code_window_hypothesis","Hypothesized CODE window per shipping regions + first non-FF @0x2000. ISA not verified; structural only."
0x58F8,0x5904,22776,22788,13,CODE,0.78,plausible,ghidra,"ghidra_insn","Ghidra listing instruction start (MCS96:LE:16:default); LJMP/LCALL are PC-relative disp16"
0x5905,0x5905,22789,22789,1,CODE,0.55,plausible,re_pipeline,"code_window_hypothesis","Hypothesized CODE window per shipping regions + first non-FF @0x2000. ISA not verified; structural only."
0x5906,0x590B,22790,22795,6,CODE,0.78,plausible,ghidra,"ghidra_insn","Ghidra listing instruction start (MCS96:LE:16:default); LJMP/LCALL are PC-relative disp16"
0x590C,0x590D,22796,22797,2,CODE,0.55,plausible,re_pipeline,"code_window_hypothesis","Hypothesized CODE window per shipping regions + first non-FF @0x2000. ISA not verified; structural only."
0x590E,0x5910,22798,22800,3,CODE,0.78,plausible,ghidra,"ghidra_insn","Ghidra listing instruction start (MCS96:LE:16:default); LJMP/LCALL are PC-relative disp16"
0x5911,0x5911,22801,22801,1,CODE,0.55,plausible,re_pipeline,"code_window_hypothesis","Hypothesized CODE window per shipping regions + first non-FF @0x2000. ISA not verified; structural only."
0x5912,0x5917,22802,22807,6,CODE,0.78,plausible,ghidra,"ghidra_insn","Ghidra listing instruction start (MCS96:LE:16:default); LJMP/LCALL are PC-relative disp16"
0x5918,0x5919,22808,22809,2,CODE,0.55,plausible,re_pipeline,"code_window_hypothesis","Hypothesized CODE window per shipping regions + first non-FF @0x2000. ISA not verified; structural only."
0x591A,0x5926,22810,22822,13,CODE,0.78,plausible,ghidra,"ghidra_insn","Ghidra listing instruction start (MCS96:LE:16:default); LJMP/LCALL are PC-relative disp16"
0x5927,0x5927,22823,22823,1,CODE,0.55,plausible,re_pipeline,"code_window_hypothesis","Hypothesized CODE window per shipping regions + first non-FF @0x2000. ISA not verified; structural only."
0x5928,0x593E,22824,22846,23,CODE,0.78,plausible,ghidra,"ghidra_insn","Ghidra listing instruction start (MCS96:LE:16:default); LJMP/LCALL are PC-relative disp16"
0x593F,0x5940,22847,22848,2,CODE,0.55,plausible,re_pipeline,"code_window_hypothesis","Hypothesized CODE window per shipping regions + first non-FF @0x2000. ISA not verified; structural only."
0x5941,0x5943,22849,22851,3,CODE,0.78,plausible,ghidra,"ghidra_insn","Ghidra listing instruction start (MCS96:LE:16:default); LJMP/LCALL are PC-relative disp16"
0x5944,0x5945,22852,22853,2,CODE,0.55,plausible,re_pipeline,"code_window_hypothesis","Hypothesized CODE window per shipping regions + first non-FF @0x2000. ISA not verified; structural only."
0x5946,0x5948,22854,22856,3,CODE,0.78,plausible,ghidra,"ghidra_insn","Ghidra listing instruction start (MCS96:LE:16:default); LJMP/LCALL are PC-relative disp16"
0x5949,0x594A,22857,22858,2,CODE,0.55,plausible,re_pipeline,"code_window_hypothesis","Hypothesized CODE window per shipping regions + first non-FF @0x2000. ISA not verified; structural only."
0x594B,0x594D,22859,22861,3,CODE,0.78,plausible,ghidra,"ghidra_insn","Ghidra listing instruction start (MCS96:LE:16:default); LJMP/LCALL are PC-relative disp16"
0x594E,0x594F,22862,22863,2,CODE,0.55,plausible,re_pipeline,"code_window_hypothesis","Hypothesized CODE window per shipping regions + first non-FF @0x2000. ISA not verified; structural only."
0x5950,0x5963,22864,22883,20,CODE,0.78,plausible,ghidra,"ghidra_insn","Ghidra listing instruction start (MCS96:LE:16:default); LJMP/LCALL are PC-relative disp16"
0x5964,0x5964,22884,22884,1,CODE,0.55,plausible,re_pipeline,"code_window_hypothesis","Hypothesized CODE window per shipping regions + first non-FF @0x2000. ISA not verified; structural only."
0x5965,0x596A,22885,22890,6,CODE,0.78,plausible,ghidra,"ghidra_insn","Ghidra listing instruction start (MCS96:LE:16:default); LJMP/LCALL are PC-relative disp16"
0x596B,0x596C,22891,22892,2,CODE,0.55,plausible,re_pipeline,"code_window_hypothesis","Hypothesized CODE window per shipping regions + first non-FF @0x2000. ISA not verified; structural only."
0x596D,0x5977,22893,22903,11,CODE,0.78,plausible,ghidra,"ghidra_insn","Ghidra listing instruction start (MCS96:LE:16:default); LJMP/LCALL are PC-relative disp16"
0x5978,0x5979,22904,22905,2,CODE,0.55,plausible,re_pipeline,"code_window_hypothesis","Hypothesized CODE window per shipping regions + first non-FF @0x2000. ISA not verified; structural only."
0x597A,0x597C,22906,22908,3,CODE,0.78,plausible,ghidra,"ghidra_insn","Ghidra listing instruction start (MCS96:LE:16:default); LJMP/LCALL are PC-relative disp16"
0x597D,0x597E,22909,22910,2,CODE,0.55,plausible,re_pipeline,"code_window_hypothesis","Hypothesized CODE window per shipping regions + first non-FF @0x2000. ISA not verified; structural only."
0x597F,0x5981,22911,22913,3,CODE,0.78,plausible,ghidra,"ghidra_insn","Ghidra listing instruction start (MCS96:LE:16:default); LJMP/LCALL are PC-relative disp16"
0x5982,0x5983,22914,22915,2,CODE,0.55,plausible,re_pipeline,"code_window_hypothesis","Hypothesized CODE window per shipping regions + first non-FF @0x2000. ISA not verified; structural only."
0x5984,0x598E,22916,22926,11,CODE,0.78,plausible,ghidra,"ghidra_insn","Ghidra listing instruction start (MCS96:LE:16:default); LJMP/LCALL are PC-relative disp16"
0x598F,0x5991,22927,22929,3,CODE,0.55,plausible,re_pipeline,"code_window_hypothesis","Hypothesized CODE window per shipping regions + first non-FF @0x2000. ISA not verified; structural only."
0x5992,0x5996,22930,22934,5,CODE,0.78,plausible,ghidra,"ghidra_insn","Ghidra listing instruction start (MCS96:LE:16:default); LJMP/LCALL are PC-relative disp16"
0x5997,0x5998,22935,22936,2,CODE,0.55,plausible,re_pipeline,"code_window_hypothesis","Hypothesized CODE window per shipping regions + first non-FF @0x2000. ISA not verified; structural only."
0x5999,0x59A5,22937,22949,13,CODE,0.78,plausible,ghidra,"ghidra_insn","Ghidra listing instruction start (MCS96:LE:16:default); LJMP/LCALL are PC-relative disp16"
0x59A6,0x59A7,22950,22951,2,CODE,0.55,plausible,re_pipeline,"code_window_hypothesis","Hypothesized CODE window per shipping regions + first non-FF @0x2000. ISA not verified; structural only."
0x59A8,0x59AF,22952,22959,8,CODE,0.78,plausible,ghidra,"ghidra_insn","Ghidra listing instruction start (MCS96:LE:16:default); LJMP/LCALL are PC-relative disp16"
0x59B0,0x59B1,22960,22961,2,CODE,0.55,plausible,re_pipeline,"code_window_hypothesis","Hypothesized CODE window per shipping regions + first non-FF @0x2000. ISA not verified; structural only."
0x59B2,0x59C5,22962,22981,20,CODE,0.78,plausible,ghidra,"ghidra_insn","Ghidra listing instruction start (MCS96:LE:16:default); LJMP/LCALL are PC-relative disp16"
0x59C6,0x59C7,22982,22983,2,CODE,0.55,plausible,re_pipeline,"code_window_hypothesis","Hypothesized CODE window per shipping regions + first non-FF @0x2000. ISA not verified; structural only."
0x59C8,0x59CC,22984,22988,5,CODE,0.78,plausible,ghidra,"ghidra_insn","Ghidra listing instruction start (MCS96:LE:16:default); LJMP/LCALL are PC-relative disp16"
0x59CD,0x59CE,22989,22990,2,CODE,0.55,plausible,re_pipeline,"code_window_hypothesis","Hypothesized CODE window per shipping regions + first non-FF @0x2000. ISA not verified; structural only."
0x59CF,0x59D7,22991,22999,9,CODE,0.78,plausible,ghidra,"ghidra_insn","Ghidra listing instruction start (MCS96:LE:16:default); LJMP/LCALL are PC-relative disp16"
0x59D8,0x59D8,23000,23000,1,CODE,0.55,plausible,re_pipeline,"code_window_hypothesis","Hypothesized CODE window per shipping regions + first non-FF @0x2000. ISA not verified; structural only."
0x59D9,0x59E4,23001,23012,12,CODE,0.78,plausible,ghidra,"ghidra_insn","Ghidra listing instruction start (MCS96:LE:16:default); LJMP/LCALL are PC-relative disp16"
0x59E5,0x59E6,23013,23014,2,CODE,0.55,plausible,re_pipeline,"code_window_hypothesis","Hypothesized CODE window per shipping regions + first non-FF @0x2000. ISA not verified; structural only."
0x59E7,0x59E9,23015,23017,3,CODE,0.78,plausible,ghidra,"ghidra_insn","Ghidra listing instruction start (MCS96:LE:16:default); LJMP/LCALL are PC-relative disp16"
0x59EA,0x59EB,23018,23019,2,CODE,0.55,plausible,re_pipeline,"code_window_hypothesis","Hypothesized CODE window per shipping regions + first non-FF @0x2000. ISA not verified; structural only."
0x59EC,0x59F1,23020,23025,6,CODE,0.78,plausible,ghidra,"ghidra_insn","Ghidra listing instruction start (MCS96:LE:16:default); LJMP/LCALL are PC-relative disp16"
0x59F2,0x59F2,23026,23026,1,CODE,0.55,plausible,re_pipeline,"code_window_hypothesis","Hypothesized CODE window per shipping regions + first non-FF @0x2000. ISA not verified; structural only."
0x59F3,0x59F8,23027,23032,6,CODE,0.78,plausible,ghidra,"ghidra_insn","Ghidra listing instruction start (MCS96:LE:16:default); LJMP/LCALL are PC-relative disp16"
0x59F9,0x59FA,23033,23034,2,CODE,0.55,plausible,re_pipeline,"code_window_hypothesis","Hypothesized CODE window per shipping regions + first non-FF @0x2000. ISA not verified; structural only."
0x59FB,0x5A01,23035,23041,7,CODE,0.78,plausible,ghidra,"ghidra_insn","Ghidra listing instruction start (MCS96:LE:16:default); LJMP/LCALL are PC-relative disp16"
0x5A02,0x5A02,23042,23042,1,CODE,0.55,plausible,re_pipeline,"code_window_hypothesis","Hypothesized CODE window per shipping regions + first non-FF @0x2000. ISA not verified; structural only."
0x5A03,0x5A0B,23043,23051,9,CODE,0.78,plausible,ghidra,"ghidra_insn","Ghidra listing instruction start (MCS96:LE:16:default); LJMP/LCALL are PC-relative disp16"
0x5A0C,0x5A0D,23052,23053,2,CODE,0.55,plausible,re_pipeline,"code_window_hypothesis","Hypothesized CODE window per shipping regions + first non-FF @0x2000. ISA not verified; structural only."
0x5A0E,0x5A11,23054,23057,4,CODE,0.78,plausible,ghidra,"ghidra_insn","Ghidra listing instruction start (MCS96:LE:16:default); LJMP/LCALL are PC-relative disp16"
0x5A12,0x5A12,23058,23058,1,CODE,0.55,plausible,re_pipeline,"code_window_hypothesis","Hypothesized CODE window per shipping regions + first non-FF @0x2000. ISA not verified; structural only."
0x5A13,0x5A1B,23059,23067,9,CODE,0.78,plausible,ghidra,"ghidra_insn","Ghidra listing instruction start (MCS96:LE:16:default); LJMP/LCALL are PC-relative disp16"
0x5A1C,0x5A1D,23068,23069,2,CODE,0.55,plausible,re_pipeline,"code_window_hypothesis","Hypothesized CODE window per shipping regions + first non-FF @0x2000. ISA not verified; structural only."
0x5A1E,0x5A20,23070,23072,3,CODE,0.78,plausible,ghidra,"ghidra_insn","Ghidra listing instruction start (MCS96:LE:16:default); LJMP/LCALL are PC-relative disp16"
0x5A21,0x5A22,23073,23074,2,CODE,0.55,plausible,re_pipeline,"code_window_hypothesis","Hypothesized CODE window per shipping regions + first non-FF @0x2000. ISA not verified; structural only."
0x5A23,0x5A2E,23075,23086,12,CODE,0.78,plausible,ghidra,"ghidra_insn","Ghidra listing instruction start (MCS96:LE:16:default); LJMP/LCALL are PC-relative disp16"
0x5A2F,0x5A30,23087,23088,2,CODE,0.55,plausible,re_pipeline,"code_window_hypothesis","Hypothesized CODE window per shipping regions + first non-FF @0x2000. ISA not verified; structural only."
0x5A31,0x5A36,23089,23094,6,CODE,0.78,plausible,ghidra,"ghidra_insn","Ghidra listing instruction start (MCS96:LE:16:default); LJMP/LCALL are PC-relative disp16"
0x5A37,0x5A38,23095,23096,2,CODE,0.55,plausible,re_pipeline,"code_window_hypothesis","Hypothesized CODE window per shipping regions + first non-FF @0x2000. ISA not verified; structural only."
0x5A39,0x5A3E,23097,23102,6,CODE,0.78,plausible,ghidra,"ghidra_insn","Ghidra listing instruction start (MCS96:LE:16:default); LJMP/LCALL are PC-relative disp16"
0x5A3F,0x5A40,23103,23104,2,CODE,0.55,plausible,re_pipeline,"code_window_hypothesis","Hypothesized CODE window per shipping regions + first non-FF @0x2000. ISA not verified; structural only."
0x5A41,0x5A46,23105,23110,6,CODE,0.78,plausible,ghidra,"ghidra_insn","Ghidra listing instruction start (MCS96:LE:16:default); LJMP/LCALL are PC-relative disp16"
0x5A47,0x5A48,23111,23112,2,CODE,0.55,plausible,re_pipeline,"code_window_hypothesis","Hypothesized CODE window per shipping regions + first non-FF @0x2000. ISA not verified; structural only."
0x5A49,0x5A4B,23113,23115,3,CODE,0.78,plausible,ghidra,"ghidra_insn","Ghidra listing instruction start (MCS96:LE:16:default); LJMP/LCALL are PC-relative disp16"
0x5A4C,0x5A4C,23116,23116,1,CODE,0.55,plausible,re_pipeline,"code_window_hypothesis","Hypothesized CODE window per shipping regions + first non-FF @0x2000. ISA not verified; structural only."
0x5A4D,0x5A4F,23117,23119,3,CODE,0.78,plausible,ghidra,"ghidra_insn","Ghidra listing instruction start (MCS96:LE:16:default); LJMP/LCALL are PC-relative disp16"
0x5A50,0x5A51,23120,23121,2,CODE,0.55,plausible,re_pipeline,"code_window_hypothesis","Hypothesized CODE window per shipping regions + first non-FF @0x2000. ISA not verified; structural only."
0x5A52,0x5A54,23122,23124,3,CODE,0.78,plausible,ghidra,"ghidra_insn","Ghidra listing instruction start (MCS96:LE:16:default); LJMP/LCALL are PC-relative disp16"
0x5A55,0x5A55,23125,23125,1,CODE,0.55,plausible,re_pipeline,"code_window_hypothesis","Hypothesized CODE window per shipping regions + first non-FF @0x2000. ISA not verified; structural only."
0x5A56,0x5A60,23126,23136,11,CODE,0.78,plausible,ghidra,"ghidra_insn","Ghidra listing instruction start (MCS96:LE:16:default); LJMP/LCALL are PC-relative disp16"
0x5A61,0x5A62,23137,23138,2,CODE,0.55,plausible,re_pipeline,"code_window_hypothesis","Hypothesized CODE window per shipping regions + first non-FF @0x2000. ISA not verified; structural only."
0x5A63,0x5A69,23139,23145,7,CODE,0.78,plausible,ghidra,"ghidra_insn","Ghidra listing instruction start (MCS96:LE:16:default); LJMP/LCALL are PC-relative disp16"
0x5A6A,0x5A6B,23146,23147,2,CODE,0.55,plausible,re_pipeline,"code_window_hypothesis","Hypothesized CODE window per shipping regions + first non-FF @0x2000. ISA not verified; structural only."
0x5A6C,0x5A6E,23148,23150,3,CODE,0.78,plausible,ghidra,"ghidra_insn","Ghidra listing instruction start (MCS96:LE:16:default); LJMP/LCALL are PC-relative disp16"
0x5A6F,0x5A70,23151,23152,2,CODE,0.55,plausible,re_pipeline,"code_window_hypothesis","Hypothesized CODE window per shipping regions + first non-FF @0x2000. ISA not verified; structural only."
0x5A71,0x5A73,23153,23155,3,CODE,0.78,plausible,ghidra,"ghidra_insn","Ghidra listing instruction start (MCS96:LE:16:default); LJMP/LCALL are PC-relative disp16"
0x5A74,0x5A75,23156,23157,2,CODE,0.55,plausible,re_pipeline,"code_window_hypothesis","Hypothesized CODE window per shipping regions + first non-FF @0x2000. ISA not verified; structural only."
0x5A76,0x5A7B,23158,23163,6,CODE,0.78,plausible,ghidra,"ghidra_insn","Ghidra listing instruction start (MCS96:LE:16:default); LJMP/LCALL are PC-relative disp16"
0x5A7C,0x5A7D,23164,23165,2,CODE,0.55,plausible,re_pipeline,"code_window_hypothesis","Hypothesized CODE window per shipping regions + first non-FF @0x2000. ISA not verified; structural only."
0x5A7E,0x5A83,23166,23171,6,CODE,0.78,plausible,ghidra,"ghidra_insn","Ghidra listing instruction start (MCS96:LE:16:default); LJMP/LCALL are PC-relative disp16"
0x5A84,0x5A85,23172,23173,2,CODE,0.55,plausible,re_pipeline,"code_window_hypothesis","Hypothesized CODE window per shipping regions + first non-FF @0x2000. ISA not verified; structural only."
0x5A86,0x5A88,23174,23176,3,CODE,0.78,plausible,ghidra,"ghidra_insn","Ghidra listing instruction start (MCS96:LE:16:default); LJMP/LCALL are PC-relative disp16"
0x5A89,0x5A89,23177,23177,1,CODE,0.55,plausible,re_pipeline,"code_window_hypothesis","Hypothesized CODE window per shipping regions + first non-FF @0x2000. ISA not verified; structural only."
0x5A8A,0x5A8C,23178,23180,3,CODE,0.78,plausible,ghidra,"ghidra_insn","Ghidra listing instruction start (MCS96:LE:16:default); LJMP/LCALL are PC-relative disp16"
0x5A8D,0x5A8E,23181,23182,2,CODE,0.55,plausible,re_pipeline,"code_window_hypothesis","Hypothesized CODE window per shipping regions + first non-FF @0x2000. ISA not verified; structural only."
0x5A8F,0x5A95,23183,23189,7,CODE,0.78,plausible,ghidra,"ghidra_insn","Ghidra listing instruction start (MCS96:LE:16:default); LJMP/LCALL are PC-relative disp16"
0x5A96,0x5A97,23190,23191,2,CODE,0.55,plausible,re_pipeline,"code_window_hypothesis","Hypothesized CODE window per shipping regions + first non-FF @0x2000. ISA not verified; structural only."
0x5A98,0x5AA0,23192,23200,9,CODE,0.78,plausible,ghidra,"ghidra_insn","Ghidra listing instruction start (MCS96:LE:16:default); LJMP/LCALL are PC-relative disp16"
0x5AA1,0x5AA2,23201,23202,2,CODE,0.55,plausible,re_pipeline,"code_window_hypothesis","Hypothesized CODE window per shipping regions + first non-FF @0x2000. ISA not verified; structural only."
0x5AA3,0x5AA5,23203,23205,3,CODE,0.78,plausible,ghidra,"ghidra_insn","Ghidra listing instruction start (MCS96:LE:16:default); LJMP/LCALL are PC-relative disp16"
0x5AA6,0x5AA6,23206,23206,1,CODE,0.55,plausible,re_pipeline,"code_window_hypothesis","Hypothesized CODE window per shipping regions + first non-FF @0x2000. ISA not verified; structural only."
0x5AA7,0x5AAB,23207,23211,5,CODE,0.78,plausible,ghidra,"ghidra_insn","Ghidra listing instruction start (MCS96:LE:16:default); LJMP/LCALL are PC-relative disp16"
0x5AAC,0x5AAD,23212,23213,2,CODE,0.55,plausible,re_pipeline,"code_window_hypothesis","Hypothesized CODE window per shipping regions + first non-FF @0x2000. ISA not verified; structural only."
0x5AAE,0x5AB0,23214,23216,3,CODE,0.78,plausible,ghidra,"ghidra_insn","Ghidra listing instruction start (MCS96:LE:16:default); LJMP/LCALL are PC-relative disp16"
0x5AB1,0x5AB1,23217,23217,1,CODE,0.55,plausible,re_pipeline,"code_window_hypothesis","Hypothesized CODE window per shipping regions + first non-FF @0x2000. ISA not verified; structural only."
0x5AB2,0x5AB6,23218,23222,5,CODE,0.78,plausible,ghidra,"ghidra_insn","Ghidra listing instruction start (MCS96:LE:16:default); LJMP/LCALL are PC-relative disp16"
0x5AB7,0x5AB8,23223,23224,2,CODE,0.55,plausible,re_pipeline,"code_window_hypothesis","Hypothesized CODE window per shipping regions + first non-FF @0x2000. ISA not verified; structural only."
0x5AB9,0x5ABB,23225,23227,3,CODE,0.78,plausible,ghidra,"ghidra_insn","Ghidra listing instruction start (MCS96:LE:16:default); LJMP/LCALL are PC-relative disp16"
0x5ABC,0x5ABD,23228,23229,2,CODE,0.55,plausible,re_pipeline,"code_window_hypothesis","Hypothesized CODE window per shipping regions + first non-FF @0x2000. ISA not verified; structural only."
0x5ABE,0x5AC7,23230,23239,10,CODE,0.78,plausible,ghidra,"ghidra_insn","Ghidra listing instruction start (MCS96:LE:16:default); LJMP/LCALL are PC-relative disp16"
0x5AC8,0x5AC8,23240,23240,1,CODE,0.55,plausible,re_pipeline,"code_window_hypothesis","Hypothesized CODE window per shipping regions + first non-FF @0x2000. ISA not verified; structural only."
0x5AC9,0x5AD5,23241,23253,13,CODE,0.78,plausible,ghidra,"ghidra_insn","Ghidra listing instruction start (MCS96:LE:16:default); LJMP/LCALL are PC-relative disp16"
0x5AD6,0x5AD6,23254,23254,1,CODE,0.55,plausible,re_pipeline,"code_window_hypothesis","Hypothesized CODE window per shipping regions + first non-FF @0x2000. ISA not verified; structural only."
0x5AD7,0x5AE9,23255,23273,19,CODE,0.78,plausible,ghidra,"ghidra_insn","Ghidra listing instruction start (MCS96:LE:16:default); LJMP/LCALL are PC-relative disp16"
0x5AEA,0x5AEA,23274,23274,1,CODE,0.55,plausible,re_pipeline,"code_window_hypothesis","Hypothesized CODE window per shipping regions + first non-FF @0x2000. ISA not verified; structural only."
0x5AEB,0x5AED,23275,23277,3,CODE,0.78,plausible,ghidra,"ghidra_insn","Ghidra listing instruction start (MCS96:LE:16:default); LJMP/LCALL are PC-relative disp16"
0x5AEE,0x5AEF,23278,23279,2,CODE,0.55,plausible,re_pipeline,"code_window_hypothesis","Hypothesized CODE window per shipping regions + first non-FF @0x2000. ISA not verified; structural only."
0x5AF0,0x5AF2,23280,23282,3,CODE,0.78,plausible,ghidra,"ghidra_insn","Ghidra listing instruction start (MCS96:LE:16:default); LJMP/LCALL are PC-relative disp16"
0x5AF3,0x5AF3,23283,23283,1,CODE,0.55,plausible,re_pipeline,"code_window_hypothesis","Hypothesized CODE window per shipping regions + first non-FF @0x2000. ISA not verified; structural only."
0x5AF4,0x5AF8,23284,23288,5,CODE,0.78,plausible,ghidra,"ghidra_insn","Ghidra listing instruction start (MCS96:LE:16:default); LJMP/LCALL are PC-relative disp16"
0x5AF9,0x5AF9,23289,23289,1,CODE,0.55,plausible,re_pipeline,"code_window_hypothesis","Hypothesized CODE window per shipping regions + first non-FF @0x2000. ISA not verified; structural only."
0x5AFA,0x5AFF,23290,23295,6,CODE,0.78,plausible,ghidra,"ghidra_insn","Ghidra listing instruction start (MCS96:LE:16:default); LJMP/LCALL are PC-relative disp16"
0x5B00,0x5B01,23296,23297,2,CODE,0.55,plausible,re_pipeline,"code_window_hypothesis","Hypothesized CODE window per shipping regions + first non-FF @0x2000. ISA not verified; structural only."
0x5B02,0x5B04,23298,23300,3,CODE,0.78,plausible,ghidra,"ghidra_insn","Ghidra listing instruction start (MCS96:LE:16:default); LJMP/LCALL are PC-relative disp16"
0x5B05,0x5B05,23301,23301,1,CODE,0.55,plausible,re_pipeline,"code_window_hypothesis","Hypothesized CODE window per shipping regions + first non-FF @0x2000. ISA not verified; structural only."
0x5B06,0x5B0B,23302,23307,6,CODE,0.78,plausible,ghidra,"ghidra_insn","Ghidra listing instruction start (MCS96:LE:16:default); LJMP/LCALL are PC-relative disp16"
0x5B0C,0x5B0D,23308,23309,2,CODE,0.55,plausible,re_pipeline,"code_window_hypothesis","Hypothesized CODE window per shipping regions + first non-FF @0x2000. ISA not verified; structural only."
0x5B0E,0x5B10,23310,23312,3,CODE,0.78,plausible,ghidra,"ghidra_insn","Ghidra listing instruction start (MCS96:LE:16:default); LJMP/LCALL are PC-relative disp16"
0x5B11,0x5B11,23313,23313,1,CODE,0.55,plausible,re_pipeline,"code_window_hypothesis","Hypothesized CODE window per shipping regions + first non-FF @0x2000. ISA not verified; structural only."
0x5B12,0x5B17,23314,23319,6,CODE,0.78,plausible,ghidra,"ghidra_insn","Ghidra listing instruction start (MCS96:LE:16:default); LJMP/LCALL are PC-relative disp16"
0x5B18,0x5B18,23320,23320,1,CODE,0.55,plausible,re_pipeline,"code_window_hypothesis","Hypothesized CODE window per shipping regions + first non-FF @0x2000. ISA not verified; structural only."
0x5B19,0x5B1B,23321,23323,3,CODE,0.78,plausible,ghidra,"ghidra_insn","Ghidra listing instruction start (MCS96:LE:16:default); LJMP/LCALL are PC-relative disp16"
0x5B1C,0x5B1D,23324,23325,2,CODE,0.55,plausible,re_pipeline,"code_window_hypothesis","Hypothesized CODE window per shipping regions + first non-FF @0x2000. ISA not verified; structural only."
0x5B1E,0x5B20,23326,23328,3,CODE,0.78,plausible,ghidra,"ghidra_insn","Ghidra listing instruction start (MCS96:LE:16:default); LJMP/LCALL are PC-relative disp16"
0x5B21,0x5B21,23329,23329,1,CODE,0.55,plausible,re_pipeline,"code_window_hypothesis","Hypothesized CODE window per shipping regions + first non-FF @0x2000. ISA not verified; structural only."
0x5B22,0x5B27,23330,23335,6,CODE,0.78,plausible,ghidra,"ghidra_insn","Ghidra listing instruction start (MCS96:LE:16:default); LJMP/LCALL are PC-relative disp16"
0x5B28,0x5B29,23336,23337,2,CODE,0.55,plausible,re_pipeline,"code_window_hypothesis","Hypothesized CODE window per shipping regions + first non-FF @0x2000. ISA not verified; structural only."
0x5B2A,0x5B2F,23338,23343,6,CODE,0.78,plausible,ghidra,"ghidra_insn","Ghidra listing instruction start (MCS96:LE:16:default); LJMP/LCALL are PC-relative disp16"
0x5B30,0x5B30,23344,23344,1,CODE,0.55,plausible,re_pipeline,"code_window_hypothesis","Hypothesized CODE window per shipping regions + first non-FF @0x2000. ISA not verified; structural only."
0x5B31,0x5B38,23345,23352,8,CODE,0.78,plausible,ghidra,"ghidra_insn","Ghidra listing instruction start (MCS96:LE:16:default); LJMP/LCALL are PC-relative disp16"
0x5B39,0x5B3A,23353,23354,2,CODE,0.55,plausible,re_pipeline,"code_window_hypothesis","Hypothesized CODE window per shipping regions + first non-FF @0x2000. ISA not verified; structural only."
0x5B3B,0x5B3D,23355,23357,3,CODE,0.78,plausible,ghidra,"ghidra_insn","Ghidra listing instruction start (MCS96:LE:16:default); LJMP/LCALL are PC-relative disp16"
0x5B3E,0x5B3F,23358,23359,2,CODE,0.55,plausible,re_pipeline,"code_window_hypothesis","Hypothesized CODE window per shipping regions + first non-FF @0x2000. ISA not verified; structural only."
0x5B40,0x5B44,23360,23364,5,CODE,0.78,plausible,ghidra,"ghidra_insn","Ghidra listing instruction start (MCS96:LE:16:default); LJMP/LCALL are PC-relative disp16"
0x5B45,0x5B45,23365,23365,1,CODE,0.55,plausible,re_pipeline,"code_window_hypothesis","Hypothesized CODE window per shipping regions + first non-FF @0x2000. ISA not verified; structural only."
0x5B46,0x5B4D,23366,23373,8,CODE,0.78,plausible,ghidra,"ghidra_insn","Ghidra listing instruction start (MCS96:LE:16:default); LJMP/LCALL are PC-relative disp16"
0x5B4E,0x5B4E,23374,23374,1,CODE,0.55,plausible,re_pipeline,"code_window_hypothesis","Hypothesized CODE window per shipping regions + first non-FF @0x2000. ISA not verified; structural only."
0x5B4F,0x5B54,23375,23380,6,CODE,0.78,plausible,ghidra,"ghidra_insn","Ghidra listing instruction start (MCS96:LE:16:default); LJMP/LCALL are PC-relative disp16"
0x5B55,0x5B56,23381,23382,2,CODE,0.55,plausible,re_pipeline,"code_window_hypothesis","Hypothesized CODE window per shipping regions + first non-FF @0x2000. ISA not verified; structural only."
0x5B57,0x5B59,23383,23385,3,CODE,0.78,plausible,ghidra,"ghidra_insn","Ghidra listing instruction start (MCS96:LE:16:default); LJMP/LCALL are PC-relative disp16"
0x5B5A,0x5B5A,23386,23386,1,CODE,0.55,plausible,re_pipeline,"code_window_hypothesis","Hypothesized CODE window per shipping regions + first non-FF @0x2000. ISA not verified; structural only."
0x5B5B,0x5B60,23387,23392,6,CODE,0.78,plausible,ghidra,"ghidra_insn","Ghidra listing instruction start (MCS96:LE:16:default); LJMP/LCALL are PC-relative disp16"
0x5B61,0x5B62,23393,23394,2,CODE,0.55,plausible,re_pipeline,"code_window_hypothesis","Hypothesized CODE window per shipping regions + first non-FF @0x2000. ISA not verified; structural only."
0x5B63,0x5B6D,23395,23405,11,CODE,0.78,plausible,ghidra,"ghidra_insn","Ghidra listing instruction start (MCS96:LE:16:default); LJMP/LCALL are PC-relative disp16"
0x5B6E,0x5B6F,23406,23407,2,CODE,0.55,plausible,re_pipeline,"code_window_hypothesis","Hypothesized CODE window per shipping regions + first non-FF @0x2000. ISA not verified; structural only."
0x5B70,0x5B72,23408,23410,3,CODE,0.78,plausible,ghidra,"ghidra_insn","Ghidra listing instruction start (MCS96:LE:16:default); LJMP/LCALL are PC-relative disp16"
0x5B73,0x5B74,23411,23412,2,CODE,0.55,plausible,re_pipeline,"code_window_hypothesis","Hypothesized CODE window per shipping regions + first non-FF @0x2000. ISA not verified; structural only."
0x5B75,0x5B7F,23413,23423,11,CODE,0.78,plausible,ghidra,"ghidra_insn","Ghidra listing instruction start (MCS96:LE:16:default); LJMP/LCALL are PC-relative disp16"
0x5B80,0x5B80,23424,23424,1,CODE,0.55,plausible,re_pipeline,"code_window_hypothesis","Hypothesized CODE window per shipping regions + first non-FF @0x2000. ISA not verified; structural only."
0x5B81,0x5B86,23425,23430,6,CODE,0.78,plausible,ghidra,"ghidra_insn","Ghidra listing instruction start (MCS96:LE:16:default); LJMP/LCALL are PC-relative disp16"
0x5B87,0x5B88,23431,23432,2,CODE,0.55,plausible,re_pipeline,"code_window_hypothesis","Hypothesized CODE window per shipping regions + first non-FF @0x2000. ISA not verified; structural only."
0x5B89,0x5B8B,23433,23435,3,CODE,0.78,plausible,ghidra,"ghidra_insn","Ghidra listing instruction start (MCS96:LE:16:default); LJMP/LCALL are PC-relative disp16"
0x5B8C,0x5B8D,23436,23437,2,CODE,0.55,plausible,re_pipeline,"code_window_hypothesis","Hypothesized CODE window per shipping regions + first non-FF @0x2000. ISA not verified; structural only."
0x5B8E,0x5B90,23438,23440,3,CODE,0.78,plausible,ghidra,"ghidra_insn","Ghidra listing instruction start (MCS96:LE:16:default); LJMP/LCALL are PC-relative disp16"
0x5B91,0x5B91,23441,23441,1,CODE,0.55,plausible,re_pipeline,"code_window_hypothesis","Hypothesized CODE window per shipping regions + first non-FF @0x2000. ISA not verified; structural only."
0x5B92,0x5B96,23442,23446,5,CODE,0.78,plausible,ghidra,"ghidra_insn","Ghidra listing instruction start (MCS96:LE:16:default); LJMP/LCALL are PC-relative disp16"
0x5B97,0x5B97,23447,23447,1,CODE,0.55,plausible,re_pipeline,"code_window_hypothesis","Hypothesized CODE window per shipping regions + first non-FF @0x2000. ISA not verified; structural only."
0x5B98,0x5B9D,23448,23453,6,CODE,0.78,plausible,ghidra,"ghidra_insn","Ghidra listing instruction start (MCS96:LE:16:default); LJMP/LCALL are PC-relative disp16"
0x5B9E,0x5B9E,23454,23454,1,CODE,0.55,plausible,re_pipeline,"code_window_hypothesis","Hypothesized CODE window per shipping regions + first non-FF @0x2000. ISA not verified; structural only."
0x5B9F,0x5BB0,23455,23472,18,CODE,0.78,plausible,ghidra,"ghidra_insn","Ghidra listing instruction start (MCS96:LE:16:default); LJMP/LCALL are PC-relative disp16"
0x5BB1,0x5BB2,23473,23474,2,CODE,0.55,plausible,re_pipeline,"code_window_hypothesis","Hypothesized CODE window per shipping regions + first non-FF @0x2000. ISA not verified; structural only."
0x5BB3,0x5BB8,23475,23480,6,CODE,0.78,plausible,ghidra,"ghidra_insn","Ghidra listing instruction start (MCS96:LE:16:default); LJMP/LCALL are PC-relative disp16"
0x5BB9,0x5BBA,23481,23482,2,CODE,0.55,plausible,re_pipeline,"code_window_hypothesis","Hypothesized CODE window per shipping regions + first non-FF @0x2000. ISA not verified; structural only."
0x5BBB,0x5BBD,23483,23485,3,CODE,0.78,plausible,ghidra,"ghidra_insn","Ghidra listing instruction start (MCS96:LE:16:default); LJMP/LCALL are PC-relative disp16"
0x5BBE,0x5BBF,23486,23487,2,CODE,0.55,plausible,re_pipeline,"code_window_hypothesis","Hypothesized CODE window per shipping regions + first non-FF @0x2000. ISA not verified; structural only."
0x5BC0,0x5BC5,23488,23493,6,CODE,0.78,plausible,ghidra,"ghidra_insn","Ghidra listing instruction start (MCS96:LE:16:default); LJMP/LCALL are PC-relative disp16"
0x5BC6,0x5BC7,23494,23495,2,CODE,0.55,plausible,re_pipeline,"code_window_hypothesis","Hypothesized CODE window per shipping regions + first non-FF @0x2000. ISA not verified; structural only."
0x5BC8,0x5BCA,23496,23498,3,CODE,0.78,plausible,ghidra,"ghidra_insn","Ghidra listing instruction start (MCS96:LE:16:default); LJMP/LCALL are PC-relative disp16"
0x5BCB,0x5BCC,23499,23500,2,CODE,0.55,plausible,re_pipeline,"code_window_hypothesis","Hypothesized CODE window per shipping regions + first non-FF @0x2000. ISA not verified; structural only."
0x5BCD,0x5BD1,23501,23505,5,CODE,0.78,plausible,ghidra,"ghidra_insn","Ghidra listing instruction start (MCS96:LE:16:default); LJMP/LCALL are PC-relative disp16"
0x5BD2,0x5BD2,23506,23506,1,CODE,0.55,plausible,re_pipeline,"code_window_hypothesis","Hypothesized CODE window per shipping regions + first non-FF @0x2000. ISA not verified; structural only."
0x5BD3,0x5BD5,23507,23509,3,CODE,0.78,plausible,ghidra,"ghidra_insn","Ghidra listing instruction start (MCS96:LE:16:default); LJMP/LCALL are PC-relative disp16"
0x5BD6,0x5BD7,23510,23511,2,CODE,0.55,plausible,re_pipeline,"code_window_hypothesis","Hypothesized CODE window per shipping regions + first non-FF @0x2000. ISA not verified; structural only."
0x5BD8,0x5BDD,23512,23517,6,CODE,0.78,plausible,ghidra,"ghidra_insn","Ghidra listing instruction start (MCS96:LE:16:default); LJMP/LCALL are PC-relative disp16"
0x5BDE,0x5BDF,23518,23519,2,CODE,0.55,plausible,re_pipeline,"code_window_hypothesis","Hypothesized CODE window per shipping regions + first non-FF @0x2000. ISA not verified; structural only."
0x5BE0,0x5BEA,23520,23530,11,CODE,0.78,plausible,ghidra,"ghidra_insn","Ghidra listing instruction start (MCS96:LE:16:default); LJMP/LCALL are PC-relative disp16"
0x5BEB,0x5BEB,23531,23531,1,CODE,0.55,plausible,re_pipeline,"code_window_hypothesis","Hypothesized CODE window per shipping regions + first non-FF @0x2000. ISA not verified; structural only."
0x5BEC,0x5BF4,23532,23540,9,CODE,0.78,plausible,ghidra,"ghidra_insn","Ghidra listing instruction start (MCS96:LE:16:default); LJMP/LCALL are PC-relative disp16"
0x5BF5,0x5BF5,23541,23541,1,CODE,0.55,plausible,re_pipeline,"code_window_hypothesis","Hypothesized CODE window per shipping regions + first non-FF @0x2000. ISA not verified; structural only."
0x5BF6,0x5BFB,23542,23547,6,CODE,0.78,plausible,ghidra,"ghidra_insn","Ghidra listing instruction start (MCS96:LE:16:default); LJMP/LCALL are PC-relative disp16"
0x5BFC,0x5BFC,23548,23548,1,CODE,0.55,plausible,re_pipeline,"code_window_hypothesis","Hypothesized CODE window per shipping regions + first non-FF @0x2000. ISA not verified; structural only."
0x5BFD,0x5BFF,23549,23551,3,CODE,0.78,plausible,ghidra,"ghidra_insn","Ghidra listing instruction start (MCS96:LE:16:default); LJMP/LCALL are PC-relative disp16"
0x5C00,0x5C01,23552,23553,2,CODE,0.55,plausible,re_pipeline,"code_window_hypothesis","Hypothesized CODE window per shipping regions + first non-FF @0x2000. ISA not verified; structural only."
0x5C02,0x5C04,23554,23556,3,CODE,0.78,plausible,ghidra,"ghidra_insn","Ghidra listing instruction start (MCS96:LE:16:default); LJMP/LCALL are PC-relative disp16"
0x5C05,0x5C05,23557,23557,1,CODE,0.55,plausible,re_pipeline,"code_window_hypothesis","Hypothesized CODE window per shipping regions + first non-FF @0x2000. ISA not verified; structural only."
0x5C06,0x5C08,23558,23560,3,CODE,0.78,plausible,ghidra,"ghidra_insn","Ghidra listing instruction start (MCS96:LE:16:default); LJMP/LCALL are PC-relative disp16"
0x5C09,0x5C0A,23561,23562,2,CODE,0.55,plausible,re_pipeline,"code_window_hypothesis","Hypothesized CODE window per shipping regions + first non-FF @0x2000. ISA not verified; structural only."
0x5C0B,0x5C0D,23563,23565,3,CODE,0.78,plausible,ghidra,"ghidra_insn","Ghidra listing instruction start (MCS96:LE:16:default); LJMP/LCALL are PC-relative disp16"
0x5C0E,0x5C0E,23566,23566,1,CODE,0.55,plausible,re_pipeline,"code_window_hypothesis","Hypothesized CODE window per shipping regions + first non-FF @0x2000. ISA not verified; structural only."
0x5C0F,0x5C14,23567,23572,6,CODE,0.78,plausible,ghidra,"ghidra_insn","Ghidra listing instruction start (MCS96:LE:16:default); LJMP/LCALL are PC-relative disp16"
0x5C15,0x5C16,23573,23574,2,CODE,0.55,plausible,re_pipeline,"code_window_hypothesis","Hypothesized CODE window per shipping regions + first non-FF @0x2000. ISA not verified; structural only."
0x5C17,0x5C19,23575,23577,3,CODE,0.78,plausible,ghidra,"ghidra_insn","Ghidra listing instruction start (MCS96:LE:16:default); LJMP/LCALL are PC-relative disp16"
0x5C1A,0x5C1A,23578,23578,1,CODE,0.55,plausible,re_pipeline,"code_window_hypothesis","Hypothesized CODE window per shipping regions + first non-FF @0x2000. ISA not verified; structural only."
0x5C1B,0x5C20,23579,23584,6,CODE,0.78,plausible,ghidra,"ghidra_insn","Ghidra listing instruction start (MCS96:LE:16:default); LJMP/LCALL are PC-relative disp16"
0x5C21,0x5C22,23585,23586,2,CODE,0.55,plausible,re_pipeline,"code_window_hypothesis","Hypothesized CODE window per shipping regions + first non-FF @0x2000. ISA not verified; structural only."
0x5C23,0x5C28,23587,23592,6,CODE,0.78,plausible,ghidra,"ghidra_insn","Ghidra listing instruction start (MCS96:LE:16:default); LJMP/LCALL are PC-relative disp16"
0x5C29,0x5C2A,23593,23594,2,CODE,0.55,plausible,re_pipeline,"code_window_hypothesis","Hypothesized CODE window per shipping regions + first non-FF @0x2000. ISA not verified; structural only."
0x5C2B,0x5C2F,23595,23599,5,CODE,0.78,plausible,ghidra,"ghidra_insn","Ghidra listing instruction start (MCS96:LE:16:default); LJMP/LCALL are PC-relative disp16"
0x5C30,0x5C30,23600,23600,1,CODE,0.55,plausible,re_pipeline,"code_window_hypothesis","Hypothesized CODE window per shipping regions + first non-FF @0x2000. ISA not verified; structural only."
0x5C31,0x5C36,23601,23606,6,CODE,0.78,plausible,ghidra,"ghidra_insn","Ghidra listing instruction start (MCS96:LE:16:default); LJMP/LCALL are PC-relative disp16"
0x5C37,0x5C38,23607,23608,2,CODE,0.55,plausible,re_pipeline,"code_window_hypothesis","Hypothesized CODE window per shipping regions + first non-FF @0x2000. ISA not verified; structural only."
0x5C39,0x5C3B,23609,23611,3,CODE,0.78,plausible,ghidra,"ghidra_insn","Ghidra listing instruction start (MCS96:LE:16:default); LJMP/LCALL are PC-relative disp16"
0x5C3C,0x5C3C,23612,23612,1,CODE,0.55,plausible,re_pipeline,"code_window_hypothesis","Hypothesized CODE window per shipping regions + first non-FF @0x2000. ISA not verified; structural only."
0x5C3D,0x5C42,23613,23618,6,CODE,0.78,plausible,ghidra,"ghidra_insn","Ghidra listing instruction start (MCS96:LE:16:default); LJMP/LCALL are PC-relative disp16"
0x5C43,0x5C44,23619,23620,2,CODE,0.55,plausible,re_pipeline,"code_window_hypothesis","Hypothesized CODE window per shipping regions + first non-FF @0x2000. ISA not verified; structural only."
0x5C45,0x5C48,23621,23624,4,CODE,0.78,plausible,ghidra,"ghidra_insn","Ghidra listing instruction start (MCS96:LE:16:default); LJMP/LCALL are PC-relative disp16"
0x5C49,0x5C49,23625,23625,1,CODE,0.55,plausible,re_pipeline,"code_window_hypothesis","Hypothesized CODE window per shipping regions + first non-FF @0x2000. ISA not verified; structural only."
0x5C4A,0x5C6B,23626,23659,34,CODE,0.78,plausible,ghidra,"ghidra_insn","Ghidra listing instruction start (MCS96:LE:16:default); LJMP/LCALL are PC-relative disp16"
0x5C6C,0x5C6D,23660,23661,2,CODE,0.55,plausible,re_pipeline,"code_window_hypothesis","Hypothesized CODE window per shipping regions + first non-FF @0x2000. ISA not verified; structural only."
0x5C6E,0x5C75,23662,23669,8,CODE,0.78,plausible,ghidra,"ghidra_insn","Ghidra listing instruction start (MCS96:LE:16:default); LJMP/LCALL are PC-relative disp16"
0x5C76,0x5C77,23670,23671,2,CODE,0.55,plausible,re_pipeline,"code_window_hypothesis","Hypothesized CODE window per shipping regions + first non-FF @0x2000. ISA not verified; structural only."
0x5C78,0x5C82,23672,23682,11,CODE,0.78,plausible,ghidra,"ghidra_insn","Ghidra listing instruction start (MCS96:LE:16:default); LJMP/LCALL are PC-relative disp16"
0x5C83,0x5C84,23683,23684,2,CODE,0.55,plausible,re_pipeline,"code_window_hypothesis","Hypothesized CODE window per shipping regions + first non-FF @0x2000. ISA not verified; structural only."
0x5C85,0x5C8C,23685,23692,8,CODE,0.78,plausible,ghidra,"ghidra_insn","Ghidra listing instruction start (MCS96:LE:16:default); LJMP/LCALL are PC-relative disp16"
0x5C8D,0x5C8D,23693,23693,1,CODE,0.55,plausible,re_pipeline,"code_window_hypothesis","Hypothesized CODE window per shipping regions + first non-FF @0x2000. ISA not verified; structural only."
0x5C8E,0x5C98,23694,23704,11,CODE,0.78,plausible,ghidra,"ghidra_insn","Ghidra listing instruction start (MCS96:LE:16:default); LJMP/LCALL are PC-relative disp16"
0x5C99,0x5C9A,23705,23706,2,CODE,0.55,plausible,re_pipeline,"code_window_hypothesis","Hypothesized CODE window per shipping regions + first non-FF @0x2000. ISA not verified; structural only."
0x5C9B,0x5C9D,23707,23709,3,CODE,0.78,plausible,ghidra,"ghidra_insn","Ghidra listing instruction start (MCS96:LE:16:default); LJMP/LCALL are PC-relative disp16"
0x5C9E,0x5C9F,23710,23711,2,CODE,0.55,plausible,re_pipeline,"code_window_hypothesis","Hypothesized CODE window per shipping regions + first non-FF @0x2000. ISA not verified; structural only."
0x5CA0,0x5CA7,23712,23719,8,CODE,0.78,plausible,ghidra,"ghidra_insn","Ghidra listing instruction start (MCS96:LE:16:default); LJMP/LCALL are PC-relative disp16"
0x5CA8,0x5CA9,23720,23721,2,CODE,0.55,plausible,re_pipeline,"code_window_hypothesis","Hypothesized CODE window per shipping regions + first non-FF @0x2000. ISA not verified; structural only."
0x5CAA,0x5CAF,23722,23727,6,CODE,0.78,plausible,ghidra,"ghidra_insn","Ghidra listing instruction start (MCS96:LE:16:default); LJMP/LCALL are PC-relative disp16"
0x5CB0,0x5CB2,23728,23730,3,CODE,0.55,plausible,re_pipeline,"code_window_hypothesis","Hypothesized CODE window per shipping regions + first non-FF @0x2000. ISA not verified; structural only."
0x5CB3,0x5CBA,23731,23738,8,CODE,0.78,plausible,ghidra,"ghidra_insn","Ghidra listing instruction start (MCS96:LE:16:default); LJMP/LCALL are PC-relative disp16"
0x5CBB,0x5CBC,23739,23740,2,CODE,0.55,plausible,re_pipeline,"code_window_hypothesis","Hypothesized CODE window per shipping regions + first non-FF @0x2000. ISA not verified; structural only."
0x5CBD,0x5CBF,23741,23743,3,CODE,0.78,plausible,ghidra,"ghidra_insn","Ghidra listing instruction start (MCS96:LE:16:default); LJMP/LCALL are PC-relative disp16"
0x5CC0,0x5CC1,23744,23745,2,CODE,0.55,plausible,re_pipeline,"code_window_hypothesis","Hypothesized CODE window per shipping regions + first non-FF @0x2000. ISA not verified; structural only."
0x5CC2,0x5CC4,23746,23748,3,CODE,0.78,plausible,ghidra,"ghidra_insn","Ghidra listing instruction start (MCS96:LE:16:default); LJMP/LCALL are PC-relative disp16"
0x5CC5,0x5CC6,23749,23750,2,CODE,0.55,plausible,re_pipeline,"code_window_hypothesis","Hypothesized CODE window per shipping regions + first non-FF @0x2000. ISA not verified; structural only."
0x5CC7,0x5CC9,23751,23753,3,CODE,0.78,plausible,ghidra,"ghidra_insn","Ghidra listing instruction start (MCS96:LE:16:default); LJMP/LCALL are PC-relative disp16"
0x5CCA,0x5CCB,23754,23755,2,CODE,0.55,plausible,re_pipeline,"code_window_hypothesis","Hypothesized CODE window per shipping regions + first non-FF @0x2000. ISA not verified; structural only."
0x5CCC,0x5CD1,23756,23761,6,CODE,0.78,plausible,ghidra,"ghidra_insn","Ghidra listing instruction start (MCS96:LE:16:default); LJMP/LCALL are PC-relative disp16"
0x5CD2,0x5CD3,23762,23763,2,CODE,0.55,plausible,re_pipeline,"code_window_hypothesis","Hypothesized CODE window per shipping regions + first non-FF @0x2000. ISA not verified; structural only."
0x5CD4,0x5CD6,23764,23766,3,CODE,0.78,plausible,ghidra,"ghidra_insn","Ghidra listing instruction start (MCS96:LE:16:default); LJMP/LCALL are PC-relative disp16"
0x5CD7,0x5CD8,23767,23768,2,CODE,0.55,plausible,re_pipeline,"code_window_hypothesis","Hypothesized CODE window per shipping regions + first non-FF @0x2000. ISA not verified; structural only."
0x5CD9,0x5CDE,23769,23774,6,CODE,0.78,plausible,ghidra,"ghidra_insn","Ghidra listing instruction start (MCS96:LE:16:default); LJMP/LCALL are PC-relative disp16"
0x5CDF,0x5CE0,23775,23776,2,CODE,0.55,plausible,re_pipeline,"code_window_hypothesis","Hypothesized CODE window per shipping regions + first non-FF @0x2000. ISA not verified; structural only."
0x5CE1,0x5CE5,23777,23781,5,CODE,0.78,plausible,ghidra,"ghidra_insn","Ghidra listing instruction start (MCS96:LE:16:default); LJMP/LCALL are PC-relative disp16"
0x5CE6,0x5CE6,23782,23782,1,CODE,0.55,plausible,re_pipeline,"code_window_hypothesis","Hypothesized CODE window per shipping regions + first non-FF @0x2000. ISA not verified; structural only."
0x5CE7,0x5CF1,23783,23793,11,CODE,0.78,plausible,ghidra,"ghidra_insn","Ghidra listing instruction start (MCS96:LE:16:default); LJMP/LCALL are PC-relative disp16"
0x5CF2,0x5CF3,23794,23795,2,CODE,0.55,plausible,re_pipeline,"code_window_hypothesis","Hypothesized CODE window per shipping regions + first non-FF @0x2000. ISA not verified; structural only."
0x5CF4,0x5D06,23796,23814,19,CODE,0.78,plausible,ghidra,"ghidra_insn","Ghidra listing instruction start (MCS96:LE:16:default); LJMP/LCALL are PC-relative disp16"
0x5D07,0x5D08,23815,23816,2,CODE,0.55,plausible,re_pipeline,"code_window_hypothesis","Hypothesized CODE window per shipping regions + first non-FF @0x2000. ISA not verified; structural only."
0x5D09,0x5D0E,23817,23822,6,CODE,0.78,plausible,ghidra,"ghidra_insn","Ghidra listing instruction start (MCS96:LE:16:default); LJMP/LCALL are PC-relative disp16"
0x5D0F,0x5D10,23823,23824,2,CODE,0.55,plausible,re_pipeline,"code_window_hypothesis","Hypothesized CODE window per shipping regions + first non-FF @0x2000. ISA not verified; structural only."
0x5D11,0x5D13,23825,23827,3,CODE,0.78,plausible,ghidra,"ghidra_insn","Ghidra listing instruction start (MCS96:LE:16:default); LJMP/LCALL are PC-relative disp16"
0x5D14,0x5D15,23828,23829,2,CODE,0.55,plausible,re_pipeline,"code_window_hypothesis","Hypothesized CODE window per shipping regions + first non-FF @0x2000. ISA not verified; structural only."
0x5D16,0x5D18,23830,23832,3,CODE,0.78,plausible,ghidra,"ghidra_insn","Ghidra listing instruction start (MCS96:LE:16:default); LJMP/LCALL are PC-relative disp16"
0x5D19,0x5D1A,23833,23834,2,CODE,0.55,plausible,re_pipeline,"code_window_hypothesis","Hypothesized CODE window per shipping regions + first non-FF @0x2000. ISA not verified; structural only."
0x5D1B,0x5D1F,23835,23839,5,CODE,0.78,plausible,ghidra,"ghidra_insn","Ghidra listing instruction start (MCS96:LE:16:default); LJMP/LCALL are PC-relative disp16"
0x5D20,0x5D21,23840,23841,2,CODE,0.55,plausible,re_pipeline,"code_window_hypothesis","Hypothesized CODE window per shipping regions + first non-FF @0x2000. ISA not verified; structural only."
0x5D22,0x5D27,23842,23847,6,CODE,0.78,plausible,ghidra,"ghidra_insn","Ghidra listing instruction start (MCS96:LE:16:default); LJMP/LCALL are PC-relative disp16"
0x5D28,0x5D29,23848,23849,2,CODE,0.55,plausible,re_pipeline,"code_window_hypothesis","Hypothesized CODE window per shipping regions + first non-FF @0x2000. ISA not verified; structural only."
0x5D2A,0x5D2F,23850,23855,6,CODE,0.78,plausible,ghidra,"ghidra_insn","Ghidra listing instruction start (MCS96:LE:16:default); LJMP/LCALL are PC-relative disp16"
0x5D30,0x5D31,23856,23857,2,CODE,0.55,plausible,re_pipeline,"code_window_hypothesis","Hypothesized CODE window per shipping regions + first non-FF @0x2000. ISA not verified; structural only."
0x5D32,0x5D36,23858,23862,5,CODE,0.78,plausible,ghidra,"ghidra_insn","Ghidra listing instruction start (MCS96:LE:16:default); LJMP/LCALL are PC-relative disp16"
0x5D37,0x5D38,23863,23864,2,CODE,0.55,plausible,re_pipeline,"code_window_hypothesis","Hypothesized CODE window per shipping regions + first non-FF @0x2000. ISA not verified; structural only."
0x5D39,0x5D3D,23865,23869,5,CODE,0.78,plausible,ghidra,"ghidra_insn","Ghidra listing instruction start (MCS96:LE:16:default); LJMP/LCALL are PC-relative disp16"
0x5D3E,0x5D3F,23870,23871,2,CODE,0.55,plausible,re_pipeline,"code_window_hypothesis","Hypothesized CODE window per shipping regions + first non-FF @0x2000. ISA not verified; structural only."
0x5D40,0x5D45,23872,23877,6,CODE,0.78,plausible,ghidra,"ghidra_insn","Ghidra listing instruction start (MCS96:LE:16:default); LJMP/LCALL are PC-relative disp16"
0x5D46,0x5D47,23878,23879,2,CODE,0.55,plausible,re_pipeline,"code_window_hypothesis","Hypothesized CODE window per shipping regions + first non-FF @0x2000. ISA not verified; structural only."
0x5D48,0x5D4C,23880,23884,5,CODE,0.78,plausible,ghidra,"ghidra_insn","Ghidra listing instruction start (MCS96:LE:16:default); LJMP/LCALL are PC-relative disp16"
0x5D4D,0x5D4E,23885,23886,2,CODE,0.55,plausible,re_pipeline,"code_window_hypothesis","Hypothesized CODE window per shipping regions + first non-FF @0x2000. ISA not verified; structural only."
0x5D4F,0x5D54,23887,23892,6,CODE,0.78,plausible,ghidra,"ghidra_insn","Ghidra listing instruction start (MCS96:LE:16:default); LJMP/LCALL are PC-relative disp16"
0x5D55,0x5D56,23893,23894,2,CODE,0.55,plausible,re_pipeline,"code_window_hypothesis","Hypothesized CODE window per shipping regions + first non-FF @0x2000. ISA not verified; structural only."
0x5D57,0x5D62,23895,23906,12,CODE,0.78,plausible,ghidra,"ghidra_insn","Ghidra listing instruction start (MCS96:LE:16:default); LJMP/LCALL are PC-relative disp16"
0x5D63,0x5D63,23907,23907,1,CODE,0.55,plausible,re_pipeline,"code_window_hypothesis","Hypothesized CODE window per shipping regions + first non-FF @0x2000. ISA not verified; structural only."
0x5D64,0x5D69,23908,23913,6,CODE,0.78,plausible,ghidra,"ghidra_insn","Ghidra listing instruction start (MCS96:LE:16:default); LJMP/LCALL are PC-relative disp16"
0x5D6A,0x5D6B,23914,23915,2,CODE,0.55,plausible,re_pipeline,"code_window_hypothesis","Hypothesized CODE window per shipping regions + first non-FF @0x2000. ISA not verified; structural only."
0x5D6C,0x5D7B,23916,23931,16,CODE,0.78,plausible,ghidra,"ghidra_insn","Ghidra listing instruction start (MCS96:LE:16:default); LJMP/LCALL are PC-relative disp16"
0x5D7C,0x5D7D,23932,23933,2,CODE,0.55,plausible,re_pipeline,"code_window_hypothesis","Hypothesized CODE window per shipping regions + first non-FF @0x2000. ISA not verified; structural only."
0x5D7E,0x5D83,23934,23939,6,CODE,0.78,plausible,ghidra,"ghidra_insn","Ghidra listing instruction start (MCS96:LE:16:default); LJMP/LCALL are PC-relative disp16"
0x5D84,0x5D84,23940,23940,1,CODE,0.55,plausible,re_pipeline,"code_window_hypothesis","Hypothesized CODE window per shipping regions + first non-FF @0x2000. ISA not verified; structural only."
0x5D85,0x5D92,23941,23954,14,CODE,0.78,plausible,ghidra,"ghidra_insn","Ghidra listing instruction start (MCS96:LE:16:default); LJMP/LCALL are PC-relative disp16"
0x5D93,0x5D93,23955,23955,1,CODE,0.55,plausible,re_pipeline,"code_window_hypothesis","Hypothesized CODE window per shipping regions + first non-FF @0x2000. ISA not verified; structural only."
0x5D94,0x5D9B,23956,23963,8,CODE,0.78,plausible,ghidra,"ghidra_insn","Ghidra listing instruction start (MCS96:LE:16:default); LJMP/LCALL are PC-relative disp16"
0x5D9C,0x5D9C,23964,23964,1,CODE,0.55,plausible,re_pipeline,"code_window_hypothesis","Hypothesized CODE window per shipping regions + first non-FF @0x2000. ISA not verified; structural only."
0x5D9D,0x5DAC,23965,23980,16,CODE,0.78,plausible,ghidra,"ghidra_insn","Ghidra listing instruction start (MCS96:LE:16:default); LJMP/LCALL are PC-relative disp16"
0x5DAD,0x5DAE,23981,23982,2,CODE,0.55,plausible,re_pipeline,"code_window_hypothesis","Hypothesized CODE window per shipping regions + first non-FF @0x2000. ISA not verified; structural only."
0x5DAF,0x5DB4,23983,23988,6,CODE,0.78,plausible,ghidra,"ghidra_insn","Ghidra listing instruction start (MCS96:LE:16:default); LJMP/LCALL are PC-relative disp16"
0x5DB5,0x5DB6,23989,23990,2,CODE,0.55,plausible,re_pipeline,"code_window_hypothesis","Hypothesized CODE window per shipping regions + first non-FF @0x2000. ISA not verified; structural only."
0x5DB7,0x5DC2,23991,24002,12,CODE,0.78,plausible,ghidra,"ghidra_insn","Ghidra listing instruction start (MCS96:LE:16:default); LJMP/LCALL are PC-relative disp16"
0x5DC3,0x5DC3,24003,24003,1,CODE,0.55,plausible,re_pipeline,"code_window_hypothesis","Hypothesized CODE window per shipping regions + first non-FF @0x2000. ISA not verified; structural only."
0x5DC4,0x5DD1,24004,24017,14,CODE,0.78,plausible,ghidra,"ghidra_insn","Ghidra listing instruction start (MCS96:LE:16:default); LJMP/LCALL are PC-relative disp16"
0x5DD2,0x5DD2,24018,24018,1,CODE,0.55,plausible,re_pipeline,"code_window_hypothesis","Hypothesized CODE window per shipping regions + first non-FF @0x2000. ISA not verified; structural only."
0x5DD3,0x5DE7,24019,24039,21,CODE,0.78,plausible,ghidra,"ghidra_insn","Ghidra listing instruction start (MCS96:LE:16:default); LJMP/LCALL are PC-relative disp16"
0x5DE8,0x5DEA,24040,24042,3,CODE,0.55,plausible,re_pipeline,"code_window_hypothesis","Hypothesized CODE window per shipping regions + first non-FF @0x2000. ISA not verified; structural only."
0x5DEB,0x5DF4,24043,24052,10,CODE,0.78,plausible,ghidra,"ghidra_insn","Ghidra listing instruction start (MCS96:LE:16:default); LJMP/LCALL are PC-relative disp16"
0x5DF5,0x5DF7,24053,24055,3,CODE,0.55,plausible,re_pipeline,"code_window_hypothesis","Hypothesized CODE window per shipping regions + first non-FF @0x2000. ISA not verified; structural only."
0x5DF8,0x5DFA,24056,24058,3,CODE,0.78,plausible,ghidra,"ghidra_insn","Ghidra listing instruction start (MCS96:LE:16:default); LJMP/LCALL are PC-relative disp16"
0x5DFB,0x5DFC,24059,24060,2,CODE,0.55,plausible,re_pipeline,"code_window_hypothesis","Hypothesized CODE window per shipping regions + first non-FF @0x2000. ISA not verified; structural only."
0x5DFD,0x5E07,24061,24071,11,CODE,0.78,plausible,ghidra,"ghidra_insn","Ghidra listing instruction start (MCS96:LE:16:default); LJMP/LCALL are PC-relative disp16"
0x5E08,0x5E09,24072,24073,2,CODE,0.55,plausible,re_pipeline,"code_window_hypothesis","Hypothesized CODE window per shipping regions + first non-FF @0x2000. ISA not verified; structural only."
0x5E0A,0x5E0C,24074,24076,3,CODE,0.78,plausible,ghidra,"ghidra_insn","Ghidra listing instruction start (MCS96:LE:16:default); LJMP/LCALL are PC-relative disp16"
0x5E0D,0x5E0D,24077,24077,1,CODE,0.55,plausible,re_pipeline,"code_window_hypothesis","Hypothesized CODE window per shipping regions + first non-FF @0x2000. ISA not verified; structural only."
0x5E0E,0x5E17,24078,24087,10,CODE,0.78,plausible,ghidra,"ghidra_insn","Ghidra listing instruction start (MCS96:LE:16:default); LJMP/LCALL are PC-relative disp16"
0x5E18,0x5E18,24088,24088,1,CODE,0.55,plausible,re_pipeline,"code_window_hypothesis","Hypothesized CODE window per shipping regions + first non-FF @0x2000. ISA not verified; structural only."
0x5E19,0x5E1B,24089,24091,3,CODE,0.78,plausible,ghidra,"ghidra_insn","Ghidra listing instruction start (MCS96:LE:16:default); LJMP/LCALL are PC-relative disp16"
0x5E1C,0x5E1C,24092,24092,1,CODE,0.55,plausible,re_pipeline,"code_window_hypothesis","Hypothesized CODE window per shipping regions + first non-FF @0x2000. ISA not verified; structural only."
0x5E1D,0x5E24,24093,24100,8,CODE,0.78,plausible,ghidra,"ghidra_insn","Ghidra listing instruction start (MCS96:LE:16:default); LJMP/LCALL are PC-relative disp16"
0x5E25,0x5E25,24101,24101,1,CODE,0.55,plausible,re_pipeline,"code_window_hypothesis","Hypothesized CODE window per shipping regions + first non-FF @0x2000. ISA not verified; structural only."
0x5E26,0x5E2C,24102,24108,7,CODE,0.78,plausible,ghidra,"ghidra_insn","Ghidra listing instruction start (MCS96:LE:16:default); LJMP/LCALL are PC-relative disp16"
0x5E2D,0x5E2D,24109,24109,1,CODE,0.55,plausible,re_pipeline,"code_window_hypothesis","Hypothesized CODE window per shipping regions + first non-FF @0x2000. ISA not verified; structural only."
0x5E2E,0x5E37,24110,24119,10,CODE,0.78,plausible,ghidra,"ghidra_insn","Ghidra listing instruction start (MCS96:LE:16:default); LJMP/LCALL are PC-relative disp16"
0x5E38,0x5E38,24120,24120,1,CODE,0.55,plausible,re_pipeline,"code_window_hypothesis","Hypothesized CODE window per shipping regions + first non-FF @0x2000. ISA not verified; structural only."
0x5E39,0x5E3B,24121,24123,3,CODE,0.78,plausible,ghidra,"ghidra_insn","Ghidra listing instruction start (MCS96:LE:16:default); LJMP/LCALL are PC-relative disp16"
0x5E3C,0x5E3D,24124,24125,2,CODE,0.55,plausible,re_pipeline,"code_window_hypothesis","Hypothesized CODE window per shipping regions + first non-FF @0x2000. ISA not verified; structural only."
0x5E3E,0x5E45,24126,24133,8,CODE,0.78,plausible,ghidra,"ghidra_insn","Ghidra listing instruction start (MCS96:LE:16:default); LJMP/LCALL are PC-relative disp16"
0x5E46,0x5E47,24134,24135,2,CODE,0.55,plausible,re_pipeline,"code_window_hypothesis","Hypothesized CODE window per shipping regions + first non-FF @0x2000. ISA not verified; structural only."
0x5E48,0x5E4F,24136,24143,8,CODE,0.78,plausible,ghidra,"ghidra_insn","Ghidra listing instruction start (MCS96:LE:16:default); LJMP/LCALL are PC-relative disp16"
0x5E50,0x5E50,24144,24144,1,CODE,0.55,plausible,re_pipeline,"code_window_hypothesis","Hypothesized CODE window per shipping regions + first non-FF @0x2000. ISA not verified; structural only."
0x5E51,0x5E59,24145,24153,9,CODE,0.78,plausible,ghidra,"ghidra_insn","Ghidra listing instruction start (MCS96:LE:16:default); LJMP/LCALL are PC-relative disp16"
0x5E5A,0x5E5A,24154,24154,1,CODE,0.55,plausible,re_pipeline,"code_window_hypothesis","Hypothesized CODE window per shipping regions + first non-FF @0x2000. ISA not verified; structural only."
0x5E5B,0x5E62,24155,24162,8,CODE,0.78,plausible,ghidra,"ghidra_insn","Ghidra listing instruction start (MCS96:LE:16:default); LJMP/LCALL are PC-relative disp16"
0x5E63,0x5E63,24163,24163,1,CODE,0.55,plausible,re_pipeline,"code_window_hypothesis","Hypothesized CODE window per shipping regions + first non-FF @0x2000. ISA not verified; structural only."
0x5E64,0x5E69,24164,24169,6,CODE,0.78,plausible,ghidra,"ghidra_insn","Ghidra listing instruction start (MCS96:LE:16:default); LJMP/LCALL are PC-relative disp16"
0x5E6A,0x5E6B,24170,24171,2,CODE,0.55,plausible,re_pipeline,"code_window_hypothesis","Hypothesized CODE window per shipping regions + first non-FF @0x2000. ISA not verified; structural only."
0x5E6C,0x5E6E,24172,24174,3,CODE,0.78,plausible,ghidra,"ghidra_insn","Ghidra listing instruction start (MCS96:LE:16:default); LJMP/LCALL are PC-relative disp16"
0x5E6F,0x5E6F,24175,24175,1,CODE,0.55,plausible,re_pipeline,"code_window_hypothesis","Hypothesized CODE window per shipping regions + first non-FF @0x2000. ISA not verified; structural only."
0x5E70,0x5E77,24176,24183,8,CODE,0.78,plausible,ghidra,"ghidra_insn","Ghidra listing instruction start (MCS96:LE:16:default); LJMP/LCALL are PC-relative disp16"
0x5E78,0x5E78,24184,24184,1,CODE,0.55,plausible,re_pipeline,"code_window_hypothesis","Hypothesized CODE window per shipping regions + first non-FF @0x2000. ISA not verified; structural only."
0x5E79,0x5E7E,24185,24190,6,CODE,0.78,plausible,ghidra,"ghidra_insn","Ghidra listing instruction start (MCS96:LE:16:default); LJMP/LCALL are PC-relative disp16"
0x5E7F,0x5E80,24191,24192,2,CODE,0.55,plausible,re_pipeline,"code_window_hypothesis","Hypothesized CODE window per shipping regions + first non-FF @0x2000. ISA not verified; structural only."
0x5E81,0x5E83,24193,24195,3,CODE,0.78,plausible,ghidra,"ghidra_insn","Ghidra listing instruction start (MCS96:LE:16:default); LJMP/LCALL are PC-relative disp16"
0x5E84,0x5E84,24196,24196,1,CODE,0.55,plausible,re_pipeline,"code_window_hypothesis","Hypothesized CODE window per shipping regions + first non-FF @0x2000. ISA not verified; structural only."
0x5E85,0x5E8A,24197,24202,6,CODE,0.78,plausible,ghidra,"ghidra_insn","Ghidra listing instruction start (MCS96:LE:16:default); LJMP/LCALL are PC-relative disp16"
0x5E8B,0x5E8B,24203,24203,1,CODE,0.55,plausible,re_pipeline,"code_window_hypothesis","Hypothesized CODE window per shipping regions + first non-FF @0x2000. ISA not verified; structural only."
0x5E8C,0x5E91,24204,24209,6,CODE,0.78,plausible,ghidra,"ghidra_insn","Ghidra listing instruction start (MCS96:LE:16:default); LJMP/LCALL are PC-relative disp16"
0x5E92,0x5E92,24210,24210,1,CODE,0.55,plausible,re_pipeline,"code_window_hypothesis","Hypothesized CODE window per shipping regions + first non-FF @0x2000. ISA not verified; structural only."
0x5E93,0x5E95,24211,24213,3,CODE,0.78,plausible,ghidra,"ghidra_insn","Ghidra listing instruction start (MCS96:LE:16:default); LJMP/LCALL are PC-relative disp16"
0x5E96,0x5E96,24214,24214,1,CODE,0.55,plausible,re_pipeline,"code_window_hypothesis","Hypothesized CODE window per shipping regions + first non-FF @0x2000. ISA not verified; structural only."
0x5E97,0x5E9C,24215,24220,6,CODE,0.78,plausible,ghidra,"ghidra_insn","Ghidra listing instruction start (MCS96:LE:16:default); LJMP/LCALL are PC-relative disp16"
0x5E9D,0x5E9D,24221,24221,1,CODE,0.55,plausible,re_pipeline,"code_window_hypothesis","Hypothesized CODE window per shipping regions + first non-FF @0x2000. ISA not verified; structural only."
0x5E9E,0x5EA0,24222,24224,3,CODE,0.78,plausible,ghidra,"ghidra_insn","Ghidra listing instruction start (MCS96:LE:16:default); LJMP/LCALL are PC-relative disp16"
0x5EA1,0x5EA2,24225,24226,2,CODE,0.55,plausible,re_pipeline,"code_window_hypothesis","Hypothesized CODE window per shipping regions + first non-FF @0x2000. ISA not verified; structural only."
0x5EA3,0x5EAA,24227,24234,8,CODE,0.78,plausible,ghidra,"ghidra_insn","Ghidra listing instruction start (MCS96:LE:16:default); LJMP/LCALL are PC-relative disp16"
0x5EAB,0x5EAC,24235,24236,2,CODE,0.55,plausible,re_pipeline,"code_window_hypothesis","Hypothesized CODE window per shipping regions + first non-FF @0x2000. ISA not verified; structural only."
0x5EAD,0x5EB4,24237,24244,8,CODE,0.78,plausible,ghidra,"ghidra_insn","Ghidra listing instruction start (MCS96:LE:16:default); LJMP/LCALL are PC-relative disp16"
0x5EB5,0x5EB5,24245,24245,1,CODE,0.55,plausible,re_pipeline,"code_window_hypothesis","Hypothesized CODE window per shipping regions + first non-FF @0x2000. ISA not verified; structural only."
0x5EB6,0x5EBB,24246,24251,6,CODE,0.78,plausible,ghidra,"ghidra_insn","Ghidra listing instruction start (MCS96:LE:16:default); LJMP/LCALL are PC-relative disp16"
0x5EBC,0x5EBD,24252,24253,2,CODE,0.55,plausible,re_pipeline,"code_window_hypothesis","Hypothesized CODE window per shipping regions + first non-FF @0x2000. ISA not verified; structural only."
0x5EBE,0x5EC0,24254,24256,3,CODE,0.78,plausible,ghidra,"ghidra_insn","Ghidra listing instruction start (MCS96:LE:16:default); LJMP/LCALL are PC-relative disp16"
0x5EC1,0x5EC1,24257,24257,1,CODE,0.55,plausible,re_pipeline,"code_window_hypothesis","Hypothesized CODE window per shipping regions + first non-FF @0x2000. ISA not verified; structural only."
0x5EC2,0x5EC4,24258,24260,3,CODE,0.78,plausible,ghidra,"ghidra_insn","Ghidra listing instruction start (MCS96:LE:16:default); LJMP/LCALL are PC-relative disp16"
0x5EC5,0x5EC6,24261,24262,2,CODE,0.55,plausible,re_pipeline,"code_window_hypothesis","Hypothesized CODE window per shipping regions + first non-FF @0x2000. ISA not verified; structural only."
0x5EC7,0x5ECB,24263,24267,5,CODE,0.78,plausible,ghidra,"ghidra_insn","Ghidra listing instruction start (MCS96:LE:16:default); LJMP/LCALL are PC-relative disp16"
0x5ECC,0x5ECC,24268,24268,1,CODE,0.55,plausible,re_pipeline,"code_window_hypothesis","Hypothesized CODE window per shipping regions + first non-FF @0x2000. ISA not verified; structural only."
0x5ECD,0x5ED4,24269,24276,8,CODE,0.78,plausible,ghidra,"ghidra_insn","Ghidra listing instruction start (MCS96:LE:16:default); LJMP/LCALL are PC-relative disp16"
0x5ED5,0x5ED5,24277,24277,1,CODE,0.55,plausible,re_pipeline,"code_window_hypothesis","Hypothesized CODE window per shipping regions + first non-FF @0x2000. ISA not verified; structural only."
0x5ED6,0x5EDD,24278,24285,8,CODE,0.78,plausible,ghidra,"ghidra_insn","Ghidra listing instruction start (MCS96:LE:16:default); LJMP/LCALL are PC-relative disp16"
0x5EDE,0x5EDE,24286,24286,1,CODE,0.55,plausible,re_pipeline,"code_window_hypothesis","Hypothesized CODE window per shipping regions + first non-FF @0x2000. ISA not verified; structural only."
0x5EDF,0x5EE1,24287,24289,3,CODE,0.78,plausible,ghidra,"ghidra_insn","Ghidra listing instruction start (MCS96:LE:16:default); LJMP/LCALL are PC-relative disp16"
0x5EE2,0x5EE3,24290,24291,2,CODE,0.55,plausible,re_pipeline,"code_window_hypothesis","Hypothesized CODE window per shipping regions + first non-FF @0x2000. ISA not verified; structural only."
0x5EE4,0x5EE8,24292,24296,5,CODE,0.78,plausible,ghidra,"ghidra_insn","Ghidra listing instruction start (MCS96:LE:16:default); LJMP/LCALL are PC-relative disp16"
0x5EE9,0x5EEA,24297,24298,2,CODE,0.55,plausible,re_pipeline,"code_window_hypothesis","Hypothesized CODE window per shipping regions + first non-FF @0x2000. ISA not verified; structural only."
0x5EEB,0x5EF1,24299,24305,7,CODE,0.78,plausible,ghidra,"ghidra_insn","Ghidra listing instruction start (MCS96:LE:16:default); LJMP/LCALL are PC-relative disp16"
0x5EF2,0x5EF3,24306,24307,2,CODE,0.55,plausible,re_pipeline,"code_window_hypothesis","Hypothesized CODE window per shipping regions + first non-FF @0x2000. ISA not verified; structural only."
0x5EF4,0x5EF6,24308,24310,3,CODE,0.78,plausible,ghidra,"ghidra_insn","Ghidra listing instruction start (MCS96:LE:16:default); LJMP/LCALL are PC-relative disp16"
0x5EF7,0x5EF8,24311,24312,2,CODE,0.55,plausible,re_pipeline,"code_window_hypothesis","Hypothesized CODE window per shipping regions + first non-FF @0x2000. ISA not verified; structural only."
0x5EF9,0x5F03,24313,24323,11,CODE,0.78,plausible,ghidra,"ghidra_insn","Ghidra listing instruction start (MCS96:LE:16:default); LJMP/LCALL are PC-relative disp16"
0x5F04,0x5F04,24324,24324,1,CODE,0.55,plausible,re_pipeline,"code_window_hypothesis","Hypothesized CODE window per shipping regions + first non-FF @0x2000. ISA not verified; structural only."
0x5F05,0x5F13,24325,24339,15,CODE,0.78,plausible,ghidra,"ghidra_insn","Ghidra listing instruction start (MCS96:LE:16:default); LJMP/LCALL are PC-relative disp16"
0x5F14,0x5F15,24340,24341,2,CODE,0.55,plausible,re_pipeline,"code_window_hypothesis","Hypothesized CODE window per shipping regions + first non-FF @0x2000. ISA not verified; structural only."
0x5F16,0x5F1B,24342,24347,6,CODE,0.78,plausible,ghidra,"ghidra_insn","Ghidra listing instruction start (MCS96:LE:16:default); LJMP/LCALL are PC-relative disp16"
0x5F1C,0x5F1D,24348,24349,2,CODE,0.55,plausible,re_pipeline,"code_window_hypothesis","Hypothesized CODE window per shipping regions + first non-FF @0x2000. ISA not verified; structural only."
0x5F1E,0x5F20,24350,24352,3,CODE,0.78,plausible,ghidra,"ghidra_insn","Ghidra listing instruction start (MCS96:LE:16:default); LJMP/LCALL are PC-relative disp16"
0x5F21,0x5F22,24353,24354,2,CODE,0.55,plausible,re_pipeline,"code_window_hypothesis","Hypothesized CODE window per shipping regions + first non-FF @0x2000. ISA not verified; structural only."
0x5F23,0x5F29,24355,24361,7,CODE,0.78,plausible,ghidra,"ghidra_insn","Ghidra listing instruction start (MCS96:LE:16:default); LJMP/LCALL are PC-relative disp16"
0x5F2A,0x5F2A,24362,24362,1,CODE,0.55,plausible,re_pipeline,"code_window_hypothesis","Hypothesized CODE window per shipping regions + first non-FF @0x2000. ISA not verified; structural only."
0x5F2B,0x5F33,24363,24371,9,CODE,0.78,plausible,ghidra,"ghidra_insn","Ghidra listing instruction start (MCS96:LE:16:default); LJMP/LCALL are PC-relative disp16"
0x5F34,0x5F35,24372,24373,2,CODE,0.55,plausible,re_pipeline,"code_window_hypothesis","Hypothesized CODE window per shipping regions + first non-FF @0x2000. ISA not verified; structural only."
0x5F36,0x5F40,24374,24384,11,CODE,0.78,plausible,ghidra,"ghidra_insn","Ghidra listing instruction start (MCS96:LE:16:default); LJMP/LCALL are PC-relative disp16"
0x5F41,0x5F41,24385,24385,1,CODE,0.55,plausible,re_pipeline,"code_window_hypothesis","Hypothesized CODE window per shipping regions + first non-FF @0x2000. ISA not verified; structural only."
0x5F42,0x5F4C,24386,24396,11,CODE,0.78,plausible,ghidra,"ghidra_insn","Ghidra listing instruction start (MCS96:LE:16:default); LJMP/LCALL are PC-relative disp16"
0x5F4D,0x5F4D,24397,24397,1,CODE,0.55,plausible,re_pipeline,"code_window_hypothesis","Hypothesized CODE window per shipping regions + first non-FF @0x2000. ISA not verified; structural only."
0x5F4E,0x5F50,24398,24400,3,CODE,0.78,plausible,ghidra,"ghidra_insn","Ghidra listing instruction start (MCS96:LE:16:default); LJMP/LCALL are PC-relative disp16"
0x5F51,0x5F52,24401,24402,2,CODE,0.55,plausible,re_pipeline,"code_window_hypothesis","Hypothesized CODE window per shipping regions + first non-FF @0x2000. ISA not verified; structural only."
0x5F53,0x5F58,24403,24408,6,CODE,0.78,plausible,ghidra,"ghidra_insn","Ghidra listing instruction start (MCS96:LE:16:default); LJMP/LCALL are PC-relative disp16"
0x5F59,0x5F59,24409,24409,1,CODE,0.55,plausible,re_pipeline,"code_window_hypothesis","Hypothesized CODE window per shipping regions + first non-FF @0x2000. ISA not verified; structural only."
0x5F5A,0x5F5C,24410,24412,3,CODE,0.78,plausible,ghidra,"ghidra_insn","Ghidra listing instruction start (MCS96:LE:16:default); LJMP/LCALL are PC-relative disp16"
0x5F5D,0x5F5E,24413,24414,2,CODE,0.55,plausible,re_pipeline,"code_window_hypothesis","Hypothesized CODE window per shipping regions + first non-FF @0x2000. ISA not verified; structural only."
0x5F5F,0x5F6B,24415,24427,13,CODE,0.78,plausible,ghidra,"ghidra_insn","Ghidra listing instruction start (MCS96:LE:16:default); LJMP/LCALL are PC-relative disp16"
0x5F6C,0x5F6C,24428,24428,1,CODE,0.55,plausible,re_pipeline,"code_window_hypothesis","Hypothesized CODE window per shipping regions + first non-FF @0x2000. ISA not verified; structural only."
0x5F6D,0x5F75,24429,24437,9,CODE,0.78,plausible,ghidra,"ghidra_insn","Ghidra listing instruction start (MCS96:LE:16:default); LJMP/LCALL are PC-relative disp16"
0x5F76,0x5F76,24438,24438,1,CODE,0.55,plausible,re_pipeline,"code_window_hypothesis","Hypothesized CODE window per shipping regions + first non-FF @0x2000. ISA not verified; structural only."
0x5F77,0x5F7E,24439,24446,8,CODE,0.78,plausible,ghidra,"ghidra_insn","Ghidra listing instruction start (MCS96:LE:16:default); LJMP/LCALL are PC-relative disp16"
0x5F7F,0x5F7F,24447,24447,1,CODE,0.55,plausible,re_pipeline,"code_window_hypothesis","Hypothesized CODE window per shipping regions + first non-FF @0x2000. ISA not verified; structural only."
0x5F80,0x5F85,24448,24453,6,CODE,0.78,plausible,ghidra,"ghidra_insn","Ghidra listing instruction start (MCS96:LE:16:default); LJMP/LCALL are PC-relative disp16"
0x5F86,0x5F86,24454,24454,1,CODE,0.55,plausible,re_pipeline,"code_window_hypothesis","Hypothesized CODE window per shipping regions + first non-FF @0x2000. ISA not verified; structural only."
0x5F87,0x5F8F,24455,24463,9,CODE,0.78,plausible,ghidra,"ghidra_insn","Ghidra listing instruction start (MCS96:LE:16:default); LJMP/LCALL are PC-relative disp16"
0x5F90,0x5F90,24464,24464,1,CODE,0.55,plausible,re_pipeline,"code_window_hypothesis","Hypothesized CODE window per shipping regions + first non-FF @0x2000. ISA not verified; structural only."
0x5F91,0x5F98,24465,24472,8,CODE,0.78,plausible,ghidra,"ghidra_insn","Ghidra listing instruction start (MCS96:LE:16:default); LJMP/LCALL are PC-relative disp16"
0x5F99,0x5F99,24473,24473,1,CODE,0.55,plausible,re_pipeline,"code_window_hypothesis","Hypothesized CODE window per shipping regions + first non-FF @0x2000. ISA not verified; structural only."
0x5F9A,0x5FAE,24474,24494,21,CODE,0.78,plausible,ghidra,"ghidra_insn","Ghidra listing instruction start (MCS96:LE:16:default); LJMP/LCALL are PC-relative disp16"
0x5FAF,0x5FAF,24495,24495,1,CODE,0.55,plausible,re_pipeline,"code_window_hypothesis","Hypothesized CODE window per shipping regions + first non-FF @0x2000. ISA not verified; structural only."
0x5FB0,0x5FBA,24496,24506,11,CODE,0.78,plausible,ghidra,"ghidra_insn","Ghidra listing instruction start (MCS96:LE:16:default); LJMP/LCALL are PC-relative disp16"
0x5FBB,0x5FBC,24507,24508,2,CODE,0.55,plausible,re_pipeline,"code_window_hypothesis","Hypothesized CODE window per shipping regions + first non-FF @0x2000. ISA not verified; structural only."
0x5FBD,0x5FC3,24509,24515,7,CODE,0.78,plausible,ghidra,"ghidra_insn","Ghidra listing instruction start (MCS96:LE:16:default); LJMP/LCALL are PC-relative disp16"
0x5FC4,0x5FC5,24516,24517,2,CODE,0.55,plausible,re_pipeline,"code_window_hypothesis","Hypothesized CODE window per shipping regions + first non-FF @0x2000. ISA not verified; structural only."
0x5FC6,0x5FD0,24518,24528,11,CODE,0.78,plausible,ghidra,"ghidra_insn","Ghidra listing instruction start (MCS96:LE:16:default); LJMP/LCALL are PC-relative disp16"
0x5FD1,0x5FD1,24529,24529,1,CODE,0.55,plausible,re_pipeline,"code_window_hypothesis","Hypothesized CODE window per shipping regions + first non-FF @0x2000. ISA not verified; structural only."
0x5FD2,0x5FD7,24530,24535,6,CODE,0.78,plausible,ghidra,"ghidra_insn","Ghidra listing instruction start (MCS96:LE:16:default); LJMP/LCALL are PC-relative disp16"
0x5FD8,0x5FD9,24536,24537,2,CODE,0.55,plausible,re_pipeline,"code_window_hypothesis","Hypothesized CODE window per shipping regions + first non-FF @0x2000. ISA not verified; structural only."
0x5FDA,0x5FFE,24538,24574,37,CODE,0.78,plausible,ghidra,"ghidra_insn","Ghidra listing instruction start (MCS96:LE:16:default); LJMP/LCALL are PC-relative disp16"
0x5FFF,0x5FFF,24575,24575,1,CODE,0.55,plausible,re_pipeline,"code_window_hypothesis","Hypothesized CODE window per shipping regions + first non-FF @0x2000. ISA not verified; structural only."
0x6000,0x6002,24576,24578,3,CODE,0.78,plausible,ghidra,"ghidra_insn","Ghidra listing instruction start (MCS96:LE:16:default); LJMP/LCALL are PC-relative disp16"
0x6003,0x600B,24579,24587,9,CODE,0.55,plausible,re_pipeline,"code_window_hypothesis","Hypothesized CODE window per shipping regions + first non-FF @0x2000. ISA not verified; structural only."
0x600C,0x6011,24588,24593,6,CODE,0.78,plausible,ghidra,"ghidra_insn","Ghidra listing instruction start (MCS96:LE:16:default); LJMP/LCALL are PC-relative disp16"
0x6012,0x6013,24594,24595,2,CODE,0.55,plausible,re_pipeline,"code_window_hypothesis","Hypothesized CODE window per shipping regions + first non-FF @0x2000. ISA not verified; structural only."
0x6014,0x601C,24596,24604,9,CODE,0.78,plausible,ghidra,"ghidra_insn","Ghidra listing instruction start (MCS96:LE:16:default); LJMP/LCALL are PC-relative disp16"
0x601D,0x601E,24605,24606,2,CODE,0.55,plausible,re_pipeline,"code_window_hypothesis","Hypothesized CODE window per shipping regions + first non-FF @0x2000. ISA not verified; structural only."
0x601F,0x6026,24607,24614,8,CODE,0.78,plausible,ghidra,"ghidra_insn","Ghidra listing instruction start (MCS96:LE:16:default); LJMP/LCALL are PC-relative disp16"
0x6027,0x6028,24615,24616,2,CODE,0.55,plausible,re_pipeline,"code_window_hypothesis","Hypothesized CODE window per shipping regions + first non-FF @0x2000. ISA not verified; structural only."
0x6029,0x602B,24617,24619,3,CODE,0.78,plausible,ghidra,"ghidra_insn","Ghidra listing instruction start (MCS96:LE:16:default); LJMP/LCALL are PC-relative disp16"
0x602C,0x602C,24620,24620,1,CODE,0.55,plausible,re_pipeline,"code_window_hypothesis","Hypothesized CODE window per shipping regions + first non-FF @0x2000. ISA not verified; structural only."
0x602D,0x604A,24621,24650,30,CODE,0.78,plausible,ghidra,"ghidra_insn","Ghidra listing instruction start (MCS96:LE:16:default); LJMP/LCALL are PC-relative disp16"
0x604B,0x604D,24651,24653,3,CODE,0.55,plausible,re_pipeline,"code_window_hypothesis","Hypothesized CODE window per shipping regions + first non-FF @0x2000. ISA not verified; structural only."
0x604E,0x6054,24654,24660,7,CODE,0.78,plausible,ghidra,"ghidra_insn","Ghidra listing instruction start (MCS96:LE:16:default); LJMP/LCALL are PC-relative disp16"
0x6055,0x6057,24661,24663,3,CODE,0.55,plausible,re_pipeline,"code_window_hypothesis","Hypothesized CODE window per shipping regions + first non-FF @0x2000. ISA not verified; structural only."
0x6058,0x6064,24664,24676,13,CODE,0.78,plausible,ghidra,"ghidra_insn","Ghidra listing instruction start (MCS96:LE:16:default); LJMP/LCALL are PC-relative disp16"
0x6065,0x6065,24677,24677,1,CODE,0.55,plausible,re_pipeline,"code_window_hypothesis","Hypothesized CODE window per shipping regions + first non-FF @0x2000. ISA not verified; structural only."
0x6066,0x606D,24678,24685,8,CODE,0.78,plausible,ghidra,"ghidra_insn","Ghidra listing instruction start (MCS96:LE:16:default); LJMP/LCALL are PC-relative disp16"
0x606E,0x6070,24686,24688,3,CODE,0.55,plausible,re_pipeline,"code_window_hypothesis","Hypothesized CODE window per shipping regions + first non-FF @0x2000. ISA not verified; structural only."
0x6071,0x6077,24689,24695,7,CODE,0.78,plausible,ghidra,"ghidra_insn","Ghidra listing instruction start (MCS96:LE:16:default); LJMP/LCALL are PC-relative disp16"
0x6078,0x6079,24696,24697,2,CODE,0.55,plausible,re_pipeline,"code_window_hypothesis","Hypothesized CODE window per shipping regions + first non-FF @0x2000. ISA not verified; structural only."
0x607A,0x607E,24698,24702,5,CODE,0.78,plausible,ghidra,"ghidra_insn","Ghidra listing instruction start (MCS96:LE:16:default); LJMP/LCALL are PC-relative disp16"
0x607F,0x6080,24703,24704,2,CODE,0.55,plausible,re_pipeline,"code_window_hypothesis","Hypothesized CODE window per shipping regions + first non-FF @0x2000. ISA not verified; structural only."
0x6081,0x608A,24705,24714,10,CODE,0.78,plausible,ghidra,"ghidra_insn","Ghidra listing instruction start (MCS96:LE:16:default); LJMP/LCALL are PC-relative disp16"
0x608B,0x608C,24715,24716,2,CODE,0.55,plausible,re_pipeline,"code_window_hypothesis","Hypothesized CODE window per shipping regions + first non-FF @0x2000. ISA not verified; structural only."
0x608D,0x608F,24717,24719,3,CODE,0.78,plausible,ghidra,"ghidra_insn","Ghidra listing instruction start (MCS96:LE:16:default); LJMP/LCALL are PC-relative disp16"
0x6090,0x6091,24720,24721,2,CODE,0.55,plausible,re_pipeline,"code_window_hypothesis","Hypothesized CODE window per shipping regions + first non-FF @0x2000. ISA not verified; structural only."
0x6092,0x6097,24722,24727,6,CODE,0.78,plausible,ghidra,"ghidra_insn","Ghidra listing instruction start (MCS96:LE:16:default); LJMP/LCALL are PC-relative disp16"
0x6098,0x6099,24728,24729,2,CODE,0.55,plausible,re_pipeline,"code_window_hypothesis","Hypothesized CODE window per shipping regions + first non-FF @0x2000. ISA not verified; structural only."
0x609A,0x60AA,24730,24746,17,CODE,0.78,plausible,ghidra,"ghidra_insn","Ghidra listing instruction start (MCS96:LE:16:default); LJMP/LCALL are PC-relative disp16"
0x60AB,0x60AC,24747,24748,2,CODE,0.55,plausible,re_pipeline,"code_window_hypothesis","Hypothesized CODE window per shipping regions + first non-FF @0x2000. ISA not verified; structural only."
0x60AD,0x60AF,24749,24751,3,CODE,0.78,plausible,ghidra,"ghidra_insn","Ghidra listing instruction start (MCS96:LE:16:default); LJMP/LCALL are PC-relative disp16"
0x60B0,0x60B1,24752,24753,2,CODE,0.55,plausible,re_pipeline,"code_window_hypothesis","Hypothesized CODE window per shipping regions + first non-FF @0x2000. ISA not verified; structural only."
0x60B2,0x60D6,24754,24790,37,CODE,0.78,plausible,ghidra,"ghidra_insn","Ghidra listing instruction start (MCS96:LE:16:default); LJMP/LCALL are PC-relative disp16"
0x60D7,0x60D7,24791,24791,1,CODE,0.55,plausible,re_pipeline,"code_window_hypothesis","Hypothesized CODE window per shipping regions + first non-FF @0x2000. ISA not verified; structural only."
0x60D8,0x60E4,24792,24804,13,CODE,0.78,plausible,ghidra,"ghidra_insn","Ghidra listing instruction start (MCS96:LE:16:default); LJMP/LCALL are PC-relative disp16"
0x60E5,0x60E5,24805,24805,1,CODE,0.55,plausible,re_pipeline,"code_window_hypothesis","Hypothesized CODE window per shipping regions + first non-FF @0x2000. ISA not verified; structural only."
0x60E6,0x60EB,24806,24811,6,CODE,0.78,plausible,ghidra,"ghidra_insn","Ghidra listing instruction start (MCS96:LE:16:default); LJMP/LCALL are PC-relative disp16"
0x60EC,0x60ED,24812,24813,2,CODE,0.55,plausible,re_pipeline,"code_window_hypothesis","Hypothesized CODE window per shipping regions + first non-FF @0x2000. ISA not verified; structural only."
0x60EE,0x60F0,24814,24816,3,CODE,0.78,plausible,ghidra,"ghidra_insn","Ghidra listing instruction start (MCS96:LE:16:default); LJMP/LCALL are PC-relative disp16"
0x60F1,0x60F1,24817,24817,1,CODE,0.55,plausible,re_pipeline,"code_window_hypothesis","Hypothesized CODE window per shipping regions + first non-FF @0x2000. ISA not verified; structural only."
0x60F2,0x60F7,24818,24823,6,CODE,0.78,plausible,ghidra,"ghidra_insn","Ghidra listing instruction start (MCS96:LE:16:default); LJMP/LCALL are PC-relative disp16"
0x60F8,0x60F9,24824,24825,2,CODE,0.55,plausible,re_pipeline,"code_window_hypothesis","Hypothesized CODE window per shipping regions + first non-FF @0x2000. ISA not verified; structural only."
0x60FA,0x60FC,24826,24828,3,CODE,0.78,plausible,ghidra,"ghidra_insn","Ghidra listing instruction start (MCS96:LE:16:default); LJMP/LCALL are PC-relative disp16"
0x60FD,0x60FD,24829,24829,1,CODE,0.55,plausible,re_pipeline,"code_window_hypothesis","Hypothesized CODE window per shipping regions + first non-FF @0x2000. ISA not verified; structural only."
0x60FE,0x6103,24830,24835,6,CODE,0.78,plausible,ghidra,"ghidra_insn","Ghidra listing instruction start (MCS96:LE:16:default); LJMP/LCALL are PC-relative disp16"
0x6104,0x6105,24836,24837,2,CODE,0.55,plausible,re_pipeline,"code_window_hypothesis","Hypothesized CODE window per shipping regions + first non-FF @0x2000. ISA not verified; structural only."
0x6106,0x6108,24838,24840,3,CODE,0.78,plausible,ghidra,"ghidra_insn","Ghidra listing instruction start (MCS96:LE:16:default); LJMP/LCALL are PC-relative disp16"
0x6109,0x6109,24841,24841,1,CODE,0.55,plausible,re_pipeline,"code_window_hypothesis","Hypothesized CODE window per shipping regions + first non-FF @0x2000. ISA not verified; structural only."
0x610A,0x610F,24842,24847,6,CODE,0.78,plausible,ghidra,"ghidra_insn","Ghidra listing instruction start (MCS96:LE:16:default); LJMP/LCALL are PC-relative disp16"
0x6110,0x6111,24848,24849,2,CODE,0.55,plausible,re_pipeline,"code_window_hypothesis","Hypothesized CODE window per shipping regions + first non-FF @0x2000. ISA not verified; structural only."
0x6112,0x6114,24850,24852,3,CODE,0.78,plausible,ghidra,"ghidra_insn","Ghidra listing instruction start (MCS96:LE:16:default); LJMP/LCALL are PC-relative disp16"
0x6115,0x6115,24853,24853,1,CODE,0.55,plausible,re_pipeline,"code_window_hypothesis","Hypothesized CODE window per shipping regions + first non-FF @0x2000. ISA not verified; structural only."
0x6116,0x611B,24854,24859,6,CODE,0.78,plausible,ghidra,"ghidra_insn","Ghidra listing instruction start (MCS96:LE:16:default); LJMP/LCALL are PC-relative disp16"
0x611C,0x611D,24860,24861,2,CODE,0.55,plausible,re_pipeline,"code_window_hypothesis","Hypothesized CODE window per shipping regions + first non-FF @0x2000. ISA not verified; structural only."
0x611E,0x6120,24862,24864,3,CODE,0.78,plausible,ghidra,"ghidra_insn","Ghidra listing instruction start (MCS96:LE:16:default); LJMP/LCALL are PC-relative disp16"
0x6121,0x6121,24865,24865,1,CODE,0.55,plausible,re_pipeline,"code_window_hypothesis","Hypothesized CODE window per shipping regions + first non-FF @0x2000. ISA not verified; structural only."
0x6122,0x6127,24866,24871,6,CODE,0.78,plausible,ghidra,"ghidra_insn","Ghidra listing instruction start (MCS96:LE:16:default); LJMP/LCALL are PC-relative disp16"
0x6128,0x6129,24872,24873,2,CODE,0.55,plausible,re_pipeline,"code_window_hypothesis","Hypothesized CODE window per shipping regions + first non-FF @0x2000. ISA not verified; structural only."
0x612A,0x6130,24874,24880,7,CODE,0.78,plausible,ghidra,"ghidra_insn","Ghidra listing instruction start (MCS96:LE:16:default); LJMP/LCALL are PC-relative disp16"
0x6131,0x6132,24881,24882,2,CODE,0.55,plausible,re_pipeline,"code_window_hypothesis","Hypothesized CODE window per shipping regions + first non-FF @0x2000. ISA not verified; structural only."
0x6133,0x6135,24883,24885,3,CODE,0.78,plausible,ghidra,"ghidra_insn","Ghidra listing instruction start (MCS96:LE:16:default); LJMP/LCALL are PC-relative disp16"
0x6136,0x6137,24886,24887,2,CODE,0.55,plausible,re_pipeline,"code_window_hypothesis","Hypothesized CODE window per shipping regions + first non-FF @0x2000. ISA not verified; structural only."
0x6138,0x613A,24888,24890,3,CODE,0.78,plausible,ghidra,"ghidra_insn","Ghidra listing instruction start (MCS96:LE:16:default); LJMP/LCALL are PC-relative disp16"
0x613B,0x613C,24891,24892,2,CODE,0.55,plausible,re_pipeline,"code_window_hypothesis","Hypothesized CODE window per shipping regions + first non-FF @0x2000. ISA not verified; structural only."
0x613D,0x613F,24893,24895,3,CODE,0.78,plausible,ghidra,"ghidra_insn","Ghidra listing instruction start (MCS96:LE:16:default); LJMP/LCALL are PC-relative disp16"
0x6140,0x6141,24896,24897,2,CODE,0.55,plausible,re_pipeline,"code_window_hypothesis","Hypothesized CODE window per shipping regions + first non-FF @0x2000. ISA not verified; structural only."
0x6142,0x6144,24898,24900,3,CODE,0.78,plausible,ghidra,"ghidra_insn","Ghidra listing instruction start (MCS96:LE:16:default); LJMP/LCALL are PC-relative disp16"
0x6145,0x6146,24901,24902,2,CODE,0.55,plausible,re_pipeline,"code_window_hypothesis","Hypothesized CODE window per shipping regions + first non-FF @0x2000. ISA not verified; structural only."
0x6147,0x6150,24903,24912,10,CODE,0.78,plausible,ghidra,"ghidra_insn","Ghidra listing instruction start (MCS96:LE:16:default); LJMP/LCALL are PC-relative disp16"
0x6151,0x6151,24913,24913,1,CODE,0.55,plausible,re_pipeline,"code_window_hypothesis","Hypothesized CODE window per shipping regions + first non-FF @0x2000. ISA not verified; structural only."
0x6152,0x615A,24914,24922,9,CODE,0.78,plausible,ghidra,"ghidra_insn","Ghidra listing instruction start (MCS96:LE:16:default); LJMP/LCALL are PC-relative disp16"
0x615B,0x615B,24923,24923,1,CODE,0.55,plausible,re_pipeline,"code_window_hypothesis","Hypothesized CODE window per shipping regions + first non-FF @0x2000. ISA not verified; structural only."
0x615C,0x6166,24924,24934,11,CODE,0.78,plausible,ghidra,"ghidra_insn","Ghidra listing instruction start (MCS96:LE:16:default); LJMP/LCALL are PC-relative disp16"
0x6167,0x6167,24935,24935,1,CODE,0.55,plausible,re_pipeline,"code_window_hypothesis","Hypothesized CODE window per shipping regions + first non-FF @0x2000. ISA not verified; structural only."
0x6168,0x616A,24936,24938,3,CODE,0.78,plausible,ghidra,"ghidra_insn","Ghidra listing instruction start (MCS96:LE:16:default); LJMP/LCALL are PC-relative disp16"
0x616B,0x616C,24939,24940,2,CODE,0.55,plausible,re_pipeline,"code_window_hypothesis","Hypothesized CODE window per shipping regions + first non-FF @0x2000. ISA not verified; structural only."
0x616D,0x6174,24941,24948,8,CODE,0.78,plausible,ghidra,"ghidra_insn","Ghidra listing instruction start (MCS96:LE:16:default); LJMP/LCALL are PC-relative disp16"
0x6175,0x6175,24949,24949,1,CODE,0.55,plausible,re_pipeline,"code_window_hypothesis","Hypothesized CODE window per shipping regions + first non-FF @0x2000. ISA not verified; structural only."
0x6176,0x617B,24950,24955,6,CODE,0.78,plausible,ghidra,"ghidra_insn","Ghidra listing instruction start (MCS96:LE:16:default); LJMP/LCALL are PC-relative disp16"
0x617C,0x617C,24956,24956,1,CODE,0.55,plausible,re_pipeline,"code_window_hypothesis","Hypothesized CODE window per shipping regions + first non-FF @0x2000. ISA not verified; structural only."
0x617D,0x6190,24957,24976,20,CODE,0.78,plausible,ghidra,"ghidra_insn","Ghidra listing instruction start (MCS96:LE:16:default); LJMP/LCALL are PC-relative disp16"
0x6191,0x6191,24977,24977,1,CODE,0.55,plausible,re_pipeline,"code_window_hypothesis","Hypothesized CODE window per shipping regions + first non-FF @0x2000. ISA not verified; structural only."
0x6192,0x6197,24978,24983,6,CODE,0.78,plausible,ghidra,"ghidra_insn","Ghidra listing instruction start (MCS96:LE:16:default); LJMP/LCALL are PC-relative disp16"
0x6198,0x6198,24984,24984,1,CODE,0.55,plausible,re_pipeline,"code_window_hypothesis","Hypothesized CODE window per shipping regions + first non-FF @0x2000. ISA not verified; structural only."
0x6199,0x61AD,24985,25005,21,CODE,0.78,plausible,ghidra,"ghidra_insn","Ghidra listing instruction start (MCS96:LE:16:default); LJMP/LCALL are PC-relative disp16"
0x61AE,0x61AE,25006,25006,1,CODE,0.55,plausible,re_pipeline,"code_window_hypothesis","Hypothesized CODE window per shipping regions + first non-FF @0x2000. ISA not verified; structural only."
0x61AF,0x61B4,25007,25012,6,CODE,0.78,plausible,ghidra,"ghidra_insn","Ghidra listing instruction start (MCS96:LE:16:default); LJMP/LCALL are PC-relative disp16"
0x61B5,0x61B6,25013,25014,2,CODE,0.55,plausible,re_pipeline,"code_window_hypothesis","Hypothesized CODE window per shipping regions + first non-FF @0x2000. ISA not verified; structural only."
0x61B7,0x61BC,25015,25020,6,CODE,0.78,plausible,ghidra,"ghidra_insn","Ghidra listing instruction start (MCS96:LE:16:default); LJMP/LCALL are PC-relative disp16"
0x61BD,0x61BD,25021,25021,1,CODE,0.55,plausible,re_pipeline,"code_window_hypothesis","Hypothesized CODE window per shipping regions + first non-FF @0x2000. ISA not verified; structural only."
0x61BE,0x61C5,25022,25029,8,CODE,0.78,plausible,ghidra,"ghidra_insn","Ghidra listing instruction start (MCS96:LE:16:default); LJMP/LCALL are PC-relative disp16"
0x61C6,0x61C7,25030,25031,2,CODE,0.55,plausible,re_pipeline,"code_window_hypothesis","Hypothesized CODE window per shipping regions + first non-FF @0x2000. ISA not verified; structural only."
0x61C8,0x61CC,25032,25036,5,CODE,0.78,plausible,ghidra,"ghidra_insn","Ghidra listing instruction start (MCS96:LE:16:default); LJMP/LCALL are PC-relative disp16"
0x61CD,0x61CD,25037,25037,1,CODE,0.55,plausible,re_pipeline,"code_window_hypothesis","Hypothesized CODE window per shipping regions + first non-FF @0x2000. ISA not verified; structural only."
0x61CE,0x61D9,25038,25049,12,CODE,0.78,plausible,ghidra,"ghidra_insn","Ghidra listing instruction start (MCS96:LE:16:default); LJMP/LCALL are PC-relative disp16"
0x61DA,0x61DA,25050,25050,1,CODE,0.55,plausible,re_pipeline,"code_window_hypothesis","Hypothesized CODE window per shipping regions + first non-FF @0x2000. ISA not verified; structural only."
0x61DB,0x61E8,25051,25064,14,CODE,0.78,plausible,ghidra,"ghidra_insn","Ghidra listing instruction start (MCS96:LE:16:default); LJMP/LCALL are PC-relative disp16"
0x61E9,0x61EA,25065,25066,2,CODE,0.55,plausible,re_pipeline,"code_window_hypothesis","Hypothesized CODE window per shipping regions + first non-FF @0x2000. ISA not verified; structural only."
0x61EB,0x61ED,25067,25069,3,CODE,0.78,plausible,ghidra,"ghidra_insn","Ghidra listing instruction start (MCS96:LE:16:default); LJMP/LCALL are PC-relative disp16"
0x61EE,0x61EF,25070,25071,2,CODE,0.55,plausible,re_pipeline,"code_window_hypothesis","Hypothesized CODE window per shipping regions + first non-FF @0x2000. ISA not verified; structural only."
0x61F0,0x61F4,25072,25076,5,CODE,0.78,plausible,ghidra,"ghidra_insn","Ghidra listing instruction start (MCS96:LE:16:default); LJMP/LCALL are PC-relative disp16"
0x61F5,0x61F5,25077,25077,1,CODE,0.55,plausible,re_pipeline,"code_window_hypothesis","Hypothesized CODE window per shipping regions + first non-FF @0x2000. ISA not verified; structural only."
0x61F6,0x6201,25078,25089,12,CODE,0.78,plausible,ghidra,"ghidra_insn","Ghidra listing instruction start (MCS96:LE:16:default); LJMP/LCALL are PC-relative disp16"
0x6202,0x6203,25090,25091,2,CODE,0.55,plausible,re_pipeline,"code_window_hypothesis","Hypothesized CODE window per shipping regions + first non-FF @0x2000. ISA not verified; structural only."
0x6204,0x6206,25092,25094,3,CODE,0.78,plausible,ghidra,"ghidra_insn","Ghidra listing instruction start (MCS96:LE:16:default); LJMP/LCALL are PC-relative disp16"
0x6207,0x6208,25095,25096,2,CODE,0.55,plausible,re_pipeline,"code_window_hypothesis","Hypothesized CODE window per shipping regions + first non-FF @0x2000. ISA not verified; structural only."
0x6209,0x620E,25097,25102,6,CODE,0.78,plausible,ghidra,"ghidra_insn","Ghidra listing instruction start (MCS96:LE:16:default); LJMP/LCALL are PC-relative disp16"
0x620F,0x6210,25103,25104,2,CODE,0.55,plausible,re_pipeline,"code_window_hypothesis","Hypothesized CODE window per shipping regions + first non-FF @0x2000. ISA not verified; structural only."
0x6211,0x621B,25105,25115,11,CODE,0.78,plausible,ghidra,"ghidra_insn","Ghidra listing instruction start (MCS96:LE:16:default); LJMP/LCALL are PC-relative disp16"
0x621C,0x621C,25116,25116,1,CODE,0.55,plausible,re_pipeline,"code_window_hypothesis","Hypothesized CODE window per shipping regions + first non-FF @0x2000. ISA not verified; structural only."
0x621D,0x6225,25117,25125,9,CODE,0.78,plausible,ghidra,"ghidra_insn","Ghidra listing instruction start (MCS96:LE:16:default); LJMP/LCALL are PC-relative disp16"
0x6226,0x6227,25126,25127,2,CODE,0.55,plausible,re_pipeline,"code_window_hypothesis","Hypothesized CODE window per shipping regions + first non-FF @0x2000. ISA not verified; structural only."
0x6228,0x622A,25128,25130,3,CODE,0.78,plausible,ghidra,"ghidra_insn","Ghidra listing instruction start (MCS96:LE:16:default); LJMP/LCALL are PC-relative disp16"
0x622B,0x622C,25131,25132,2,CODE,0.55,plausible,re_pipeline,"code_window_hypothesis","Hypothesized CODE window per shipping regions + first non-FF @0x2000. ISA not verified; structural only."
0x622D,0x622F,25133,25135,3,CODE,0.78,plausible,ghidra,"ghidra_insn","Ghidra listing instruction start (MCS96:LE:16:default); LJMP/LCALL are PC-relative disp16"
0x6230,0x6231,25136,25137,2,CODE,0.55,plausible,re_pipeline,"code_window_hypothesis","Hypothesized CODE window per shipping regions + first non-FF @0x2000. ISA not verified; structural only."
0x6232,0x6237,25138,25143,6,CODE,0.78,plausible,ghidra,"ghidra_insn","Ghidra listing instruction start (MCS96:LE:16:default); LJMP/LCALL are PC-relative disp16"
0x6238,0x6239,25144,25145,2,CODE,0.55,plausible,re_pipeline,"code_window_hypothesis","Hypothesized CODE window per shipping regions + first non-FF @0x2000. ISA not verified; structural only."
0x623A,0x6247,25146,25159,14,CODE,0.78,plausible,ghidra,"ghidra_insn","Ghidra listing instruction start (MCS96:LE:16:default); LJMP/LCALL are PC-relative disp16"
0x6248,0x6249,25160,25161,2,CODE,0.55,plausible,re_pipeline,"code_window_hypothesis","Hypothesized CODE window per shipping regions + first non-FF @0x2000. ISA not verified; structural only."
0x624A,0x624C,25162,25164,3,CODE,0.78,plausible,ghidra,"ghidra_insn","Ghidra listing instruction start (MCS96:LE:16:default); LJMP/LCALL are PC-relative disp16"
0x624D,0x624E,25165,25166,2,CODE,0.55,plausible,re_pipeline,"code_window_hypothesis","Hypothesized CODE window per shipping regions + first non-FF @0x2000. ISA not verified; structural only."
0x624F,0x6257,25167,25175,9,CODE,0.78,plausible,ghidra,"ghidra_insn","Ghidra listing instruction start (MCS96:LE:16:default); LJMP/LCALL are PC-relative disp16"
0x6258,0x6258,25176,25176,1,CODE,0.55,plausible,re_pipeline,"code_window_hypothesis","Hypothesized CODE window per shipping regions + first non-FF @0x2000. ISA not verified; structural only."
0x6259,0x625E,25177,25182,6,CODE,0.78,plausible,ghidra,"ghidra_insn","Ghidra listing instruction start (MCS96:LE:16:default); LJMP/LCALL are PC-relative disp16"
0x625F,0x625F,25183,25183,1,CODE,0.55,plausible,re_pipeline,"code_window_hypothesis","Hypothesized CODE window per shipping regions + first non-FF @0x2000. ISA not verified; structural only."
0x6260,0x626D,25184,25197,14,CODE,0.78,plausible,ghidra,"ghidra_insn","Ghidra listing instruction start (MCS96:LE:16:default); LJMP/LCALL are PC-relative disp16"
0x626E,0x626F,25198,25199,2,CODE,0.55,plausible,re_pipeline,"code_window_hypothesis","Hypothesized CODE window per shipping regions + first non-FF @0x2000. ISA not verified; structural only."
0x6270,0x6275,25200,25205,6,CODE,0.78,plausible,ghidra,"ghidra_insn","Ghidra listing instruction start (MCS96:LE:16:default); LJMP/LCALL are PC-relative disp16"
0x6276,0x6277,25206,25207,2,CODE,0.55,plausible,re_pipeline,"code_window_hypothesis","Hypothesized CODE window per shipping regions + first non-FF @0x2000. ISA not verified; structural only."
0x6278,0x627A,25208,25210,3,CODE,0.78,plausible,ghidra,"ghidra_insn","Ghidra listing instruction start (MCS96:LE:16:default); LJMP/LCALL are PC-relative disp16"
0x627B,0x627C,25211,25212,2,CODE,0.55,plausible,re_pipeline,"code_window_hypothesis","Hypothesized CODE window per shipping regions + first non-FF @0x2000. ISA not verified; structural only."
0x627D,0x6281,25213,25217,5,CODE,0.78,plausible,ghidra,"ghidra_insn","Ghidra listing instruction start (MCS96:LE:16:default); LJMP/LCALL are PC-relative disp16"
0x6282,0x6283,25218,25219,2,CODE,0.55,plausible,re_pipeline,"code_window_hypothesis","Hypothesized CODE window per shipping regions + first non-FF @0x2000. ISA not verified; structural only."
0x6284,0x628A,25220,25226,7,CODE,0.78,plausible,ghidra,"ghidra_insn","Ghidra listing instruction start (MCS96:LE:16:default); LJMP/LCALL are PC-relative disp16"
0x628B,0x628D,25227,25229,3,CODE,0.55,plausible,re_pipeline,"code_window_hypothesis","Hypothesized CODE window per shipping regions + first non-FF @0x2000. ISA not verified; structural only."
0x628E,0x6297,25230,25239,10,CODE,0.78,plausible,ghidra,"ghidra_insn","Ghidra listing instruction start (MCS96:LE:16:default); LJMP/LCALL are PC-relative disp16"
0x6298,0x6299,25240,25241,2,CODE,0.55,plausible,re_pipeline,"code_window_hypothesis","Hypothesized CODE window per shipping regions + first non-FF @0x2000. ISA not verified; structural only."
0x629A,0x62A0,25242,25248,7,CODE,0.78,plausible,ghidra,"ghidra_insn","Ghidra listing instruction start (MCS96:LE:16:default); LJMP/LCALL are PC-relative disp16"
0x62A1,0x62A2,25249,25250,2,CODE,0.55,plausible,re_pipeline,"code_window_hypothesis","Hypothesized CODE window per shipping regions + first non-FF @0x2000. ISA not verified; structural only."
0x62A3,0x62B5,25251,25269,19,CODE,0.78,plausible,ghidra,"ghidra_insn","Ghidra listing instruction start (MCS96:LE:16:default); LJMP/LCALL are PC-relative disp16"
0x62B6,0x62B7,25270,25271,2,CODE,0.55,plausible,re_pipeline,"code_window_hypothesis","Hypothesized CODE window per shipping regions + first non-FF @0x2000. ISA not verified; structural only."
0x62B8,0x62BA,25272,25274,3,CODE,0.78,plausible,ghidra,"ghidra_insn","Ghidra listing instruction start (MCS96:LE:16:default); LJMP/LCALL are PC-relative disp16"
0x62BB,0x62BC,25275,25276,2,CODE,0.55,plausible,re_pipeline,"code_window_hypothesis","Hypothesized CODE window per shipping regions + first non-FF @0x2000. ISA not verified; structural only."
0x62BD,0x62C1,25277,25281,5,CODE,0.78,plausible,ghidra,"ghidra_insn","Ghidra listing instruction start (MCS96:LE:16:default); LJMP/LCALL are PC-relative disp16"
0x62C2,0x62C2,25282,25282,1,CODE,0.55,plausible,re_pipeline,"code_window_hypothesis","Hypothesized CODE window per shipping regions + first non-FF @0x2000. ISA not verified; structural only."
0x62C3,0x62C8,25283,25288,6,CODE,0.78,plausible,ghidra,"ghidra_insn","Ghidra listing instruction start (MCS96:LE:16:default); LJMP/LCALL are PC-relative disp16"
0x62C9,0x62C9,25289,25289,1,CODE,0.55,plausible,re_pipeline,"code_window_hypothesis","Hypothesized CODE window per shipping regions + first non-FF @0x2000. ISA not verified; structural only."
0x62CA,0x62D7,25290,25303,14,CODE,0.78,plausible,ghidra,"ghidra_insn","Ghidra listing instruction start (MCS96:LE:16:default); LJMP/LCALL are PC-relative disp16"
0x62D8,0x62D9,25304,25305,2,CODE,0.55,plausible,re_pipeline,"code_window_hypothesis","Hypothesized CODE window per shipping regions + first non-FF @0x2000. ISA not verified; structural only."
0x62DA,0x62DF,25306,25311,6,CODE,0.78,plausible,ghidra,"ghidra_insn","Ghidra listing instruction start (MCS96:LE:16:default); LJMP/LCALL are PC-relative disp16"
0x62E0,0x62E1,25312,25313,2,CODE,0.55,plausible,re_pipeline,"code_window_hypothesis","Hypothesized CODE window per shipping regions + first non-FF @0x2000. ISA not verified; structural only."
0x62E2,0x62E4,25314,25316,3,CODE,0.78,plausible,ghidra,"ghidra_insn","Ghidra listing instruction start (MCS96:LE:16:default); LJMP/LCALL are PC-relative disp16"
0x62E5,0x62E6,25317,25318,2,CODE,0.55,plausible,re_pipeline,"code_window_hypothesis","Hypothesized CODE window per shipping regions + first non-FF @0x2000. ISA not verified; structural only."
0x62E7,0x62EB,25319,25323,5,CODE,0.78,plausible,ghidra,"ghidra_insn","Ghidra listing instruction start (MCS96:LE:16:default); LJMP/LCALL are PC-relative disp16"
0x62EC,0x62ED,25324,25325,2,CODE,0.55,plausible,re_pipeline,"code_window_hypothesis","Hypothesized CODE window per shipping regions + first non-FF @0x2000. ISA not verified; structural only."
0x62EE,0x62F0,25326,25328,3,CODE,0.78,plausible,ghidra,"ghidra_insn","Ghidra listing instruction start (MCS96:LE:16:default); LJMP/LCALL are PC-relative disp16"
0x62F1,0x62F2,25329,25330,2,CODE,0.55,plausible,re_pipeline,"code_window_hypothesis","Hypothesized CODE window per shipping regions + first non-FF @0x2000. ISA not verified; structural only."
0x62F3,0x62F5,25331,25333,3,CODE,0.78,plausible,ghidra,"ghidra_insn","Ghidra listing instruction start (MCS96:LE:16:default); LJMP/LCALL are PC-relative disp16"
0x62F6,0x62F7,25334,25335,2,CODE,0.55,plausible,re_pipeline,"code_window_hypothesis","Hypothesized CODE window per shipping regions + first non-FF @0x2000. ISA not verified; structural only."
0x62F8,0x62FA,25336,25338,3,CODE,0.78,plausible,ghidra,"ghidra_insn","Ghidra listing instruction start (MCS96:LE:16:default); LJMP/LCALL are PC-relative disp16"
0x62FB,0x62FC,25339,25340,2,CODE,0.55,plausible,re_pipeline,"code_window_hypothesis","Hypothesized CODE window per shipping regions + first non-FF @0x2000. ISA not verified; structural only."
0x62FD,0x6302,25341,25346,6,CODE,0.78,plausible,ghidra,"ghidra_insn","Ghidra listing instruction start (MCS96:LE:16:default); LJMP/LCALL are PC-relative disp16"
0x6303,0x6304,25347,25348,2,CODE,0.55,plausible,re_pipeline,"code_window_hypothesis","Hypothesized CODE window per shipping regions + first non-FF @0x2000. ISA not verified; structural only."
0x6305,0x630F,25349,25359,11,CODE,0.78,plausible,ghidra,"ghidra_insn","Ghidra listing instruction start (MCS96:LE:16:default); LJMP/LCALL are PC-relative disp16"
0x6310,0x6311,25360,25361,2,CODE,0.55,plausible,re_pipeline,"code_window_hypothesis","Hypothesized CODE window per shipping regions + first non-FF @0x2000. ISA not verified; structural only."
0x6312,0x6316,25362,25366,5,CODE,0.78,plausible,ghidra,"ghidra_insn","Ghidra listing instruction start (MCS96:LE:16:default); LJMP/LCALL are PC-relative disp16"
0x6317,0x6318,25367,25368,2,CODE,0.55,plausible,re_pipeline,"code_window_hypothesis","Hypothesized CODE window per shipping regions + first non-FF @0x2000. ISA not verified; structural only."
0x6319,0x631E,25369,25374,6,CODE,0.78,plausible,ghidra,"ghidra_insn","Ghidra listing instruction start (MCS96:LE:16:default); LJMP/LCALL are PC-relative disp16"
0x631F,0x631F,25375,25375,1,CODE,0.55,plausible,re_pipeline,"code_window_hypothesis","Hypothesized CODE window per shipping regions + first non-FF @0x2000. ISA not verified; structural only."
0x6320,0x6325,25376,25381,6,CODE,0.78,plausible,ghidra,"ghidra_insn","Ghidra listing instruction start (MCS96:LE:16:default); LJMP/LCALL are PC-relative disp16"
0x6326,0x6327,25382,25383,2,CODE,0.55,plausible,re_pipeline,"code_window_hypothesis","Hypothesized CODE window per shipping regions + first non-FF @0x2000. ISA not verified; structural only."
0x6328,0x632C,25384,25388,5,CODE,0.78,plausible,ghidra,"ghidra_insn","Ghidra listing instruction start (MCS96:LE:16:default); LJMP/LCALL are PC-relative disp16"
0x632D,0x632E,25389,25390,2,CODE,0.55,plausible,re_pipeline,"code_window_hypothesis","Hypothesized CODE window per shipping regions + first non-FF @0x2000. ISA not verified; structural only."
0x632F,0x633C,25391,25404,14,CODE,0.78,plausible,ghidra,"ghidra_insn","Ghidra listing instruction start (MCS96:LE:16:default); LJMP/LCALL are PC-relative disp16"
0x633D,0x633E,25405,25406,2,CODE,0.55,plausible,re_pipeline,"code_window_hypothesis","Hypothesized CODE window per shipping regions + first non-FF @0x2000. ISA not verified; structural only."
0x633F,0x6356,25407,25430,24,CODE,0.78,plausible,ghidra,"ghidra_insn","Ghidra listing instruction start (MCS96:LE:16:default); LJMP/LCALL are PC-relative disp16"
0x6357,0x6358,25431,25432,2,CODE,0.55,plausible,re_pipeline,"code_window_hypothesis","Hypothesized CODE window per shipping regions + first non-FF @0x2000. ISA not verified; structural only."
0x6359,0x6363,25433,25443,11,CODE,0.78,plausible,ghidra,"ghidra_insn","Ghidra listing instruction start (MCS96:LE:16:default); LJMP/LCALL are PC-relative disp16"
0x6364,0x6365,25444,25445,2,CODE,0.55,plausible,re_pipeline,"code_window_hypothesis","Hypothesized CODE window per shipping regions + first non-FF @0x2000. ISA not verified; structural only."
0x6366,0x6368,25446,25448,3,CODE,0.78,plausible,ghidra,"ghidra_insn","Ghidra listing instruction start (MCS96:LE:16:default); LJMP/LCALL are PC-relative disp16"
0x6369,0x636A,25449,25450,2,CODE,0.55,plausible,re_pipeline,"code_window_hypothesis","Hypothesized CODE window per shipping regions + first non-FF @0x2000. ISA not verified; structural only."
0x636B,0x6370,25451,25456,6,CODE,0.78,plausible,ghidra,"ghidra_insn","Ghidra listing instruction start (MCS96:LE:16:default); LJMP/LCALL are PC-relative disp16"
0x6371,0x6371,25457,25457,1,CODE,0.55,plausible,re_pipeline,"code_window_hypothesis","Hypothesized CODE window per shipping regions + first non-FF @0x2000. ISA not verified; structural only."
0x6372,0x6378,25458,25464,7,CODE,0.78,plausible,ghidra,"ghidra_insn","Ghidra listing instruction start (MCS96:LE:16:default); LJMP/LCALL are PC-relative disp16"
0x6379,0x637A,25465,25466,2,CODE,0.55,plausible,re_pipeline,"code_window_hypothesis","Hypothesized CODE window per shipping regions + first non-FF @0x2000. ISA not verified; structural only."
0x637B,0x637F,25467,25471,5,CODE,0.78,plausible,ghidra,"ghidra_insn","Ghidra listing instruction start (MCS96:LE:16:default); LJMP/LCALL are PC-relative disp16"
0x6380,0x6381,25472,25473,2,CODE,0.55,plausible,re_pipeline,"code_window_hypothesis","Hypothesized CODE window per shipping regions + first non-FF @0x2000. ISA not verified; structural only."
0x6382,0x638C,25474,25484,11,CODE,0.78,plausible,ghidra,"ghidra_insn","Ghidra listing instruction start (MCS96:LE:16:default); LJMP/LCALL are PC-relative disp16"
0x638D,0x638D,25485,25485,1,CODE,0.55,plausible,re_pipeline,"code_window_hypothesis","Hypothesized CODE window per shipping regions + first non-FF @0x2000. ISA not verified; structural only."
0x638E,0x6394,25486,25492,7,CODE,0.78,plausible,ghidra,"ghidra_insn","Ghidra listing instruction start (MCS96:LE:16:default); LJMP/LCALL are PC-relative disp16"
0x6395,0x6396,25493,25494,2,CODE,0.55,plausible,re_pipeline,"code_window_hypothesis","Hypothesized CODE window per shipping regions + first non-FF @0x2000. ISA not verified; structural only."
0x6397,0x639B,25495,25499,5,CODE,0.78,plausible,ghidra,"ghidra_insn","Ghidra listing instruction start (MCS96:LE:16:default); LJMP/LCALL are PC-relative disp16"
0x639C,0x639D,25500,25501,2,CODE,0.55,plausible,re_pipeline,"code_window_hypothesis","Hypothesized CODE window per shipping regions + first non-FF @0x2000. ISA not verified; structural only."
0x639E,0x63A8,25502,25512,11,CODE,0.78,plausible,ghidra,"ghidra_insn","Ghidra listing instruction start (MCS96:LE:16:default); LJMP/LCALL are PC-relative disp16"
0x63A9,0x63A9,25513,25513,1,CODE,0.55,plausible,re_pipeline,"code_window_hypothesis","Hypothesized CODE window per shipping regions + first non-FF @0x2000. ISA not verified; structural only."
0x63AA,0x63AC,25514,25516,3,CODE,0.78,plausible,ghidra,"ghidra_insn","Ghidra listing instruction start (MCS96:LE:16:default); LJMP/LCALL are PC-relative disp16"
0x63AD,0x63AE,25517,25518,2,CODE,0.55,plausible,re_pipeline,"code_window_hypothesis","Hypothesized CODE window per shipping regions + first non-FF @0x2000. ISA not verified; structural only."
0x63AF,0x63B1,25519,25521,3,CODE,0.78,plausible,ghidra,"ghidra_insn","Ghidra listing instruction start (MCS96:LE:16:default); LJMP/LCALL are PC-relative disp16"
0x63B2,0x63B3,25522,25523,2,CODE,0.55,plausible,re_pipeline,"code_window_hypothesis","Hypothesized CODE window per shipping regions + first non-FF @0x2000. ISA not verified; structural only."
0x63B4,0x63B6,25524,25526,3,CODE,0.78,plausible,ghidra,"ghidra_insn","Ghidra listing instruction start (MCS96:LE:16:default); LJMP/LCALL are PC-relative disp16"
0x63B7,0x63B8,25527,25528,2,CODE,0.55,plausible,re_pipeline,"code_window_hypothesis","Hypothesized CODE window per shipping regions + first non-FF @0x2000. ISA not verified; structural only."
0x63B9,0x63BB,25529,25531,3,CODE,0.78,plausible,ghidra,"ghidra_insn","Ghidra listing instruction start (MCS96:LE:16:default); LJMP/LCALL are PC-relative disp16"
0x63BC,0x63BD,25532,25533,2,CODE,0.55,plausible,re_pipeline,"code_window_hypothesis","Hypothesized CODE window per shipping regions + first non-FF @0x2000. ISA not verified; structural only."
0x63BE,0x63C8,25534,25544,11,CODE,0.78,plausible,ghidra,"ghidra_insn","Ghidra listing instruction start (MCS96:LE:16:default); LJMP/LCALL are PC-relative disp16"
0x63C9,0x63CA,25545,25546,2,CODE,0.55,plausible,re_pipeline,"code_window_hypothesis","Hypothesized CODE window per shipping regions + first non-FF @0x2000. ISA not verified; structural only."
0x63CB,0x63DB,25547,25563,17,CODE,0.78,plausible,ghidra,"ghidra_insn","Ghidra listing instruction start (MCS96:LE:16:default); LJMP/LCALL are PC-relative disp16"
0x63DC,0x63DD,25564,25565,2,CODE,0.55,plausible,re_pipeline,"code_window_hypothesis","Hypothesized CODE window per shipping regions + first non-FF @0x2000. ISA not verified; structural only."
0x63DE,0x63E0,25566,25568,3,CODE,0.78,plausible,ghidra,"ghidra_insn","Ghidra listing instruction start (MCS96:LE:16:default); LJMP/LCALL are PC-relative disp16"
0x63E1,0x63E2,25569,25570,2,CODE,0.55,plausible,re_pipeline,"code_window_hypothesis","Hypothesized CODE window per shipping regions + first non-FF @0x2000. ISA not verified; structural only."
0x63E3,0x63E5,25571,25573,3,CODE,0.78,plausible,ghidra,"ghidra_insn","Ghidra listing instruction start (MCS96:LE:16:default); LJMP/LCALL are PC-relative disp16"
0x63E6,0x63E7,25574,25575,2,CODE,0.55,plausible,re_pipeline,"code_window_hypothesis","Hypothesized CODE window per shipping regions + first non-FF @0x2000. ISA not verified; structural only."
0x63E8,0x63EA,25576,25578,3,CODE,0.78,plausible,ghidra,"ghidra_insn","Ghidra listing instruction start (MCS96:LE:16:default); LJMP/LCALL are PC-relative disp16"
0x63EB,0x63EC,25579,25580,2,CODE,0.55,plausible,re_pipeline,"code_window_hypothesis","Hypothesized CODE window per shipping regions + first non-FF @0x2000. ISA not verified; structural only."
0x63ED,0x63FC,25581,25596,16,CODE,0.78,plausible,ghidra,"ghidra_insn","Ghidra listing instruction start (MCS96:LE:16:default); LJMP/LCALL are PC-relative disp16"
0x63FD,0x63FF,25597,25599,3,CODE,0.55,plausible,re_pipeline,"code_window_hypothesis","Hypothesized CODE window per shipping regions + first non-FF @0x2000. ISA not verified; structural only."
0x6400,0x6404,25600,25604,5,CODE,0.78,plausible,ghidra,"ghidra_insn","Ghidra listing instruction start (MCS96:LE:16:default); LJMP/LCALL are PC-relative disp16"
0x6405,0x6406,25605,25606,2,CODE,0.55,plausible,re_pipeline,"code_window_hypothesis","Hypothesized CODE window per shipping regions + first non-FF @0x2000. ISA not verified; structural only."
0x6407,0x640F,25607,25615,9,CODE,0.78,plausible,ghidra,"ghidra_insn","Ghidra listing instruction start (MCS96:LE:16:default); LJMP/LCALL are PC-relative disp16"
0x6410,0x6411,25616,25617,2,CODE,0.55,plausible,re_pipeline,"code_window_hypothesis","Hypothesized CODE window per shipping regions + first non-FF @0x2000. ISA not verified; structural only."
0x6412,0x6417,25618,25623,6,CODE,0.78,plausible,ghidra,"ghidra_insn","Ghidra listing instruction start (MCS96:LE:16:default); LJMP/LCALL are PC-relative disp16"
0x6418,0x6419,25624,25625,2,CODE,0.55,plausible,re_pipeline,"code_window_hypothesis","Hypothesized CODE window per shipping regions + first non-FF @0x2000. ISA not verified; structural only."
0x641A,0x641C,25626,25628,3,CODE,0.78,plausible,ghidra,"ghidra_insn","Ghidra listing instruction start (MCS96:LE:16:default); LJMP/LCALL are PC-relative disp16"
0x641D,0x641E,25629,25630,2,CODE,0.55,plausible,re_pipeline,"code_window_hypothesis","Hypothesized CODE window per shipping regions + first non-FF @0x2000. ISA not verified; structural only."
0x641F,0x6424,25631,25636,6,CODE,0.78,plausible,ghidra,"ghidra_insn","Ghidra listing instruction start (MCS96:LE:16:default); LJMP/LCALL are PC-relative disp16"
0x6425,0x6426,25637,25638,2,CODE,0.55,plausible,re_pipeline,"code_window_hypothesis","Hypothesized CODE window per shipping regions + first non-FF @0x2000. ISA not verified; structural only."
0x6427,0x642C,25639,25644,6,CODE,0.78,plausible,ghidra,"ghidra_insn","Ghidra listing instruction start (MCS96:LE:16:default); LJMP/LCALL are PC-relative disp16"
0x642D,0x642E,25645,25646,2,CODE,0.55,plausible,re_pipeline,"code_window_hypothesis","Hypothesized CODE window per shipping regions + first non-FF @0x2000. ISA not verified; structural only."
0x642F,0x6439,25647,25657,11,CODE,0.78,plausible,ghidra,"ghidra_insn","Ghidra listing instruction start (MCS96:LE:16:default); LJMP/LCALL are PC-relative disp16"
0x643A,0x643A,25658,25658,1,CODE,0.55,plausible,re_pipeline,"code_window_hypothesis","Hypothesized CODE window per shipping regions + first non-FF @0x2000. ISA not verified; structural only."
0x643B,0x6453,25659,25683,25,CODE,0.78,plausible,ghidra,"ghidra_insn","Ghidra listing instruction start (MCS96:LE:16:default); LJMP/LCALL are PC-relative disp16"
0x6454,0x6455,25684,25685,2,CODE,0.55,plausible,re_pipeline,"code_window_hypothesis","Hypothesized CODE window per shipping regions + first non-FF @0x2000. ISA not verified; structural only."
0x6456,0x6458,25686,25688,3,CODE,0.78,plausible,ghidra,"ghidra_insn","Ghidra listing instruction start (MCS96:LE:16:default); LJMP/LCALL are PC-relative disp16"
0x6459,0x645A,25689,25690,2,CODE,0.55,plausible,re_pipeline,"code_window_hypothesis","Hypothesized CODE window per shipping regions + first non-FF @0x2000. ISA not verified; structural only."
0x645B,0x6460,25691,25696,6,CODE,0.78,plausible,ghidra,"ghidra_insn","Ghidra listing instruction start (MCS96:LE:16:default); LJMP/LCALL are PC-relative disp16"
0x6461,0x6462,25697,25698,2,CODE,0.55,plausible,re_pipeline,"code_window_hypothesis","Hypothesized CODE window per shipping regions + first non-FF @0x2000. ISA not verified; structural only."
0x6463,0x6465,25699,25701,3,CODE,0.78,plausible,ghidra,"ghidra_insn","Ghidra listing instruction start (MCS96:LE:16:default); LJMP/LCALL are PC-relative disp16"
0x6466,0x6467,25702,25703,2,CODE,0.55,plausible,re_pipeline,"code_window_hypothesis","Hypothesized CODE window per shipping regions + first non-FF @0x2000. ISA not verified; structural only."
0x6468,0x646D,25704,25709,6,CODE,0.78,plausible,ghidra,"ghidra_insn","Ghidra listing instruction start (MCS96:LE:16:default); LJMP/LCALL are PC-relative disp16"
0x646E,0x646F,25710,25711,2,CODE,0.55,plausible,re_pipeline,"code_window_hypothesis","Hypothesized CODE window per shipping regions + first non-FF @0x2000. ISA not verified; structural only."
0x6470,0x6472,25712,25714,3,CODE,0.78,plausible,ghidra,"ghidra_insn","Ghidra listing instruction start (MCS96:LE:16:default); LJMP/LCALL are PC-relative disp16"
0x6473,0x6474,25715,25716,2,CODE,0.55,plausible,re_pipeline,"code_window_hypothesis","Hypothesized CODE window per shipping regions + first non-FF @0x2000. ISA not verified; structural only."
0x6475,0x6477,25717,25719,3,CODE,0.78,plausible,ghidra,"ghidra_insn","Ghidra listing instruction start (MCS96:LE:16:default); LJMP/LCALL are PC-relative disp16"
0x6478,0x6479,25720,25721,2,CODE,0.55,plausible,re_pipeline,"code_window_hypothesis","Hypothesized CODE window per shipping regions + first non-FF @0x2000. ISA not verified; structural only."
0x647A,0x647E,25722,25726,5,CODE,0.78,plausible,ghidra,"ghidra_insn","Ghidra listing instruction start (MCS96:LE:16:default); LJMP/LCALL are PC-relative disp16"
0x647F,0x6480,25727,25728,2,CODE,0.55,plausible,re_pipeline,"code_window_hypothesis","Hypothesized CODE window per shipping regions + first non-FF @0x2000. ISA not verified; structural only."
0x6481,0x6483,25729,25731,3,CODE,0.78,plausible,ghidra,"ghidra_insn","Ghidra listing instruction start (MCS96:LE:16:default); LJMP/LCALL are PC-relative disp16"
0x6484,0x6485,25732,25733,2,CODE,0.55,plausible,re_pipeline,"code_window_hypothesis","Hypothesized CODE window per shipping regions + first non-FF @0x2000. ISA not verified; structural only."
0x6486,0x648B,25734,25739,6,CODE,0.78,plausible,ghidra,"ghidra_insn","Ghidra listing instruction start (MCS96:LE:16:default); LJMP/LCALL are PC-relative disp16"
0x648C,0x648D,25740,25741,2,CODE,0.55,plausible,re_pipeline,"code_window_hypothesis","Hypothesized CODE window per shipping regions + first non-FF @0x2000. ISA not verified; structural only."
0x648E,0x6490,25742,25744,3,CODE,0.78,plausible,ghidra,"ghidra_insn","Ghidra listing instruction start (MCS96:LE:16:default); LJMP/LCALL are PC-relative disp16"
0x6491,0x6492,25745,25746,2,CODE,0.55,plausible,re_pipeline,"code_window_hypothesis","Hypothesized CODE window per shipping regions + first non-FF @0x2000. ISA not verified; structural only."
0x6493,0x6498,25747,25752,6,CODE,0.78,plausible,ghidra,"ghidra_insn","Ghidra listing instruction start (MCS96:LE:16:default); LJMP/LCALL are PC-relative disp16"
0x6499,0x649A,25753,25754,2,CODE,0.55,plausible,re_pipeline,"code_window_hypothesis","Hypothesized CODE window per shipping regions + first non-FF @0x2000. ISA not verified; structural only."
0x649B,0x649D,25755,25757,3,CODE,0.78,plausible,ghidra,"ghidra_insn","Ghidra listing instruction start (MCS96:LE:16:default); LJMP/LCALL are PC-relative disp16"
0x649E,0x649F,25758,25759,2,CODE,0.55,plausible,re_pipeline,"code_window_hypothesis","Hypothesized CODE window per shipping regions + first non-FF @0x2000. ISA not verified; structural only."
0x64A0,0x64A2,25760,25762,3,CODE,0.78,plausible,ghidra,"ghidra_insn","Ghidra listing instruction start (MCS96:LE:16:default); LJMP/LCALL are PC-relative disp16"
0x64A3,0x64A4,25763,25764,2,CODE,0.55,plausible,re_pipeline,"code_window_hypothesis","Hypothesized CODE window per shipping regions + first non-FF @0x2000. ISA not verified; structural only."
0x64A5,0x64A7,25765,25767,3,CODE,0.78,plausible,ghidra,"ghidra_insn","Ghidra listing instruction start (MCS96:LE:16:default); LJMP/LCALL are PC-relative disp16"
0x64A8,0x64A9,25768,25769,2,CODE,0.55,plausible,re_pipeline,"code_window_hypothesis","Hypothesized CODE window per shipping regions + first non-FF @0x2000. ISA not verified; structural only."
0x64AA,0x64AF,25770,25775,6,CODE,0.78,plausible,ghidra,"ghidra_insn","Ghidra listing instruction start (MCS96:LE:16:default); LJMP/LCALL are PC-relative disp16"
0x64B0,0x64B0,25776,25776,1,CODE,0.55,plausible,re_pipeline,"code_window_hypothesis","Hypothesized CODE window per shipping regions + first non-FF @0x2000. ISA not verified; structural only."
0x64B1,0x64BC,25777,25788,12,CODE,0.78,plausible,ghidra,"ghidra_insn","Ghidra listing instruction start (MCS96:LE:16:default); LJMP/LCALL are PC-relative disp16"
0x64BD,0x64BD,25789,25789,1,CODE,0.55,plausible,re_pipeline,"code_window_hypothesis","Hypothesized CODE window per shipping regions + first non-FF @0x2000. ISA not verified; structural only."
0x64BE,0x64CB,25790,25803,14,CODE,0.78,plausible,ghidra,"ghidra_insn","Ghidra listing instruction start (MCS96:LE:16:default); LJMP/LCALL are PC-relative disp16"
0x64CC,0x64CC,25804,25804,1,CODE,0.55,plausible,re_pipeline,"code_window_hypothesis","Hypothesized CODE window per shipping regions + first non-FF @0x2000. ISA not verified; structural only."
0x64CD,0x64D2,25805,25810,6,CODE,0.78,plausible,ghidra,"ghidra_insn","Ghidra listing instruction start (MCS96:LE:16:default); LJMP/LCALL are PC-relative disp16"
0x64D3,0x64D3,25811,25811,1,CODE,0.55,plausible,re_pipeline,"code_window_hypothesis","Hypothesized CODE window per shipping regions + first non-FF @0x2000. ISA not verified; structural only."
0x64D4,0x64D6,25812,25814,3,CODE,0.78,plausible,ghidra,"ghidra_insn","Ghidra listing instruction start (MCS96:LE:16:default); LJMP/LCALL are PC-relative disp16"
0x64D7,0x64D7,25815,25815,1,CODE,0.55,plausible,re_pipeline,"code_window_hypothesis","Hypothesized CODE window per shipping regions + first non-FF @0x2000. ISA not verified; structural only."
0x64D8,0x64DC,25816,25820,5,CODE,0.78,plausible,ghidra,"ghidra_insn","Ghidra listing instruction start (MCS96:LE:16:default); LJMP/LCALL are PC-relative disp16"
0x64DD,0x64DE,25821,25822,2,CODE,0.55,plausible,re_pipeline,"code_window_hypothesis","Hypothesized CODE window per shipping regions + first non-FF @0x2000. ISA not verified; structural only."
0x64DF,0x64E4,25823,25828,6,CODE,0.78,plausible,ghidra,"ghidra_insn","Ghidra listing instruction start (MCS96:LE:16:default); LJMP/LCALL are PC-relative disp16"
0x64E5,0x64E6,25829,25830,2,CODE,0.55,plausible,re_pipeline,"code_window_hypothesis","Hypothesized CODE window per shipping regions + first non-FF @0x2000. ISA not verified; structural only."
0x64E7,0x64F4,25831,25844,14,CODE,0.78,plausible,ghidra,"ghidra_insn","Ghidra listing instruction start (MCS96:LE:16:default); LJMP/LCALL are PC-relative disp16"
0x64F5,0x64F5,25845,25845,1,CODE,0.55,plausible,re_pipeline,"code_window_hypothesis","Hypothesized CODE window per shipping regions + first non-FF @0x2000. ISA not verified; structural only."
0x64F6,0x64FA,25846,25850,5,CODE,0.78,plausible,ghidra,"ghidra_insn","Ghidra listing instruction start (MCS96:LE:16:default); LJMP/LCALL are PC-relative disp16"
0x64FB,0x64FC,25851,25852,2,CODE,0.55,plausible,re_pipeline,"code_window_hypothesis","Hypothesized CODE window per shipping regions + first non-FF @0x2000. ISA not verified; structural only."
0x64FD,0x6502,25853,25858,6,CODE,0.78,plausible,ghidra,"ghidra_insn","Ghidra listing instruction start (MCS96:LE:16:default); LJMP/LCALL are PC-relative disp16"
0x6503,0x6504,25859,25860,2,CODE,0.55,plausible,re_pipeline,"code_window_hypothesis","Hypothesized CODE window per shipping regions + first non-FF @0x2000. ISA not verified; structural only."
0x6505,0x6517,25861,25879,19,CODE,0.78,plausible,ghidra,"ghidra_insn","Ghidra listing instruction start (MCS96:LE:16:default); LJMP/LCALL are PC-relative disp16"
0x6518,0x6518,25880,25880,1,CODE,0.55,plausible,re_pipeline,"code_window_hypothesis","Hypothesized CODE window per shipping regions + first non-FF @0x2000. ISA not verified; structural only."
0x6519,0x651E,25881,25886,6,CODE,0.78,plausible,ghidra,"ghidra_insn","Ghidra listing instruction start (MCS96:LE:16:default); LJMP/LCALL are PC-relative disp16"
0x651F,0x6520,25887,25888,2,CODE,0.55,plausible,re_pipeline,"code_window_hypothesis","Hypothesized CODE window per shipping regions + first non-FF @0x2000. ISA not verified; structural only."
0x6521,0x6523,25889,25891,3,CODE,0.78,plausible,ghidra,"ghidra_insn","Ghidra listing instruction start (MCS96:LE:16:default); LJMP/LCALL are PC-relative disp16"
0x6524,0x6525,25892,25893,2,CODE,0.55,plausible,re_pipeline,"code_window_hypothesis","Hypothesized CODE window per shipping regions + first non-FF @0x2000. ISA not verified; structural only."
0x6526,0x652A,25894,25898,5,CODE,0.78,plausible,ghidra,"ghidra_insn","Ghidra listing instruction start (MCS96:LE:16:default); LJMP/LCALL are PC-relative disp16"
0x652B,0x652C,25899,25900,2,CODE,0.55,plausible,re_pipeline,"code_window_hypothesis","Hypothesized CODE window per shipping regions + first non-FF @0x2000. ISA not verified; structural only."
0x652D,0x652F,25901,25903,3,CODE,0.78,plausible,ghidra,"ghidra_insn","Ghidra listing instruction start (MCS96:LE:16:default); LJMP/LCALL are PC-relative disp16"
0x6530,0x6531,25904,25905,2,CODE,0.55,plausible,re_pipeline,"code_window_hypothesis","Hypothesized CODE window per shipping regions + first non-FF @0x2000. ISA not verified; structural only."
0x6532,0x6539,25906,25913,8,CODE,0.78,plausible,ghidra,"ghidra_insn","Ghidra listing instruction start (MCS96:LE:16:default); LJMP/LCALL are PC-relative disp16"
0x653A,0x653B,25914,25915,2,CODE,0.55,plausible,re_pipeline,"code_window_hypothesis","Hypothesized CODE window per shipping regions + first non-FF @0x2000. ISA not verified; structural only."
0x653C,0x6545,25916,25925,10,CODE,0.78,plausible,ghidra,"ghidra_insn","Ghidra listing instruction start (MCS96:LE:16:default); LJMP/LCALL are PC-relative disp16"
0x6546,0x6547,25926,25927,2,CODE,0.55,plausible,re_pipeline,"code_window_hypothesis","Hypothesized CODE window per shipping regions + first non-FF @0x2000. ISA not verified; structural only."
0x6548,0x654E,25928,25934,7,CODE,0.78,plausible,ghidra,"ghidra_insn","Ghidra listing instruction start (MCS96:LE:16:default); LJMP/LCALL are PC-relative disp16"
0x654F,0x6550,25935,25936,2,CODE,0.55,plausible,re_pipeline,"code_window_hypothesis","Hypothesized CODE window per shipping regions + first non-FF @0x2000. ISA not verified; structural only."
0x6551,0x6553,25937,25939,3,CODE,0.78,plausible,ghidra,"ghidra_insn","Ghidra listing instruction start (MCS96:LE:16:default); LJMP/LCALL are PC-relative disp16"
0x6554,0x6555,25940,25941,2,CODE,0.55,plausible,re_pipeline,"code_window_hypothesis","Hypothesized CODE window per shipping regions + first non-FF @0x2000. ISA not verified; structural only."
0x6556,0x655B,25942,25947,6,CODE,0.78,plausible,ghidra,"ghidra_insn","Ghidra listing instruction start (MCS96:LE:16:default); LJMP/LCALL are PC-relative disp16"
0x655C,0x655E,25948,25950,3,CODE,0.55,plausible,re_pipeline,"code_window_hypothesis","Hypothesized CODE window per shipping regions + first non-FF @0x2000. ISA not verified; structural only."
0x655F,0x6574,25951,25972,22,CODE,0.78,plausible,ghidra,"ghidra_insn","Ghidra listing instruction start (MCS96:LE:16:default); LJMP/LCALL are PC-relative disp16"
0x6575,0x6576,25973,25974,2,CODE,0.55,plausible,re_pipeline,"code_window_hypothesis","Hypothesized CODE window per shipping regions + first non-FF @0x2000. ISA not verified; structural only."
0x6577,0x6591,25975,26001,27,CODE,0.78,plausible,ghidra,"ghidra_insn","Ghidra listing instruction start (MCS96:LE:16:default); LJMP/LCALL are PC-relative disp16"
0x6592,0x6593,26002,26003,2,CODE,0.55,plausible,re_pipeline,"code_window_hypothesis","Hypothesized CODE window per shipping regions + first non-FF @0x2000. ISA not verified; structural only."
0x6594,0x659C,26004,26012,9,CODE,0.78,plausible,ghidra,"ghidra_insn","Ghidra listing instruction start (MCS96:LE:16:default); LJMP/LCALL are PC-relative disp16"
0x659D,0x659E,26013,26014,2,CODE,0.55,plausible,re_pipeline,"code_window_hypothesis","Hypothesized CODE window per shipping regions + first non-FF @0x2000. ISA not verified; structural only."
0x659F,0x65A2,26015,26018,4,CODE,0.78,plausible,ghidra,"ghidra_insn","Ghidra listing instruction start (MCS96:LE:16:default); LJMP/LCALL are PC-relative disp16"
0x65A3,0x65A4,26019,26020,2,CODE,0.55,plausible,re_pipeline,"code_window_hypothesis","Hypothesized CODE window per shipping regions + first non-FF @0x2000. ISA not verified; structural only."
0x65A5,0x65AF,26021,26031,11,CODE,0.78,plausible,ghidra,"ghidra_insn","Ghidra listing instruction start (MCS96:LE:16:default); LJMP/LCALL are PC-relative disp16"
0x65B0,0x65B1,26032,26033,2,CODE,0.55,plausible,re_pipeline,"code_window_hypothesis","Hypothesized CODE window per shipping regions + first non-FF @0x2000. ISA not verified; structural only."
0x65B2,0x65B6,26034,26038,5,CODE,0.78,plausible,ghidra,"ghidra_insn","Ghidra listing instruction start (MCS96:LE:16:default); LJMP/LCALL are PC-relative disp16"
0x65B7,0x65B8,26039,26040,2,CODE,0.55,plausible,re_pipeline,"code_window_hypothesis","Hypothesized CODE window per shipping regions + first non-FF @0x2000. ISA not verified; structural only."
0x65B9,0x65C6,26041,26054,14,CODE,0.78,plausible,ghidra,"ghidra_insn","Ghidra listing instruction start (MCS96:LE:16:default); LJMP/LCALL are PC-relative disp16"
0x65C7,0x65C8,26055,26056,2,CODE,0.55,plausible,re_pipeline,"code_window_hypothesis","Hypothesized CODE window per shipping regions + first non-FF @0x2000. ISA not verified; structural only."
0x65C9,0x65CB,26057,26059,3,CODE,0.78,plausible,ghidra,"ghidra_insn","Ghidra listing instruction start (MCS96:LE:16:default); LJMP/LCALL are PC-relative disp16"
0x65CC,0x65CC,26060,26060,1,CODE,0.55,plausible,re_pipeline,"code_window_hypothesis","Hypothesized CODE window per shipping regions + first non-FF @0x2000. ISA not verified; structural only."
0x65CD,0x65D5,26061,26069,9,CODE,0.78,plausible,ghidra,"ghidra_insn","Ghidra listing instruction start (MCS96:LE:16:default); LJMP/LCALL are PC-relative disp16"
0x65D6,0x65D6,26070,26070,1,CODE,0.55,plausible,re_pipeline,"code_window_hypothesis","Hypothesized CODE window per shipping regions + first non-FF @0x2000. ISA not verified; structural only."
0x65D7,0x65EA,26071,26090,20,CODE,0.78,plausible,ghidra,"ghidra_insn","Ghidra listing instruction start (MCS96:LE:16:default); LJMP/LCALL are PC-relative disp16"
0x65EB,0x65EC,26091,26092,2,CODE,0.55,plausible,re_pipeline,"code_window_hypothesis","Hypothesized CODE window per shipping regions + first non-FF @0x2000. ISA not verified; structural only."
0x65ED,0x65F4,26093,26100,8,CODE,0.78,plausible,ghidra,"ghidra_insn","Ghidra listing instruction start (MCS96:LE:16:default); LJMP/LCALL are PC-relative disp16"
0x65F5,0x65F6,26101,26102,2,CODE,0.55,plausible,re_pipeline,"code_window_hypothesis","Hypothesized CODE window per shipping regions + first non-FF @0x2000. ISA not verified; structural only."
0x65F7,0x65FC,26103,26108,6,CODE,0.78,plausible,ghidra,"ghidra_insn","Ghidra listing instruction start (MCS96:LE:16:default); LJMP/LCALL are PC-relative disp16"
0x65FD,0x65FE,26109,26110,2,CODE,0.55,plausible,re_pipeline,"code_window_hypothesis","Hypothesized CODE window per shipping regions + first non-FF @0x2000. ISA not verified; structural only."
0x65FF,0x6603,26111,26115,5,CODE,0.78,plausible,ghidra,"ghidra_insn","Ghidra listing instruction start (MCS96:LE:16:default); LJMP/LCALL are PC-relative disp16"
0x6604,0x6605,26116,26117,2,CODE,0.55,plausible,re_pipeline,"code_window_hypothesis","Hypothesized CODE window per shipping regions + first non-FF @0x2000. ISA not verified; structural only."
0x6606,0x660E,26118,26126,9,CODE,0.78,plausible,ghidra,"ghidra_insn","Ghidra listing instruction start (MCS96:LE:16:default); LJMP/LCALL are PC-relative disp16"
0x660F,0x6610,26127,26128,2,CODE,0.55,plausible,re_pipeline,"code_window_hypothesis","Hypothesized CODE window per shipping regions + first non-FF @0x2000. ISA not verified; structural only."
0x6611,0x661A,26129,26138,10,CODE,0.78,plausible,ghidra,"ghidra_insn","Ghidra listing instruction start (MCS96:LE:16:default); LJMP/LCALL are PC-relative disp16"
0x661B,0x661C,26139,26140,2,CODE,0.55,plausible,re_pipeline,"code_window_hypothesis","Hypothesized CODE window per shipping regions + first non-FF @0x2000. ISA not verified; structural only."
0x661D,0x6621,26141,26145,5,CODE,0.78,plausible,ghidra,"ghidra_insn","Ghidra listing instruction start (MCS96:LE:16:default); LJMP/LCALL are PC-relative disp16"
0x6622,0x6623,26146,26147,2,CODE,0.55,plausible,re_pipeline,"code_window_hypothesis","Hypothesized CODE window per shipping regions + first non-FF @0x2000. ISA not verified; structural only."
0x6624,0x662D,26148,26157,10,CODE,0.78,plausible,ghidra,"ghidra_insn","Ghidra listing instruction start (MCS96:LE:16:default); LJMP/LCALL are PC-relative disp16"
0x662E,0x662F,26158,26159,2,CODE,0.55,plausible,re_pipeline,"code_window_hypothesis","Hypothesized CODE window per shipping regions + first non-FF @0x2000. ISA not verified; structural only."
0x6630,0x663A,26160,26170,11,CODE,0.78,plausible,ghidra,"ghidra_insn","Ghidra listing instruction start (MCS96:LE:16:default); LJMP/LCALL are PC-relative disp16"
0x663B,0x663D,26171,26173,3,CODE,0.55,plausible,re_pipeline,"code_window_hypothesis","Hypothesized CODE window per shipping regions + first non-FF @0x2000. ISA not verified; structural only."
0x663E,0x6648,26174,26184,11,CODE,0.78,plausible,ghidra,"ghidra_insn","Ghidra listing instruction start (MCS96:LE:16:default); LJMP/LCALL are PC-relative disp16"
0x6649,0x6649,26185,26185,1,CODE,0.55,plausible,re_pipeline,"code_window_hypothesis","Hypothesized CODE window per shipping regions + first non-FF @0x2000. ISA not verified; structural only."
0x664A,0x6652,26186,26194,9,CODE,0.78,plausible,ghidra,"ghidra_insn","Ghidra listing instruction start (MCS96:LE:16:default); LJMP/LCALL are PC-relative disp16"
0x6653,0x6654,26195,26196,2,CODE,0.55,plausible,re_pipeline,"code_window_hypothesis","Hypothesized CODE window per shipping regions + first non-FF @0x2000. ISA not verified; structural only."
0x6655,0x6657,26197,26199,3,CODE,0.78,plausible,ghidra,"ghidra_insn","Ghidra listing instruction start (MCS96:LE:16:default); LJMP/LCALL are PC-relative disp16"
0x6658,0x6659,26200,26201,2,CODE,0.55,plausible,re_pipeline,"code_window_hypothesis","Hypothesized CODE window per shipping regions + first non-FF @0x2000. ISA not verified; structural only."
0x665A,0x665C,26202,26204,3,CODE,0.78,plausible,ghidra,"ghidra_insn","Ghidra listing instruction start (MCS96:LE:16:default); LJMP/LCALL are PC-relative disp16"
0x665D,0x665E,26205,26206,2,CODE,0.55,plausible,re_pipeline,"code_window_hypothesis","Hypothesized CODE window per shipping regions + first non-FF @0x2000. ISA not verified; structural only."
0x665F,0x6661,26207,26209,3,CODE,0.78,plausible,ghidra,"ghidra_insn","Ghidra listing instruction start (MCS96:LE:16:default); LJMP/LCALL are PC-relative disp16"
0x6662,0x6662,26210,26210,1,CODE,0.55,plausible,re_pipeline,"code_window_hypothesis","Hypothesized CODE window per shipping regions + first non-FF @0x2000. ISA not verified; structural only."
0x6663,0x6668,26211,26216,6,CODE,0.78,plausible,ghidra,"ghidra_insn","Ghidra listing instruction start (MCS96:LE:16:default); LJMP/LCALL are PC-relative disp16"
0x6669,0x666A,26217,26218,2,CODE,0.55,plausible,re_pipeline,"code_window_hypothesis","Hypothesized CODE window per shipping regions + first non-FF @0x2000. ISA not verified; structural only."
0x666B,0x666D,26219,26221,3,CODE,0.78,plausible,ghidra,"ghidra_insn","Ghidra listing instruction start (MCS96:LE:16:default); LJMP/LCALL are PC-relative disp16"
0x666E,0x666E,26222,26222,1,CODE,0.55,plausible,re_pipeline,"code_window_hypothesis","Hypothesized CODE window per shipping regions + first non-FF @0x2000. ISA not verified; structural only."
0x666F,0x6674,26223,26228,6,CODE,0.78,plausible,ghidra,"ghidra_insn","Ghidra listing instruction start (MCS96:LE:16:default); LJMP/LCALL are PC-relative disp16"
0x6675,0x6676,26229,26230,2,CODE,0.55,plausible,re_pipeline,"code_window_hypothesis","Hypothesized CODE window per shipping regions + first non-FF @0x2000. ISA not verified; structural only."
0x6677,0x6679,26231,26233,3,CODE,0.78,plausible,ghidra,"ghidra_insn","Ghidra listing instruction start (MCS96:LE:16:default); LJMP/LCALL are PC-relative disp16"
0x667A,0x667A,26234,26234,1,CODE,0.55,plausible,re_pipeline,"code_window_hypothesis","Hypothesized CODE window per shipping regions + first non-FF @0x2000. ISA not verified; structural only."
0x667B,0x6680,26235,26240,6,CODE,0.78,plausible,ghidra,"ghidra_insn","Ghidra listing instruction start (MCS96:LE:16:default); LJMP/LCALL are PC-relative disp16"
0x6681,0x6682,26241,26242,2,CODE,0.55,plausible,re_pipeline,"code_window_hypothesis","Hypothesized CODE window per shipping regions + first non-FF @0x2000. ISA not verified; structural only."
0x6683,0x6686,26243,26246,4,CODE,0.78,plausible,ghidra,"ghidra_insn","Ghidra listing instruction start (MCS96:LE:16:default); LJMP/LCALL are PC-relative disp16"
0x6687,0x6688,26247,26248,2,CODE,0.55,plausible,re_pipeline,"code_window_hypothesis","Hypothesized CODE window per shipping regions + first non-FF @0x2000. ISA not verified; structural only."
0x6689,0x668B,26249,26251,3,CODE,0.78,plausible,ghidra,"ghidra_insn","Ghidra listing instruction start (MCS96:LE:16:default); LJMP/LCALL are PC-relative disp16"
0x668C,0x668C,26252,26252,1,CODE,0.55,plausible,re_pipeline,"code_window_hypothesis","Hypothesized CODE window per shipping regions + first non-FF @0x2000. ISA not verified; structural only."
0x668D,0x668F,26253,26255,3,CODE,0.78,plausible,ghidra,"ghidra_insn","Ghidra listing instruction start (MCS96:LE:16:default); LJMP/LCALL are PC-relative disp16"
0x6690,0x6690,26256,26256,1,CODE,0.55,plausible,re_pipeline,"code_window_hypothesis","Hypothesized CODE window per shipping regions + first non-FF @0x2000. ISA not verified; structural only."
0x6691,0x6699,26257,26265,9,CODE,0.78,plausible,ghidra,"ghidra_insn","Ghidra listing instruction start (MCS96:LE:16:default); LJMP/LCALL are PC-relative disp16"
0x669A,0x669A,26266,26266,1,CODE,0.55,plausible,re_pipeline,"code_window_hypothesis","Hypothesized CODE window per shipping regions + first non-FF @0x2000. ISA not verified; structural only."
0x669B,0x669D,26267,26269,3,CODE,0.78,plausible,ghidra,"ghidra_insn","Ghidra listing instruction start (MCS96:LE:16:default); LJMP/LCALL are PC-relative disp16"
0x669E,0x669F,26270,26271,2,CODE,0.55,plausible,re_pipeline,"code_window_hypothesis","Hypothesized CODE window per shipping regions + first non-FF @0x2000. ISA not verified; structural only."
0x66A0,0x66A2,26272,26274,3,CODE,0.78,plausible,ghidra,"ghidra_insn","Ghidra listing instruction start (MCS96:LE:16:default); LJMP/LCALL are PC-relative disp16"
0x66A3,0x66A4,26275,26276,2,CODE,0.55,plausible,re_pipeline,"code_window_hypothesis","Hypothesized CODE window per shipping regions + first non-FF @0x2000. ISA not verified; structural only."
0x66A5,0x66AA,26277,26282,6,CODE,0.78,plausible,ghidra,"ghidra_insn","Ghidra listing instruction start (MCS96:LE:16:default); LJMP/LCALL are PC-relative disp16"
0x66AB,0x66AB,26283,26283,1,CODE,0.55,plausible,re_pipeline,"code_window_hypothesis","Hypothesized CODE window per shipping regions + first non-FF @0x2000. ISA not verified; structural only."
0x66AC,0x66B0,26284,26288,5,CODE,0.78,plausible,ghidra,"ghidra_insn","Ghidra listing instruction start (MCS96:LE:16:default); LJMP/LCALL are PC-relative disp16"
0x66B1,0x66B1,26289,26289,1,CODE,0.55,plausible,re_pipeline,"code_window_hypothesis","Hypothesized CODE window per shipping regions + first non-FF @0x2000. ISA not verified; structural only."
0x66B2,0x66B8,26290,26296,7,CODE,0.78,plausible,ghidra,"ghidra_insn","Ghidra listing instruction start (MCS96:LE:16:default); LJMP/LCALL are PC-relative disp16"
0x66B9,0x66B9,26297,26297,1,CODE,0.55,plausible,re_pipeline,"code_window_hypothesis","Hypothesized CODE window per shipping regions + first non-FF @0x2000. ISA not verified; structural only."
0x66BA,0x66C7,26298,26311,14,CODE,0.78,plausible,ghidra,"ghidra_insn","Ghidra listing instruction start (MCS96:LE:16:default); LJMP/LCALL are PC-relative disp16"
0x66C8,0x66C8,26312,26312,1,CODE,0.55,plausible,re_pipeline,"code_window_hypothesis","Hypothesized CODE window per shipping regions + first non-FF @0x2000. ISA not verified; structural only."
0x66C9,0x66CE,26313,26318,6,CODE,0.78,plausible,ghidra,"ghidra_insn","Ghidra listing instruction start (MCS96:LE:16:default); LJMP/LCALL are PC-relative disp16"
0x66CF,0x66CF,26319,26319,1,CODE,0.55,plausible,re_pipeline,"code_window_hypothesis","Hypothesized CODE window per shipping regions + first non-FF @0x2000. ISA not verified; structural only."
0x66D0,0x66D2,26320,26322,3,CODE,0.78,plausible,ghidra,"ghidra_insn","Ghidra listing instruction start (MCS96:LE:16:default); LJMP/LCALL are PC-relative disp16"
0x66D3,0x66D4,26323,26324,2,CODE,0.55,plausible,re_pipeline,"code_window_hypothesis","Hypothesized CODE window per shipping regions + first non-FF @0x2000. ISA not verified; structural only."
0x66D5,0x66DA,26325,26330,6,CODE,0.78,plausible,ghidra,"ghidra_insn","Ghidra listing instruction start (MCS96:LE:16:default); LJMP/LCALL are PC-relative disp16"
0x66DB,0x66DB,26331,26331,1,CODE,0.55,plausible,re_pipeline,"code_window_hypothesis","Hypothesized CODE window per shipping regions + first non-FF @0x2000. ISA not verified; structural only."
0x66DC,0x66DE,26332,26334,3,CODE,0.78,plausible,ghidra,"ghidra_insn","Ghidra listing instruction start (MCS96:LE:16:default); LJMP/LCALL are PC-relative disp16"
0x66DF,0x66E0,26335,26336,2,CODE,0.55,plausible,re_pipeline,"code_window_hypothesis","Hypothesized CODE window per shipping regions + first non-FF @0x2000. ISA not verified; structural only."
0x66E1,0x66EE,26337,26350,14,CODE,0.78,plausible,ghidra,"ghidra_insn","Ghidra listing instruction start (MCS96:LE:16:default); LJMP/LCALL are PC-relative disp16"
0x66EF,0x66EF,26351,26351,1,CODE,0.55,plausible,re_pipeline,"code_window_hypothesis","Hypothesized CODE window per shipping regions + first non-FF @0x2000. ISA not verified; structural only."
0x66F0,0x66F8,26352,26360,9,CODE,0.78,plausible,ghidra,"ghidra_insn","Ghidra listing instruction start (MCS96:LE:16:default); LJMP/LCALL are PC-relative disp16"
0x66F9,0x66F9,26361,26361,1,CODE,0.55,plausible,re_pipeline,"code_window_hypothesis","Hypothesized CODE window per shipping regions + first non-FF @0x2000. ISA not verified; structural only."
0x66FA,0x6701,26362,26369,8,CODE,0.78,plausible,ghidra,"ghidra_insn","Ghidra listing instruction start (MCS96:LE:16:default); LJMP/LCALL are PC-relative disp16"
0x6702,0x6702,26370,26370,1,CODE,0.55,plausible,re_pipeline,"code_window_hypothesis","Hypothesized CODE window per shipping regions + first non-FF @0x2000. ISA not verified; structural only."
0x6703,0x6708,26371,26376,6,CODE,0.78,plausible,ghidra,"ghidra_insn","Ghidra listing instruction start (MCS96:LE:16:default); LJMP/LCALL are PC-relative disp16"
0x6709,0x6709,26377,26377,1,CODE,0.55,plausible,re_pipeline,"code_window_hypothesis","Hypothesized CODE window per shipping regions + first non-FF @0x2000. ISA not verified; structural only."
0x670A,0x6712,26378,26386,9,CODE,0.78,plausible,ghidra,"ghidra_insn","Ghidra listing instruction start (MCS96:LE:16:default); LJMP/LCALL are PC-relative disp16"
0x6713,0x6713,26387,26387,1,CODE,0.55,plausible,re_pipeline,"code_window_hypothesis","Hypothesized CODE window per shipping regions + first non-FF @0x2000. ISA not verified; structural only."
0x6714,0x671B,26388,26395,8,CODE,0.78,plausible,ghidra,"ghidra_insn","Ghidra listing instruction start (MCS96:LE:16:default); LJMP/LCALL are PC-relative disp16"
0x671C,0x671C,26396,26396,1,CODE,0.55,plausible,re_pipeline,"code_window_hypothesis","Hypothesized CODE window per shipping regions + first non-FF @0x2000. ISA not verified; structural only."
0x671D,0x671F,26397,26399,3,CODE,0.78,plausible,ghidra,"ghidra_insn","Ghidra listing instruction start (MCS96:LE:16:default); LJMP/LCALL are PC-relative disp16"
0x6720,0x6722,26400,26402,3,CODE,0.55,plausible,re_pipeline,"code_window_hypothesis","Hypothesized CODE window per shipping regions + first non-FF @0x2000. ISA not verified; structural only."
0x6723,0x672D,26403,26413,11,CODE,0.78,plausible,ghidra,"ghidra_insn","Ghidra listing instruction start (MCS96:LE:16:default); LJMP/LCALL are PC-relative disp16"
0x672E,0x672F,26414,26415,2,CODE,0.55,plausible,re_pipeline,"code_window_hypothesis","Hypothesized CODE window per shipping regions + first non-FF @0x2000. ISA not verified; structural only."
0x6730,0x6734,26416,26420,5,CODE,0.78,plausible,ghidra,"ghidra_insn","Ghidra listing instruction start (MCS96:LE:16:default); LJMP/LCALL are PC-relative disp16"
0x6735,0x6735,26421,26421,1,CODE,0.55,plausible,re_pipeline,"code_window_hypothesis","Hypothesized CODE window per shipping regions + first non-FF @0x2000. ISA not verified; structural only."
0x6736,0x6749,26422,26441,20,CODE,0.78,plausible,ghidra,"ghidra_insn","Ghidra listing instruction start (MCS96:LE:16:default); LJMP/LCALL are PC-relative disp16"
0x674A,0x674A,26442,26442,1,CODE,0.55,plausible,re_pipeline,"code_window_hypothesis","Hypothesized CODE window per shipping regions + first non-FF @0x2000. ISA not verified; structural only."
0x674B,0x674D,26443,26445,3,CODE,0.78,plausible,ghidra,"ghidra_insn","Ghidra listing instruction start (MCS96:LE:16:default); LJMP/LCALL are PC-relative disp16"
0x674E,0x674F,26446,26447,2,CODE,0.55,plausible,re_pipeline,"code_window_hypothesis","Hypothesized CODE window per shipping regions + first non-FF @0x2000. ISA not verified; structural only."
0x6750,0x6752,26448,26450,3,CODE,0.78,plausible,ghidra,"ghidra_insn","Ghidra listing instruction start (MCS96:LE:16:default); LJMP/LCALL are PC-relative disp16"
0x6753,0x6753,26451,26451,1,CODE,0.55,plausible,re_pipeline,"code_window_hypothesis","Hypothesized CODE window per shipping regions + first non-FF @0x2000. ISA not verified; structural only."
0x6754,0x6759,26452,26457,6,CODE,0.78,plausible,ghidra,"ghidra_insn","Ghidra listing instruction start (MCS96:LE:16:default); LJMP/LCALL are PC-relative disp16"
0x675A,0x675B,26458,26459,2,CODE,0.55,plausible,re_pipeline,"code_window_hypothesis","Hypothesized CODE window per shipping regions + first non-FF @0x2000. ISA not verified; structural only."
0x675C,0x675E,26460,26462,3,CODE,0.78,plausible,ghidra,"ghidra_insn","Ghidra listing instruction start (MCS96:LE:16:default); LJMP/LCALL are PC-relative disp16"
0x675F,0x6761,26463,26465,3,CODE,0.55,plausible,re_pipeline,"code_window_hypothesis","Hypothesized CODE window per shipping regions + first non-FF @0x2000. ISA not verified; structural only."
0x6762,0x6769,26466,26473,8,CODE,0.78,plausible,ghidra,"ghidra_insn","Ghidra listing instruction start (MCS96:LE:16:default); LJMP/LCALL are PC-relative disp16"
0x676A,0x676B,26474,26475,2,CODE,0.55,plausible,re_pipeline,"code_window_hypothesis","Hypothesized CODE window per shipping regions + first non-FF @0x2000. ISA not verified; structural only."
0x676C,0x676E,26476,26478,3,CODE,0.78,plausible,ghidra,"ghidra_insn","Ghidra listing instruction start (MCS96:LE:16:default); LJMP/LCALL are PC-relative disp16"
0x676F,0x6770,26479,26480,2,CODE,0.55,plausible,re_pipeline,"code_window_hypothesis","Hypothesized CODE window per shipping regions + first non-FF @0x2000. ISA not verified; structural only."
0x6771,0x6773,26481,26483,3,CODE,0.78,plausible,ghidra,"ghidra_insn","Ghidra listing instruction start (MCS96:LE:16:default); LJMP/LCALL are PC-relative disp16"
0x6774,0x6775,26484,26485,2,CODE,0.55,plausible,re_pipeline,"code_window_hypothesis","Hypothesized CODE window per shipping regions + first non-FF @0x2000. ISA not verified; structural only."
0x6776,0x6783,26486,26499,14,CODE,0.78,plausible,ghidra,"ghidra_insn","Ghidra listing instruction start (MCS96:LE:16:default); LJMP/LCALL are PC-relative disp16"
0x6784,0x6785,26500,26501,2,CODE,0.55,plausible,re_pipeline,"code_window_hypothesis","Hypothesized CODE window per shipping regions + first non-FF @0x2000. ISA not verified; structural only."
0x6786,0x6788,26502,26504,3,CODE,0.78,plausible,ghidra,"ghidra_insn","Ghidra listing instruction start (MCS96:LE:16:default); LJMP/LCALL are PC-relative disp16"
0x6789,0x678B,26505,26507,3,CODE,0.55,plausible,re_pipeline,"code_window_hypothesis","Hypothesized CODE window per shipping regions + first non-FF @0x2000. ISA not verified; structural only."
0x678C,0x678E,26508,26510,3,CODE,0.78,plausible,ghidra,"ghidra_insn","Ghidra listing instruction start (MCS96:LE:16:default); LJMP/LCALL are PC-relative disp16"
0x678F,0x6790,26511,26512,2,CODE,0.55,plausible,re_pipeline,"code_window_hypothesis","Hypothesized CODE window per shipping regions + first non-FF @0x2000. ISA not verified; structural only."
0x6791,0x67A2,26513,26530,18,CODE,0.78,plausible,ghidra,"ghidra_insn","Ghidra listing instruction start (MCS96:LE:16:default); LJMP/LCALL are PC-relative disp16"
0x67A3,0x67A4,26531,26532,2,CODE,0.55,plausible,re_pipeline,"code_window_hypothesis","Hypothesized CODE window per shipping regions + first non-FF @0x2000. ISA not verified; structural only."
0x67A5,0x67A7,26533,26535,3,CODE,0.78,plausible,ghidra,"ghidra_insn","Ghidra listing instruction start (MCS96:LE:16:default); LJMP/LCALL are PC-relative disp16"
0x67A8,0x67AA,26536,26538,3,CODE,0.55,plausible,re_pipeline,"code_window_hypothesis","Hypothesized CODE window per shipping regions + first non-FF @0x2000. ISA not verified; structural only."
0x67AB,0x67B4,26539,26548,10,CODE,0.78,plausible,ghidra,"ghidra_insn","Ghidra listing instruction start (MCS96:LE:16:default); LJMP/LCALL are PC-relative disp16"
0x67B5,0x67B6,26549,26550,2,CODE,0.55,plausible,re_pipeline,"code_window_hypothesis","Hypothesized CODE window per shipping regions + first non-FF @0x2000. ISA not verified; structural only."
0x67B7,0x67C3,26551,26563,13,CODE,0.78,plausible,ghidra,"ghidra_insn","Ghidra listing instruction start (MCS96:LE:16:default); LJMP/LCALL are PC-relative disp16"
0x67C4,0x67C5,26564,26565,2,CODE,0.55,plausible,re_pipeline,"code_window_hypothesis","Hypothesized CODE window per shipping regions + first non-FF @0x2000. ISA not verified; structural only."
0x67C6,0x67CE,26566,26574,9,CODE,0.78,plausible,ghidra,"ghidra_insn","Ghidra listing instruction start (MCS96:LE:16:default); LJMP/LCALL are PC-relative disp16"
0x67CF,0x67D0,26575,26576,2,CODE,0.55,plausible,re_pipeline,"code_window_hypothesis","Hypothesized CODE window per shipping regions + first non-FF @0x2000. ISA not verified; structural only."
0x67D1,0x67E8,26577,26600,24,CODE,0.78,plausible,ghidra,"ghidra_insn","Ghidra listing instruction start (MCS96:LE:16:default); LJMP/LCALL are PC-relative disp16"
0x67E9,0x67E9,26601,26601,1,CODE,0.55,plausible,re_pipeline,"code_window_hypothesis","Hypothesized CODE window per shipping regions + first non-FF @0x2000. ISA not verified; structural only."
0x67EA,0x67F2,26602,26610,9,CODE,0.78,plausible,ghidra,"ghidra_insn","Ghidra listing instruction start (MCS96:LE:16:default); LJMP/LCALL are PC-relative disp16"
0x67F3,0x67F3,26611,26611,1,CODE,0.55,plausible,re_pipeline,"code_window_hypothesis","Hypothesized CODE window per shipping regions + first non-FF @0x2000. ISA not verified; structural only."
0x67F4,0x67FB,26612,26619,8,CODE,0.78,plausible,ghidra,"ghidra_insn","Ghidra listing instruction start (MCS96:LE:16:default); LJMP/LCALL are PC-relative disp16"
0x67FC,0x67FC,26620,26620,1,CODE,0.55,plausible,re_pipeline,"code_window_hypothesis","Hypothesized CODE window per shipping regions + first non-FF @0x2000. ISA not verified; structural only."
0x67FD,0x67FF,26621,26623,3,CODE,0.78,plausible,ghidra,"ghidra_insn","Ghidra listing instruction start (MCS96:LE:16:default); LJMP/LCALL are PC-relative disp16"
0x6800,0x6800,26624,26624,1,CODE,0.55,plausible,re_pipeline,"code_window_hypothesis","Hypothesized CODE window per shipping regions + first non-FF @0x2000. ISA not verified; structural only."
0x6801,0x6806,26625,26630,6,CODE,0.78,plausible,ghidra,"ghidra_insn","Ghidra listing instruction start (MCS96:LE:16:default); LJMP/LCALL are PC-relative disp16"
0x6807,0x6808,26631,26632,2,CODE,0.55,plausible,re_pipeline,"code_window_hypothesis","Hypothesized CODE window per shipping regions + first non-FF @0x2000. ISA not verified; structural only."
0x6809,0x680B,26633,26635,3,CODE,0.78,plausible,ghidra,"ghidra_insn","Ghidra listing instruction start (MCS96:LE:16:default); LJMP/LCALL are PC-relative disp16"
0x680C,0x680C,26636,26636,1,CODE,0.55,plausible,re_pipeline,"code_window_hypothesis","Hypothesized CODE window per shipping regions + first non-FF @0x2000. ISA not verified; structural only."
0x680D,0x680F,26637,26639,3,CODE,0.78,plausible,ghidra,"ghidra_insn","Ghidra listing instruction start (MCS96:LE:16:default); LJMP/LCALL are PC-relative disp16"
0x6810,0x6811,26640,26641,2,CODE,0.55,plausible,re_pipeline,"code_window_hypothesis","Hypothesized CODE window per shipping regions + first non-FF @0x2000. ISA not verified; structural only."
0x6812,0x6817,26642,26647,6,CODE,0.78,plausible,ghidra,"ghidra_insn","Ghidra listing instruction start (MCS96:LE:16:default); LJMP/LCALL are PC-relative disp16"
0x6818,0x6818,26648,26648,1,CODE,0.55,plausible,re_pipeline,"code_window_hypothesis","Hypothesized CODE window per shipping regions + first non-FF @0x2000. ISA not verified; structural only."
0x6819,0x681B,26649,26651,3,CODE,0.78,plausible,ghidra,"ghidra_insn","Ghidra listing instruction start (MCS96:LE:16:default); LJMP/LCALL are PC-relative disp16"
0x681C,0x681D,26652,26653,2,CODE,0.55,plausible,re_pipeline,"code_window_hypothesis","Hypothesized CODE window per shipping regions + first non-FF @0x2000. ISA not verified; structural only."
0x681E,0x6829,26654,26665,12,CODE,0.78,plausible,ghidra,"ghidra_insn","Ghidra listing instruction start (MCS96:LE:16:default); LJMP/LCALL are PC-relative disp16"
0x682A,0x682B,26666,26667,2,CODE,0.55,plausible,re_pipeline,"code_window_hypothesis","Hypothesized CODE window per shipping regions + first non-FF @0x2000. ISA not verified; structural only."
0x682C,0x6843,26668,26691,24,CODE,0.78,plausible,ghidra,"ghidra_insn","Ghidra listing instruction start (MCS96:LE:16:default); LJMP/LCALL are PC-relative disp16"
0x6844,0x6845,26692,26693,2,CODE,0.55,plausible,re_pipeline,"code_window_hypothesis","Hypothesized CODE window per shipping regions + first non-FF @0x2000. ISA not verified; structural only."
0x6846,0x684A,26694,26698,5,CODE,0.78,plausible,ghidra,"ghidra_insn","Ghidra listing instruction start (MCS96:LE:16:default); LJMP/LCALL are PC-relative disp16"
0x684B,0x684C,26699,26700,2,CODE,0.55,plausible,re_pipeline,"code_window_hypothesis","Hypothesized CODE window per shipping regions + first non-FF @0x2000. ISA not verified; structural only."
0x684D,0x6851,26701,26705,5,CODE,0.78,plausible,ghidra,"ghidra_insn","Ghidra listing instruction start (MCS96:LE:16:default); LJMP/LCALL are PC-relative disp16"
0x6852,0x6852,26706,26706,1,CODE,0.55,plausible,re_pipeline,"code_window_hypothesis","Hypothesized CODE window per shipping regions + first non-FF @0x2000. ISA not verified; structural only."
0x6853,0x685D,26707,26717,11,CODE,0.78,plausible,ghidra,"ghidra_insn","Ghidra listing instruction start (MCS96:LE:16:default); LJMP/LCALL are PC-relative disp16"
0x685E,0x685E,26718,26718,1,CODE,0.55,plausible,re_pipeline,"code_window_hypothesis","Hypothesized CODE window per shipping regions + first non-FF @0x2000. ISA not verified; structural only."
0x685F,0x6866,26719,26726,8,CODE,0.78,plausible,ghidra,"ghidra_insn","Ghidra listing instruction start (MCS96:LE:16:default); LJMP/LCALL are PC-relative disp16"
0x6867,0x6867,26727,26727,1,CODE,0.55,plausible,re_pipeline,"code_window_hypothesis","Hypothesized CODE window per shipping regions + first non-FF @0x2000. ISA not verified; structural only."
0x6868,0x6870,26728,26736,9,CODE,0.78,plausible,ghidra,"ghidra_insn","Ghidra listing instruction start (MCS96:LE:16:default); LJMP/LCALL are PC-relative disp16"
0x6871,0x6871,26737,26737,1,CODE,0.55,plausible,re_pipeline,"code_window_hypothesis","Hypothesized CODE window per shipping regions + first non-FF @0x2000. ISA not verified; structural only."
0x6872,0x687D,26738,26749,12,CODE,0.78,plausible,ghidra,"ghidra_insn","Ghidra listing instruction start (MCS96:LE:16:default); LJMP/LCALL are PC-relative disp16"
0x687E,0x687F,26750,26751,2,CODE,0.55,plausible,re_pipeline,"code_window_hypothesis","Hypothesized CODE window per shipping regions + first non-FF @0x2000. ISA not verified; structural only."
0x6880,0x6884,26752,26756,5,CODE,0.78,plausible,ghidra,"ghidra_insn","Ghidra listing instruction start (MCS96:LE:16:default); LJMP/LCALL are PC-relative disp16"
0x6885,0x6886,26757,26758,2,CODE,0.55,plausible,re_pipeline,"code_window_hypothesis","Hypothesized CODE window per shipping regions + first non-FF @0x2000. ISA not verified; structural only."
0x6887,0x688B,26759,26763,5,CODE,0.78,plausible,ghidra,"ghidra_insn","Ghidra listing instruction start (MCS96:LE:16:default); LJMP/LCALL are PC-relative disp16"
0x688C,0x688D,26764,26765,2,CODE,0.55,plausible,re_pipeline,"code_window_hypothesis","Hypothesized CODE window per shipping regions + first non-FF @0x2000. ISA not verified; structural only."
0x688E,0x6890,26766,26768,3,CODE,0.78,plausible,ghidra,"ghidra_insn","Ghidra listing instruction start (MCS96:LE:16:default); LJMP/LCALL are PC-relative disp16"
0x6891,0x6891,26769,26769,1,CODE,0.55,plausible,re_pipeline,"code_window_hypothesis","Hypothesized CODE window per shipping regions + first non-FF @0x2000. ISA not verified; structural only."
0x6892,0x689A,26770,26778,9,CODE,0.78,plausible,ghidra,"ghidra_insn","Ghidra listing instruction start (MCS96:LE:16:default); LJMP/LCALL are PC-relative disp16"
0x689B,0x689C,26779,26780,2,CODE,0.55,plausible,re_pipeline,"code_window_hypothesis","Hypothesized CODE window per shipping regions + first non-FF @0x2000. ISA not verified; structural only."
0x689D,0x689F,26781,26783,3,CODE,0.78,plausible,ghidra,"ghidra_insn","Ghidra listing instruction start (MCS96:LE:16:default); LJMP/LCALL are PC-relative disp16"
0x68A0,0x68A0,26784,26784,1,CODE,0.55,plausible,re_pipeline,"code_window_hypothesis","Hypothesized CODE window per shipping regions + first non-FF @0x2000. ISA not verified; structural only."
0x68A1,0x68A9,26785,26793,9,CODE,0.78,plausible,ghidra,"ghidra_insn","Ghidra listing instruction start (MCS96:LE:16:default); LJMP/LCALL are PC-relative disp16"
0x68AA,0x68AB,26794,26795,2,CODE,0.55,plausible,re_pipeline,"code_window_hypothesis","Hypothesized CODE window per shipping regions + first non-FF @0x2000. ISA not verified; structural only."
0x68AC,0x68AE,26796,26798,3,CODE,0.78,plausible,ghidra,"ghidra_insn","Ghidra listing instruction start (MCS96:LE:16:default); LJMP/LCALL are PC-relative disp16"
0x68AF,0x68B0,26799,26800,2,CODE,0.55,plausible,re_pipeline,"code_window_hypothesis","Hypothesized CODE window per shipping regions + first non-FF @0x2000. ISA not verified; structural only."
0x68B1,0x68B6,26801,26806,6,CODE,0.78,plausible,ghidra,"ghidra_insn","Ghidra listing instruction start (MCS96:LE:16:default); LJMP/LCALL are PC-relative disp16"
0x68B7,0x68B8,26807,26808,2,CODE,0.55,plausible,re_pipeline,"code_window_hypothesis","Hypothesized CODE window per shipping regions + first non-FF @0x2000. ISA not verified; structural only."
0x68B9,0x68BB,26809,26811,3,CODE,0.78,plausible,ghidra,"ghidra_insn","Ghidra listing instruction start (MCS96:LE:16:default); LJMP/LCALL are PC-relative disp16"
0x68BC,0x68BD,26812,26813,2,CODE,0.55,plausible,re_pipeline,"code_window_hypothesis","Hypothesized CODE window per shipping regions + first non-FF @0x2000. ISA not verified; structural only."
0x68BE,0x68C2,26814,26818,5,CODE,0.78,plausible,ghidra,"ghidra_insn","Ghidra listing instruction start (MCS96:LE:16:default); LJMP/LCALL are PC-relative disp16"
0x68C3,0x68C4,26819,26820,2,CODE,0.55,plausible,re_pipeline,"code_window_hypothesis","Hypothesized CODE window per shipping regions + first non-FF @0x2000. ISA not verified; structural only."
0x68C5,0x68C7,26821,26823,3,CODE,0.78,plausible,ghidra,"ghidra_insn","Ghidra listing instruction start (MCS96:LE:16:default); LJMP/LCALL are PC-relative disp16"
0x68C8,0x68C9,26824,26825,2,CODE,0.55,plausible,re_pipeline,"code_window_hypothesis","Hypothesized CODE window per shipping regions + first non-FF @0x2000. ISA not verified; structural only."
0x68CA,0x68CF,26826,26831,6,CODE,0.78,plausible,ghidra,"ghidra_insn","Ghidra listing instruction start (MCS96:LE:16:default); LJMP/LCALL are PC-relative disp16"
0x68D0,0x68D2,26832,26834,3,CODE,0.55,plausible,re_pipeline,"code_window_hypothesis","Hypothesized CODE window per shipping regions + first non-FF @0x2000. ISA not verified; structural only."
0x68D3,0x68DC,26835,26844,10,CODE,0.78,plausible,ghidra,"ghidra_insn","Ghidra listing instruction start (MCS96:LE:16:default); LJMP/LCALL are PC-relative disp16"
0x68DD,0x68DE,26845,26846,2,CODE,0.55,plausible,re_pipeline,"code_window_hypothesis","Hypothesized CODE window per shipping regions + first non-FF @0x2000. ISA not verified; structural only."
0x68DF,0x68E1,26847,26849,3,CODE,0.78,plausible,ghidra,"ghidra_insn","Ghidra listing instruction start (MCS96:LE:16:default); LJMP/LCALL are PC-relative disp16"
0x68E2,0x68E3,26850,26851,2,CODE,0.55,plausible,re_pipeline,"code_window_hypothesis","Hypothesized CODE window per shipping regions + first non-FF @0x2000. ISA not verified; structural only."
0x68E4,0x6900,26852,26880,29,CODE,0.78,plausible,ghidra,"ghidra_insn","Ghidra listing instruction start (MCS96:LE:16:default); LJMP/LCALL are PC-relative disp16"
0x6901,0x6902,26881,26882,2,CODE,0.55,plausible,re_pipeline,"code_window_hypothesis","Hypothesized CODE window per shipping regions + first non-FF @0x2000. ISA not verified; structural only."
0x6903,0x6907,26883,26887,5,CODE,0.78,plausible,ghidra,"ghidra_insn","Ghidra listing instruction start (MCS96:LE:16:default); LJMP/LCALL are PC-relative disp16"
0x6908,0x6908,26888,26888,1,CODE,0.55,plausible,re_pipeline,"code_window_hypothesis","Hypothesized CODE window per shipping regions + first non-FF @0x2000. ISA not verified; structural only."
0x6909,0x690E,26889,26894,6,CODE,0.78,plausible,ghidra,"ghidra_insn","Ghidra listing instruction start (MCS96:LE:16:default); LJMP/LCALL are PC-relative disp16"
0x690F,0x690F,26895,26895,1,CODE,0.55,plausible,re_pipeline,"code_window_hypothesis","Hypothesized CODE window per shipping regions + first non-FF @0x2000. ISA not verified; structural only."
0x6910,0x6917,26896,26903,8,CODE,0.78,plausible,ghidra,"ghidra_insn","Ghidra listing instruction start (MCS96:LE:16:default); LJMP/LCALL are PC-relative disp16"
0x6918,0x6918,26904,26904,1,CODE,0.55,plausible,re_pipeline,"code_window_hypothesis","Hypothesized CODE window per shipping regions + first non-FF @0x2000. ISA not verified; structural only."
0x6919,0x692C,26905,26924,20,CODE,0.78,plausible,ghidra,"ghidra_insn","Ghidra listing instruction start (MCS96:LE:16:default); LJMP/LCALL are PC-relative disp16"
0x692D,0x692D,26925,26925,1,CODE,0.55,plausible,re_pipeline,"code_window_hypothesis","Hypothesized CODE window per shipping regions + first non-FF @0x2000. ISA not verified; structural only."
0x692E,0x6933,26926,26931,6,CODE,0.78,plausible,ghidra,"ghidra_insn","Ghidra listing instruction start (MCS96:LE:16:default); LJMP/LCALL are PC-relative disp16"
0x6934,0x6935,26932,26933,2,CODE,0.55,plausible,re_pipeline,"code_window_hypothesis","Hypothesized CODE window per shipping regions + first non-FF @0x2000. ISA not verified; structural only."
0x6936,0x693E,26934,26942,9,CODE,0.78,plausible,ghidra,"ghidra_insn","Ghidra listing instruction start (MCS96:LE:16:default); LJMP/LCALL are PC-relative disp16"
0x693F,0x6940,26943,26944,2,CODE,0.55,plausible,re_pipeline,"code_window_hypothesis","Hypothesized CODE window per shipping regions + first non-FF @0x2000. ISA not verified; structural only."
0x6941,0x6952,26945,26962,18,CODE,0.78,plausible,ghidra,"ghidra_insn","Ghidra listing instruction start (MCS96:LE:16:default); LJMP/LCALL are PC-relative disp16"
0x6953,0x6954,26963,26964,2,CODE,0.55,plausible,re_pipeline,"code_window_hypothesis","Hypothesized CODE window per shipping regions + first non-FF @0x2000. ISA not verified; structural only."
0x6955,0x6957,26965,26967,3,CODE,0.78,plausible,ghidra,"ghidra_insn","Ghidra listing instruction start (MCS96:LE:16:default); LJMP/LCALL are PC-relative disp16"
0x6958,0x6959,26968,26969,2,CODE,0.55,plausible,re_pipeline,"code_window_hypothesis","Hypothesized CODE window per shipping regions + first non-FF @0x2000. ISA not verified; structural only."
0x695A,0x695E,26970,26974,5,CODE,0.78,plausible,ghidra,"ghidra_insn","Ghidra listing instruction start (MCS96:LE:16:default); LJMP/LCALL are PC-relative disp16"
0x695F,0x6960,26975,26976,2,CODE,0.55,plausible,re_pipeline,"code_window_hypothesis","Hypothesized CODE window per shipping regions + first non-FF @0x2000. ISA not verified; structural only."
0x6961,0x6966,26977,26982,6,CODE,0.78,plausible,ghidra,"ghidra_insn","Ghidra listing instruction start (MCS96:LE:16:default); LJMP/LCALL are PC-relative disp16"
0x6967,0x6968,26983,26984,2,CODE,0.55,plausible,re_pipeline,"code_window_hypothesis","Hypothesized CODE window per shipping regions + first non-FF @0x2000. ISA not verified; structural only."
0x6969,0x6981,26985,27009,25,CODE,0.78,plausible,ghidra,"ghidra_insn","Ghidra listing instruction start (MCS96:LE:16:default); LJMP/LCALL are PC-relative disp16"
0x6982,0x6982,27010,27010,1,CODE,0.55,plausible,re_pipeline,"code_window_hypothesis","Hypothesized CODE window per shipping regions + first non-FF @0x2000. ISA not verified; structural only."
0x6983,0x698F,27011,27023,13,CODE,0.78,plausible,ghidra,"ghidra_insn","Ghidra listing instruction start (MCS96:LE:16:default); LJMP/LCALL are PC-relative disp16"
0x6990,0x6990,27024,27024,1,CODE,0.55,plausible,re_pipeline,"code_window_hypothesis","Hypothesized CODE window per shipping regions + first non-FF @0x2000. ISA not verified; structural only."
0x6991,0x6997,27025,27031,7,CODE,0.78,plausible,ghidra,"ghidra_insn","Ghidra listing instruction start (MCS96:LE:16:default); LJMP/LCALL are PC-relative disp16"
0x6998,0x6999,27032,27033,2,CODE,0.55,plausible,re_pipeline,"code_window_hypothesis","Hypothesized CODE window per shipping regions + first non-FF @0x2000. ISA not verified; structural only."
0x699A,0x699C,27034,27036,3,CODE,0.78,plausible,ghidra,"ghidra_insn","Ghidra listing instruction start (MCS96:LE:16:default); LJMP/LCALL are PC-relative disp16"
0x699D,0x699D,27037,27037,1,CODE,0.55,plausible,re_pipeline,"code_window_hypothesis","Hypothesized CODE window per shipping regions + first non-FF @0x2000. ISA not verified; structural only."
0x699E,0x69A6,27038,27046,9,CODE,0.78,plausible,ghidra,"ghidra_insn","Ghidra listing instruction start (MCS96:LE:16:default); LJMP/LCALL are PC-relative disp16"
0x69A7,0x69A7,27047,27047,1,CODE,0.55,plausible,re_pipeline,"code_window_hypothesis","Hypothesized CODE window per shipping regions + first non-FF @0x2000. ISA not verified; structural only."
0x69A8,0x69AA,27048,27050,3,CODE,0.78,plausible,ghidra,"ghidra_insn","Ghidra listing instruction start (MCS96:LE:16:default); LJMP/LCALL are PC-relative disp16"
0x69AB,0x69AC,27051,27052,2,CODE,0.55,plausible,re_pipeline,"code_window_hypothesis","Hypothesized CODE window per shipping regions + first non-FF @0x2000. ISA not verified; structural only."
0x69AD,0x69AF,27053,27055,3,CODE,0.78,plausible,ghidra,"ghidra_insn","Ghidra listing instruction start (MCS96:LE:16:default); LJMP/LCALL are PC-relative disp16"
0x69B0,0x69B1,27056,27057,2,CODE,0.55,plausible,re_pipeline,"code_window_hypothesis","Hypothesized CODE window per shipping regions + first non-FF @0x2000. ISA not verified; structural only."
0x69B2,0x69B4,27058,27060,3,CODE,0.78,plausible,ghidra,"ghidra_insn","Ghidra listing instruction start (MCS96:LE:16:default); LJMP/LCALL are PC-relative disp16"
0x69B5,0x69B5,27061,27061,1,CODE,0.55,plausible,re_pipeline,"code_window_hypothesis","Hypothesized CODE window per shipping regions + first non-FF @0x2000. ISA not verified; structural only."
0x69B6,0x69B8,27062,27064,3,CODE,0.78,plausible,ghidra,"ghidra_insn","Ghidra listing instruction start (MCS96:LE:16:default); LJMP/LCALL are PC-relative disp16"
0x69B9,0x69BA,27065,27066,2,CODE,0.55,plausible,re_pipeline,"code_window_hypothesis","Hypothesized CODE window per shipping regions + first non-FF @0x2000. ISA not verified; structural only."
0x69BB,0x69BD,27067,27069,3,CODE,0.78,plausible,ghidra,"ghidra_insn","Ghidra listing instruction start (MCS96:LE:16:default); LJMP/LCALL are PC-relative disp16"
0x69BE,0x69BE,27070,27070,1,CODE,0.55,plausible,re_pipeline,"code_window_hypothesis","Hypothesized CODE window per shipping regions + first non-FF @0x2000. ISA not verified; structural only."
0x69BF,0x69C4,27071,27076,6,CODE,0.78,plausible,ghidra,"ghidra_insn","Ghidra listing instruction start (MCS96:LE:16:default); LJMP/LCALL are PC-relative disp16"
0x69C5,0x69C6,27077,27078,2,CODE,0.55,plausible,re_pipeline,"code_window_hypothesis","Hypothesized CODE window per shipping regions + first non-FF @0x2000. ISA not verified; structural only."
0x69C7,0x69C9,27079,27081,3,CODE,0.78,plausible,ghidra,"ghidra_insn","Ghidra listing instruction start (MCS96:LE:16:default); LJMP/LCALL are PC-relative disp16"
0x69CA,0x69CA,27082,27082,1,CODE,0.55,plausible,re_pipeline,"code_window_hypothesis","Hypothesized CODE window per shipping regions + first non-FF @0x2000. ISA not verified; structural only."
0x69CB,0x69D0,27083,27088,6,CODE,0.78,plausible,ghidra,"ghidra_insn","Ghidra listing instruction start (MCS96:LE:16:default); LJMP/LCALL are PC-relative disp16"
0x69D1,0x69D2,27089,27090,2,CODE,0.55,plausible,re_pipeline,"code_window_hypothesis","Hypothesized CODE window per shipping regions + first non-FF @0x2000. ISA not verified; structural only."
0x69D3,0x69D6,27091,27094,4,CODE,0.78,plausible,ghidra,"ghidra_insn","Ghidra listing instruction start (MCS96:LE:16:default); LJMP/LCALL are PC-relative disp16"
0x69D7,0x69D8,27095,27096,2,CODE,0.55,plausible,re_pipeline,"code_window_hypothesis","Hypothesized CODE window per shipping regions + first non-FF @0x2000. ISA not verified; structural only."
0x69D9,0x69DB,27097,27099,3,CODE,0.78,plausible,ghidra,"ghidra_insn","Ghidra listing instruction start (MCS96:LE:16:default); LJMP/LCALL are PC-relative disp16"
0x69DC,0x69DD,27100,27101,2,CODE,0.55,plausible,re_pipeline,"code_window_hypothesis","Hypothesized CODE window per shipping regions + first non-FF @0x2000. ISA not verified; structural only."
0x69DE,0x69E7,27102,27111,10,CODE,0.78,plausible,ghidra,"ghidra_insn","Ghidra listing instruction start (MCS96:LE:16:default); LJMP/LCALL are PC-relative disp16"
0x69E8,0x69E9,27112,27113,2,CODE,0.55,plausible,re_pipeline,"code_window_hypothesis","Hypothesized CODE window per shipping regions + first non-FF @0x2000. ISA not verified; structural only."
0x69EA,0x69ED,27114,27117,4,CODE,0.78,plausible,ghidra,"ghidra_insn","Ghidra listing instruction start (MCS96:LE:16:default); LJMP/LCALL are PC-relative disp16"
0x69EE,0x69EE,27118,27118,1,CODE,0.55,plausible,re_pipeline,"code_window_hypothesis","Hypothesized CODE window per shipping regions + first non-FF @0x2000. ISA not verified; structural only."
0x69EF,0x69F4,27119,27124,6,CODE,0.78,plausible,ghidra,"ghidra_insn","Ghidra listing instruction start (MCS96:LE:16:default); LJMP/LCALL are PC-relative disp16"
0x69F5,0x69F6,27125,27126,2,CODE,0.55,plausible,re_pipeline,"code_window_hypothesis","Hypothesized CODE window per shipping regions + first non-FF @0x2000. ISA not verified; structural only."
0x69F7,0x69F9,27127,27129,3,CODE,0.78,plausible,ghidra,"ghidra_insn","Ghidra listing instruction start (MCS96:LE:16:default); LJMP/LCALL are PC-relative disp16"
0x69FA,0x69FA,27130,27130,1,CODE,0.55,plausible,re_pipeline,"code_window_hypothesis","Hypothesized CODE window per shipping regions + first non-FF @0x2000. ISA not verified; structural only."
0x69FB,0x6A09,27131,27145,15,CODE,0.78,plausible,ghidra,"ghidra_insn","Ghidra listing instruction start (MCS96:LE:16:default); LJMP/LCALL are PC-relative disp16"
0x6A0A,0x6A0A,27146,27146,1,CODE,0.55,plausible,re_pipeline,"code_window_hypothesis","Hypothesized CODE window per shipping regions + first non-FF @0x2000. ISA not verified; structural only."
0x6A0B,0x6A10,27147,27152,6,CODE,0.78,plausible,ghidra,"ghidra_insn","Ghidra listing instruction start (MCS96:LE:16:default); LJMP/LCALL are PC-relative disp16"
0x6A11,0x6A12,27153,27154,2,CODE,0.55,plausible,re_pipeline,"code_window_hypothesis","Hypothesized CODE window per shipping regions + first non-FF @0x2000. ISA not verified; structural only."
0x6A13,0x6A15,27155,27157,3,CODE,0.78,plausible,ghidra,"ghidra_insn","Ghidra listing instruction start (MCS96:LE:16:default); LJMP/LCALL are PC-relative disp16"
0x6A16,0x6A16,27158,27158,1,CODE,0.55,plausible,re_pipeline,"code_window_hypothesis","Hypothesized CODE window per shipping regions + first non-FF @0x2000. ISA not verified; structural only."
0x6A17,0x6A1F,27159,27167,9,CODE,0.78,plausible,ghidra,"ghidra_insn","Ghidra listing instruction start (MCS96:LE:16:default); LJMP/LCALL are PC-relative disp16"
0x6A20,0x6A21,27168,27169,2,CODE,0.55,plausible,re_pipeline,"code_window_hypothesis","Hypothesized CODE window per shipping regions + first non-FF @0x2000. ISA not verified; structural only."
0x6A22,0x6A24,27170,27172,3,CODE,0.78,plausible,ghidra,"ghidra_insn","Ghidra listing instruction start (MCS96:LE:16:default); LJMP/LCALL are PC-relative disp16"
0x6A25,0x6A26,27173,27174,2,CODE,0.55,plausible,re_pipeline,"code_window_hypothesis","Hypothesized CODE window per shipping regions + first non-FF @0x2000. ISA not verified; structural only."
0x6A27,0x6A2B,27175,27179,5,CODE,0.78,plausible,ghidra,"ghidra_insn","Ghidra listing instruction start (MCS96:LE:16:default); LJMP/LCALL are PC-relative disp16"
0x6A2C,0x6A2D,27180,27181,2,CODE,0.55,plausible,re_pipeline,"code_window_hypothesis","Hypothesized CODE window per shipping regions + first non-FF @0x2000. ISA not verified; structural only."
0x6A2E,0x6A3A,27182,27194,13,CODE,0.78,plausible,ghidra,"ghidra_insn","Ghidra listing instruction start (MCS96:LE:16:default); LJMP/LCALL are PC-relative disp16"
0x6A3B,0x6A3C,27195,27196,2,CODE,0.55,plausible,re_pipeline,"code_window_hypothesis","Hypothesized CODE window per shipping regions + first non-FF @0x2000. ISA not verified; structural only."
0x6A3D,0x6A41,27197,27201,5,CODE,0.78,plausible,ghidra,"ghidra_insn","Ghidra listing instruction start (MCS96:LE:16:default); LJMP/LCALL are PC-relative disp16"
0x6A42,0x6A43,27202,27203,2,CODE,0.55,plausible,re_pipeline,"code_window_hypothesis","Hypothesized CODE window per shipping regions + first non-FF @0x2000. ISA not verified; structural only."
0x6A44,0x6A50,27204,27216,13,CODE,0.78,plausible,ghidra,"ghidra_insn","Ghidra listing instruction start (MCS96:LE:16:default); LJMP/LCALL are PC-relative disp16"
0x6A51,0x6A53,27217,27219,3,CODE,0.55,plausible,re_pipeline,"code_window_hypothesis","Hypothesized CODE window per shipping regions + first non-FF @0x2000. ISA not verified; structural only."
0x6A54,0x6A56,27220,27222,3,CODE,0.78,plausible,ghidra,"ghidra_insn","Ghidra listing instruction start (MCS96:LE:16:default); LJMP/LCALL are PC-relative disp16"
0x6A57,0x6A58,27223,27224,2,CODE,0.55,plausible,re_pipeline,"code_window_hypothesis","Hypothesized CODE window per shipping regions + first non-FF @0x2000. ISA not verified; structural only."
0x6A59,0x6A5B,27225,27227,3,CODE,0.78,plausible,ghidra,"ghidra_insn","Ghidra listing instruction start (MCS96:LE:16:default); LJMP/LCALL are PC-relative disp16"
0x6A5C,0x6A5C,27228,27228,1,CODE,0.55,plausible,re_pipeline,"code_window_hypothesis","Hypothesized CODE window per shipping regions + first non-FF @0x2000. ISA not verified; structural only."
0x6A5D,0x6A62,27229,27234,6,CODE,0.78,plausible,ghidra,"ghidra_insn","Ghidra listing instruction start (MCS96:LE:16:default); LJMP/LCALL are PC-relative disp16"
0x6A63,0x6A64,27235,27236,2,CODE,0.55,plausible,re_pipeline,"code_window_hypothesis","Hypothesized CODE window per shipping regions + first non-FF @0x2000. ISA not verified; structural only."
0x6A65,0x6A67,27237,27239,3,CODE,0.78,plausible,ghidra,"ghidra_insn","Ghidra listing instruction start (MCS96:LE:16:default); LJMP/LCALL are PC-relative disp16"
0x6A68,0x6A6A,27240,27242,3,CODE,0.55,plausible,re_pipeline,"code_window_hypothesis","Hypothesized CODE window per shipping regions + first non-FF @0x2000. ISA not verified; structural only."
0x6A6B,0x6A70,27243,27248,6,CODE,0.78,plausible,ghidra,"ghidra_insn","Ghidra listing instruction start (MCS96:LE:16:default); LJMP/LCALL are PC-relative disp16"
0x6A71,0x6A72,27249,27250,2,CODE,0.55,plausible,re_pipeline,"code_window_hypothesis","Hypothesized CODE window per shipping regions + first non-FF @0x2000. ISA not verified; structural only."
0x6A73,0x6A75,27251,27253,3,CODE,0.78,plausible,ghidra,"ghidra_insn","Ghidra listing instruction start (MCS96:LE:16:default); LJMP/LCALL are PC-relative disp16"
0x6A76,0x6A78,27254,27256,3,CODE,0.55,plausible,re_pipeline,"code_window_hypothesis","Hypothesized CODE window per shipping regions + first non-FF @0x2000. ISA not verified; structural only."
0x6A79,0x6A7E,27257,27262,6,CODE,0.78,plausible,ghidra,"ghidra_insn","Ghidra listing instruction start (MCS96:LE:16:default); LJMP/LCALL are PC-relative disp16"
0x6A7F,0x6A80,27263,27264,2,CODE,0.55,plausible,re_pipeline,"code_window_hypothesis","Hypothesized CODE window per shipping regions + first non-FF @0x2000. ISA not verified; structural only."
0x6A81,0x6A83,27265,27267,3,CODE,0.78,plausible,ghidra,"ghidra_insn","Ghidra listing instruction start (MCS96:LE:16:default); LJMP/LCALL are PC-relative disp16"
0x6A84,0x6A86,27268,27270,3,CODE,0.55,plausible,re_pipeline,"code_window_hypothesis","Hypothesized CODE window per shipping regions + first non-FF @0x2000. ISA not verified; structural only."
0x6A87,0x6A8C,27271,27276,6,CODE,0.78,plausible,ghidra,"ghidra_insn","Ghidra listing instruction start (MCS96:LE:16:default); LJMP/LCALL are PC-relative disp16"
0x6A8D,0x6A8E,27277,27278,2,CODE,0.55,plausible,re_pipeline,"code_window_hypothesis","Hypothesized CODE window per shipping regions + first non-FF @0x2000. ISA not verified; structural only."
0x6A8F,0x6A91,27279,27281,3,CODE,0.78,plausible,ghidra,"ghidra_insn","Ghidra listing instruction start (MCS96:LE:16:default); LJMP/LCALL are PC-relative disp16"
0x6A92,0x6A93,27282,27283,2,CODE,0.55,plausible,re_pipeline,"code_window_hypothesis","Hypothesized CODE window per shipping regions + first non-FF @0x2000. ISA not verified; structural only."
0x6A94,0x6A9B,27284,27291,8,CODE,0.78,plausible,ghidra,"ghidra_insn","Ghidra listing instruction start (MCS96:LE:16:default); LJMP/LCALL are PC-relative disp16"
0x6A9C,0x6A9D,27292,27293,2,CODE,0.55,plausible,re_pipeline,"code_window_hypothesis","Hypothesized CODE window per shipping regions + first non-FF @0x2000. ISA not verified; structural only."
0x6A9E,0x6AA2,27294,27298,5,CODE,0.78,plausible,ghidra,"ghidra_insn","Ghidra listing instruction start (MCS96:LE:16:default); LJMP/LCALL are PC-relative disp16"
0x6AA3,0x6AA4,27299,27300,2,CODE,0.55,plausible,re_pipeline,"code_window_hypothesis","Hypothesized CODE window per shipping regions + first non-FF @0x2000. ISA not verified; structural only."
0x6AA5,0x6AAA,27301,27306,6,CODE,0.78,plausible,ghidra,"ghidra_insn","Ghidra listing instruction start (MCS96:LE:16:default); LJMP/LCALL are PC-relative disp16"
0x6AAB,0x6AAC,27307,27308,2,CODE,0.55,plausible,re_pipeline,"code_window_hypothesis","Hypothesized CODE window per shipping regions + first non-FF @0x2000. ISA not verified; structural only."
0x6AAD,0x6AB1,27309,27313,5,CODE,0.78,plausible,ghidra,"ghidra_insn","Ghidra listing instruction start (MCS96:LE:16:default); LJMP/LCALL are PC-relative disp16"
0x6AB2,0x6AB3,27314,27315,2,CODE,0.55,plausible,re_pipeline,"code_window_hypothesis","Hypothesized CODE window per shipping regions + first non-FF @0x2000. ISA not verified; structural only."
0x6AB4,0x6ABA,27316,27322,7,CODE,0.78,plausible,ghidra,"ghidra_insn","Ghidra listing instruction start (MCS96:LE:16:default); LJMP/LCALL are PC-relative disp16"
0x6ABB,0x6ABD,27323,27325,3,CODE,0.55,plausible,re_pipeline,"code_window_hypothesis","Hypothesized CODE window per shipping regions + first non-FF @0x2000. ISA not verified; structural only."
0x6ABE,0x6AC0,27326,27328,3,CODE,0.78,plausible,ghidra,"ghidra_insn","Ghidra listing instruction start (MCS96:LE:16:default); LJMP/LCALL are PC-relative disp16"
0x6AC1,0x6AC1,27329,27329,1,CODE,0.55,plausible,re_pipeline,"code_window_hypothesis","Hypothesized CODE window per shipping regions + first non-FF @0x2000. ISA not verified; structural only."
0x6AC2,0x6AC8,27330,27336,7,CODE,0.78,plausible,ghidra,"ghidra_insn","Ghidra listing instruction start (MCS96:LE:16:default); LJMP/LCALL are PC-relative disp16"
0x6AC9,0x6ACB,27337,27339,3,CODE,0.55,plausible,re_pipeline,"code_window_hypothesis","Hypothesized CODE window per shipping regions + first non-FF @0x2000. ISA not verified; structural only."
0x6ACC,0x6ADD,27340,27357,18,CODE,0.78,plausible,ghidra,"ghidra_insn","Ghidra listing instruction start (MCS96:LE:16:default); LJMP/LCALL are PC-relative disp16"
0x6ADE,0x6ADE,27358,27358,1,CODE,0.55,plausible,re_pipeline,"code_window_hypothesis","Hypothesized CODE window per shipping regions + first non-FF @0x2000. ISA not verified; structural only."
0x6ADF,0x6AE3,27359,27363,5,CODE,0.78,plausible,ghidra,"ghidra_insn","Ghidra listing instruction start (MCS96:LE:16:default); LJMP/LCALL are PC-relative disp16"
0x6AE4,0x6AE5,27364,27365,2,CODE,0.55,plausible,re_pipeline,"code_window_hypothesis","Hypothesized CODE window per shipping regions + first non-FF @0x2000. ISA not verified; structural only."
0x6AE6,0x6AEA,27366,27370,5,CODE,0.78,plausible,ghidra,"ghidra_insn","Ghidra listing instruction start (MCS96:LE:16:default); LJMP/LCALL are PC-relative disp16"
0x6AEB,0x6AEC,27371,27372,2,CODE,0.55,plausible,re_pipeline,"code_window_hypothesis","Hypothesized CODE window per shipping regions + first non-FF @0x2000. ISA not verified; structural only."
0x6AED,0x6AF8,27373,27384,12,CODE,0.78,plausible,ghidra,"ghidra_insn","Ghidra listing instruction start (MCS96:LE:16:default); LJMP/LCALL are PC-relative disp16"
0x6AF9,0x6AFB,27385,27387,3,CODE,0.55,plausible,re_pipeline,"code_window_hypothesis","Hypothesized CODE window per shipping regions + first non-FF @0x2000. ISA not verified; structural only."
0x6AFC,0x6B00,27388,27392,5,CODE,0.78,plausible,ghidra,"ghidra_insn","Ghidra listing instruction start (MCS96:LE:16:default); LJMP/LCALL are PC-relative disp16"
0x6B01,0x6B02,27393,27394,2,CODE,0.55,plausible,re_pipeline,"code_window_hypothesis","Hypothesized CODE window per shipping regions + first non-FF @0x2000. ISA not verified; structural only."
0x6B03,0x6B05,27395,27397,3,CODE,0.78,plausible,ghidra,"ghidra_insn","Ghidra listing instruction start (MCS96:LE:16:default); LJMP/LCALL are PC-relative disp16"
0x6B06,0x6B07,27398,27399,2,CODE,0.55,plausible,re_pipeline,"code_window_hypothesis","Hypothesized CODE window per shipping regions + first non-FF @0x2000. ISA not verified; structural only."
0x6B08,0x6B0E,27400,27406,7,CODE,0.78,plausible,ghidra,"ghidra_insn","Ghidra listing instruction start (MCS96:LE:16:default); LJMP/LCALL are PC-relative disp16"
0x6B0F,0x6B10,27407,27408,2,CODE,0.55,plausible,re_pipeline,"code_window_hypothesis","Hypothesized CODE window per shipping regions + first non-FF @0x2000. ISA not verified; structural only."
0x6B11,0x6B15,27409,27413,5,CODE,0.78,plausible,ghidra,"ghidra_insn","Ghidra listing instruction start (MCS96:LE:16:default); LJMP/LCALL are PC-relative disp16"
0x6B16,0x6B16,27414,27414,1,CODE,0.55,plausible,re_pipeline,"code_window_hypothesis","Hypothesized CODE window per shipping regions + first non-FF @0x2000. ISA not verified; structural only."
0x6B17,0x6B1B,27415,27419,5,CODE,0.78,plausible,ghidra,"ghidra_insn","Ghidra listing instruction start (MCS96:LE:16:default); LJMP/LCALL are PC-relative disp16"
0x6B1C,0x6B1C,27420,27420,1,CODE,0.55,plausible,re_pipeline,"code_window_hypothesis","Hypothesized CODE window per shipping regions + first non-FF @0x2000. ISA not verified; structural only."
0x6B1D,0x6B22,27421,27426,6,CODE,0.78,plausible,ghidra,"ghidra_insn","Ghidra listing instruction start (MCS96:LE:16:default); LJMP/LCALL are PC-relative disp16"
0x6B23,0x6B23,27427,27427,1,CODE,0.55,plausible,re_pipeline,"code_window_hypothesis","Hypothesized CODE window per shipping regions + first non-FF @0x2000. ISA not verified; structural only."
0x6B24,0x6B2C,27428,27436,9,CODE,0.78,plausible,ghidra,"ghidra_insn","Ghidra listing instruction start (MCS96:LE:16:default); LJMP/LCALL are PC-relative disp16"
0x6B2D,0x6B2E,27437,27438,2,CODE,0.55,plausible,re_pipeline,"code_window_hypothesis","Hypothesized CODE window per shipping regions + first non-FF @0x2000. ISA not verified; structural only."
0x6B2F,0x6B31,27439,27441,3,CODE,0.78,plausible,ghidra,"ghidra_insn","Ghidra listing instruction start (MCS96:LE:16:default); LJMP/LCALL are PC-relative disp16"
0x6B32,0x6B33,27442,27443,2,CODE,0.55,plausible,re_pipeline,"code_window_hypothesis","Hypothesized CODE window per shipping regions + first non-FF @0x2000. ISA not verified; structural only."
0x6B34,0x6B3E,27444,27454,11,CODE,0.78,plausible,ghidra,"ghidra_insn","Ghidra listing instruction start (MCS96:LE:16:default); LJMP/LCALL are PC-relative disp16"
0x6B3F,0x6B41,27455,27457,3,CODE,0.55,plausible,re_pipeline,"code_window_hypothesis","Hypothesized CODE window per shipping regions + first non-FF @0x2000. ISA not verified; structural only."
0x6B42,0x6B46,27458,27462,5,CODE,0.78,plausible,ghidra,"ghidra_insn","Ghidra listing instruction start (MCS96:LE:16:default); LJMP/LCALL are PC-relative disp16"
0x6B47,0x6B49,27463,27465,3,CODE,0.55,plausible,re_pipeline,"code_window_hypothesis","Hypothesized CODE window per shipping regions + first non-FF @0x2000. ISA not verified; structural only."
0x6B4A,0x6B4E,27466,27470,5,CODE,0.78,plausible,ghidra,"ghidra_insn","Ghidra listing instruction start (MCS96:LE:16:default); LJMP/LCALL are PC-relative disp16"
0x6B4F,0x6B4F,27471,27471,1,CODE,0.55,plausible,re_pipeline,"code_window_hypothesis","Hypothesized CODE window per shipping regions + first non-FF @0x2000. ISA not verified; structural only."
0x6B50,0x6B55,27472,27477,6,CODE,0.78,plausible,ghidra,"ghidra_insn","Ghidra listing instruction start (MCS96:LE:16:default); LJMP/LCALL are PC-relative disp16"
0x6B56,0x6B56,27478,27478,1,CODE,0.55,plausible,re_pipeline,"code_window_hypothesis","Hypothesized CODE window per shipping regions + first non-FF @0x2000. ISA not verified; structural only."
0x6B57,0x6B5C,27479,27484,6,CODE,0.78,plausible,ghidra,"ghidra_insn","Ghidra listing instruction start (MCS96:LE:16:default); LJMP/LCALL are PC-relative disp16"
0x6B5D,0x6B5E,27485,27486,2,CODE,0.55,plausible,re_pipeline,"code_window_hypothesis","Hypothesized CODE window per shipping regions + first non-FF @0x2000. ISA not verified; structural only."
0x6B5F,0x6B65,27487,27493,7,CODE,0.78,plausible,ghidra,"ghidra_insn","Ghidra listing instruction start (MCS96:LE:16:default); LJMP/LCALL are PC-relative disp16"
0x6B66,0x6B67,27494,27495,2,CODE,0.55,plausible,re_pipeline,"code_window_hypothesis","Hypothesized CODE window per shipping regions + first non-FF @0x2000. ISA not verified; structural only."
0x6B68,0x6B6C,27496,27500,5,CODE,0.78,plausible,ghidra,"ghidra_insn","Ghidra listing instruction start (MCS96:LE:16:default); LJMP/LCALL are PC-relative disp16"
0x6B6D,0x6B6E,27501,27502,2,CODE,0.55,plausible,re_pipeline,"code_window_hypothesis","Hypothesized CODE window per shipping regions + first non-FF @0x2000. ISA not verified; structural only."
0x6B6F,0x6B71,27503,27505,3,CODE,0.78,plausible,ghidra,"ghidra_insn","Ghidra listing instruction start (MCS96:LE:16:default); LJMP/LCALL are PC-relative disp16"
0x6B72,0x6B72,27506,27506,1,CODE,0.55,plausible,re_pipeline,"code_window_hypothesis","Hypothesized CODE window per shipping regions + first non-FF @0x2000. ISA not verified; structural only."
0x6B73,0x6B94,27507,27540,34,CODE,0.78,plausible,ghidra,"ghidra_insn","Ghidra listing instruction start (MCS96:LE:16:default); LJMP/LCALL are PC-relative disp16"
0x6B95,0x6B96,27541,27542,2,CODE,0.55,plausible,re_pipeline,"code_window_hypothesis","Hypothesized CODE window per shipping regions + first non-FF @0x2000. ISA not verified; structural only."
0x6B97,0x6B99,27543,27545,3,CODE,0.78,plausible,ghidra,"ghidra_insn","Ghidra listing instruction start (MCS96:LE:16:default); LJMP/LCALL are PC-relative disp16"
0x6B9A,0x6B9B,27546,27547,2,CODE,0.55,plausible,re_pipeline,"code_window_hypothesis","Hypothesized CODE window per shipping regions + first non-FF @0x2000. ISA not verified; structural only."
0x6B9C,0x6BA4,27548,27556,9,CODE,0.78,plausible,ghidra,"ghidra_insn","Ghidra listing instruction start (MCS96:LE:16:default); LJMP/LCALL are PC-relative disp16"
0x6BA5,0x6BA6,27557,27558,2,CODE,0.55,plausible,re_pipeline,"code_window_hypothesis","Hypothesized CODE window per shipping regions + first non-FF @0x2000. ISA not verified; structural only."
0x6BA7,0x6BB6,27559,27574,16,CODE,0.78,plausible,ghidra,"ghidra_insn","Ghidra listing instruction start (MCS96:LE:16:default); LJMP/LCALL are PC-relative disp16"
0x6BB7,0x6BB7,27575,27575,1,CODE,0.55,plausible,re_pipeline,"code_window_hypothesis","Hypothesized CODE window per shipping regions + first non-FF @0x2000. ISA not verified; structural only."
0x6BB8,0x6BC6,27576,27590,15,CODE,0.78,plausible,ghidra,"ghidra_insn","Ghidra listing instruction start (MCS96:LE:16:default); LJMP/LCALL are PC-relative disp16"
0x6BC7,0x6BC7,27591,27591,1,CODE,0.55,plausible,re_pipeline,"code_window_hypothesis","Hypothesized CODE window per shipping regions + first non-FF @0x2000. ISA not verified; structural only."
0x6BC8,0x6BCD,27592,27597,6,CODE,0.78,plausible,ghidra,"ghidra_insn","Ghidra listing instruction start (MCS96:LE:16:default); LJMP/LCALL are PC-relative disp16"
0x6BCE,0x6BCF,27598,27599,2,CODE,0.55,plausible,re_pipeline,"code_window_hypothesis","Hypothesized CODE window per shipping regions + first non-FF @0x2000. ISA not verified; structural only."
0x6BD0,0x6BD2,27600,27602,3,CODE,0.78,plausible,ghidra,"ghidra_insn","Ghidra listing instruction start (MCS96:LE:16:default); LJMP/LCALL are PC-relative disp16"
0x6BD3,0x6BD3,27603,27603,1,CODE,0.55,plausible,re_pipeline,"code_window_hypothesis","Hypothesized CODE window per shipping regions + first non-FF @0x2000. ISA not verified; structural only."
0x6BD4,0x6BD6,27604,27606,3,CODE,0.78,plausible,ghidra,"ghidra_insn","Ghidra listing instruction start (MCS96:LE:16:default); LJMP/LCALL are PC-relative disp16"
0x6BD7,0x6BD7,27607,27607,1,CODE,0.55,plausible,re_pipeline,"code_window_hypothesis","Hypothesized CODE window per shipping regions + first non-FF @0x2000. ISA not verified; structural only."
0x6BD8,0x6BDA,27608,27610,3,CODE,0.78,plausible,ghidra,"ghidra_insn","Ghidra listing instruction start (MCS96:LE:16:default); LJMP/LCALL are PC-relative disp16"
0x6BDB,0x6BDB,27611,27611,1,CODE,0.55,plausible,re_pipeline,"code_window_hypothesis","Hypothesized CODE window per shipping regions + first non-FF @0x2000. ISA not verified; structural only."
0x6BDC,0x6BDE,27612,27614,3,CODE,0.78,plausible,ghidra,"ghidra_insn","Ghidra listing instruction start (MCS96:LE:16:default); LJMP/LCALL are PC-relative disp16"
0x6BDF,0x6BE0,27615,27616,2,CODE,0.55,plausible,re_pipeline,"code_window_hypothesis","Hypothesized CODE window per shipping regions + first non-FF @0x2000. ISA not verified; structural only."
0x6BE1,0x6BE6,27617,27622,6,CODE,0.78,plausible,ghidra,"ghidra_insn","Ghidra listing instruction start (MCS96:LE:16:default); LJMP/LCALL are PC-relative disp16"
0x6BE7,0x6BE8,27623,27624,2,CODE,0.55,plausible,re_pipeline,"code_window_hypothesis","Hypothesized CODE window per shipping regions + first non-FF @0x2000. ISA not verified; structural only."
0x6BE9,0x6BEB,27625,27627,3,CODE,0.78,plausible,ghidra,"ghidra_insn","Ghidra listing instruction start (MCS96:LE:16:default); LJMP/LCALL are PC-relative disp16"
0x6BEC,0x6BED,27628,27629,2,CODE,0.55,plausible,re_pipeline,"code_window_hypothesis","Hypothesized CODE window per shipping regions + first non-FF @0x2000. ISA not verified; structural only."
0x6BEE,0x6BF0,27630,27632,3,CODE,0.78,plausible,ghidra,"ghidra_insn","Ghidra listing instruction start (MCS96:LE:16:default); LJMP/LCALL are PC-relative disp16"
0x6BF1,0x6BF1,27633,27633,1,CODE,0.55,plausible,re_pipeline,"code_window_hypothesis","Hypothesized CODE window per shipping regions + first non-FF @0x2000. ISA not verified; structural only."
0x6BF2,0x6BF7,27634,27639,6,CODE,0.78,plausible,ghidra,"ghidra_insn","Ghidra listing instruction start (MCS96:LE:16:default); LJMP/LCALL are PC-relative disp16"
0x6BF8,0x6BF9,27640,27641,2,CODE,0.55,plausible,re_pipeline,"code_window_hypothesis","Hypothesized CODE window per shipping regions + first non-FF @0x2000. ISA not verified; structural only."
0x6BFA,0x6BFC,27642,27644,3,CODE,0.78,plausible,ghidra,"ghidra_insn","Ghidra listing instruction start (MCS96:LE:16:default); LJMP/LCALL are PC-relative disp16"
0x6BFD,0x6BFD,27645,27645,1,CODE,0.55,plausible,re_pipeline,"code_window_hypothesis","Hypothesized CODE window per shipping regions + first non-FF @0x2000. ISA not verified; structural only."
0x6BFE,0x6C06,27646,27654,9,CODE,0.78,plausible,ghidra,"ghidra_insn","Ghidra listing instruction start (MCS96:LE:16:default); LJMP/LCALL are PC-relative disp16"
0x6C07,0x6C07,27655,27655,1,CODE,0.55,plausible,re_pipeline,"code_window_hypothesis","Hypothesized CODE window per shipping regions + first non-FF @0x2000. ISA not verified; structural only."
0x6C08,0x6C16,27656,27670,15,CODE,0.78,plausible,ghidra,"ghidra_insn","Ghidra listing instruction start (MCS96:LE:16:default); LJMP/LCALL are PC-relative disp16"
0x6C17,0x6C18,27671,27672,2,CODE,0.55,plausible,re_pipeline,"code_window_hypothesis","Hypothesized CODE window per shipping regions + first non-FF @0x2000. ISA not verified; structural only."
0x6C19,0x6C1D,27673,27677,5,CODE,0.78,plausible,ghidra,"ghidra_insn","Ghidra listing instruction start (MCS96:LE:16:default); LJMP/LCALL are PC-relative disp16"
0x6C1E,0x6C1F,27678,27679,2,CODE,0.55,plausible,re_pipeline,"code_window_hypothesis","Hypothesized CODE window per shipping regions + first non-FF @0x2000. ISA not verified; structural only."
0x6C20,0x6C22,27680,27682,3,CODE,0.78,plausible,ghidra,"ghidra_insn","Ghidra listing instruction start (MCS96:LE:16:default); LJMP/LCALL are PC-relative disp16"
0x6C23,0x6C23,27683,27683,1,CODE,0.55,plausible,re_pipeline,"code_window_hypothesis","Hypothesized CODE window per shipping regions + first non-FF @0x2000. ISA not verified; structural only."
0x6C24,0x6C2C,27684,27692,9,CODE,0.78,plausible,ghidra,"ghidra_insn","Ghidra listing instruction start (MCS96:LE:16:default); LJMP/LCALL are PC-relative disp16"
0x6C2D,0x6C2D,27693,27693,1,CODE,0.55,plausible,re_pipeline,"code_window_hypothesis","Hypothesized CODE window per shipping regions + first non-FF @0x2000. ISA not verified; structural only."
0x6C2E,0x6C3C,27694,27708,15,CODE,0.78,plausible,ghidra,"ghidra_insn","Ghidra listing instruction start (MCS96:LE:16:default); LJMP/LCALL are PC-relative disp16"
0x6C3D,0x6C3E,27709,27710,2,CODE,0.55,plausible,re_pipeline,"code_window_hypothesis","Hypothesized CODE window per shipping regions + first non-FF @0x2000. ISA not verified; structural only."
0x6C3F,0x6C43,27711,27715,5,CODE,0.78,plausible,ghidra,"ghidra_insn","Ghidra listing instruction start (MCS96:LE:16:default); LJMP/LCALL are PC-relative disp16"
0x6C44,0x6C45,27716,27717,2,CODE,0.55,plausible,re_pipeline,"code_window_hypothesis","Hypothesized CODE window per shipping regions + first non-FF @0x2000. ISA not verified; structural only."
0x6C46,0x6C49,27718,27721,4,CODE,0.78,plausible,ghidra,"ghidra_insn","Ghidra listing instruction start (MCS96:LE:16:default); LJMP/LCALL are PC-relative disp16"
0x6C4A,0x6C4A,27722,27722,1,CODE,0.55,plausible,re_pipeline,"code_window_hypothesis","Hypothesized CODE window per shipping regions + first non-FF @0x2000. ISA not verified; structural only."
0x6C4B,0x6C56,27723,27734,12,CODE,0.78,plausible,ghidra,"ghidra_insn","Ghidra listing instruction start (MCS96:LE:16:default); LJMP/LCALL are PC-relative disp16"
0x6C57,0x6C57,27735,27735,1,CODE,0.55,plausible,re_pipeline,"code_window_hypothesis","Hypothesized CODE window per shipping regions + first non-FF @0x2000. ISA not verified; structural only."
0x6C58,0x6C5F,27736,27743,8,CODE,0.78,plausible,ghidra,"ghidra_insn","Ghidra listing instruction start (MCS96:LE:16:default); LJMP/LCALL are PC-relative disp16"
0x6C60,0x6C60,27744,27744,1,CODE,0.55,plausible,re_pipeline,"code_window_hypothesis","Hypothesized CODE window per shipping regions + first non-FF @0x2000. ISA not verified; structural only."
0x6C61,0x6C69,27745,27753,9,CODE,0.78,plausible,ghidra,"ghidra_insn","Ghidra listing instruction start (MCS96:LE:16:default); LJMP/LCALL are PC-relative disp16"
0x6C6A,0x6C6B,27754,27755,2,CODE,0.55,plausible,re_pipeline,"code_window_hypothesis","Hypothesized CODE window per shipping regions + first non-FF @0x2000. ISA not verified; structural only."
0x6C6C,0x6C6E,27756,27758,3,CODE,0.78,plausible,ghidra,"ghidra_insn","Ghidra listing instruction start (MCS96:LE:16:default); LJMP/LCALL are PC-relative disp16"
0x6C6F,0x6C6F,27759,27759,1,CODE,0.55,plausible,re_pipeline,"code_window_hypothesis","Hypothesized CODE window per shipping regions + first non-FF @0x2000. ISA not verified; structural only."
0x6C70,0x6C75,27760,27765,6,CODE,0.78,plausible,ghidra,"ghidra_insn","Ghidra listing instruction start (MCS96:LE:16:default); LJMP/LCALL are PC-relative disp16"
0x6C76,0x6C77,27766,27767,2,CODE,0.55,plausible,re_pipeline,"code_window_hypothesis","Hypothesized CODE window per shipping regions + first non-FF @0x2000. ISA not verified; structural only."
0x6C78,0x6C7D,27768,27773,6,CODE,0.78,plausible,ghidra,"ghidra_insn","Ghidra listing instruction start (MCS96:LE:16:default); LJMP/LCALL are PC-relative disp16"
0x6C7E,0x6C7E,27774,27774,1,CODE,0.55,plausible,re_pipeline,"code_window_hypothesis","Hypothesized CODE window per shipping regions + first non-FF @0x2000. ISA not verified; structural only."
0x6C7F,0x6C81,27775,27777,3,CODE,0.78,plausible,ghidra,"ghidra_insn","Ghidra listing instruction start (MCS96:LE:16:default); LJMP/LCALL are PC-relative disp16"
0x6C82,0x6C82,27778,27778,1,CODE,0.55,plausible,re_pipeline,"code_window_hypothesis","Hypothesized CODE window per shipping regions + first non-FF @0x2000. ISA not verified; structural only."
0x6C83,0x6C85,27779,27781,3,CODE,0.78,plausible,ghidra,"ghidra_insn","Ghidra listing instruction start (MCS96:LE:16:default); LJMP/LCALL are PC-relative disp16"
0x6C86,0x6C87,27782,27783,2,CODE,0.55,plausible,re_pipeline,"code_window_hypothesis","Hypothesized CODE window per shipping regions + first non-FF @0x2000. ISA not verified; structural only."
0x6C88,0x6C8F,27784,27791,8,CODE,0.78,plausible,ghidra,"ghidra_insn","Ghidra listing instruction start (MCS96:LE:16:default); LJMP/LCALL are PC-relative disp16"
0x6C90,0x6C90,27792,27792,1,CODE,0.55,plausible,re_pipeline,"code_window_hypothesis","Hypothesized CODE window per shipping regions + first non-FF @0x2000. ISA not verified; structural only."
0x6C91,0x6C95,27793,27797,5,CODE,0.78,plausible,ghidra,"ghidra_insn","Ghidra listing instruction start (MCS96:LE:16:default); LJMP/LCALL are PC-relative disp16"
0x6C96,0x6C97,27798,27799,2,CODE,0.55,plausible,re_pipeline,"code_window_hypothesis","Hypothesized CODE window per shipping regions + first non-FF @0x2000. ISA not verified; structural only."
0x6C98,0x6CA0,27800,27808,9,CODE,0.78,plausible,ghidra,"ghidra_insn","Ghidra listing instruction start (MCS96:LE:16:default); LJMP/LCALL are PC-relative disp16"
0x6CA1,0x6CA1,27809,27809,1,CODE,0.55,plausible,re_pipeline,"code_window_hypothesis","Hypothesized CODE window per shipping regions + first non-FF @0x2000. ISA not verified; structural only."
0x6CA2,0x6CA9,27810,27817,8,CODE,0.78,plausible,ghidra,"ghidra_insn","Ghidra listing instruction start (MCS96:LE:16:default); LJMP/LCALL are PC-relative disp16"
0x6CAA,0x6CAB,27818,27819,2,CODE,0.55,plausible,re_pipeline,"code_window_hypothesis","Hypothesized CODE window per shipping regions + first non-FF @0x2000. ISA not verified; structural only."
0x6CAC,0x6CB6,27820,27830,11,CODE,0.78,plausible,ghidra,"ghidra_insn","Ghidra listing instruction start (MCS96:LE:16:default); LJMP/LCALL are PC-relative disp16"
0x6CB7,0x6CB8,27831,27832,2,CODE,0.55,plausible,re_pipeline,"code_window_hypothesis","Hypothesized CODE window per shipping regions + first non-FF @0x2000. ISA not verified; structural only."
0x6CB9,0x6CBD,27833,27837,5,CODE,0.78,plausible,ghidra,"ghidra_insn","Ghidra listing instruction start (MCS96:LE:16:default); LJMP/LCALL are PC-relative disp16"
0x6CBE,0x6CBE,27838,27838,1,CODE,0.55,plausible,re_pipeline,"code_window_hypothesis","Hypothesized CODE window per shipping regions + first non-FF @0x2000. ISA not verified; structural only."
0x6CBF,0x6CCB,27839,27851,13,CODE,0.78,plausible,ghidra,"ghidra_insn","Ghidra listing instruction start (MCS96:LE:16:default); LJMP/LCALL are PC-relative disp16"
0x6CCC,0x6CCC,27852,27852,1,CODE,0.55,plausible,re_pipeline,"code_window_hypothesis","Hypothesized CODE window per shipping regions + first non-FF @0x2000. ISA not verified; structural only."
0x6CCD,0x6CCF,27853,27855,3,CODE,0.78,plausible,ghidra,"ghidra_insn","Ghidra listing instruction start (MCS96:LE:16:default); LJMP/LCALL are PC-relative disp16"
0x6CD0,0x6CD1,27856,27857,2,CODE,0.55,plausible,re_pipeline,"code_window_hypothesis","Hypothesized CODE window per shipping regions + first non-FF @0x2000. ISA not verified; structural only."
0x6CD2,0x6CD9,27858,27865,8,CODE,0.78,plausible,ghidra,"ghidra_insn","Ghidra listing instruction start (MCS96:LE:16:default); LJMP/LCALL are PC-relative disp16"
0x6CDA,0x6CDB,27866,27867,2,CODE,0.55,plausible,re_pipeline,"code_window_hypothesis","Hypothesized CODE window per shipping regions + first non-FF @0x2000. ISA not verified; structural only."
0x6CDC,0x6CE5,27868,27877,10,CODE,0.78,plausible,ghidra,"ghidra_insn","Ghidra listing instruction start (MCS96:LE:16:default); LJMP/LCALL are PC-relative disp16"
0x6CE6,0x6CE6,27878,27878,1,CODE,0.55,plausible,re_pipeline,"code_window_hypothesis","Hypothesized CODE window per shipping regions + first non-FF @0x2000. ISA not verified; structural only."
0x6CE7,0x6CE9,27879,27881,3,CODE,0.78,plausible,ghidra,"ghidra_insn","Ghidra listing instruction start (MCS96:LE:16:default); LJMP/LCALL are PC-relative disp16"
0x6CEA,0x6CEA,27882,27882,1,CODE,0.55,plausible,re_pipeline,"code_window_hypothesis","Hypothesized CODE window per shipping regions + first non-FF @0x2000. ISA not verified; structural only."
0x6CEB,0x6CF2,27883,27890,8,CODE,0.78,plausible,ghidra,"ghidra_insn","Ghidra listing instruction start (MCS96:LE:16:default); LJMP/LCALL are PC-relative disp16"
0x6CF3,0x6CF3,27891,27891,1,CODE,0.55,plausible,re_pipeline,"code_window_hypothesis","Hypothesized CODE window per shipping regions + first non-FF @0x2000. ISA not verified; structural only."
0x6CF4,0x6D20,27892,27936,45,CODE,0.78,plausible,ghidra,"ghidra_insn","Ghidra listing instruction start (MCS96:LE:16:default); LJMP/LCALL are PC-relative disp16"
0x6D21,0x6D21,27937,27937,1,CODE,0.55,plausible,re_pipeline,"code_window_hypothesis","Hypothesized CODE window per shipping regions + first non-FF @0x2000. ISA not verified; structural only."
0x6D22,0x6D2B,27938,27947,10,CODE,0.78,plausible,ghidra,"ghidra_insn","Ghidra listing instruction start (MCS96:LE:16:default); LJMP/LCALL are PC-relative disp16"
0x6D2C,0x6D2C,27948,27948,1,CODE,0.55,plausible,re_pipeline,"code_window_hypothesis","Hypothesized CODE window per shipping regions + first non-FF @0x2000. ISA not verified; structural only."
0x6D2D,0x6D32,27949,27954,6,CODE,0.78,plausible,ghidra,"ghidra_insn","Ghidra listing instruction start (MCS96:LE:16:default); LJMP/LCALL are PC-relative disp16"
0x6D33,0x6D33,27955,27955,1,CODE,0.55,plausible,re_pipeline,"code_window_hypothesis","Hypothesized CODE window per shipping regions + first non-FF @0x2000. ISA not verified; structural only."
0x6D34,0x6D45,27956,27973,18,CODE,0.78,plausible,ghidra,"ghidra_insn","Ghidra listing instruction start (MCS96:LE:16:default); LJMP/LCALL are PC-relative disp16"
0x6D46,0x6D46,27974,27974,1,CODE,0.55,plausible,re_pipeline,"code_window_hypothesis","Hypothesized CODE window per shipping regions + first non-FF @0x2000. ISA not verified; structural only."
0x6D47,0x6D52,27975,27986,12,CODE,0.78,plausible,ghidra,"ghidra_insn","Ghidra listing instruction start (MCS96:LE:16:default); LJMP/LCALL are PC-relative disp16"
0x6D53,0x6D53,27987,27987,1,CODE,0.55,plausible,re_pipeline,"code_window_hypothesis","Hypothesized CODE window per shipping regions + first non-FF @0x2000. ISA not verified; structural only."
0x6D54,0x6D56,27988,27990,3,CODE,0.78,plausible,ghidra,"ghidra_insn","Ghidra listing instruction start (MCS96:LE:16:default); LJMP/LCALL are PC-relative disp16"
0x6D57,0x6D57,27991,27991,1,CODE,0.55,plausible,re_pipeline,"code_window_hypothesis","Hypothesized CODE window per shipping regions + first non-FF @0x2000. ISA not verified; structural only."
0x6D58,0x6D5C,27992,27996,5,CODE,0.78,plausible,ghidra,"ghidra_insn","Ghidra listing instruction start (MCS96:LE:16:default); LJMP/LCALL are PC-relative disp16"
0x6D5D,0x6D5D,27997,27997,1,CODE,0.55,plausible,re_pipeline,"code_window_hypothesis","Hypothesized CODE window per shipping regions + first non-FF @0x2000. ISA not verified; structural only."
0x6D5E,0x6D60,27998,28000,3,CODE,0.78,plausible,ghidra,"ghidra_insn","Ghidra listing instruction start (MCS96:LE:16:default); LJMP/LCALL are PC-relative disp16"
0x6D61,0x6D62,28001,28002,2,CODE,0.55,plausible,re_pipeline,"code_window_hypothesis","Hypothesized CODE window per shipping regions + first non-FF @0x2000. ISA not verified; structural only."
0x6D63,0x6D65,28003,28005,3,CODE,0.78,plausible,ghidra,"ghidra_insn","Ghidra listing instruction start (MCS96:LE:16:default); LJMP/LCALL are PC-relative disp16"
0x6D66,0x6D66,28006,28006,1,CODE,0.55,plausible,re_pipeline,"code_window_hypothesis","Hypothesized CODE window per shipping regions + first non-FF @0x2000. ISA not verified; structural only."
0x6D67,0x6D6B,28007,28011,5,CODE,0.78,plausible,ghidra,"ghidra_insn","Ghidra listing instruction start (MCS96:LE:16:default); LJMP/LCALL are PC-relative disp16"
0x6D6C,0x6D6C,28012,28012,1,CODE,0.55,plausible,re_pipeline,"code_window_hypothesis","Hypothesized CODE window per shipping regions + first non-FF @0x2000. ISA not verified; structural only."
0x6D6D,0x6D6F,28013,28015,3,CODE,0.78,plausible,ghidra,"ghidra_insn","Ghidra listing instruction start (MCS96:LE:16:default); LJMP/LCALL are PC-relative disp16"
0x6D70,0x6D71,28016,28017,2,CODE,0.55,plausible,re_pipeline,"code_window_hypothesis","Hypothesized CODE window per shipping regions + first non-FF @0x2000. ISA not verified; structural only."
0x6D72,0x6D76,28018,28022,5,CODE,0.78,plausible,ghidra,"ghidra_insn","Ghidra listing instruction start (MCS96:LE:16:default); LJMP/LCALL are PC-relative disp16"
0x6D77,0x6D77,28023,28023,1,CODE,0.55,plausible,re_pipeline,"code_window_hypothesis","Hypothesized CODE window per shipping regions + first non-FF @0x2000. ISA not verified; structural only."
0x6D78,0x6D7F,28024,28031,8,CODE,0.78,plausible,ghidra,"ghidra_insn","Ghidra listing instruction start (MCS96:LE:16:default); LJMP/LCALL are PC-relative disp16"
0x6D80,0x6D81,28032,28033,2,CODE,0.55,plausible,re_pipeline,"code_window_hypothesis","Hypothesized CODE window per shipping regions + first non-FF @0x2000. ISA not verified; structural only."
0x6D82,0x6D84,28034,28036,3,CODE,0.78,plausible,ghidra,"ghidra_insn","Ghidra listing instruction start (MCS96:LE:16:default); LJMP/LCALL are PC-relative disp16"
0x6D85,0x6D86,28037,28038,2,CODE,0.55,plausible,re_pipeline,"code_window_hypothesis","Hypothesized CODE window per shipping regions + first non-FF @0x2000. ISA not verified; structural only."
0x6D87,0x6D8E,28039,28046,8,CODE,0.78,plausible,ghidra,"ghidra_insn","Ghidra listing instruction start (MCS96:LE:16:default); LJMP/LCALL are PC-relative disp16"
0x6D8F,0x6D8F,28047,28047,1,CODE,0.55,plausible,re_pipeline,"code_window_hypothesis","Hypothesized CODE window per shipping regions + first non-FF @0x2000. ISA not verified; structural only."
0x6D90,0x6D92,28048,28050,3,CODE,0.78,plausible,ghidra,"ghidra_insn","Ghidra listing instruction start (MCS96:LE:16:default); LJMP/LCALL are PC-relative disp16"
0x6D93,0x6D93,28051,28051,1,CODE,0.55,plausible,re_pipeline,"code_window_hypothesis","Hypothesized CODE window per shipping regions + first non-FF @0x2000. ISA not verified; structural only."
0x6D94,0x6D98,28052,28056,5,CODE,0.78,plausible,ghidra,"ghidra_insn","Ghidra listing instruction start (MCS96:LE:16:default); LJMP/LCALL are PC-relative disp16"
0x6D99,0x6D99,28057,28057,1,CODE,0.55,plausible,re_pipeline,"code_window_hypothesis","Hypothesized CODE window per shipping regions + first non-FF @0x2000. ISA not verified; structural only."
0x6D9A,0x6D9F,28058,28063,6,CODE,0.78,plausible,ghidra,"ghidra_insn","Ghidra listing instruction start (MCS96:LE:16:default); LJMP/LCALL are PC-relative disp16"
0x6DA0,0x6DA0,28064,28064,1,CODE,0.55,plausible,re_pipeline,"code_window_hypothesis","Hypothesized CODE window per shipping regions + first non-FF @0x2000. ISA not verified; structural only."
0x6DA1,0x6DA3,28065,28067,3,CODE,0.78,plausible,ghidra,"ghidra_insn","Ghidra listing instruction start (MCS96:LE:16:default); LJMP/LCALL are PC-relative disp16"
0x6DA4,0x6DA5,28068,28069,2,CODE,0.55,plausible,re_pipeline,"code_window_hypothesis","Hypothesized CODE window per shipping regions + first non-FF @0x2000. ISA not verified; structural only."
0x6DA6,0x6DAD,28070,28077,8,CODE,0.78,plausible,ghidra,"ghidra_insn","Ghidra listing instruction start (MCS96:LE:16:default); LJMP/LCALL are PC-relative disp16"
0x6DAE,0x6DAF,28078,28079,2,CODE,0.55,plausible,re_pipeline,"code_window_hypothesis","Hypothesized CODE window per shipping regions + first non-FF @0x2000. ISA not verified; structural only."
0x6DB0,0x6DB2,28080,28082,3,CODE,0.78,plausible,ghidra,"ghidra_insn","Ghidra listing instruction start (MCS96:LE:16:default); LJMP/LCALL are PC-relative disp16"
0x6DB3,0x6DB4,28083,28084,2,CODE,0.55,plausible,re_pipeline,"code_window_hypothesis","Hypothesized CODE window per shipping regions + first non-FF @0x2000. ISA not verified; structural only."
0x6DB5,0x6DCF,28085,28111,27,CODE,0.78,plausible,ghidra,"ghidra_insn","Ghidra listing instruction start (MCS96:LE:16:default); LJMP/LCALL are PC-relative disp16"
0x6DD0,0x6DD1,28112,28113,2,CODE,0.55,plausible,re_pipeline,"code_window_hypothesis","Hypothesized CODE window per shipping regions + first non-FF @0x2000. ISA not verified; structural only."
0x6DD2,0x6DD4,28114,28116,3,CODE,0.78,plausible,ghidra,"ghidra_insn","Ghidra listing instruction start (MCS96:LE:16:default); LJMP/LCALL are PC-relative disp16"
0x6DD5,0x6DD5,28117,28117,1,CODE,0.55,plausible,re_pipeline,"code_window_hypothesis","Hypothesized CODE window per shipping regions + first non-FF @0x2000. ISA not verified; structural only."
0x6DD6,0x6DEC,28118,28140,23,CODE,0.78,plausible,ghidra,"ghidra_insn","Ghidra listing instruction start (MCS96:LE:16:default); LJMP/LCALL are PC-relative disp16"
0x6DED,0x6DEE,28141,28142,2,CODE,0.55,plausible,re_pipeline,"code_window_hypothesis","Hypothesized CODE window per shipping regions + first non-FF @0x2000. ISA not verified; structural only."
0x6DEF,0x6DF1,28143,28145,3,CODE,0.78,plausible,ghidra,"ghidra_insn","Ghidra listing instruction start (MCS96:LE:16:default); LJMP/LCALL are PC-relative disp16"
0x6DF2,0x6DF3,28146,28147,2,CODE,0.55,plausible,re_pipeline,"code_window_hypothesis","Hypothesized CODE window per shipping regions + first non-FF @0x2000. ISA not verified; structural only."
0x6DF4,0x6DF6,28148,28150,3,CODE,0.78,plausible,ghidra,"ghidra_insn","Ghidra listing instruction start (MCS96:LE:16:default); LJMP/LCALL are PC-relative disp16"
0x6DF7,0x6DF8,28151,28152,2,CODE,0.55,plausible,re_pipeline,"code_window_hypothesis","Hypothesized CODE window per shipping regions + first non-FF @0x2000. ISA not verified; structural only."
0x6DF9,0x6DFE,28153,28158,6,CODE,0.78,plausible,ghidra,"ghidra_insn","Ghidra listing instruction start (MCS96:LE:16:default); LJMP/LCALL are PC-relative disp16"
0x6DFF,0x6E00,28159,28160,2,CODE,0.55,plausible,re_pipeline,"code_window_hypothesis","Hypothesized CODE window per shipping regions + first non-FF @0x2000. ISA not verified; structural only."
0x6E01,0x6E08,28161,28168,8,CODE,0.78,plausible,ghidra,"ghidra_insn","Ghidra listing instruction start (MCS96:LE:16:default); LJMP/LCALL are PC-relative disp16"
0x6E09,0x6E0A,28169,28170,2,CODE,0.55,plausible,re_pipeline,"code_window_hypothesis","Hypothesized CODE window per shipping regions + first non-FF @0x2000. ISA not verified; structural only."
0x6E0B,0x6E10,28171,28176,6,CODE,0.78,plausible,ghidra,"ghidra_insn","Ghidra listing instruction start (MCS96:LE:16:default); LJMP/LCALL are PC-relative disp16"
0x6E11,0x6E12,28177,28178,2,CODE,0.55,plausible,re_pipeline,"code_window_hypothesis","Hypothesized CODE window per shipping regions + first non-FF @0x2000. ISA not verified; structural only."
0x6E13,0x6E15,28179,28181,3,CODE,0.78,plausible,ghidra,"ghidra_insn","Ghidra listing instruction start (MCS96:LE:16:default); LJMP/LCALL are PC-relative disp16"
0x6E16,0x6E17,28182,28183,2,CODE,0.55,plausible,re_pipeline,"code_window_hypothesis","Hypothesized CODE window per shipping regions + first non-FF @0x2000. ISA not verified; structural only."
0x6E18,0x6E1A,28184,28186,3,CODE,0.78,plausible,ghidra,"ghidra_insn","Ghidra listing instruction start (MCS96:LE:16:default); LJMP/LCALL are PC-relative disp16"
0x6E1B,0x6E1C,28187,28188,2,CODE,0.55,plausible,re_pipeline,"code_window_hypothesis","Hypothesized CODE window per shipping regions + first non-FF @0x2000. ISA not verified; structural only."
0x6E1D,0x6E1F,28189,28191,3,CODE,0.78,plausible,ghidra,"ghidra_insn","Ghidra listing instruction start (MCS96:LE:16:default); LJMP/LCALL are PC-relative disp16"
0x6E20,0x6E21,28192,28193,2,CODE,0.55,plausible,re_pipeline,"code_window_hypothesis","Hypothesized CODE window per shipping regions + first non-FF @0x2000. ISA not verified; structural only."
0x6E22,0x6E24,28194,28196,3,CODE,0.78,plausible,ghidra,"ghidra_insn","Ghidra listing instruction start (MCS96:LE:16:default); LJMP/LCALL are PC-relative disp16"
0x6E25,0x6E26,28197,28198,2,CODE,0.55,plausible,re_pipeline,"code_window_hypothesis","Hypothesized CODE window per shipping regions + first non-FF @0x2000. ISA not verified; structural only."
0x6E27,0x6E29,28199,28201,3,CODE,0.78,plausible,ghidra,"ghidra_insn","Ghidra listing instruction start (MCS96:LE:16:default); LJMP/LCALL are PC-relative disp16"
0x6E2A,0x6E2B,28202,28203,2,CODE,0.55,plausible,re_pipeline,"code_window_hypothesis","Hypothesized CODE window per shipping regions + first non-FF @0x2000. ISA not verified; structural only."
0x6E2C,0x6E34,28204,28212,9,CODE,0.78,plausible,ghidra,"ghidra_insn","Ghidra listing instruction start (MCS96:LE:16:default); LJMP/LCALL are PC-relative disp16"
0x6E35,0x6E36,28213,28214,2,CODE,0.55,plausible,re_pipeline,"code_window_hypothesis","Hypothesized CODE window per shipping regions + first non-FF @0x2000. ISA not verified; structural only."
0x6E37,0x6E42,28215,28226,12,CODE,0.78,plausible,ghidra,"ghidra_insn","Ghidra listing instruction start (MCS96:LE:16:default); LJMP/LCALL are PC-relative disp16"
0x6E43,0x6E44,28227,28228,2,CODE,0.55,plausible,re_pipeline,"code_window_hypothesis","Hypothesized CODE window per shipping regions + first non-FF @0x2000. ISA not verified; structural only."
0x6E45,0x6E4A,28229,28234,6,CODE,0.78,plausible,ghidra,"ghidra_insn","Ghidra listing instruction start (MCS96:LE:16:default); LJMP/LCALL are PC-relative disp16"
0x6E4B,0x6E4C,28235,28236,2,CODE,0.55,plausible,re_pipeline,"code_window_hypothesis","Hypothesized CODE window per shipping regions + first non-FF @0x2000. ISA not verified; structural only."
0x6E4D,0x6E54,28237,28244,8,CODE,0.78,plausible,ghidra,"ghidra_insn","Ghidra listing instruction start (MCS96:LE:16:default); LJMP/LCALL are PC-relative disp16"
0x6E55,0x6E56,28245,28246,2,CODE,0.55,plausible,re_pipeline,"code_window_hypothesis","Hypothesized CODE window per shipping regions + first non-FF @0x2000. ISA not verified; structural only."
0x6E57,0x6E60,28247,28256,10,CODE,0.78,plausible,ghidra,"ghidra_insn","Ghidra listing instruction start (MCS96:LE:16:default); LJMP/LCALL are PC-relative disp16"
0x6E61,0x6E62,28257,28258,2,CODE,0.55,plausible,re_pipeline,"code_window_hypothesis","Hypothesized CODE window per shipping regions + first non-FF @0x2000. ISA not verified; structural only."
0x6E63,0x6E70,28259,28272,14,CODE,0.78,plausible,ghidra,"ghidra_insn","Ghidra listing instruction start (MCS96:LE:16:default); LJMP/LCALL are PC-relative disp16"
0x6E71,0x6E72,28273,28274,2,CODE,0.55,plausible,re_pipeline,"code_window_hypothesis","Hypothesized CODE window per shipping regions + first non-FF @0x2000. ISA not verified; structural only."
0x6E73,0x6E78,28275,28280,6,CODE,0.78,plausible,ghidra,"ghidra_insn","Ghidra listing instruction start (MCS96:LE:16:default); LJMP/LCALL are PC-relative disp16"
0x6E79,0x6E7A,28281,28282,2,CODE,0.55,plausible,re_pipeline,"code_window_hypothesis","Hypothesized CODE window per shipping regions + first non-FF @0x2000. ISA not verified; structural only."
0x6E7B,0x6E8E,28283,28302,20,CODE,0.78,plausible,ghidra,"ghidra_insn","Ghidra listing instruction start (MCS96:LE:16:default); LJMP/LCALL are PC-relative disp16"
0x6E8F,0x6E90,28303,28304,2,CODE,0.55,plausible,re_pipeline,"code_window_hypothesis","Hypothesized CODE window per shipping regions + first non-FF @0x2000. ISA not verified; structural only."
0x6E91,0x6E95,28305,28309,5,CODE,0.78,plausible,ghidra,"ghidra_insn","Ghidra listing instruction start (MCS96:LE:16:default); LJMP/LCALL are PC-relative disp16"
0x6E96,0x6E97,28310,28311,2,CODE,0.55,plausible,re_pipeline,"code_window_hypothesis","Hypothesized CODE window per shipping regions + first non-FF @0x2000. ISA not verified; structural only."
0x6E98,0x6E9D,28312,28317,6,CODE,0.78,plausible,ghidra,"ghidra_insn","Ghidra listing instruction start (MCS96:LE:16:default); LJMP/LCALL are PC-relative disp16"
0x6E9E,0x6E9F,28318,28319,2,CODE,0.55,plausible,re_pipeline,"code_window_hypothesis","Hypothesized CODE window per shipping regions + first non-FF @0x2000. ISA not verified; structural only."
0x6EA0,0x6EA9,28320,28329,10,CODE,0.78,plausible,ghidra,"ghidra_insn","Ghidra listing instruction start (MCS96:LE:16:default); LJMP/LCALL are PC-relative disp16"
0x6EAA,0x6EAB,28330,28331,2,CODE,0.55,plausible,re_pipeline,"code_window_hypothesis","Hypothesized CODE window per shipping regions + first non-FF @0x2000. ISA not verified; structural only."
0x6EAC,0x6EB9,28332,28345,14,CODE,0.78,plausible,ghidra,"ghidra_insn","Ghidra listing instruction start (MCS96:LE:16:default); LJMP/LCALL are PC-relative disp16"
0x6EBA,0x6EBB,28346,28347,2,CODE,0.55,plausible,re_pipeline,"code_window_hypothesis","Hypothesized CODE window per shipping regions + first non-FF @0x2000. ISA not verified; structural only."
0x6EBC,0x6EBE,28348,28350,3,CODE,0.78,plausible,ghidra,"ghidra_insn","Ghidra listing instruction start (MCS96:LE:16:default); LJMP/LCALL are PC-relative disp16"
0x6EBF,0x6EC0,28351,28352,2,CODE,0.55,plausible,re_pipeline,"code_window_hypothesis","Hypothesized CODE window per shipping regions + first non-FF @0x2000. ISA not verified; structural only."
0x6EC1,0x6EC6,28353,28358,6,CODE,0.78,plausible,ghidra,"ghidra_insn","Ghidra listing instruction start (MCS96:LE:16:default); LJMP/LCALL are PC-relative disp16"
0x6EC7,0x6EC8,28359,28360,2,CODE,0.55,plausible,re_pipeline,"code_window_hypothesis","Hypothesized CODE window per shipping regions + first non-FF @0x2000. ISA not verified; structural only."
0x6EC9,0x6ECE,28361,28366,6,CODE,0.78,plausible,ghidra,"ghidra_insn","Ghidra listing instruction start (MCS96:LE:16:default); LJMP/LCALL are PC-relative disp16"
0x6ECF,0x6ED0,28367,28368,2,CODE,0.55,plausible,re_pipeline,"code_window_hypothesis","Hypothesized CODE window per shipping regions + first non-FF @0x2000. ISA not verified; structural only."
0x6ED1,0x6ED5,28369,28373,5,CODE,0.78,plausible,ghidra,"ghidra_insn","Ghidra listing instruction start (MCS96:LE:16:default); LJMP/LCALL are PC-relative disp16"
0x6ED6,0x6ED7,28374,28375,2,CODE,0.55,plausible,re_pipeline,"code_window_hypothesis","Hypothesized CODE window per shipping regions + first non-FF @0x2000. ISA not verified; structural only."
0x6ED8,0x6EDC,28376,28380,5,CODE,0.78,plausible,ghidra,"ghidra_insn","Ghidra listing instruction start (MCS96:LE:16:default); LJMP/LCALL are PC-relative disp16"
0x6EDD,0x6EDE,28381,28382,2,CODE,0.55,plausible,re_pipeline,"code_window_hypothesis","Hypothesized CODE window per shipping regions + first non-FF @0x2000. ISA not verified; structural only."
0x6EDF,0x6EE9,28383,28393,11,CODE,0.78,plausible,ghidra,"ghidra_insn","Ghidra listing instruction start (MCS96:LE:16:default); LJMP/LCALL are PC-relative disp16"
0x6EEA,0x6EEB,28394,28395,2,CODE,0.55,plausible,re_pipeline,"code_window_hypothesis","Hypothesized CODE window per shipping regions + first non-FF @0x2000. ISA not verified; structural only."
0x6EEC,0x6EF9,28396,28409,14,CODE,0.78,plausible,ghidra,"ghidra_insn","Ghidra listing instruction start (MCS96:LE:16:default); LJMP/LCALL are PC-relative disp16"
0x6EFA,0x6EFB,28410,28411,2,CODE,0.55,plausible,re_pipeline,"code_window_hypothesis","Hypothesized CODE window per shipping regions + first non-FF @0x2000. ISA not verified; structural only."
0x6EFC,0x6EFF,28412,28415,4,CODE,0.78,plausible,ghidra,"ghidra_insn","Ghidra listing instruction start (MCS96:LE:16:default); LJMP/LCALL are PC-relative disp16"
0x6F00,0x6F00,28416,28416,1,CODE,0.55,plausible,re_pipeline,"code_window_hypothesis","Hypothesized CODE window per shipping regions + first non-FF @0x2000. ISA not verified; structural only."
0x6F01,0x6F03,28417,28419,3,CODE,0.78,plausible,ghidra,"ghidra_insn","Ghidra listing instruction start (MCS96:LE:16:default); LJMP/LCALL are PC-relative disp16"
0x6F04,0x6F04,28420,28420,1,CODE,0.55,plausible,re_pipeline,"code_window_hypothesis","Hypothesized CODE window per shipping regions + first non-FF @0x2000. ISA not verified; structural only."
0x6F05,0x6F09,28421,28425,5,CODE,0.78,plausible,ghidra,"ghidra_insn","Ghidra listing instruction start (MCS96:LE:16:default); LJMP/LCALL are PC-relative disp16"
0x6F0A,0x6F0B,28426,28427,2,CODE,0.55,plausible,re_pipeline,"code_window_hypothesis","Hypothesized CODE window per shipping regions + first non-FF @0x2000. ISA not verified; structural only."
0x6F0C,0x6F10,28428,28432,5,CODE,0.78,plausible,ghidra,"ghidra_insn","Ghidra listing instruction start (MCS96:LE:16:default); LJMP/LCALL are PC-relative disp16"
0x6F11,0x6F11,28433,28433,1,CODE,0.55,plausible,re_pipeline,"code_window_hypothesis","Hypothesized CODE window per shipping regions + first non-FF @0x2000. ISA not verified; structural only."
0x6F12,0x6F14,28434,28436,3,CODE,0.78,plausible,ghidra,"ghidra_insn","Ghidra listing instruction start (MCS96:LE:16:default); LJMP/LCALL are PC-relative disp16"
0x6F15,0x6F15,28437,28437,1,CODE,0.55,plausible,re_pipeline,"code_window_hypothesis","Hypothesized CODE window per shipping regions + first non-FF @0x2000. ISA not verified; structural only."
0x6F16,0x6F1A,28438,28442,5,CODE,0.78,plausible,ghidra,"ghidra_insn","Ghidra listing instruction start (MCS96:LE:16:default); LJMP/LCALL are PC-relative disp16"
0x6F1B,0x6F1B,28443,28443,1,CODE,0.55,plausible,re_pipeline,"code_window_hypothesis","Hypothesized CODE window per shipping regions + first non-FF @0x2000. ISA not verified; structural only."
0x6F1C,0x6F20,28444,28448,5,CODE,0.78,plausible,ghidra,"ghidra_insn","Ghidra listing instruction start (MCS96:LE:16:default); LJMP/LCALL are PC-relative disp16"
0x6F21,0x6F21,28449,28449,1,CODE,0.55,plausible,re_pipeline,"code_window_hypothesis","Hypothesized CODE window per shipping regions + first non-FF @0x2000. ISA not verified; structural only."
0x6F22,0x6F2A,28450,28458,9,CODE,0.78,plausible,ghidra,"ghidra_insn","Ghidra listing instruction start (MCS96:LE:16:default); LJMP/LCALL are PC-relative disp16"
0x6F2B,0x6F2B,28459,28459,1,CODE,0.55,plausible,re_pipeline,"code_window_hypothesis","Hypothesized CODE window per shipping regions + first non-FF @0x2000. ISA not verified; structural only."
0x6F2C,0x6F2E,28460,28462,3,CODE,0.78,plausible,ghidra,"ghidra_insn","Ghidra listing instruction start (MCS96:LE:16:default); LJMP/LCALL are PC-relative disp16"
0x6F2F,0x6F2F,28463,28463,1,CODE,0.55,plausible,re_pipeline,"code_window_hypothesis","Hypothesized CODE window per shipping regions + first non-FF @0x2000. ISA not verified; structural only."
0x6F30,0x6F46,28464,28486,23,CODE,0.78,plausible,ghidra,"ghidra_insn","Ghidra listing instruction start (MCS96:LE:16:default); LJMP/LCALL are PC-relative disp16"
0x6F47,0x6F47,28487,28487,1,CODE,0.55,plausible,re_pipeline,"code_window_hypothesis","Hypothesized CODE window per shipping regions + first non-FF @0x2000. ISA not verified; structural only."
0x6F48,0x6F4C,28488,28492,5,CODE,0.78,plausible,ghidra,"ghidra_insn","Ghidra listing instruction start (MCS96:LE:16:default); LJMP/LCALL are PC-relative disp16"
0x6F4D,0x6F4D,28493,28493,1,CODE,0.55,plausible,re_pipeline,"code_window_hypothesis","Hypothesized CODE window per shipping regions + first non-FF @0x2000. ISA not verified; structural only."
0x6F4E,0x6F50,28494,28496,3,CODE,0.78,plausible,ghidra,"ghidra_insn","Ghidra listing instruction start (MCS96:LE:16:default); LJMP/LCALL are PC-relative disp16"
0x6F51,0x6F52,28497,28498,2,CODE,0.55,plausible,re_pipeline,"code_window_hypothesis","Hypothesized CODE window per shipping regions + first non-FF @0x2000. ISA not verified; structural only."
0x6F53,0x6F58,28499,28504,6,CODE,0.78,plausible,ghidra,"ghidra_insn","Ghidra listing instruction start (MCS96:LE:16:default); LJMP/LCALL are PC-relative disp16"
0x6F59,0x6F59,28505,28505,1,CODE,0.55,plausible,re_pipeline,"code_window_hypothesis","Hypothesized CODE window per shipping regions + first non-FF @0x2000. ISA not verified; structural only."
0x6F5A,0x6F5C,28506,28508,3,CODE,0.78,plausible,ghidra,"ghidra_insn","Ghidra listing instruction start (MCS96:LE:16:default); LJMP/LCALL are PC-relative disp16"
0x6F5D,0x6F5D,28509,28509,1,CODE,0.55,plausible,re_pipeline,"code_window_hypothesis","Hypothesized CODE window per shipping regions + first non-FF @0x2000. ISA not verified; structural only."
0x6F5E,0x6F66,28510,28518,9,CODE,0.78,plausible,ghidra,"ghidra_insn","Ghidra listing instruction start (MCS96:LE:16:default); LJMP/LCALL are PC-relative disp16"
0x6F67,0x6F67,28519,28519,1,CODE,0.55,plausible,re_pipeline,"code_window_hypothesis","Hypothesized CODE window per shipping regions + first non-FF @0x2000. ISA not verified; structural only."
0x6F68,0x6F6B,28520,28523,4,CODE,0.78,plausible,ghidra,"ghidra_insn","Ghidra listing instruction start (MCS96:LE:16:default); LJMP/LCALL are PC-relative disp16"
0x6F6C,0x6F6C,28524,28524,1,CODE,0.55,plausible,re_pipeline,"code_window_hypothesis","Hypothesized CODE window per shipping regions + first non-FF @0x2000. ISA not verified; structural only."
0x6F6D,0x6F6F,28525,28527,3,CODE,0.78,plausible,ghidra,"ghidra_insn","Ghidra listing instruction start (MCS96:LE:16:default); LJMP/LCALL are PC-relative disp16"
0x6F70,0x6F71,28528,28529,2,CODE,0.55,plausible,re_pipeline,"code_window_hypothesis","Hypothesized CODE window per shipping regions + first non-FF @0x2000. ISA not verified; structural only."
0x6F72,0x6F7B,28530,28539,10,CODE,0.78,plausible,ghidra,"ghidra_insn","Ghidra listing instruction start (MCS96:LE:16:default); LJMP/LCALL are PC-relative disp16"
0x6F7C,0x6F7C,28540,28540,1,CODE,0.55,plausible,re_pipeline,"code_window_hypothesis","Hypothesized CODE window per shipping regions + first non-FF @0x2000. ISA not verified; structural only."
0x6F7D,0x6F7F,28541,28543,3,CODE,0.78,plausible,ghidra,"ghidra_insn","Ghidra listing instruction start (MCS96:LE:16:default); LJMP/LCALL are PC-relative disp16"
0x6F80,0x6F80,28544,28544,1,CODE,0.55,plausible,re_pipeline,"code_window_hypothesis","Hypothesized CODE window per shipping regions + first non-FF @0x2000. ISA not verified; structural only."
0x6F81,0x6F85,28545,28549,5,CODE,0.78,plausible,ghidra,"ghidra_insn","Ghidra listing instruction start (MCS96:LE:16:default); LJMP/LCALL are PC-relative disp16"
0x6F86,0x6F87,28550,28551,2,CODE,0.55,plausible,re_pipeline,"code_window_hypothesis","Hypothesized CODE window per shipping regions + first non-FF @0x2000. ISA not verified; structural only."
0x6F88,0x6F8D,28552,28557,6,CODE,0.78,plausible,ghidra,"ghidra_insn","Ghidra listing instruction start (MCS96:LE:16:default); LJMP/LCALL are PC-relative disp16"
0x6F8E,0x6F8E,28558,28558,1,CODE,0.55,plausible,re_pipeline,"code_window_hypothesis","Hypothesized CODE window per shipping regions + first non-FF @0x2000. ISA not verified; structural only."
0x6F8F,0x6F9A,28559,28570,12,CODE,0.78,plausible,ghidra,"ghidra_insn","Ghidra listing instruction start (MCS96:LE:16:default); LJMP/LCALL are PC-relative disp16"
0x6F9B,0x6F9B,28571,28571,1,CODE,0.55,plausible,re_pipeline,"code_window_hypothesis","Hypothesized CODE window per shipping regions + first non-FF @0x2000. ISA not verified; structural only."
0x6F9C,0x6F9F,28572,28575,4,CODE,0.78,plausible,ghidra,"ghidra_insn","Ghidra listing instruction start (MCS96:LE:16:default); LJMP/LCALL are PC-relative disp16"
0x6FA0,0x6FA0,28576,28576,1,CODE,0.55,plausible,re_pipeline,"code_window_hypothesis","Hypothesized CODE window per shipping regions + first non-FF @0x2000. ISA not verified; structural only."
0x6FA1,0x6FA7,28577,28583,7,CODE,0.78,plausible,ghidra,"ghidra_insn","Ghidra listing instruction start (MCS96:LE:16:default); LJMP/LCALL are PC-relative disp16"
0x6FA8,0x6FAA,28584,28586,3,CODE,0.55,plausible,re_pipeline,"code_window_hypothesis","Hypothesized CODE window per shipping regions + first non-FF @0x2000. ISA not verified; structural only."
0x6FAB,0x6FAD,28587,28589,3,CODE,0.78,plausible,ghidra,"ghidra_insn","Ghidra listing instruction start (MCS96:LE:16:default); LJMP/LCALL are PC-relative disp16"
0x6FAE,0x6FAF,28590,28591,2,CODE,0.55,plausible,re_pipeline,"code_window_hypothesis","Hypothesized CODE window per shipping regions + first non-FF @0x2000. ISA not verified; structural only."
0x6FB0,0x6FB4,28592,28596,5,CODE,0.78,plausible,ghidra,"ghidra_insn","Ghidra listing instruction start (MCS96:LE:16:default); LJMP/LCALL are PC-relative disp16"
0x6FB5,0x6FB6,28597,28598,2,CODE,0.55,plausible,re_pipeline,"code_window_hypothesis","Hypothesized CODE window per shipping regions + first non-FF @0x2000. ISA not verified; structural only."
0x6FB7,0x6FBC,28599,28604,6,CODE,0.78,plausible,ghidra,"ghidra_insn","Ghidra listing instruction start (MCS96:LE:16:default); LJMP/LCALL are PC-relative disp16"
0x6FBD,0x6FBF,28605,28607,3,CODE,0.55,plausible,re_pipeline,"code_window_hypothesis","Hypothesized CODE window per shipping regions + first non-FF @0x2000. ISA not verified; structural only."
0x6FC0,0x6FC2,28608,28610,3,CODE,0.78,plausible,ghidra,"ghidra_insn","Ghidra listing instruction start (MCS96:LE:16:default); LJMP/LCALL are PC-relative disp16"
0x6FC3,0x6FC4,28611,28612,2,CODE,0.55,plausible,re_pipeline,"code_window_hypothesis","Hypothesized CODE window per shipping regions + first non-FF @0x2000. ISA not verified; structural only."
0x6FC5,0x6FC9,28613,28617,5,CODE,0.78,plausible,ghidra,"ghidra_insn","Ghidra listing instruction start (MCS96:LE:16:default); LJMP/LCALL are PC-relative disp16"
0x6FCA,0x6FCB,28618,28619,2,CODE,0.55,plausible,re_pipeline,"code_window_hypothesis","Hypothesized CODE window per shipping regions + first non-FF @0x2000. ISA not verified; structural only."
0x6FCC,0x6FD1,28620,28625,6,CODE,0.78,plausible,ghidra,"ghidra_insn","Ghidra listing instruction start (MCS96:LE:16:default); LJMP/LCALL are PC-relative disp16"
0x6FD2,0x6FD4,28626,28628,3,CODE,0.55,plausible,re_pipeline,"code_window_hypothesis","Hypothesized CODE window per shipping regions + first non-FF @0x2000. ISA not verified; structural only."
0x6FD5,0x6FD7,28629,28631,3,CODE,0.78,plausible,ghidra,"ghidra_insn","Ghidra listing instruction start (MCS96:LE:16:default); LJMP/LCALL are PC-relative disp16"
0x6FD8,0x6FD9,28632,28633,2,CODE,0.55,plausible,re_pipeline,"code_window_hypothesis","Hypothesized CODE window per shipping regions + first non-FF @0x2000. ISA not verified; structural only."
0x6FDA,0x6FDE,28634,28638,5,CODE,0.78,plausible,ghidra,"ghidra_insn","Ghidra listing instruction start (MCS96:LE:16:default); LJMP/LCALL are PC-relative disp16"
0x6FDF,0x6FE0,28639,28640,2,CODE,0.55,plausible,re_pipeline,"code_window_hypothesis","Hypothesized CODE window per shipping regions + first non-FF @0x2000. ISA not verified; structural only."
0x6FE1,0x6FE6,28641,28646,6,CODE,0.78,plausible,ghidra,"ghidra_insn","Ghidra listing instruction start (MCS96:LE:16:default); LJMP/LCALL are PC-relative disp16"
0x6FE7,0x6FE9,28647,28649,3,CODE,0.55,plausible,re_pipeline,"code_window_hypothesis","Hypothesized CODE window per shipping regions + first non-FF @0x2000. ISA not verified; structural only."
0x6FEA,0x6FEC,28650,28652,3,CODE,0.78,plausible,ghidra,"ghidra_insn","Ghidra listing instruction start (MCS96:LE:16:default); LJMP/LCALL are PC-relative disp16"
0x6FED,0x6FEE,28653,28654,2,CODE,0.55,plausible,re_pipeline,"code_window_hypothesis","Hypothesized CODE window per shipping regions + first non-FF @0x2000. ISA not verified; structural only."
0x6FEF,0x6FF3,28655,28659,5,CODE,0.78,plausible,ghidra,"ghidra_insn","Ghidra listing instruction start (MCS96:LE:16:default); LJMP/LCALL are PC-relative disp16"
0x6FF4,0x6FF5,28660,28661,2,CODE,0.55,plausible,re_pipeline,"code_window_hypothesis","Hypothesized CODE window per shipping regions + first non-FF @0x2000. ISA not verified; structural only."
0x6FF6,0x6FF8,28662,28664,3,CODE,0.78,plausible,ghidra,"ghidra_insn","Ghidra listing instruction start (MCS96:LE:16:default); LJMP/LCALL are PC-relative disp16"
0x6FF9,0x6FFA,28665,28666,2,CODE,0.55,plausible,re_pipeline,"code_window_hypothesis","Hypothesized CODE window per shipping regions + first non-FF @0x2000. ISA not verified; structural only."
0x6FFB,0x6FFD,28667,28669,3,CODE,0.78,plausible,ghidra,"ghidra_insn","Ghidra listing instruction start (MCS96:LE:16:default); LJMP/LCALL are PC-relative disp16"
0x6FFE,0x6FFF,28670,28671,2,CODE,0.55,plausible,re_pipeline,"code_window_hypothesis","Hypothesized CODE window per shipping regions + first non-FF @0x2000. ISA not verified; structural only."
0x7000,0x7002,28672,28674,3,CODE,0.78,plausible,ghidra,"ghidra_insn","Ghidra listing instruction start (MCS96:LE:16:default); LJMP/LCALL are PC-relative disp16"
0x7003,0x70F7,28675,28919,245,CODE,0.55,plausible,re_pipeline,"code_window_hypothesis","Hypothesized CODE window per shipping regions + first non-FF @0x2000. ISA not verified; structural only."
0x70F8,0x70FA,28920,28922,3,CODE,0.78,plausible,ghidra,"ghidra_insn","Ghidra listing instruction start (MCS96:LE:16:default); LJMP/LCALL are PC-relative disp16"
0x70FB,0x70FB,28923,28923,1,CODE,0.55,plausible,re_pipeline,"code_window_hypothesis","Hypothesized CODE window per shipping regions + first non-FF @0x2000. ISA not verified; structural only."
0x70FC,0x70FE,28924,28926,3,CODE,0.78,plausible,ghidra,"ghidra_insn","Ghidra listing instruction start (MCS96:LE:16:default); LJMP/LCALL are PC-relative disp16"
0x70FF,0x7100,28927,28928,2,CODE,0.55,plausible,re_pipeline,"code_window_hypothesis","Hypothesized CODE window per shipping regions + first non-FF @0x2000. ISA not verified; structural only."
0x7101,0x7103,28929,28931,3,CODE,0.78,plausible,ghidra,"ghidra_insn","Ghidra listing instruction start (MCS96:LE:16:default); LJMP/LCALL are PC-relative disp16"
0x7104,0x7105,28932,28933,2,CODE,0.55,plausible,re_pipeline,"code_window_hypothesis","Hypothesized CODE window per shipping regions + first non-FF @0x2000. ISA not verified; structural only."
0x7106,0x7109,28934,28937,4,CODE,0.78,plausible,ghidra,"ghidra_insn","Ghidra listing instruction start (MCS96:LE:16:default); LJMP/LCALL are PC-relative disp16"
0x710A,0x710B,28938,28939,2,CODE,0.55,plausible,re_pipeline,"code_window_hypothesis","Hypothesized CODE window per shipping regions + first non-FF @0x2000. ISA not verified; structural only."
0x710C,0x7117,28940,28951,12,CODE,0.78,plausible,ghidra,"ghidra_insn","Ghidra listing instruction start (MCS96:LE:16:default); LJMP/LCALL are PC-relative disp16"
0x7118,0x7118,28952,28952,1,CODE,0.55,plausible,re_pipeline,"code_window_hypothesis","Hypothesized CODE window per shipping regions + first non-FF @0x2000. ISA not verified; structural only."
0x7119,0x7124,28953,28964,12,CODE,0.78,plausible,ghidra,"ghidra_insn","Ghidra listing instruction start (MCS96:LE:16:default); LJMP/LCALL are PC-relative disp16"
0x7125,0x7125,28965,28965,1,CODE,0.55,plausible,re_pipeline,"code_window_hypothesis","Hypothesized CODE window per shipping regions + first non-FF @0x2000. ISA not verified; structural only."
0x7126,0x712B,28966,28971,6,CODE,0.78,plausible,ghidra,"ghidra_insn","Ghidra listing instruction start (MCS96:LE:16:default); LJMP/LCALL are PC-relative disp16"
0x712C,0x712D,28972,28973,2,CODE,0.55,plausible,re_pipeline,"code_window_hypothesis","Hypothesized CODE window per shipping regions + first non-FF @0x2000. ISA not verified; structural only."
0x712E,0x7130,28974,28976,3,CODE,0.78,plausible,ghidra,"ghidra_insn","Ghidra listing instruction start (MCS96:LE:16:default); LJMP/LCALL are PC-relative disp16"
0x7131,0x7133,28977,28979,3,CODE,0.55,plausible,re_pipeline,"code_window_hypothesis","Hypothesized CODE window per shipping regions + first non-FF @0x2000. ISA not verified; structural only."
0x7134,0x7136,28980,28982,3,CODE,0.78,plausible,ghidra,"ghidra_insn","Ghidra listing instruction start (MCS96:LE:16:default); LJMP/LCALL are PC-relative disp16"
0x7137,0x7137,28983,28983,1,CODE,0.55,plausible,re_pipeline,"code_window_hypothesis","Hypothesized CODE window per shipping regions + first non-FF @0x2000. ISA not verified; structural only."
0x7138,0x713C,28984,28988,5,CODE,0.78,plausible,ghidra,"ghidra_insn","Ghidra listing instruction start (MCS96:LE:16:default); LJMP/LCALL are PC-relative disp16"
0x713D,0x713E,28989,28990,2,CODE,0.55,plausible,re_pipeline,"code_window_hypothesis","Hypothesized CODE window per shipping regions + first non-FF @0x2000. ISA not verified; structural only."
0x713F,0x7159,28991,29017,27,CODE,0.78,plausible,ghidra,"ghidra_insn","Ghidra listing instruction start (MCS96:LE:16:default); LJMP/LCALL are PC-relative disp16"
0x715A,0x715A,29018,29018,1,CODE,0.55,plausible,re_pipeline,"code_window_hypothesis","Hypothesized CODE window per shipping regions + first non-FF @0x2000. ISA not verified; structural only."
0x715B,0x7162,29019,29026,8,CODE,0.78,plausible,ghidra,"ghidra_insn","Ghidra listing instruction start (MCS96:LE:16:default); LJMP/LCALL are PC-relative disp16"
0x7163,0x7163,29027,29027,1,CODE,0.55,plausible,re_pipeline,"code_window_hypothesis","Hypothesized CODE window per shipping regions + first non-FF @0x2000. ISA not verified; structural only."
0x7164,0x7166,29028,29030,3,CODE,0.78,plausible,ghidra,"ghidra_insn","Ghidra listing instruction start (MCS96:LE:16:default); LJMP/LCALL are PC-relative disp16"
0x7167,0x7168,29031,29032,2,CODE,0.55,plausible,re_pipeline,"code_window_hypothesis","Hypothesized CODE window per shipping regions + first non-FF @0x2000. ISA not verified; structural only."
0x7169,0x716E,29033,29038,6,CODE,0.78,plausible,ghidra,"ghidra_insn","Ghidra listing instruction start (MCS96:LE:16:default); LJMP/LCALL are PC-relative disp16"
0x716F,0x716F,29039,29039,1,CODE,0.55,plausible,re_pipeline,"code_window_hypothesis","Hypothesized CODE window per shipping regions + first non-FF @0x2000. ISA not verified; structural only."
0x7170,0x7172,29040,29042,3,CODE,0.78,plausible,ghidra,"ghidra_insn","Ghidra listing instruction start (MCS96:LE:16:default); LJMP/LCALL are PC-relative disp16"
0x7173,0x7173,29043,29043,1,CODE,0.55,plausible,re_pipeline,"code_window_hypothesis","Hypothesized CODE window per shipping regions + first non-FF @0x2000. ISA not verified; structural only."
0x7174,0x717B,29044,29051,8,CODE,0.78,plausible,ghidra,"ghidra_insn","Ghidra listing instruction start (MCS96:LE:16:default); LJMP/LCALL are PC-relative disp16"
0x717C,0x717D,29052,29053,2,CODE,0.55,plausible,re_pipeline,"code_window_hypothesis","Hypothesized CODE window per shipping regions + first non-FF @0x2000. ISA not verified; structural only."
0x717E,0x7180,29054,29056,3,CODE,0.78,plausible,ghidra,"ghidra_insn","Ghidra listing instruction start (MCS96:LE:16:default); LJMP/LCALL are PC-relative disp16"
0x7181,0x7182,29057,29058,2,CODE,0.55,plausible,re_pipeline,"code_window_hypothesis","Hypothesized CODE window per shipping regions + first non-FF @0x2000. ISA not verified; structural only."
0x7183,0x7191,29059,29073,15,CODE,0.78,plausible,ghidra,"ghidra_insn","Ghidra listing instruction start (MCS96:LE:16:default); LJMP/LCALL are PC-relative disp16"
0x7192,0x7193,29074,29075,2,CODE,0.55,plausible,re_pipeline,"code_window_hypothesis","Hypothesized CODE window per shipping regions + first non-FF @0x2000. ISA not verified; structural only."
0x7194,0x719C,29076,29084,9,CODE,0.78,plausible,ghidra,"ghidra_insn","Ghidra listing instruction start (MCS96:LE:16:default); LJMP/LCALL are PC-relative disp16"
0x719D,0x719F,29085,29087,3,CODE,0.55,plausible,re_pipeline,"code_window_hypothesis","Hypothesized CODE window per shipping regions + first non-FF @0x2000. ISA not verified; structural only."
0x71A0,0x71A2,29088,29090,3,CODE,0.78,plausible,ghidra,"ghidra_insn","Ghidra listing instruction start (MCS96:LE:16:default); LJMP/LCALL are PC-relative disp16"
0x71A3,0x71A4,29091,29092,2,CODE,0.55,plausible,re_pipeline,"code_window_hypothesis","Hypothesized CODE window per shipping regions + first non-FF @0x2000. ISA not verified; structural only."
0x71A5,0x71A9,29093,29097,5,CODE,0.78,plausible,ghidra,"ghidra_insn","Ghidra listing instruction start (MCS96:LE:16:default); LJMP/LCALL are PC-relative disp16"
0x71AA,0x71AB,29098,29099,2,CODE,0.55,plausible,re_pipeline,"code_window_hypothesis","Hypothesized CODE window per shipping regions + first non-FF @0x2000. ISA not verified; structural only."
0x71AC,0x71B8,29100,29112,13,CODE,0.78,plausible,ghidra,"ghidra_insn","Ghidra listing instruction start (MCS96:LE:16:default); LJMP/LCALL are PC-relative disp16"
0x71B9,0x71BA,29113,29114,2,CODE,0.55,plausible,re_pipeline,"code_window_hypothesis","Hypothesized CODE window per shipping regions + first non-FF @0x2000. ISA not verified; structural only."
0x71BB,0x71BD,29115,29117,3,CODE,0.78,plausible,ghidra,"ghidra_insn","Ghidra listing instruction start (MCS96:LE:16:default); LJMP/LCALL are PC-relative disp16"
0x71BE,0x71BF,29118,29119,2,CODE,0.55,plausible,re_pipeline,"code_window_hypothesis","Hypothesized CODE window per shipping regions + first non-FF @0x2000. ISA not verified; structural only."
0x71C0,0x71C2,29120,29122,3,CODE,0.78,plausible,ghidra,"ghidra_insn","Ghidra listing instruction start (MCS96:LE:16:default); LJMP/LCALL are PC-relative disp16"
0x71C3,0x71C4,29123,29124,2,CODE,0.55,plausible,re_pipeline,"code_window_hypothesis","Hypothesized CODE window per shipping regions + first non-FF @0x2000. ISA not verified; structural only."
0x71C5,0x71CA,29125,29130,6,CODE,0.78,plausible,ghidra,"ghidra_insn","Ghidra listing instruction start (MCS96:LE:16:default); LJMP/LCALL are PC-relative disp16"
0x71CB,0x71CC,29131,29132,2,CODE,0.55,plausible,re_pipeline,"code_window_hypothesis","Hypothesized CODE window per shipping regions + first non-FF @0x2000. ISA not verified; structural only."
0x71CD,0x71CF,29133,29135,3,CODE,0.78,plausible,ghidra,"ghidra_insn","Ghidra listing instruction start (MCS96:LE:16:default); LJMP/LCALL are PC-relative disp16"
0x71D0,0x71D1,29136,29137,2,CODE,0.55,plausible,re_pipeline,"code_window_hypothesis","Hypothesized CODE window per shipping regions + first non-FF @0x2000. ISA not verified; structural only."
0x71D2,0x71D4,29138,29140,3,CODE,0.78,plausible,ghidra,"ghidra_insn","Ghidra listing instruction start (MCS96:LE:16:default); LJMP/LCALL are PC-relative disp16"
0x71D5,0x71D6,29141,29142,2,CODE,0.55,plausible,re_pipeline,"code_window_hypothesis","Hypothesized CODE window per shipping regions + first non-FF @0x2000. ISA not verified; structural only."
0x71D7,0x71DC,29143,29148,6,CODE,0.78,plausible,ghidra,"ghidra_insn","Ghidra listing instruction start (MCS96:LE:16:default); LJMP/LCALL are PC-relative disp16"
0x71DD,0x71DE,29149,29150,2,CODE,0.55,plausible,re_pipeline,"code_window_hypothesis","Hypothesized CODE window per shipping regions + first non-FF @0x2000. ISA not verified; structural only."
0x71DF,0x71E4,29151,29156,6,CODE,0.78,plausible,ghidra,"ghidra_insn","Ghidra listing instruction start (MCS96:LE:16:default); LJMP/LCALL are PC-relative disp16"
0x71E5,0x71E6,29157,29158,2,CODE,0.55,plausible,re_pipeline,"code_window_hypothesis","Hypothesized CODE window per shipping regions + first non-FF @0x2000. ISA not verified; structural only."
0x71E7,0x71E9,29159,29161,3,CODE,0.78,plausible,ghidra,"ghidra_insn","Ghidra listing instruction start (MCS96:LE:16:default); LJMP/LCALL are PC-relative disp16"
0x71EA,0x71EB,29162,29163,2,CODE,0.55,plausible,re_pipeline,"code_window_hypothesis","Hypothesized CODE window per shipping regions + first non-FF @0x2000. ISA not verified; structural only."
0x71EC,0x71EE,29164,29166,3,CODE,0.78,plausible,ghidra,"ghidra_insn","Ghidra listing instruction start (MCS96:LE:16:default); LJMP/LCALL are PC-relative disp16"
0x71EF,0x71F0,29167,29168,2,CODE,0.55,plausible,re_pipeline,"code_window_hypothesis","Hypothesized CODE window per shipping regions + first non-FF @0x2000. ISA not verified; structural only."
0x71F1,0x71F3,29169,29171,3,CODE,0.78,plausible,ghidra,"ghidra_insn","Ghidra listing instruction start (MCS96:LE:16:default); LJMP/LCALL are PC-relative disp16"
0x71F4,0x71F4,29172,29172,1,CODE,0.55,plausible,re_pipeline,"code_window_hypothesis","Hypothesized CODE window per shipping regions + first non-FF @0x2000. ISA not verified; structural only."
0x71F5,0x71F7,29173,29175,3,CODE,0.78,plausible,ghidra,"ghidra_insn","Ghidra listing instruction start (MCS96:LE:16:default); LJMP/LCALL are PC-relative disp16"
0x71F8,0x71F9,29176,29177,2,CODE,0.55,plausible,re_pipeline,"code_window_hypothesis","Hypothesized CODE window per shipping regions + first non-FF @0x2000. ISA not verified; structural only."
0x71FA,0x71FC,29178,29180,3,CODE,0.78,plausible,ghidra,"ghidra_insn","Ghidra listing instruction start (MCS96:LE:16:default); LJMP/LCALL are PC-relative disp16"
0x71FD,0x71FE,29181,29182,2,CODE,0.55,plausible,re_pipeline,"code_window_hypothesis","Hypothesized CODE window per shipping regions + first non-FF @0x2000. ISA not verified; structural only."
0x71FF,0x720A,29183,29194,12,CODE,0.78,plausible,ghidra,"ghidra_insn","Ghidra listing instruction start (MCS96:LE:16:default); LJMP/LCALL are PC-relative disp16"
0x720B,0x720C,29195,29196,2,CODE,0.55,plausible,re_pipeline,"code_window_hypothesis","Hypothesized CODE window per shipping regions + first non-FF @0x2000. ISA not verified; structural only."
0x720D,0x7212,29197,29202,6,CODE,0.78,plausible,ghidra,"ghidra_insn","Ghidra listing instruction start (MCS96:LE:16:default); LJMP/LCALL are PC-relative disp16"
0x7213,0x7213,29203,29203,1,CODE,0.55,plausible,re_pipeline,"code_window_hypothesis","Hypothesized CODE window per shipping regions + first non-FF @0x2000. ISA not verified; structural only."
0x7214,0x721C,29204,29212,9,CODE,0.78,plausible,ghidra,"ghidra_insn","Ghidra listing instruction start (MCS96:LE:16:default); LJMP/LCALL are PC-relative disp16"
0x721D,0x721E,29213,29214,2,CODE,0.55,plausible,re_pipeline,"code_window_hypothesis","Hypothesized CODE window per shipping regions + first non-FF @0x2000. ISA not verified; structural only."
0x721F,0x7221,29215,29217,3,CODE,0.78,plausible,ghidra,"ghidra_insn","Ghidra listing instruction start (MCS96:LE:16:default); LJMP/LCALL are PC-relative disp16"
0x7222,0x7223,29218,29219,2,CODE,0.55,plausible,re_pipeline,"code_window_hypothesis","Hypothesized CODE window per shipping regions + first non-FF @0x2000. ISA not verified; structural only."
0x7224,0x722F,29220,29231,12,CODE,0.78,plausible,ghidra,"ghidra_insn","Ghidra listing instruction start (MCS96:LE:16:default); LJMP/LCALL are PC-relative disp16"
0x7230,0x7231,29232,29233,2,CODE,0.55,plausible,re_pipeline,"code_window_hypothesis","Hypothesized CODE window per shipping regions + first non-FF @0x2000. ISA not verified; structural only."
0x7232,0x7234,29234,29236,3,CODE,0.78,plausible,ghidra,"ghidra_insn","Ghidra listing instruction start (MCS96:LE:16:default); LJMP/LCALL are PC-relative disp16"
0x7235,0x7236,29237,29238,2,CODE,0.55,plausible,re_pipeline,"code_window_hypothesis","Hypothesized CODE window per shipping regions + first non-FF @0x2000. ISA not verified; structural only."
0x7237,0x723F,29239,29247,9,CODE,0.78,plausible,ghidra,"ghidra_insn","Ghidra listing instruction start (MCS96:LE:16:default); LJMP/LCALL are PC-relative disp16"
0x7240,0x7241,29248,29249,2,CODE,0.55,plausible,re_pipeline,"code_window_hypothesis","Hypothesized CODE window per shipping regions + first non-FF @0x2000. ISA not verified; structural only."
0x7242,0x7244,29250,29252,3,CODE,0.78,plausible,ghidra,"ghidra_insn","Ghidra listing instruction start (MCS96:LE:16:default); LJMP/LCALL are PC-relative disp16"
0x7245,0x7245,29253,29253,1,CODE,0.55,plausible,re_pipeline,"code_window_hypothesis","Hypothesized CODE window per shipping regions + first non-FF @0x2000. ISA not verified; structural only."
0x7246,0x7251,29254,29265,12,CODE,0.78,plausible,ghidra,"ghidra_insn","Ghidra listing instruction start (MCS96:LE:16:default); LJMP/LCALL are PC-relative disp16"
0x7252,0x7253,29266,29267,2,CODE,0.55,plausible,re_pipeline,"code_window_hypothesis","Hypothesized CODE window per shipping regions + first non-FF @0x2000. ISA not verified; structural only."
0x7254,0x7256,29268,29270,3,CODE,0.78,plausible,ghidra,"ghidra_insn","Ghidra listing instruction start (MCS96:LE:16:default); LJMP/LCALL are PC-relative disp16"
0x7257,0x7258,29271,29272,2,CODE,0.55,plausible,re_pipeline,"code_window_hypothesis","Hypothesized CODE window per shipping regions + first non-FF @0x2000. ISA not verified; structural only."
0x7259,0x725B,29273,29275,3,CODE,0.78,plausible,ghidra,"ghidra_insn","Ghidra listing instruction start (MCS96:LE:16:default); LJMP/LCALL are PC-relative disp16"
0x725C,0x725D,29276,29277,2,CODE,0.55,plausible,re_pipeline,"code_window_hypothesis","Hypothesized CODE window per shipping regions + first non-FF @0x2000. ISA not verified; structural only."
0x725E,0x7260,29278,29280,3,CODE,0.78,plausible,ghidra,"ghidra_insn","Ghidra listing instruction start (MCS96:LE:16:default); LJMP/LCALL are PC-relative disp16"
0x7261,0x7262,29281,29282,2,CODE,0.55,plausible,re_pipeline,"code_window_hypothesis","Hypothesized CODE window per shipping regions + first non-FF @0x2000. ISA not verified; structural only."
0x7263,0x7268,29283,29288,6,CODE,0.78,plausible,ghidra,"ghidra_insn","Ghidra listing instruction start (MCS96:LE:16:default); LJMP/LCALL are PC-relative disp16"
0x7269,0x726A,29289,29290,2,CODE,0.55,plausible,re_pipeline,"code_window_hypothesis","Hypothesized CODE window per shipping regions + first non-FF @0x2000. ISA not verified; structural only."
0x726B,0x726D,29291,29293,3,CODE,0.78,plausible,ghidra,"ghidra_insn","Ghidra listing instruction start (MCS96:LE:16:default); LJMP/LCALL are PC-relative disp16"
0x726E,0x726F,29294,29295,2,CODE,0.55,plausible,re_pipeline,"code_window_hypothesis","Hypothesized CODE window per shipping regions + first non-FF @0x2000. ISA not verified; structural only."
0x7270,0x7272,29296,29298,3,CODE,0.78,plausible,ghidra,"ghidra_insn","Ghidra listing instruction start (MCS96:LE:16:default); LJMP/LCALL are PC-relative disp16"
0x7273,0x7274,29299,29300,2,CODE,0.55,plausible,re_pipeline,"code_window_hypothesis","Hypothesized CODE window per shipping regions + first non-FF @0x2000. ISA not verified; structural only."
0x7275,0x7277,29301,29303,3,CODE,0.78,plausible,ghidra,"ghidra_insn","Ghidra listing instruction start (MCS96:LE:16:default); LJMP/LCALL are PC-relative disp16"
0x7278,0x7279,29304,29305,2,CODE,0.55,plausible,re_pipeline,"code_window_hypothesis","Hypothesized CODE window per shipping regions + first non-FF @0x2000. ISA not verified; structural only."
0x727A,0x727F,29306,29311,6,CODE,0.78,plausible,ghidra,"ghidra_insn","Ghidra listing instruction start (MCS96:LE:16:default); LJMP/LCALL are PC-relative disp16"
0x7280,0x7281,29312,29313,2,CODE,0.55,plausible,re_pipeline,"code_window_hypothesis","Hypothesized CODE window per shipping regions + first non-FF @0x2000. ISA not verified; structural only."
0x7282,0x7287,29314,29319,6,CODE,0.78,plausible,ghidra,"ghidra_insn","Ghidra listing instruction start (MCS96:LE:16:default); LJMP/LCALL are PC-relative disp16"
0x7288,0x7289,29320,29321,2,CODE,0.55,plausible,re_pipeline,"code_window_hypothesis","Hypothesized CODE window per shipping regions + first non-FF @0x2000. ISA not verified; structural only."
0x728A,0x728C,29322,29324,3,CODE,0.78,plausible,ghidra,"ghidra_insn","Ghidra listing instruction start (MCS96:LE:16:default); LJMP/LCALL are PC-relative disp16"
0x728D,0x728E,29325,29326,2,CODE,0.55,plausible,re_pipeline,"code_window_hypothesis","Hypothesized CODE window per shipping regions + first non-FF @0x2000. ISA not verified; structural only."
0x728F,0x7291,29327,29329,3,CODE,0.78,plausible,ghidra,"ghidra_insn","Ghidra listing instruction start (MCS96:LE:16:default); LJMP/LCALL are PC-relative disp16"
0x7292,0x7293,29330,29331,2,CODE,0.55,plausible,re_pipeline,"code_window_hypothesis","Hypothesized CODE window per shipping regions + first non-FF @0x2000. ISA not verified; structural only."
0x7294,0x7296,29332,29334,3,CODE,0.78,plausible,ghidra,"ghidra_insn","Ghidra listing instruction start (MCS96:LE:16:default); LJMP/LCALL are PC-relative disp16"
0x7297,0x7298,29335,29336,2,CODE,0.55,plausible,re_pipeline,"code_window_hypothesis","Hypothesized CODE window per shipping regions + first non-FF @0x2000. ISA not verified; structural only."
0x7299,0x729B,29337,29339,3,CODE,0.78,plausible,ghidra,"ghidra_insn","Ghidra listing instruction start (MCS96:LE:16:default); LJMP/LCALL are PC-relative disp16"
0x729C,0x729C,29340,29340,1,CODE,0.55,plausible,re_pipeline,"code_window_hypothesis","Hypothesized CODE window per shipping regions + first non-FF @0x2000. ISA not verified; structural only."
0x729D,0x729F,29341,29343,3,CODE,0.78,plausible,ghidra,"ghidra_insn","Ghidra listing instruction start (MCS96:LE:16:default); LJMP/LCALL are PC-relative disp16"
0x72A0,0x72A1,29344,29345,2,CODE,0.55,plausible,re_pipeline,"code_window_hypothesis","Hypothesized CODE window per shipping regions + first non-FF @0x2000. ISA not verified; structural only."
0x72A2,0x72A4,29346,29348,3,CODE,0.78,plausible,ghidra,"ghidra_insn","Ghidra listing instruction start (MCS96:LE:16:default); LJMP/LCALL are PC-relative disp16"
0x72A5,0x72A6,29349,29350,2,CODE,0.55,plausible,re_pipeline,"code_window_hypothesis","Hypothesized CODE window per shipping regions + first non-FF @0x2000. ISA not verified; structural only."
0x72A7,0x72B1,29351,29361,11,CODE,0.78,plausible,ghidra,"ghidra_insn","Ghidra listing instruction start (MCS96:LE:16:default); LJMP/LCALL are PC-relative disp16"
0x72B2,0x72B3,29362,29363,2,CODE,0.55,plausible,re_pipeline,"code_window_hypothesis","Hypothesized CODE window per shipping regions + first non-FF @0x2000. ISA not verified; structural only."
0x72B4,0x72B9,29364,29369,6,CODE,0.78,plausible,ghidra,"ghidra_insn","Ghidra listing instruction start (MCS96:LE:16:default); LJMP/LCALL are PC-relative disp16"
0x72BA,0x72BA,29370,29370,1,CODE,0.55,plausible,re_pipeline,"code_window_hypothesis","Hypothesized CODE window per shipping regions + first non-FF @0x2000. ISA not verified; structural only."
0x72BB,0x72C3,29371,29379,9,CODE,0.78,plausible,ghidra,"ghidra_insn","Ghidra listing instruction start (MCS96:LE:16:default); LJMP/LCALL are PC-relative disp16"
0x72C4,0x72C5,29380,29381,2,CODE,0.55,plausible,re_pipeline,"code_window_hypothesis","Hypothesized CODE window per shipping regions + first non-FF @0x2000. ISA not verified; structural only."
0x72C6,0x72C8,29382,29384,3,CODE,0.78,plausible,ghidra,"ghidra_insn","Ghidra listing instruction start (MCS96:LE:16:default); LJMP/LCALL are PC-relative disp16"
0x72C9,0x72CA,29385,29386,2,CODE,0.55,plausible,re_pipeline,"code_window_hypothesis","Hypothesized CODE window per shipping regions + first non-FF @0x2000. ISA not verified; structural only."
0x72CB,0x72D6,29387,29398,12,CODE,0.78,plausible,ghidra,"ghidra_insn","Ghidra listing instruction start (MCS96:LE:16:default); LJMP/LCALL are PC-relative disp16"
0x72D7,0x72D8,29399,29400,2,CODE,0.55,plausible,re_pipeline,"code_window_hypothesis","Hypothesized CODE window per shipping regions + first non-FF @0x2000. ISA not verified; structural only."
0x72D9,0x72DB,29401,29403,3,CODE,0.78,plausible,ghidra,"ghidra_insn","Ghidra listing instruction start (MCS96:LE:16:default); LJMP/LCALL are PC-relative disp16"
0x72DC,0x72DD,29404,29405,2,CODE,0.55,plausible,re_pipeline,"code_window_hypothesis","Hypothesized CODE window per shipping regions + first non-FF @0x2000. ISA not verified; structural only."
0x72DE,0x72E3,29406,29411,6,CODE,0.78,plausible,ghidra,"ghidra_insn","Ghidra listing instruction start (MCS96:LE:16:default); LJMP/LCALL are PC-relative disp16"
0x72E4,0x72E5,29412,29413,2,CODE,0.55,plausible,re_pipeline,"code_window_hypothesis","Hypothesized CODE window per shipping regions + first non-FF @0x2000. ISA not verified; structural only."
0x72E6,0x72E8,29414,29416,3,CODE,0.78,plausible,ghidra,"ghidra_insn","Ghidra listing instruction start (MCS96:LE:16:default); LJMP/LCALL are PC-relative disp16"
0x72E9,0x72E9,29417,29417,1,CODE,0.55,plausible,re_pipeline,"code_window_hypothesis","Hypothesized CODE window per shipping regions + first non-FF @0x2000. ISA not verified; structural only."
0x72EA,0x72EC,29418,29420,3,CODE,0.78,plausible,ghidra,"ghidra_insn","Ghidra listing instruction start (MCS96:LE:16:default); LJMP/LCALL are PC-relative disp16"
0x72ED,0x7386,29421,29574,154,CODE,0.55,plausible,re_pipeline,"code_window_hypothesis","Hypothesized CODE window per shipping regions + first non-FF @0x2000. ISA not verified; structural only."
0x7387,0x7389,29575,29577,3,CODE,0.78,plausible,ghidra,"ghidra_insn","Ghidra listing instruction start (MCS96:LE:16:default); LJMP/LCALL are PC-relative disp16"
0x738A,0x738B,29578,29579,2,CODE,0.55,plausible,re_pipeline,"code_window_hypothesis","Hypothesized CODE window per shipping regions + first non-FF @0x2000. ISA not verified; structural only."
0x738C,0x7394,29580,29588,9,CODE,0.78,plausible,ghidra,"ghidra_insn","Ghidra listing instruction start (MCS96:LE:16:default); LJMP/LCALL are PC-relative disp16"
0x7395,0x7395,29589,29589,1,CODE,0.55,plausible,re_pipeline,"code_window_hypothesis","Hypothesized CODE window per shipping regions + first non-FF @0x2000. ISA not verified; structural only."
0x7396,0x7398,29590,29592,3,CODE,0.78,plausible,ghidra,"ghidra_insn","Ghidra listing instruction start (MCS96:LE:16:default); LJMP/LCALL are PC-relative disp16"
0x7399,0x739A,29593,29594,2,CODE,0.55,plausible,re_pipeline,"code_window_hypothesis","Hypothesized CODE window per shipping regions + first non-FF @0x2000. ISA not verified; structural only."
0x739B,0x739D,29595,29597,3,CODE,0.78,plausible,ghidra,"ghidra_insn","Ghidra listing instruction start (MCS96:LE:16:default); LJMP/LCALL are PC-relative disp16"
0x739E,0x739F,29598,29599,2,CODE,0.55,plausible,re_pipeline,"code_window_hypothesis","Hypothesized CODE window per shipping regions + first non-FF @0x2000. ISA not verified; structural only."
0x73A0,0x73A2,29600,29602,3,CODE,0.78,plausible,ghidra,"ghidra_insn","Ghidra listing instruction start (MCS96:LE:16:default); LJMP/LCALL are PC-relative disp16"
0x73A3,0x73A4,29603,29604,2,CODE,0.55,plausible,re_pipeline,"code_window_hypothesis","Hypothesized CODE window per shipping regions + first non-FF @0x2000. ISA not verified; structural only."
0x73A5,0x73AD,29605,29613,9,CODE,0.78,plausible,ghidra,"ghidra_insn","Ghidra listing instruction start (MCS96:LE:16:default); LJMP/LCALL are PC-relative disp16"
0x73AE,0x73AF,29614,29615,2,CODE,0.55,plausible,re_pipeline,"code_window_hypothesis","Hypothesized CODE window per shipping regions + first non-FF @0x2000. ISA not verified; structural only."
0x73B0,0x73B2,29616,29618,3,CODE,0.78,plausible,ghidra,"ghidra_insn","Ghidra listing instruction start (MCS96:LE:16:default); LJMP/LCALL are PC-relative disp16"
0x73B3,0x73B4,29619,29620,2,CODE,0.55,plausible,re_pipeline,"code_window_hypothesis","Hypothesized CODE window per shipping regions + first non-FF @0x2000. ISA not verified; structural only."
0x73B5,0x73C1,29621,29633,13,CODE,0.78,plausible,ghidra,"ghidra_insn","Ghidra listing instruction start (MCS96:LE:16:default); LJMP/LCALL are PC-relative disp16"
0x73C2,0x73C2,29634,29634,1,CODE,0.55,plausible,re_pipeline,"code_window_hypothesis","Hypothesized CODE window per shipping regions + first non-FF @0x2000. ISA not verified; structural only."
0x73C3,0x73C5,29635,29637,3,CODE,0.78,plausible,ghidra,"ghidra_insn","Ghidra listing instruction start (MCS96:LE:16:default); LJMP/LCALL are PC-relative disp16"
0x73C6,0x73C7,29638,29639,2,CODE,0.55,plausible,re_pipeline,"code_window_hypothesis","Hypothesized CODE window per shipping regions + first non-FF @0x2000. ISA not verified; structural only."
0x73C8,0x73CD,29640,29645,6,CODE,0.78,plausible,ghidra,"ghidra_insn","Ghidra listing instruction start (MCS96:LE:16:default); LJMP/LCALL are PC-relative disp16"
0x73CE,0x73CF,29646,29647,2,CODE,0.55,plausible,re_pipeline,"code_window_hypothesis","Hypothesized CODE window per shipping regions + first non-FF @0x2000. ISA not verified; structural only."
0x73D0,0x73D5,29648,29653,6,CODE,0.78,plausible,ghidra,"ghidra_insn","Ghidra listing instruction start (MCS96:LE:16:default); LJMP/LCALL are PC-relative disp16"
0x73D6,0x73D7,29654,29655,2,CODE,0.55,plausible,re_pipeline,"code_window_hypothesis","Hypothesized CODE window per shipping regions + first non-FF @0x2000. ISA not verified; structural only."
0x73D8,0x73DA,29656,29658,3,CODE,0.78,plausible,ghidra,"ghidra_insn","Ghidra listing instruction start (MCS96:LE:16:default); LJMP/LCALL are PC-relative disp16"
0x73DB,0x73DB,29659,29659,1,CODE,0.55,plausible,re_pipeline,"code_window_hypothesis","Hypothesized CODE window per shipping regions + first non-FF @0x2000. ISA not verified; structural only."
0x73DC,0x73E0,29660,29664,5,CODE,0.78,plausible,ghidra,"ghidra_insn","Ghidra listing instruction start (MCS96:LE:16:default); LJMP/LCALL are PC-relative disp16"
0x73E1,0x73E1,29665,29665,1,CODE,0.55,plausible,re_pipeline,"code_window_hypothesis","Hypothesized CODE window per shipping regions + first non-FF @0x2000. ISA not verified; structural only."
0x73E2,0x73EB,29666,29675,10,CODE,0.78,plausible,ghidra,"ghidra_insn","Ghidra listing instruction start (MCS96:LE:16:default); LJMP/LCALL are PC-relative disp16"
0x73EC,0x73ED,29676,29677,2,CODE,0.55,plausible,re_pipeline,"code_window_hypothesis","Hypothesized CODE window per shipping regions + first non-FF @0x2000. ISA not verified; structural only."
0x73EE,0x73F9,29678,29689,12,CODE,0.78,plausible,ghidra,"ghidra_insn","Ghidra listing instruction start (MCS96:LE:16:default); LJMP/LCALL are PC-relative disp16"
0x73FA,0x73FA,29690,29690,1,CODE,0.55,plausible,re_pipeline,"code_window_hypothesis","Hypothesized CODE window per shipping regions + first non-FF @0x2000. ISA not verified; structural only."
0x73FB,0x73FD,29691,29693,3,CODE,0.78,plausible,ghidra,"ghidra_insn","Ghidra listing instruction start (MCS96:LE:16:default); LJMP/LCALL are PC-relative disp16"
0x73FE,0x73FF,29694,29695,2,CODE,0.55,plausible,re_pipeline,"code_window_hypothesis","Hypothesized CODE window per shipping regions + first non-FF @0x2000. ISA not verified; structural only."
0x7400,0x7402,29696,29698,3,CODE,0.78,plausible,ghidra,"ghidra_insn","Ghidra listing instruction start (MCS96:LE:16:default); LJMP/LCALL are PC-relative disp16"
0x7403,0x7404,29699,29700,2,CODE,0.55,plausible,re_pipeline,"code_window_hypothesis","Hypothesized CODE window per shipping regions + first non-FF @0x2000. ISA not verified; structural only."
0x7405,0x740D,29701,29709,9,CODE,0.78,plausible,ghidra,"ghidra_insn","Ghidra listing instruction start (MCS96:LE:16:default); LJMP/LCALL are PC-relative disp16"
0x740E,0x740F,29710,29711,2,CODE,0.55,plausible,re_pipeline,"code_window_hypothesis","Hypothesized CODE window per shipping regions + first non-FF @0x2000. ISA not verified; structural only."
0x7410,0x7413,29712,29715,4,CODE,0.78,plausible,ghidra,"ghidra_insn","Ghidra listing instruction start (MCS96:LE:16:default); LJMP/LCALL are PC-relative disp16"
0x7414,0x7415,29716,29717,2,CODE,0.55,plausible,re_pipeline,"code_window_hypothesis","Hypothesized CODE window per shipping regions + first non-FF @0x2000. ISA not verified; structural only."
0x7416,0x7420,29718,29728,11,CODE,0.78,plausible,ghidra,"ghidra_insn","Ghidra listing instruction start (MCS96:LE:16:default); LJMP/LCALL are PC-relative disp16"
0x7421,0x7422,29729,29730,2,CODE,0.55,plausible,re_pipeline,"code_window_hypothesis","Hypothesized CODE window per shipping regions + first non-FF @0x2000. ISA not verified; structural only."
0x7423,0x742D,29731,29741,11,CODE,0.78,plausible,ghidra,"ghidra_insn","Ghidra listing instruction start (MCS96:LE:16:default); LJMP/LCALL are PC-relative disp16"
0x742E,0x742F,29742,29743,2,CODE,0.55,plausible,re_pipeline,"code_window_hypothesis","Hypothesized CODE window per shipping regions + first non-FF @0x2000. ISA not verified; structural only."
0x7430,0x7432,29744,29746,3,CODE,0.78,plausible,ghidra,"ghidra_insn","Ghidra listing instruction start (MCS96:LE:16:default); LJMP/LCALL are PC-relative disp16"
0x7433,0x7434,29747,29748,2,CODE,0.55,plausible,re_pipeline,"code_window_hypothesis","Hypothesized CODE window per shipping regions + first non-FF @0x2000. ISA not verified; structural only."
0x7435,0x743D,29749,29757,9,CODE,0.78,plausible,ghidra,"ghidra_insn","Ghidra listing instruction start (MCS96:LE:16:default); LJMP/LCALL are PC-relative disp16"
0x743E,0x743F,29758,29759,2,CODE,0.55,plausible,re_pipeline,"code_window_hypothesis","Hypothesized CODE window per shipping regions + first non-FF @0x2000. ISA not verified; structural only."
0x7440,0x7448,29760,29768,9,CODE,0.78,plausible,ghidra,"ghidra_insn","Ghidra listing instruction start (MCS96:LE:16:default); LJMP/LCALL are PC-relative disp16"
0x7449,0x744B,29769,29771,3,CODE,0.55,plausible,re_pipeline,"code_window_hypothesis","Hypothesized CODE window per shipping regions + first non-FF @0x2000. ISA not verified; structural only."
0x744C,0x744E,29772,29774,3,CODE,0.78,plausible,ghidra,"ghidra_insn","Ghidra listing instruction start (MCS96:LE:16:default); LJMP/LCALL are PC-relative disp16"
0x744F,0x744F,29775,29775,1,CODE,0.55,plausible,re_pipeline,"code_window_hypothesis","Hypothesized CODE window per shipping regions + first non-FF @0x2000. ISA not verified; structural only."
0x7450,0x7457,29776,29783,8,CODE,0.78,plausible,ghidra,"ghidra_insn","Ghidra listing instruction start (MCS96:LE:16:default); LJMP/LCALL are PC-relative disp16"
0x7458,0x7459,29784,29785,2,CODE,0.55,plausible,re_pipeline,"code_window_hypothesis","Hypothesized CODE window per shipping regions + first non-FF @0x2000. ISA not verified; structural only."
0x745A,0x745C,29786,29788,3,CODE,0.78,plausible,ghidra,"ghidra_insn","Ghidra listing instruction start (MCS96:LE:16:default); LJMP/LCALL are PC-relative disp16"
0x745D,0x745E,29789,29790,2,CODE,0.55,plausible,re_pipeline,"code_window_hypothesis","Hypothesized CODE window per shipping regions + first non-FF @0x2000. ISA not verified; structural only."
0x745F,0x7468,29791,29800,10,CODE,0.78,plausible,ghidra,"ghidra_insn","Ghidra listing instruction start (MCS96:LE:16:default); LJMP/LCALL are PC-relative disp16"
0x7469,0x746A,29801,29802,2,CODE,0.55,plausible,re_pipeline,"code_window_hypothesis","Hypothesized CODE window per shipping regions + first non-FF @0x2000. ISA not verified; structural only."
0x746B,0x746D,29803,29805,3,CODE,0.78,plausible,ghidra,"ghidra_insn","Ghidra listing instruction start (MCS96:LE:16:default); LJMP/LCALL are PC-relative disp16"
0x746E,0x746F,29806,29807,2,CODE,0.55,plausible,re_pipeline,"code_window_hypothesis","Hypothesized CODE window per shipping regions + first non-FF @0x2000. ISA not verified; structural only."
0x7470,0x7475,29808,29813,6,CODE,0.78,plausible,ghidra,"ghidra_insn","Ghidra listing instruction start (MCS96:LE:16:default); LJMP/LCALL are PC-relative disp16"
0x7476,0x7476,29814,29814,1,CODE,0.55,plausible,re_pipeline,"code_window_hypothesis","Hypothesized CODE window per shipping regions + first non-FF @0x2000. ISA not verified; structural only."
0x7477,0x7492,29815,29842,28,CODE,0.78,plausible,ghidra,"ghidra_insn","Ghidra listing instruction start (MCS96:LE:16:default); LJMP/LCALL are PC-relative disp16"
0x7493,0x7494,29843,29844,2,CODE,0.55,plausible,re_pipeline,"code_window_hypothesis","Hypothesized CODE window per shipping regions + first non-FF @0x2000. ISA not verified; structural only."
0x7495,0x749E,29845,29854,10,CODE,0.78,plausible,ghidra,"ghidra_insn","Ghidra listing instruction start (MCS96:LE:16:default); LJMP/LCALL are PC-relative disp16"
0x749F,0x749F,29855,29855,1,CODE,0.55,plausible,re_pipeline,"code_window_hypothesis","Hypothesized CODE window per shipping regions + first non-FF @0x2000. ISA not verified; structural only."
0x74A0,0x74A2,29856,29858,3,CODE,0.78,plausible,ghidra,"ghidra_insn","Ghidra listing instruction start (MCS96:LE:16:default); LJMP/LCALL are PC-relative disp16"
0x74A3,0x74A3,29859,29859,1,CODE,0.55,plausible,re_pipeline,"code_window_hypothesis","Hypothesized CODE window per shipping regions + first non-FF @0x2000. ISA not verified; structural only."
0x74A4,0x74A8,29860,29864,5,CODE,0.78,plausible,ghidra,"ghidra_insn","Ghidra listing instruction start (MCS96:LE:16:default); LJMP/LCALL are PC-relative disp16"
0x74A9,0x74A9,29865,29865,1,CODE,0.55,plausible,re_pipeline,"code_window_hypothesis","Hypothesized CODE window per shipping regions + first non-FF @0x2000. ISA not verified; structural only."
0x74AA,0x74AC,29866,29868,3,CODE,0.78,plausible,ghidra,"ghidra_insn","Ghidra listing instruction start (MCS96:LE:16:default); LJMP/LCALL are PC-relative disp16"
0x74AD,0x74AD,29869,29869,1,CODE,0.55,plausible,re_pipeline,"code_window_hypothesis","Hypothesized CODE window per shipping regions + first non-FF @0x2000. ISA not verified; structural only."
0x74AE,0x74B2,29870,29874,5,CODE,0.78,plausible,ghidra,"ghidra_insn","Ghidra listing instruction start (MCS96:LE:16:default); LJMP/LCALL are PC-relative disp16"
0x74B3,0x74B3,29875,29875,1,CODE,0.55,plausible,re_pipeline,"code_window_hypothesis","Hypothesized CODE window per shipping regions + first non-FF @0x2000. ISA not verified; structural only."
0x74B4,0x74C3,29876,29891,16,CODE,0.78,plausible,ghidra,"ghidra_insn","Ghidra listing instruction start (MCS96:LE:16:default); LJMP/LCALL are PC-relative disp16"
0x74C4,0x74C4,29892,29892,1,CODE,0.55,plausible,re_pipeline,"code_window_hypothesis","Hypothesized CODE window per shipping regions + first non-FF @0x2000. ISA not verified; structural only."
0x74C5,0x74CA,29893,29898,6,CODE,0.78,plausible,ghidra,"ghidra_insn","Ghidra listing instruction start (MCS96:LE:16:default); LJMP/LCALL are PC-relative disp16"
0x74CB,0x74CC,29899,29900,2,CODE,0.55,plausible,re_pipeline,"code_window_hypothesis","Hypothesized CODE window per shipping regions + first non-FF @0x2000. ISA not verified; structural only."
0x74CD,0x74CF,29901,29903,3,CODE,0.78,plausible,ghidra,"ghidra_insn","Ghidra listing instruction start (MCS96:LE:16:default); LJMP/LCALL are PC-relative disp16"
0x74D0,0x74D1,29904,29905,2,CODE,0.55,plausible,re_pipeline,"code_window_hypothesis","Hypothesized CODE window per shipping regions + first non-FF @0x2000. ISA not verified; structural only."
0x74D2,0x74F1,29906,29937,32,CODE,0.78,plausible,ghidra,"ghidra_insn","Ghidra listing instruction start (MCS96:LE:16:default); LJMP/LCALL are PC-relative disp16"
0x74F2,0x74F3,29938,29939,2,CODE,0.55,plausible,re_pipeline,"code_window_hypothesis","Hypothesized CODE window per shipping regions + first non-FF @0x2000. ISA not verified; structural only."
0x74F4,0x74FD,29940,29949,10,CODE,0.78,plausible,ghidra,"ghidra_insn","Ghidra listing instruction start (MCS96:LE:16:default); LJMP/LCALL are PC-relative disp16"
0x74FE,0x74FE,29950,29950,1,CODE,0.55,plausible,re_pipeline,"code_window_hypothesis","Hypothesized CODE window per shipping regions + first non-FF @0x2000. ISA not verified; structural only."
0x74FF,0x7501,29951,29953,3,CODE,0.78,plausible,ghidra,"ghidra_insn","Ghidra listing instruction start (MCS96:LE:16:default); LJMP/LCALL are PC-relative disp16"
0x7502,0x7502,29954,29954,1,CODE,0.55,plausible,re_pipeline,"code_window_hypothesis","Hypothesized CODE window per shipping regions + first non-FF @0x2000. ISA not verified; structural only."
0x7503,0x7507,29955,29959,5,CODE,0.78,plausible,ghidra,"ghidra_insn","Ghidra listing instruction start (MCS96:LE:16:default); LJMP/LCALL are PC-relative disp16"
0x7508,0x7508,29960,29960,1,CODE,0.55,plausible,re_pipeline,"code_window_hypothesis","Hypothesized CODE window per shipping regions + first non-FF @0x2000. ISA not verified; structural only."
0x7509,0x750B,29961,29963,3,CODE,0.78,plausible,ghidra,"ghidra_insn","Ghidra listing instruction start (MCS96:LE:16:default); LJMP/LCALL are PC-relative disp16"
0x750C,0x750C,29964,29964,1,CODE,0.55,plausible,re_pipeline,"code_window_hypothesis","Hypothesized CODE window per shipping regions + first non-FF @0x2000. ISA not verified; structural only."
0x750D,0x7511,29965,29969,5,CODE,0.78,plausible,ghidra,"ghidra_insn","Ghidra listing instruction start (MCS96:LE:16:default); LJMP/LCALL are PC-relative disp16"
0x7512,0x7512,29970,29970,1,CODE,0.55,plausible,re_pipeline,"code_window_hypothesis","Hypothesized CODE window per shipping regions + first non-FF @0x2000. ISA not verified; structural only."
0x7513,0x7522,29971,29986,16,CODE,0.78,plausible,ghidra,"ghidra_insn","Ghidra listing instruction start (MCS96:LE:16:default); LJMP/LCALL are PC-relative disp16"
0x7523,0x7523,29987,29987,1,CODE,0.55,plausible,re_pipeline,"code_window_hypothesis","Hypothesized CODE window per shipping regions + first non-FF @0x2000. ISA not verified; structural only."
0x7524,0x7529,29988,29993,6,CODE,0.78,plausible,ghidra,"ghidra_insn","Ghidra listing instruction start (MCS96:LE:16:default); LJMP/LCALL are PC-relative disp16"
0x752A,0x752B,29994,29995,2,CODE,0.55,plausible,re_pipeline,"code_window_hypothesis","Hypothesized CODE window per shipping regions + first non-FF @0x2000. ISA not verified; structural only."
0x752C,0x752E,29996,29998,3,CODE,0.78,plausible,ghidra,"ghidra_insn","Ghidra listing instruction start (MCS96:LE:16:default); LJMP/LCALL are PC-relative disp16"
0x752F,0x7530,29999,30000,2,CODE,0.55,plausible,re_pipeline,"code_window_hypothesis","Hypothesized CODE window per shipping regions + first non-FF @0x2000. ISA not verified; structural only."
0x7531,0x7544,30001,30020,20,CODE,0.78,plausible,ghidra,"ghidra_insn","Ghidra listing instruction start (MCS96:LE:16:default); LJMP/LCALL are PC-relative disp16"
0x7545,0x7545,30021,30021,1,CODE,0.55,plausible,re_pipeline,"code_window_hypothesis","Hypothesized CODE window per shipping regions + first non-FF @0x2000. ISA not verified; structural only."
0x7546,0x7556,30022,30038,17,CODE,0.78,plausible,ghidra,"ghidra_insn","Ghidra listing instruction start (MCS96:LE:16:default); LJMP/LCALL are PC-relative disp16"
0x7557,0x7557,30039,30039,1,CODE,0.55,plausible,re_pipeline,"code_window_hypothesis","Hypothesized CODE window per shipping regions + first non-FF @0x2000. ISA not verified; structural only."
0x7558,0x755F,30040,30047,8,CODE,0.78,plausible,ghidra,"ghidra_insn","Ghidra listing instruction start (MCS96:LE:16:default); LJMP/LCALL are PC-relative disp16"
0x7560,0x7560,30048,30048,1,CODE,0.55,plausible,re_pipeline,"code_window_hypothesis","Hypothesized CODE window per shipping regions + first non-FF @0x2000. ISA not verified; structural only."
0x7561,0x7568,30049,30056,8,CODE,0.78,plausible,ghidra,"ghidra_insn","Ghidra listing instruction start (MCS96:LE:16:default); LJMP/LCALL are PC-relative disp16"
0x7569,0x756A,30057,30058,2,CODE,0.55,plausible,re_pipeline,"code_window_hypothesis","Hypothesized CODE window per shipping regions + first non-FF @0x2000. ISA not verified; structural only."
0x756B,0x756D,30059,30061,3,CODE,0.78,plausible,ghidra,"ghidra_insn","Ghidra listing instruction start (MCS96:LE:16:default); LJMP/LCALL are PC-relative disp16"
0x756E,0x756F,30062,30063,2,CODE,0.55,plausible,re_pipeline,"code_window_hypothesis","Hypothesized CODE window per shipping regions + first non-FF @0x2000. ISA not verified; structural only."
0x7570,0x7572,30064,30066,3,CODE,0.78,plausible,ghidra,"ghidra_insn","Ghidra listing instruction start (MCS96:LE:16:default); LJMP/LCALL are PC-relative disp16"
0x7573,0x7574,30067,30068,2,CODE,0.55,plausible,re_pipeline,"code_window_hypothesis","Hypothesized CODE window per shipping regions + first non-FF @0x2000. ISA not verified; structural only."
0x7575,0x7578,30069,30072,4,CODE,0.78,plausible,ghidra,"ghidra_insn","Ghidra listing instruction start (MCS96:LE:16:default); LJMP/LCALL are PC-relative disp16"
0x7579,0x757B,30073,30075,3,CODE,0.55,plausible,re_pipeline,"code_window_hypothesis","Hypothesized CODE window per shipping regions + first non-FF @0x2000. ISA not verified; structural only."
0x757C,0x757E,30076,30078,3,CODE,0.78,plausible,ghidra,"ghidra_insn","Ghidra listing instruction start (MCS96:LE:16:default); LJMP/LCALL are PC-relative disp16"
0x757F,0x7580,30079,30080,2,CODE,0.55,plausible,re_pipeline,"code_window_hypothesis","Hypothesized CODE window per shipping regions + first non-FF @0x2000. ISA not verified; structural only."
0x7581,0x7588,30081,30088,8,CODE,0.78,plausible,ghidra,"ghidra_insn","Ghidra listing instruction start (MCS96:LE:16:default); LJMP/LCALL are PC-relative disp16"
0x7589,0x758B,30089,30091,3,CODE,0.55,plausible,re_pipeline,"code_window_hypothesis","Hypothesized CODE window per shipping regions + first non-FF @0x2000. ISA not verified; structural only."
0x758C,0x758E,30092,30094,3,CODE,0.78,plausible,ghidra,"ghidra_insn","Ghidra listing instruction start (MCS96:LE:16:default); LJMP/LCALL are PC-relative disp16"
0x758F,0x758F,30095,30095,1,CODE,0.55,plausible,re_pipeline,"code_window_hypothesis","Hypothesized CODE window per shipping regions + first non-FF @0x2000. ISA not verified; structural only."
0x7590,0x7595,30096,30101,6,CODE,0.78,plausible,ghidra,"ghidra_insn","Ghidra listing instruction start (MCS96:LE:16:default); LJMP/LCALL are PC-relative disp16"
0x7596,0x7597,30102,30103,2,CODE,0.55,plausible,re_pipeline,"code_window_hypothesis","Hypothesized CODE window per shipping regions + first non-FF @0x2000. ISA not verified; structural only."
0x7598,0x75A0,30104,30112,9,CODE,0.78,plausible,ghidra,"ghidra_insn","Ghidra listing instruction start (MCS96:LE:16:default); LJMP/LCALL are PC-relative disp16"
0x75A1,0x75A2,30113,30114,2,CODE,0.55,plausible,re_pipeline,"code_window_hypothesis","Hypothesized CODE window per shipping regions + first non-FF @0x2000. ISA not verified; structural only."
0x75A3,0x75A8,30115,30120,6,CODE,0.78,plausible,ghidra,"ghidra_insn","Ghidra listing instruction start (MCS96:LE:16:default); LJMP/LCALL are PC-relative disp16"
0x75A9,0x75A9,30121,30121,1,CODE,0.55,plausible,re_pipeline,"code_window_hypothesis","Hypothesized CODE window per shipping regions + first non-FF @0x2000. ISA not verified; structural only."
0x75AA,0x75B5,30122,30133,12,CODE,0.78,plausible,ghidra,"ghidra_insn","Ghidra listing instruction start (MCS96:LE:16:default); LJMP/LCALL are PC-relative disp16"
0x75B6,0x75B7,30134,30135,2,CODE,0.55,plausible,re_pipeline,"code_window_hypothesis","Hypothesized CODE window per shipping regions + first non-FF @0x2000. ISA not verified; structural only."
0x75B8,0x75BC,30136,30140,5,CODE,0.78,plausible,ghidra,"ghidra_insn","Ghidra listing instruction start (MCS96:LE:16:default); LJMP/LCALL are PC-relative disp16"
0x75BD,0x75BD,30141,30141,1,CODE,0.55,plausible,re_pipeline,"code_window_hypothesis","Hypothesized CODE window per shipping regions + first non-FF @0x2000. ISA not verified; structural only."
0x75BE,0x75C2,30142,30146,5,CODE,0.78,plausible,ghidra,"ghidra_insn","Ghidra listing instruction start (MCS96:LE:16:default); LJMP/LCALL are PC-relative disp16"
0x75C3,0x75C3,30147,30147,1,CODE,0.55,plausible,re_pipeline,"code_window_hypothesis","Hypothesized CODE window per shipping regions + first non-FF @0x2000. ISA not verified; structural only."
0x75C4,0x75C6,30148,30150,3,CODE,0.78,plausible,ghidra,"ghidra_insn","Ghidra listing instruction start (MCS96:LE:16:default); LJMP/LCALL are PC-relative disp16"
0x75C7,0x75C8,30151,30152,2,CODE,0.55,plausible,re_pipeline,"code_window_hypothesis","Hypothesized CODE window per shipping regions + first non-FF @0x2000. ISA not verified; structural only."
0x75C9,0x75CB,30153,30155,3,CODE,0.78,plausible,ghidra,"ghidra_insn","Ghidra listing instruction start (MCS96:LE:16:default); LJMP/LCALL are PC-relative disp16"
0x75CC,0x75CD,30156,30157,2,CODE,0.55,plausible,re_pipeline,"code_window_hypothesis","Hypothesized CODE window per shipping regions + first non-FF @0x2000. ISA not verified; structural only."
0x75CE,0x75D0,30158,30160,3,CODE,0.78,plausible,ghidra,"ghidra_insn","Ghidra listing instruction start (MCS96:LE:16:default); LJMP/LCALL are PC-relative disp16"
0x75D1,0x75D2,30161,30162,2,CODE,0.55,plausible,re_pipeline,"code_window_hypothesis","Hypothesized CODE window per shipping regions + first non-FF @0x2000. ISA not verified; structural only."
0x75D3,0x75D5,30163,30165,3,CODE,0.78,plausible,ghidra,"ghidra_insn","Ghidra listing instruction start (MCS96:LE:16:default); LJMP/LCALL are PC-relative disp16"
0x75D6,0x75D6,30166,30166,1,CODE,0.55,plausible,re_pipeline,"code_window_hypothesis","Hypothesized CODE window per shipping regions + first non-FF @0x2000. ISA not verified; structural only."
0x75D7,0x75DB,30167,30171,5,CODE,0.78,plausible,ghidra,"ghidra_insn","Ghidra listing instruction start (MCS96:LE:16:default); LJMP/LCALL are PC-relative disp16"
0x75DC,0x75DD,30172,30173,2,CODE,0.55,plausible,re_pipeline,"code_window_hypothesis","Hypothesized CODE window per shipping regions + first non-FF @0x2000. ISA not verified; structural only."
0x75DE,0x75E3,30174,30179,6,CODE,0.78,plausible,ghidra,"ghidra_insn","Ghidra listing instruction start (MCS96:LE:16:default); LJMP/LCALL are PC-relative disp16"
0x75E4,0x75E5,30180,30181,2,CODE,0.55,plausible,re_pipeline,"code_window_hypothesis","Hypothesized CODE window per shipping regions + first non-FF @0x2000. ISA not verified; structural only."
0x75E6,0x75E8,30182,30184,3,CODE,0.78,plausible,ghidra,"ghidra_insn","Ghidra listing instruction start (MCS96:LE:16:default); LJMP/LCALL are PC-relative disp16"
0x75E9,0x75E9,30185,30185,1,CODE,0.55,plausible,re_pipeline,"code_window_hypothesis","Hypothesized CODE window per shipping regions + first non-FF @0x2000. ISA not verified; structural only."
0x75EA,0x75EE,30186,30190,5,CODE,0.78,plausible,ghidra,"ghidra_insn","Ghidra listing instruction start (MCS96:LE:16:default); LJMP/LCALL are PC-relative disp16"
0x75EF,0x75EF,30191,30191,1,CODE,0.55,plausible,re_pipeline,"code_window_hypothesis","Hypothesized CODE window per shipping regions + first non-FF @0x2000. ISA not verified; structural only."
0x75F0,0x75F4,30192,30196,5,CODE,0.78,plausible,ghidra,"ghidra_insn","Ghidra listing instruction start (MCS96:LE:16:default); LJMP/LCALL are PC-relative disp16"
0x75F5,0x75F6,30197,30198,2,CODE,0.55,plausible,re_pipeline,"code_window_hypothesis","Hypothesized CODE window per shipping regions + first non-FF @0x2000. ISA not verified; structural only."
0x75F7,0x75F9,30199,30201,3,CODE,0.78,plausible,ghidra,"ghidra_insn","Ghidra listing instruction start (MCS96:LE:16:default); LJMP/LCALL are PC-relative disp16"
0x75FA,0x75FA,30202,30202,1,CODE,0.55,plausible,re_pipeline,"code_window_hypothesis","Hypothesized CODE window per shipping regions + first non-FF @0x2000. ISA not verified; structural only."
0x75FB,0x75FD,30203,30205,3,CODE,0.78,plausible,ghidra,"ghidra_insn","Ghidra listing instruction start (MCS96:LE:16:default); LJMP/LCALL are PC-relative disp16"
0x75FE,0x75FF,30206,30207,2,CODE,0.55,plausible,re_pipeline,"code_window_hypothesis","Hypothesized CODE window per shipping regions + first non-FF @0x2000. ISA not verified; structural only."
0x7600,0x7607,30208,30215,8,CODE,0.78,plausible,ghidra,"ghidra_insn","Ghidra listing instruction start (MCS96:LE:16:default); LJMP/LCALL are PC-relative disp16"
0x7608,0x7608,30216,30216,1,CODE,0.55,plausible,re_pipeline,"code_window_hypothesis","Hypothesized CODE window per shipping regions + first non-FF @0x2000. ISA not verified; structural only."
0x7609,0x760B,30217,30219,3,CODE,0.78,plausible,ghidra,"ghidra_insn","Ghidra listing instruction start (MCS96:LE:16:default); LJMP/LCALL are PC-relative disp16"
0x760C,0x760D,30220,30221,2,CODE,0.55,plausible,re_pipeline,"code_window_hypothesis","Hypothesized CODE window per shipping regions + first non-FF @0x2000. ISA not verified; structural only."
0x760E,0x7610,30222,30224,3,CODE,0.78,plausible,ghidra,"ghidra_insn","Ghidra listing instruction start (MCS96:LE:16:default); LJMP/LCALL are PC-relative disp16"
0x7611,0x7612,30225,30226,2,CODE,0.55,plausible,re_pipeline,"code_window_hypothesis","Hypothesized CODE window per shipping regions + first non-FF @0x2000. ISA not verified; structural only."
0x7613,0x7615,30227,30229,3,CODE,0.78,plausible,ghidra,"ghidra_insn","Ghidra listing instruction start (MCS96:LE:16:default); LJMP/LCALL are PC-relative disp16"
0x7616,0x7617,30230,30231,2,CODE,0.55,plausible,re_pipeline,"code_window_hypothesis","Hypothesized CODE window per shipping regions + first non-FF @0x2000. ISA not verified; structural only."
0x7618,0x761A,30232,30234,3,CODE,0.78,plausible,ghidra,"ghidra_insn","Ghidra listing instruction start (MCS96:LE:16:default); LJMP/LCALL are PC-relative disp16"
0x761B,0x761B,30235,30235,1,CODE,0.55,plausible,re_pipeline,"code_window_hypothesis","Hypothesized CODE window per shipping regions + first non-FF @0x2000. ISA not verified; structural only."
0x761C,0x7620,30236,30240,5,CODE,0.78,plausible,ghidra,"ghidra_insn","Ghidra listing instruction start (MCS96:LE:16:default); LJMP/LCALL are PC-relative disp16"
0x7621,0x7622,30241,30242,2,CODE,0.55,plausible,re_pipeline,"code_window_hypothesis","Hypothesized CODE window per shipping regions + first non-FF @0x2000. ISA not verified; structural only."
0x7623,0x7628,30243,30248,6,CODE,0.78,plausible,ghidra,"ghidra_insn","Ghidra listing instruction start (MCS96:LE:16:default); LJMP/LCALL are PC-relative disp16"
0x7629,0x762A,30249,30250,2,CODE,0.55,plausible,re_pipeline,"code_window_hypothesis","Hypothesized CODE window per shipping regions + first non-FF @0x2000. ISA not verified; structural only."
0x762B,0x762D,30251,30253,3,CODE,0.78,plausible,ghidra,"ghidra_insn","Ghidra listing instruction start (MCS96:LE:16:default); LJMP/LCALL are PC-relative disp16"
0x762E,0x762E,30254,30254,1,CODE,0.55,plausible,re_pipeline,"code_window_hypothesis","Hypothesized CODE window per shipping regions + first non-FF @0x2000. ISA not verified; structural only."
0x762F,0x7633,30255,30259,5,CODE,0.78,plausible,ghidra,"ghidra_insn","Ghidra listing instruction start (MCS96:LE:16:default); LJMP/LCALL are PC-relative disp16"
0x7634,0x7634,30260,30260,1,CODE,0.55,plausible,re_pipeline,"code_window_hypothesis","Hypothesized CODE window per shipping regions + first non-FF @0x2000. ISA not verified; structural only."
0x7635,0x7637,30261,30263,3,CODE,0.78,plausible,ghidra,"ghidra_insn","Ghidra listing instruction start (MCS96:LE:16:default); LJMP/LCALL are PC-relative disp16"
0x7638,0x7639,30264,30265,2,CODE,0.55,plausible,re_pipeline,"code_window_hypothesis","Hypothesized CODE window per shipping regions + first non-FF @0x2000. ISA not verified; structural only."
0x763A,0x763C,30266,30268,3,CODE,0.78,plausible,ghidra,"ghidra_insn","Ghidra listing instruction start (MCS96:LE:16:default); LJMP/LCALL are PC-relative disp16"
0x763D,0x763D,30269,30269,1,CODE,0.55,plausible,re_pipeline,"code_window_hypothesis","Hypothesized CODE window per shipping regions + first non-FF @0x2000. ISA not verified; structural only."
0x763E,0x7640,30270,30272,3,CODE,0.78,plausible,ghidra,"ghidra_insn","Ghidra listing instruction start (MCS96:LE:16:default); LJMP/LCALL are PC-relative disp16"
0x7641,0x7641,30273,30273,1,CODE,0.55,plausible,re_pipeline,"code_window_hypothesis","Hypothesized CODE window per shipping regions + first non-FF @0x2000. ISA not verified; structural only."
0x7642,0x7646,30274,30278,5,CODE,0.78,plausible,ghidra,"ghidra_insn","Ghidra listing instruction start (MCS96:LE:16:default); LJMP/LCALL are PC-relative disp16"
0x7647,0x7647,30279,30279,1,CODE,0.55,plausible,re_pipeline,"code_window_hypothesis","Hypothesized CODE window per shipping regions + first non-FF @0x2000. ISA not verified; structural only."
0x7648,0x764A,30280,30282,3,CODE,0.78,plausible,ghidra,"ghidra_insn","Ghidra listing instruction start (MCS96:LE:16:default); LJMP/LCALL are PC-relative disp16"
0x764B,0x764B,30283,30283,1,CODE,0.55,plausible,re_pipeline,"code_window_hypothesis","Hypothesized CODE window per shipping regions + first non-FF @0x2000. ISA not verified; structural only."
0x764C,0x764E,30284,30286,3,CODE,0.78,plausible,ghidra,"ghidra_insn","Ghidra listing instruction start (MCS96:LE:16:default); LJMP/LCALL are PC-relative disp16"
0x764F,0x7650,30287,30288,2,CODE,0.55,plausible,re_pipeline,"code_window_hypothesis","Hypothesized CODE window per shipping regions + first non-FF @0x2000. ISA not verified; structural only."
0x7651,0x7655,30289,30293,5,CODE,0.78,plausible,ghidra,"ghidra_insn","Ghidra listing instruction start (MCS96:LE:16:default); LJMP/LCALL are PC-relative disp16"
0x7656,0x7657,30294,30295,2,CODE,0.55,plausible,re_pipeline,"code_window_hypothesis","Hypothesized CODE window per shipping regions + first non-FF @0x2000. ISA not verified; structural only."
0x7658,0x765A,30296,30298,3,CODE,0.78,plausible,ghidra,"ghidra_insn","Ghidra listing instruction start (MCS96:LE:16:default); LJMP/LCALL are PC-relative disp16"
0x765B,0x765C,30299,30300,2,CODE,0.55,plausible,re_pipeline,"code_window_hypothesis","Hypothesized CODE window per shipping regions + first non-FF @0x2000. ISA not verified; structural only."
0x765D,0x7662,30301,30306,6,CODE,0.78,plausible,ghidra,"ghidra_insn","Ghidra listing instruction start (MCS96:LE:16:default); LJMP/LCALL are PC-relative disp16"
0x7663,0x7664,30307,30308,2,CODE,0.55,plausible,re_pipeline,"code_window_hypothesis","Hypothesized CODE window per shipping regions + first non-FF @0x2000. ISA not verified; structural only."
0x7665,0x7669,30309,30313,5,CODE,0.78,plausible,ghidra,"ghidra_insn","Ghidra listing instruction start (MCS96:LE:16:default); LJMP/LCALL are PC-relative disp16"
0x766A,0x766A,30314,30314,1,CODE,0.55,plausible,re_pipeline,"code_window_hypothesis","Hypothesized CODE window per shipping regions + first non-FF @0x2000. ISA not verified; structural only."
0x766B,0x7670,30315,30320,6,CODE,0.78,plausible,ghidra,"ghidra_insn","Ghidra listing instruction start (MCS96:LE:16:default); LJMP/LCALL are PC-relative disp16"
0x7671,0x7671,30321,30321,1,CODE,0.55,plausible,re_pipeline,"code_window_hypothesis","Hypothesized CODE window per shipping regions + first non-FF @0x2000. ISA not verified; structural only."
0x7672,0x7677,30322,30327,6,CODE,0.78,plausible,ghidra,"ghidra_insn","Ghidra listing instruction start (MCS96:LE:16:default); LJMP/LCALL are PC-relative disp16"
0x7678,0x7678,30328,30328,1,CODE,0.55,plausible,re_pipeline,"code_window_hypothesis","Hypothesized CODE window per shipping regions + first non-FF @0x2000. ISA not verified; structural only."
0x7679,0x7687,30329,30343,15,CODE,0.78,plausible,ghidra,"ghidra_insn","Ghidra listing instruction start (MCS96:LE:16:default); LJMP/LCALL are PC-relative disp16"
0x7688,0x7688,30344,30344,1,CODE,0.55,plausible,re_pipeline,"code_window_hypothesis","Hypothesized CODE window per shipping regions + first non-FF @0x2000. ISA not verified; structural only."
0x7689,0x768B,30345,30347,3,CODE,0.78,plausible,ghidra,"ghidra_insn","Ghidra listing instruction start (MCS96:LE:16:default); LJMP/LCALL are PC-relative disp16"
0x768C,0x768C,30348,30348,1,CODE,0.55,plausible,re_pipeline,"code_window_hypothesis","Hypothesized CODE window per shipping regions + first non-FF @0x2000. ISA not verified; structural only."
0x768D,0x768F,30349,30351,3,CODE,0.78,plausible,ghidra,"ghidra_insn","Ghidra listing instruction start (MCS96:LE:16:default); LJMP/LCALL are PC-relative disp16"
0x7690,0x7691,30352,30353,2,CODE,0.55,plausible,re_pipeline,"code_window_hypothesis","Hypothesized CODE window per shipping regions + first non-FF @0x2000. ISA not verified; structural only."
0x7692,0x7696,30354,30358,5,CODE,0.78,plausible,ghidra,"ghidra_insn","Ghidra listing instruction start (MCS96:LE:16:default); LJMP/LCALL are PC-relative disp16"
0x7697,0x7698,30359,30360,2,CODE,0.55,plausible,re_pipeline,"code_window_hypothesis","Hypothesized CODE window per shipping regions + first non-FF @0x2000. ISA not verified; structural only."
0x7699,0x769D,30361,30365,5,CODE,0.78,plausible,ghidra,"ghidra_insn","Ghidra listing instruction start (MCS96:LE:16:default); LJMP/LCALL are PC-relative disp16"
0x769E,0x769F,30366,30367,2,CODE,0.55,plausible,re_pipeline,"code_window_hypothesis","Hypothesized CODE window per shipping regions + first non-FF @0x2000. ISA not verified; structural only."
0x76A0,0x76A6,30368,30374,7,CODE,0.78,plausible,ghidra,"ghidra_insn","Ghidra listing instruction start (MCS96:LE:16:default); LJMP/LCALL are PC-relative disp16"
0x76A7,0x76A8,30375,30376,2,CODE,0.55,plausible,re_pipeline,"code_window_hypothesis","Hypothesized CODE window per shipping regions + first non-FF @0x2000. ISA not verified; structural only."
0x76A9,0x76AB,30377,30379,3,CODE,0.78,plausible,ghidra,"ghidra_insn","Ghidra listing instruction start (MCS96:LE:16:default); LJMP/LCALL are PC-relative disp16"
0x76AC,0x76AD,30380,30381,2,CODE,0.55,plausible,re_pipeline,"code_window_hypothesis","Hypothesized CODE window per shipping regions + first non-FF @0x2000. ISA not verified; structural only."
0x76AE,0x76B0,30382,30384,3,CODE,0.78,plausible,ghidra,"ghidra_insn","Ghidra listing instruction start (MCS96:LE:16:default); LJMP/LCALL are PC-relative disp16"
0x76B1,0x76B1,30385,30385,1,CODE,0.55,plausible,re_pipeline,"code_window_hypothesis","Hypothesized CODE window per shipping regions + first non-FF @0x2000. ISA not verified; structural only."
0x76B2,0x76B6,30386,30390,5,CODE,0.78,plausible,ghidra,"ghidra_insn","Ghidra listing instruction start (MCS96:LE:16:default); LJMP/LCALL are PC-relative disp16"
0x76B7,0x76B8,30391,30392,2,CODE,0.55,plausible,re_pipeline,"code_window_hypothesis","Hypothesized CODE window per shipping regions + first non-FF @0x2000. ISA not verified; structural only."
0x76B9,0x76BE,30393,30398,6,CODE,0.78,plausible,ghidra,"ghidra_insn","Ghidra listing instruction start (MCS96:LE:16:default); LJMP/LCALL are PC-relative disp16"
0x76BF,0x76C0,30399,30400,2,CODE,0.55,plausible,re_pipeline,"code_window_hypothesis","Hypothesized CODE window per shipping regions + first non-FF @0x2000. ISA not verified; structural only."
0x76C1,0x76C5,30401,30405,5,CODE,0.78,plausible,ghidra,"ghidra_insn","Ghidra listing instruction start (MCS96:LE:16:default); LJMP/LCALL are PC-relative disp16"
0x76C6,0x76C6,30406,30406,1,CODE,0.55,plausible,re_pipeline,"code_window_hypothesis","Hypothesized CODE window per shipping regions + first non-FF @0x2000. ISA not verified; structural only."
0x76C7,0x76CC,30407,30412,6,CODE,0.78,plausible,ghidra,"ghidra_insn","Ghidra listing instruction start (MCS96:LE:16:default); LJMP/LCALL are PC-relative disp16"
0x76CD,0x76CD,30413,30413,1,CODE,0.55,plausible,re_pipeline,"code_window_hypothesis","Hypothesized CODE window per shipping regions + first non-FF @0x2000. ISA not verified; structural only."
0x76CE,0x76D3,30414,30419,6,CODE,0.78,plausible,ghidra,"ghidra_insn","Ghidra listing instruction start (MCS96:LE:16:default); LJMP/LCALL are PC-relative disp16"
0x76D4,0x76D4,30420,30420,1,CODE,0.55,plausible,re_pipeline,"code_window_hypothesis","Hypothesized CODE window per shipping regions + first non-FF @0x2000. ISA not verified; structural only."
0x76D5,0x76E3,30421,30435,15,CODE,0.78,plausible,ghidra,"ghidra_insn","Ghidra listing instruction start (MCS96:LE:16:default); LJMP/LCALL are PC-relative disp16"
0x76E4,0x76E4,30436,30436,1,CODE,0.55,plausible,re_pipeline,"code_window_hypothesis","Hypothesized CODE window per shipping regions + first non-FF @0x2000. ISA not verified; structural only."
0x76E5,0x76E7,30437,30439,3,CODE,0.78,plausible,ghidra,"ghidra_insn","Ghidra listing instruction start (MCS96:LE:16:default); LJMP/LCALL are PC-relative disp16"
0x76E8,0x76E8,30440,30440,1,CODE,0.55,plausible,re_pipeline,"code_window_hypothesis","Hypothesized CODE window per shipping regions + first non-FF @0x2000. ISA not verified; structural only."
0x76E9,0x76EB,30441,30443,3,CODE,0.78,plausible,ghidra,"ghidra_insn","Ghidra listing instruction start (MCS96:LE:16:default); LJMP/LCALL are PC-relative disp16"
0x76EC,0x76ED,30444,30445,2,CODE,0.55,plausible,re_pipeline,"code_window_hypothesis","Hypothesized CODE window per shipping regions + first non-FF @0x2000. ISA not verified; structural only."
0x76EE,0x76F2,30446,30450,5,CODE,0.78,plausible,ghidra,"ghidra_insn","Ghidra listing instruction start (MCS96:LE:16:default); LJMP/LCALL are PC-relative disp16"
0x76F3,0x76F4,30451,30452,2,CODE,0.55,plausible,re_pipeline,"code_window_hypothesis","Hypothesized CODE window per shipping regions + first non-FF @0x2000. ISA not verified; structural only."
0x76F5,0x76F9,30453,30457,5,CODE,0.78,plausible,ghidra,"ghidra_insn","Ghidra listing instruction start (MCS96:LE:16:default); LJMP/LCALL are PC-relative disp16"
0x76FA,0x76FB,30458,30459,2,CODE,0.55,plausible,re_pipeline,"code_window_hypothesis","Hypothesized CODE window per shipping regions + first non-FF @0x2000. ISA not verified; structural only."
0x76FC,0x7700,30460,30464,5,CODE,0.78,plausible,ghidra,"ghidra_insn","Ghidra listing instruction start (MCS96:LE:16:default); LJMP/LCALL are PC-relative disp16"
0x7701,0x7701,30465,30465,1,CODE,0.55,plausible,re_pipeline,"code_window_hypothesis","Hypothesized CODE window per shipping regions + first non-FF @0x2000. ISA not verified; structural only."
0x7702,0x770A,30466,30474,9,CODE,0.78,plausible,ghidra,"ghidra_insn","Ghidra listing instruction start (MCS96:LE:16:default); LJMP/LCALL are PC-relative disp16"
0x770B,0x770B,30475,30475,1,CODE,0.55,plausible,re_pipeline,"code_window_hypothesis","Hypothesized CODE window per shipping regions + first non-FF @0x2000. ISA not verified; structural only."
0x770C,0x770E,30476,30478,3,CODE,0.78,plausible,ghidra,"ghidra_insn","Ghidra listing instruction start (MCS96:LE:16:default); LJMP/LCALL are PC-relative disp16"
0x770F,0x770F,30479,30479,1,CODE,0.55,plausible,re_pipeline,"code_window_hypothesis","Hypothesized CODE window per shipping regions + first non-FF @0x2000. ISA not verified; structural only."
0x7710,0x7712,30480,30482,3,CODE,0.78,plausible,ghidra,"ghidra_insn","Ghidra listing instruction start (MCS96:LE:16:default); LJMP/LCALL are PC-relative disp16"
0x7713,0x7713,30483,30483,1,CODE,0.55,plausible,re_pipeline,"code_window_hypothesis","Hypothesized CODE window per shipping regions + first non-FF @0x2000. ISA not verified; structural only."
0x7714,0x7716,30484,30486,3,CODE,0.78,plausible,ghidra,"ghidra_insn","Ghidra listing instruction start (MCS96:LE:16:default); LJMP/LCALL are PC-relative disp16"
0x7717,0x7718,30487,30488,2,CODE,0.55,plausible,re_pipeline,"code_window_hypothesis","Hypothesized CODE window per shipping regions + first non-FF @0x2000. ISA not verified; structural only."
0x7719,0x771E,30489,30494,6,CODE,0.78,plausible,ghidra,"ghidra_insn","Ghidra listing instruction start (MCS96:LE:16:default); LJMP/LCALL are PC-relative disp16"
0x771F,0x7720,30495,30496,2,CODE,0.55,plausible,re_pipeline,"code_window_hypothesis","Hypothesized CODE window per shipping regions + first non-FF @0x2000. ISA not verified; structural only."
0x7721,0x7725,30497,30501,5,CODE,0.78,plausible,ghidra,"ghidra_insn","Ghidra listing instruction start (MCS96:LE:16:default); LJMP/LCALL are PC-relative disp16"
0x7726,0x7727,30502,30503,2,CODE,0.55,plausible,re_pipeline,"code_window_hypothesis","Hypothesized CODE window per shipping regions + first non-FF @0x2000. ISA not verified; structural only."
0x7728,0x772A,30504,30506,3,CODE,0.78,plausible,ghidra,"ghidra_insn","Ghidra listing instruction start (MCS96:LE:16:default); LJMP/LCALL are PC-relative disp16"
0x772B,0x772C,30507,30508,2,CODE,0.55,plausible,re_pipeline,"code_window_hypothesis","Hypothesized CODE window per shipping regions + first non-FF @0x2000. ISA not verified; structural only."
0x772D,0x772F,30509,30511,3,CODE,0.78,plausible,ghidra,"ghidra_insn","Ghidra listing instruction start (MCS96:LE:16:default); LJMP/LCALL are PC-relative disp16"
0x7730,0x7731,30512,30513,2,CODE,0.55,plausible,re_pipeline,"code_window_hypothesis","Hypothesized CODE window per shipping regions + first non-FF @0x2000. ISA not verified; structural only."
0x7732,0x7736,30514,30518,5,CODE,0.78,plausible,ghidra,"ghidra_insn","Ghidra listing instruction start (MCS96:LE:16:default); LJMP/LCALL are PC-relative disp16"
0x7737,0x7738,30519,30520,2,CODE,0.55,plausible,re_pipeline,"code_window_hypothesis","Hypothesized CODE window per shipping regions + first non-FF @0x2000. ISA not verified; structural only."
0x7739,0x7746,30521,30534,14,CODE,0.78,plausible,ghidra,"ghidra_insn","Ghidra listing instruction start (MCS96:LE:16:default); LJMP/LCALL are PC-relative disp16"
0x7747,0x7747,30535,30535,1,CODE,0.55,plausible,re_pipeline,"code_window_hypothesis","Hypothesized CODE window per shipping regions + first non-FF @0x2000. ISA not verified; structural only."
0x7748,0x774F,30536,30543,8,CODE,0.78,plausible,ghidra,"ghidra_insn","Ghidra listing instruction start (MCS96:LE:16:default); LJMP/LCALL are PC-relative disp16"
0x7750,0x7750,30544,30544,1,CODE,0.55,plausible,re_pipeline,"code_window_hypothesis","Hypothesized CODE window per shipping regions + first non-FF @0x2000. ISA not verified; structural only."
0x7751,0x7755,30545,30549,5,CODE,0.78,plausible,ghidra,"ghidra_insn","Ghidra listing instruction start (MCS96:LE:16:default); LJMP/LCALL are PC-relative disp16"
0x7756,0x7757,30550,30551,2,CODE,0.55,plausible,re_pipeline,"code_window_hypothesis","Hypothesized CODE window per shipping regions + first non-FF @0x2000. ISA not verified; structural only."
0x7758,0x775A,30552,30554,3,CODE,0.78,plausible,ghidra,"ghidra_insn","Ghidra listing instruction start (MCS96:LE:16:default); LJMP/LCALL are PC-relative disp16"
0x775B,0x775B,30555,30555,1,CODE,0.55,plausible,re_pipeline,"code_window_hypothesis","Hypothesized CODE window per shipping regions + first non-FF @0x2000. ISA not verified; structural only."
0x775C,0x775E,30556,30558,3,CODE,0.78,plausible,ghidra,"ghidra_insn","Ghidra listing instruction start (MCS96:LE:16:default); LJMP/LCALL are PC-relative disp16"
0x775F,0x775F,30559,30559,1,CODE,0.55,plausible,re_pipeline,"code_window_hypothesis","Hypothesized CODE window per shipping regions + first non-FF @0x2000. ISA not verified; structural only."
0x7760,0x7764,30560,30564,5,CODE,0.78,plausible,ghidra,"ghidra_insn","Ghidra listing instruction start (MCS96:LE:16:default); LJMP/LCALL are PC-relative disp16"
0x7765,0x7766,30565,30566,2,CODE,0.55,plausible,re_pipeline,"code_window_hypothesis","Hypothesized CODE window per shipping regions + first non-FF @0x2000. ISA not verified; structural only."
0x7767,0x7769,30567,30569,3,CODE,0.78,plausible,ghidra,"ghidra_insn","Ghidra listing instruction start (MCS96:LE:16:default); LJMP/LCALL are PC-relative disp16"
0x776A,0x776A,30570,30570,1,CODE,0.55,plausible,re_pipeline,"code_window_hypothesis","Hypothesized CODE window per shipping regions + first non-FF @0x2000. ISA not verified; structural only."
0x776B,0x776F,30571,30575,5,CODE,0.78,plausible,ghidra,"ghidra_insn","Ghidra listing instruction start (MCS96:LE:16:default); LJMP/LCALL are PC-relative disp16"
0x7770,0x7770,30576,30576,1,CODE,0.55,plausible,re_pipeline,"code_window_hypothesis","Hypothesized CODE window per shipping regions + first non-FF @0x2000. ISA not verified; structural only."
0x7771,0x7773,30577,30579,3,CODE,0.78,plausible,ghidra,"ghidra_insn","Ghidra listing instruction start (MCS96:LE:16:default); LJMP/LCALL are PC-relative disp16"
0x7774,0x7775,30580,30581,2,CODE,0.55,plausible,re_pipeline,"code_window_hypothesis","Hypothesized CODE window per shipping regions + first non-FF @0x2000. ISA not verified; structural only."
0x7776,0x7778,30582,30584,3,CODE,0.78,plausible,ghidra,"ghidra_insn","Ghidra listing instruction start (MCS96:LE:16:default); LJMP/LCALL are PC-relative disp16"
0x7779,0x7779,30585,30585,1,CODE,0.55,plausible,re_pipeline,"code_window_hypothesis","Hypothesized CODE window per shipping regions + first non-FF @0x2000. ISA not verified; structural only."
0x777A,0x777C,30586,30588,3,CODE,0.78,plausible,ghidra,"ghidra_insn","Ghidra listing instruction start (MCS96:LE:16:default); LJMP/LCALL are PC-relative disp16"
0x777D,0x777E,30589,30590,2,CODE,0.55,plausible,re_pipeline,"code_window_hypothesis","Hypothesized CODE window per shipping regions + first non-FF @0x2000. ISA not verified; structural only."
0x777F,0x7781,30591,30593,3,CODE,0.78,plausible,ghidra,"ghidra_insn","Ghidra listing instruction start (MCS96:LE:16:default); LJMP/LCALL are PC-relative disp16"
0x7782,0x7783,30594,30595,2,CODE,0.55,plausible,re_pipeline,"code_window_hypothesis","Hypothesized CODE window per shipping regions + first non-FF @0x2000. ISA not verified; structural only."
0x7784,0x7786,30596,30598,3,CODE,0.78,plausible,ghidra,"ghidra_insn","Ghidra listing instruction start (MCS96:LE:16:default); LJMP/LCALL are PC-relative disp16"
0x7787,0x7788,30599,30600,2,CODE,0.55,plausible,re_pipeline,"code_window_hypothesis","Hypothesized CODE window per shipping regions + first non-FF @0x2000. ISA not verified; structural only."
0x7789,0x778B,30601,30603,3,CODE,0.78,plausible,ghidra,"ghidra_insn","Ghidra listing instruction start (MCS96:LE:16:default); LJMP/LCALL are PC-relative disp16"
0x778C,0x778D,30604,30605,2,CODE,0.55,plausible,re_pipeline,"code_window_hypothesis","Hypothesized CODE window per shipping regions + first non-FF @0x2000. ISA not verified; structural only."
0x778E,0x7796,30606,30614,9,CODE,0.78,plausible,ghidra,"ghidra_insn","Ghidra listing instruction start (MCS96:LE:16:default); LJMP/LCALL are PC-relative disp16"
0x7797,0x78A4,30615,30884,270,CODE,0.55,plausible,re_pipeline,"code_window_hypothesis","Hypothesized CODE window per shipping regions + first non-FF @0x2000. ISA not verified; structural only."
0x78A5,0x78A7,30885,30887,3,CODE,0.78,plausible,ghidra,"ghidra_insn","Ghidra listing instruction start (MCS96:LE:16:default); LJMP/LCALL are PC-relative disp16"
0x78A8,0x78A9,30888,30889,2,CODE,0.55,plausible,re_pipeline,"code_window_hypothesis","Hypothesized CODE window per shipping regions + first non-FF @0x2000. ISA not verified; structural only."
0x78AA,0x78B9,30890,30905,16,CODE,0.78,plausible,ghidra,"ghidra_insn","Ghidra listing instruction start (MCS96:LE:16:default); LJMP/LCALL are PC-relative disp16"
0x78BA,0x78BB,30906,30907,2,CODE,0.55,plausible,re_pipeline,"code_window_hypothesis","Hypothesized CODE window per shipping regions + first non-FF @0x2000. ISA not verified; structural only."
0x78BC,0x78C4,30908,30916,9,CODE,0.78,plausible,ghidra,"ghidra_insn","Ghidra listing instruction start (MCS96:LE:16:default); LJMP/LCALL are PC-relative disp16"
0x78C5,0x78C6,30917,30918,2,CODE,0.55,plausible,re_pipeline,"code_window_hypothesis","Hypothesized CODE window per shipping regions + first non-FF @0x2000. ISA not verified; structural only."
0x78C7,0x78CF,30919,30927,9,CODE,0.78,plausible,ghidra,"ghidra_insn","Ghidra listing instruction start (MCS96:LE:16:default); LJMP/LCALL are PC-relative disp16"
0x78D0,0x78D1,30928,30929,2,CODE,0.55,plausible,re_pipeline,"code_window_hypothesis","Hypothesized CODE window per shipping regions + first non-FF @0x2000. ISA not verified; structural only."
0x78D2,0x78D4,30930,30932,3,CODE,0.78,plausible,ghidra,"ghidra_insn","Ghidra listing instruction start (MCS96:LE:16:default); LJMP/LCALL are PC-relative disp16"
0x78D5,0x78D6,30933,30934,2,CODE,0.55,plausible,re_pipeline,"code_window_hypothesis","Hypothesized CODE window per shipping regions + first non-FF @0x2000. ISA not verified; structural only."
0x78D7,0x78D9,30935,30937,3,CODE,0.78,plausible,ghidra,"ghidra_insn","Ghidra listing instruction start (MCS96:LE:16:default); LJMP/LCALL are PC-relative disp16"
0x78DA,0x78DB,30938,30939,2,CODE,0.55,plausible,re_pipeline,"code_window_hypothesis","Hypothesized CODE window per shipping regions + first non-FF @0x2000. ISA not verified; structural only."
0x78DC,0x78DE,30940,30942,3,CODE,0.78,plausible,ghidra,"ghidra_insn","Ghidra listing instruction start (MCS96:LE:16:default); LJMP/LCALL are PC-relative disp16"
0x78DF,0x78E0,30943,30944,2,CODE,0.55,plausible,re_pipeline,"code_window_hypothesis","Hypothesized CODE window per shipping regions + first non-FF @0x2000. ISA not verified; structural only."
0x78E1,0x78E9,30945,30953,9,CODE,0.78,plausible,ghidra,"ghidra_insn","Ghidra listing instruction start (MCS96:LE:16:default); LJMP/LCALL are PC-relative disp16"
0x78EA,0x78EB,30954,30955,2,CODE,0.55,plausible,re_pipeline,"code_window_hypothesis","Hypothesized CODE window per shipping regions + first non-FF @0x2000. ISA not verified; structural only."
0x78EC,0x78EE,30956,30958,3,CODE,0.78,plausible,ghidra,"ghidra_insn","Ghidra listing instruction start (MCS96:LE:16:default); LJMP/LCALL are PC-relative disp16"
0x78EF,0x78F0,30959,30960,2,CODE,0.55,plausible,re_pipeline,"code_window_hypothesis","Hypothesized CODE window per shipping regions + first non-FF @0x2000. ISA not verified; structural only."
0x78F1,0x78F3,30961,30963,3,CODE,0.78,plausible,ghidra,"ghidra_insn","Ghidra listing instruction start (MCS96:LE:16:default); LJMP/LCALL are PC-relative disp16"
0x78F4,0x78F5,30964,30965,2,CODE,0.55,plausible,re_pipeline,"code_window_hypothesis","Hypothesized CODE window per shipping regions + first non-FF @0x2000. ISA not verified; structural only."
0x78F6,0x78F8,30966,30968,3,CODE,0.78,plausible,ghidra,"ghidra_insn","Ghidra listing instruction start (MCS96:LE:16:default); LJMP/LCALL are PC-relative disp16"
0x78F9,0x78FA,30969,30970,2,CODE,0.55,plausible,re_pipeline,"code_window_hypothesis","Hypothesized CODE window per shipping regions + first non-FF @0x2000. ISA not verified; structural only."
0x78FB,0x7903,30971,30979,9,CODE,0.78,plausible,ghidra,"ghidra_insn","Ghidra listing instruction start (MCS96:LE:16:default); LJMP/LCALL are PC-relative disp16"
0x7904,0x7905,30980,30981,2,CODE,0.55,plausible,re_pipeline,"code_window_hypothesis","Hypothesized CODE window per shipping regions + first non-FF @0x2000. ISA not verified; structural only."
0x7906,0x7908,30982,30984,3,CODE,0.78,plausible,ghidra,"ghidra_insn","Ghidra listing instruction start (MCS96:LE:16:default); LJMP/LCALL are PC-relative disp16"
0x7909,0x790A,30985,30986,2,CODE,0.55,plausible,re_pipeline,"code_window_hypothesis","Hypothesized CODE window per shipping regions + first non-FF @0x2000. ISA not verified; structural only."
0x790B,0x790D,30987,30989,3,CODE,0.78,plausible,ghidra,"ghidra_insn","Ghidra listing instruction start (MCS96:LE:16:default); LJMP/LCALL are PC-relative disp16"
0x790E,0x790F,30990,30991,2,CODE,0.55,plausible,re_pipeline,"code_window_hypothesis","Hypothesized CODE window per shipping regions + first non-FF @0x2000. ISA not verified; structural only."
0x7910,0x7912,30992,30994,3,CODE,0.78,plausible,ghidra,"ghidra_insn","Ghidra listing instruction start (MCS96:LE:16:default); LJMP/LCALL are PC-relative disp16"
0x7913,0x7914,30995,30996,2,CODE,0.55,plausible,re_pipeline,"code_window_hypothesis","Hypothesized CODE window per shipping regions + first non-FF @0x2000. ISA not verified; structural only."
0x7915,0x7917,30997,30999,3,CODE,0.78,plausible,ghidra,"ghidra_insn","Ghidra listing instruction start (MCS96:LE:16:default); LJMP/LCALL are PC-relative disp16"
0x7918,0x7919,31000,31001,2,CODE,0.55,plausible,re_pipeline,"code_window_hypothesis","Hypothesized CODE window per shipping regions + first non-FF @0x2000. ISA not verified; structural only."
0x791A,0x7927,31002,31015,14,CODE,0.78,plausible,ghidra,"ghidra_insn","Ghidra listing instruction start (MCS96:LE:16:default); LJMP/LCALL are PC-relative disp16"
0x7928,0x7929,31016,31017,2,CODE,0.55,plausible,re_pipeline,"code_window_hypothesis","Hypothesized CODE window per shipping regions + first non-FF @0x2000. ISA not verified; structural only."
0x792A,0x792C,31018,31020,3,CODE,0.78,plausible,ghidra,"ghidra_insn","Ghidra listing instruction start (MCS96:LE:16:default); LJMP/LCALL are PC-relative disp16"
0x792D,0x792E,31021,31022,2,CODE,0.55,plausible,re_pipeline,"code_window_hypothesis","Hypothesized CODE window per shipping regions + first non-FF @0x2000. ISA not verified; structural only."
0x792F,0x7931,31023,31025,3,CODE,0.78,plausible,ghidra,"ghidra_insn","Ghidra listing instruction start (MCS96:LE:16:default); LJMP/LCALL are PC-relative disp16"
0x7932,0x7933,31026,31027,2,CODE,0.55,plausible,re_pipeline,"code_window_hypothesis","Hypothesized CODE window per shipping regions + first non-FF @0x2000. ISA not verified; structural only."
0x7934,0x7936,31028,31030,3,CODE,0.78,plausible,ghidra,"ghidra_insn","Ghidra listing instruction start (MCS96:LE:16:default); LJMP/LCALL are PC-relative disp16"
0x7937,0x7938,31031,31032,2,CODE,0.55,plausible,re_pipeline,"code_window_hypothesis","Hypothesized CODE window per shipping regions + first non-FF @0x2000. ISA not verified; structural only."
0x7939,0x7941,31033,31041,9,CODE,0.78,plausible,ghidra,"ghidra_insn","Ghidra listing instruction start (MCS96:LE:16:default); LJMP/LCALL are PC-relative disp16"
0x7942,0x7943,31042,31043,2,CODE,0.55,plausible,re_pipeline,"code_window_hypothesis","Hypothesized CODE window per shipping regions + first non-FF @0x2000. ISA not verified; structural only."
0x7944,0x7946,31044,31046,3,CODE,0.78,plausible,ghidra,"ghidra_insn","Ghidra listing instruction start (MCS96:LE:16:default); LJMP/LCALL are PC-relative disp16"
0x7947,0x7948,31047,31048,2,CODE,0.55,plausible,re_pipeline,"code_window_hypothesis","Hypothesized CODE window per shipping regions + first non-FF @0x2000. ISA not verified; structural only."
0x7949,0x794B,31049,31051,3,CODE,0.78,plausible,ghidra,"ghidra_insn","Ghidra listing instruction start (MCS96:LE:16:default); LJMP/LCALL are PC-relative disp16"
0x794C,0x794D,31052,31053,2,CODE,0.55,plausible,re_pipeline,"code_window_hypothesis","Hypothesized CODE window per shipping regions + first non-FF @0x2000. ISA not verified; structural only."
0x794E,0x7950,31054,31056,3,CODE,0.78,plausible,ghidra,"ghidra_insn","Ghidra listing instruction start (MCS96:LE:16:default); LJMP/LCALL are PC-relative disp16"
0x7951,0x7952,31057,31058,2,CODE,0.55,plausible,re_pipeline,"code_window_hypothesis","Hypothesized CODE window per shipping regions + first non-FF @0x2000. ISA not verified; structural only."
0x7953,0x795B,31059,31067,9,CODE,0.78,plausible,ghidra,"ghidra_insn","Ghidra listing instruction start (MCS96:LE:16:default); LJMP/LCALL are PC-relative disp16"
0x795C,0x795D,31068,31069,2,CODE,0.55,plausible,re_pipeline,"code_window_hypothesis","Hypothesized CODE window per shipping regions + first non-FF @0x2000. ISA not verified; structural only."
0x795E,0x7966,31070,31078,9,CODE,0.78,plausible,ghidra,"ghidra_insn","Ghidra listing instruction start (MCS96:LE:16:default); LJMP/LCALL are PC-relative disp16"
0x7967,0x7968,31079,31080,2,CODE,0.55,plausible,re_pipeline,"code_window_hypothesis","Hypothesized CODE window per shipping regions + first non-FF @0x2000. ISA not verified; structural only."
0x7969,0x796B,31081,31083,3,CODE,0.78,plausible,ghidra,"ghidra_insn","Ghidra listing instruction start (MCS96:LE:16:default); LJMP/LCALL are PC-relative disp16"
0x796C,0x796D,31084,31085,2,CODE,0.55,plausible,re_pipeline,"code_window_hypothesis","Hypothesized CODE window per shipping regions + first non-FF @0x2000. ISA not verified; structural only."
0x796E,0x7970,31086,31088,3,CODE,0.78,plausible,ghidra,"ghidra_insn","Ghidra listing instruction start (MCS96:LE:16:default); LJMP/LCALL are PC-relative disp16"
0x7971,0x7972,31089,31090,2,CODE,0.55,plausible,re_pipeline,"code_window_hypothesis","Hypothesized CODE window per shipping regions + first non-FF @0x2000. ISA not verified; structural only."
0x7973,0x7975,31091,31093,3,CODE,0.78,plausible,ghidra,"ghidra_insn","Ghidra listing instruction start (MCS96:LE:16:default); LJMP/LCALL are PC-relative disp16"
0x7976,0x7977,31094,31095,2,CODE,0.55,plausible,re_pipeline,"code_window_hypothesis","Hypothesized CODE window per shipping regions + first non-FF @0x2000. ISA not verified; structural only."
0x7978,0x799A,31096,31130,35,CODE,0.78,plausible,ghidra,"ghidra_insn","Ghidra listing instruction start (MCS96:LE:16:default); LJMP/LCALL are PC-relative disp16"
0x799B,0x799C,31131,31132,2,CODE,0.55,plausible,re_pipeline,"code_window_hypothesis","Hypothesized CODE window per shipping regions + first non-FF @0x2000. ISA not verified; structural only."
0x799D,0x79AB,31133,31147,15,CODE,0.78,plausible,ghidra,"ghidra_insn","Ghidra listing instruction start (MCS96:LE:16:default); LJMP/LCALL are PC-relative disp16"
0x79AC,0x79AC,31148,31148,1,CODE,0.55,plausible,re_pipeline,"code_window_hypothesis","Hypothesized CODE window per shipping regions + first non-FF @0x2000. ISA not verified; structural only."
0x79AD,0x79BD,31149,31165,17,CODE,0.78,plausible,ghidra,"ghidra_insn","Ghidra listing instruction start (MCS96:LE:16:default); LJMP/LCALL are PC-relative disp16"
0x79BE,0x79BE,31166,31166,1,CODE,0.55,plausible,re_pipeline,"code_window_hypothesis","Hypothesized CODE window per shipping regions + first non-FF @0x2000. ISA not verified; structural only."
0x79BF,0x79CF,31167,31183,17,CODE,0.78,plausible,ghidra,"ghidra_insn","Ghidra listing instruction start (MCS96:LE:16:default); LJMP/LCALL are PC-relative disp16"
0x79D0,0x79D0,31184,31184,1,CODE,0.55,plausible,re_pipeline,"code_window_hypothesis","Hypothesized CODE window per shipping regions + first non-FF @0x2000. ISA not verified; structural only."
0x79D1,0x79DC,31185,31196,12,CODE,0.78,plausible,ghidra,"ghidra_insn","Ghidra listing instruction start (MCS96:LE:16:default); LJMP/LCALL are PC-relative disp16"
0x79DD,0x79DE,31197,31198,2,CODE,0.55,plausible,re_pipeline,"code_window_hypothesis","Hypothesized CODE window per shipping regions + first non-FF @0x2000. ISA not verified; structural only."
0x79DF,0x79E1,31199,31201,3,CODE,0.78,plausible,ghidra,"ghidra_insn","Ghidra listing instruction start (MCS96:LE:16:default); LJMP/LCALL are PC-relative disp16"
0x79E2,0x79E3,31202,31203,2,CODE,0.55,plausible,re_pipeline,"code_window_hypothesis","Hypothesized CODE window per shipping regions + first non-FF @0x2000. ISA not verified; structural only."
0x79E4,0x79E9,31204,31209,6,CODE,0.78,plausible,ghidra,"ghidra_insn","Ghidra listing instruction start (MCS96:LE:16:default); LJMP/LCALL are PC-relative disp16"
0x79EA,0x79EA,31210,31210,1,CODE,0.55,plausible,re_pipeline,"code_window_hypothesis","Hypothesized CODE window per shipping regions + first non-FF @0x2000. ISA not verified; structural only."
0x79EB,0x79F0,31211,31216,6,CODE,0.78,plausible,ghidra,"ghidra_insn","Ghidra listing instruction start (MCS96:LE:16:default); LJMP/LCALL are PC-relative disp16"
0x79F1,0x79F2,31217,31218,2,CODE,0.55,plausible,re_pipeline,"code_window_hypothesis","Hypothesized CODE window per shipping regions + first non-FF @0x2000. ISA not verified; structural only."
0x79F3,0x79F6,31219,31222,4,CODE,0.78,plausible,ghidra,"ghidra_insn","Ghidra listing instruction start (MCS96:LE:16:default); LJMP/LCALL are PC-relative disp16"
0x79F7,0x79F7,31223,31223,1,CODE,0.55,plausible,re_pipeline,"code_window_hypothesis","Hypothesized CODE window per shipping regions + first non-FF @0x2000. ISA not verified; structural only."
0x79F8,0x7A06,31224,31238,15,CODE,0.78,plausible,ghidra,"ghidra_insn","Ghidra listing instruction start (MCS96:LE:16:default); LJMP/LCALL are PC-relative disp16"
0x7A07,0x7A07,31239,31239,1,CODE,0.55,plausible,re_pipeline,"code_window_hypothesis","Hypothesized CODE window per shipping regions + first non-FF @0x2000. ISA not verified; structural only."
0x7A08,0x7A21,31240,31265,26,CODE,0.78,plausible,ghidra,"ghidra_insn","Ghidra listing instruction start (MCS96:LE:16:default); LJMP/LCALL are PC-relative disp16"
0x7A22,0x7A23,31266,31267,2,CODE,0.55,plausible,re_pipeline,"code_window_hypothesis","Hypothesized CODE window per shipping regions + first non-FF @0x2000. ISA not verified; structural only."
0x7A24,0x7A26,31268,31270,3,CODE,0.78,plausible,ghidra,"ghidra_insn","Ghidra listing instruction start (MCS96:LE:16:default); LJMP/LCALL are PC-relative disp16"
0x7A27,0x7A28,31271,31272,2,CODE,0.55,plausible,re_pipeline,"code_window_hypothesis","Hypothesized CODE window per shipping regions + first non-FF @0x2000. ISA not verified; structural only."
0x7A29,0x7A2B,31273,31275,3,CODE,0.78,plausible,ghidra,"ghidra_insn","Ghidra listing instruction start (MCS96:LE:16:default); LJMP/LCALL are PC-relative disp16"
0x7A2C,0x7A2D,31276,31277,2,CODE,0.55,plausible,re_pipeline,"code_window_hypothesis","Hypothesized CODE window per shipping regions + first non-FF @0x2000. ISA not verified; structural only."
0x7A2E,0x7A33,31278,31283,6,CODE,0.78,plausible,ghidra,"ghidra_insn","Ghidra listing instruction start (MCS96:LE:16:default); LJMP/LCALL are PC-relative disp16"
0x7A34,0x7A35,31284,31285,2,CODE,0.55,plausible,re_pipeline,"code_window_hypothesis","Hypothesized CODE window per shipping regions + first non-FF @0x2000. ISA not verified; structural only."
0x7A36,0x7A38,31286,31288,3,CODE,0.78,plausible,ghidra,"ghidra_insn","Ghidra listing instruction start (MCS96:LE:16:default); LJMP/LCALL are PC-relative disp16"
0x7A39,0x7A3A,31289,31290,2,CODE,0.55,plausible,re_pipeline,"code_window_hypothesis","Hypothesized CODE window per shipping regions + first non-FF @0x2000. ISA not verified; structural only."
0x7A3B,0x7A3D,31291,31293,3,CODE,0.78,plausible,ghidra,"ghidra_insn","Ghidra listing instruction start (MCS96:LE:16:default); LJMP/LCALL are PC-relative disp16"
0x7A3E,0x7A3F,31294,31295,2,CODE,0.55,plausible,re_pipeline,"code_window_hypothesis","Hypothesized CODE window per shipping regions + first non-FF @0x2000. ISA not verified; structural only."
0x7A40,0x7A45,31296,31301,6,CODE,0.78,plausible,ghidra,"ghidra_insn","Ghidra listing instruction start (MCS96:LE:16:default); LJMP/LCALL are PC-relative disp16"
0x7A46,0x7A47,31302,31303,2,CODE,0.55,plausible,re_pipeline,"code_window_hypothesis","Hypothesized CODE window per shipping regions + first non-FF @0x2000. ISA not verified; structural only."
0x7A48,0x7A4D,31304,31309,6,CODE,0.78,plausible,ghidra,"ghidra_insn","Ghidra listing instruction start (MCS96:LE:16:default); LJMP/LCALL are PC-relative disp16"
0x7A4E,0x7A4F,31310,31311,2,CODE,0.55,plausible,re_pipeline,"code_window_hypothesis","Hypothesized CODE window per shipping regions + first non-FF @0x2000. ISA not verified; structural only."
0x7A50,0x7A52,31312,31314,3,CODE,0.78,plausible,ghidra,"ghidra_insn","Ghidra listing instruction start (MCS96:LE:16:default); LJMP/LCALL are PC-relative disp16"
0x7A53,0x7A54,31315,31316,2,CODE,0.55,plausible,re_pipeline,"code_window_hypothesis","Hypothesized CODE window per shipping regions + first non-FF @0x2000. ISA not verified; structural only."
0x7A55,0x7A57,31317,31319,3,CODE,0.78,plausible,ghidra,"ghidra_insn","Ghidra listing instruction start (MCS96:LE:16:default); LJMP/LCALL are PC-relative disp16"
0x7A58,0x7A59,31320,31321,2,CODE,0.55,plausible,re_pipeline,"code_window_hypothesis","Hypothesized CODE window per shipping regions + first non-FF @0x2000. ISA not verified; structural only."
0x7A5A,0x7A5D,31322,31325,4,CODE,0.78,plausible,ghidra,"ghidra_insn","Ghidra listing instruction start (MCS96:LE:16:default); LJMP/LCALL are PC-relative disp16"
0x7A5E,0x7A5F,31326,31327,2,CODE,0.55,plausible,re_pipeline,"code_window_hypothesis","Hypothesized CODE window per shipping regions + first non-FF @0x2000. ISA not verified; structural only."
0x7A60,0x7A62,31328,31330,3,CODE,0.78,plausible,ghidra,"ghidra_insn","Ghidra listing instruction start (MCS96:LE:16:default); LJMP/LCALL are PC-relative disp16"
0x7A63,0x7A63,31331,31331,1,CODE,0.55,plausible,re_pipeline,"code_window_hypothesis","Hypothesized CODE window per shipping regions + first non-FF @0x2000. ISA not verified; structural only."
0x7A64,0x7A6B,31332,31339,8,CODE,0.78,plausible,ghidra,"ghidra_insn","Ghidra listing instruction start (MCS96:LE:16:default); LJMP/LCALL are PC-relative disp16"
0x7A6C,0x7A6D,31340,31341,2,CODE,0.55,plausible,re_pipeline,"code_window_hypothesis","Hypothesized CODE window per shipping regions + first non-FF @0x2000. ISA not verified; structural only."
0x7A6E,0x7A72,31342,31346,5,CODE,0.78,plausible,ghidra,"ghidra_insn","Ghidra listing instruction start (MCS96:LE:16:default); LJMP/LCALL are PC-relative disp16"
0x7A73,0x7A74,31347,31348,2,CODE,0.55,plausible,re_pipeline,"code_window_hypothesis","Hypothesized CODE window per shipping regions + first non-FF @0x2000. ISA not verified; structural only."
0x7A75,0x7A7C,31349,31356,8,CODE,0.78,plausible,ghidra,"ghidra_insn","Ghidra listing instruction start (MCS96:LE:16:default); LJMP/LCALL are PC-relative disp16"
0x7A7D,0x7A7D,31357,31357,1,CODE,0.55,plausible,re_pipeline,"code_window_hypothesis","Hypothesized CODE window per shipping regions + first non-FF @0x2000. ISA not verified; structural only."
0x7A7E,0x7A88,31358,31368,11,CODE,0.78,plausible,ghidra,"ghidra_insn","Ghidra listing instruction start (MCS96:LE:16:default); LJMP/LCALL are PC-relative disp16"
0x7A89,0x7A8A,31369,31370,2,CODE,0.55,plausible,re_pipeline,"code_window_hypothesis","Hypothesized CODE window per shipping regions + first non-FF @0x2000. ISA not verified; structural only."
0x7A8B,0x7A90,31371,31376,6,CODE,0.78,plausible,ghidra,"ghidra_insn","Ghidra listing instruction start (MCS96:LE:16:default); LJMP/LCALL are PC-relative disp16"
0x7A91,0x7A91,31377,31377,1,CODE,0.55,plausible,re_pipeline,"code_window_hypothesis","Hypothesized CODE window per shipping regions + first non-FF @0x2000. ISA not verified; structural only."
0x7A92,0x7AA2,31378,31394,17,CODE,0.78,plausible,ghidra,"ghidra_insn","Ghidra listing instruction start (MCS96:LE:16:default); LJMP/LCALL are PC-relative disp16"
0x7AA3,0x7AA4,31395,31396,2,CODE,0.55,plausible,re_pipeline,"code_window_hypothesis","Hypothesized CODE window per shipping regions + first non-FF @0x2000. ISA not verified; structural only."
0x7AA5,0x7AA7,31397,31399,3,CODE,0.78,plausible,ghidra,"ghidra_insn","Ghidra listing instruction start (MCS96:LE:16:default); LJMP/LCALL are PC-relative disp16"
0x7AA8,0x7AA9,31400,31401,2,CODE,0.55,plausible,re_pipeline,"code_window_hypothesis","Hypothesized CODE window per shipping regions + first non-FF @0x2000. ISA not verified; structural only."
0x7AAA,0x7AB2,31402,31410,9,CODE,0.78,plausible,ghidra,"ghidra_insn","Ghidra listing instruction start (MCS96:LE:16:default); LJMP/LCALL are PC-relative disp16"
0x7AB3,0x7AB3,31411,31411,1,CODE,0.55,plausible,re_pipeline,"code_window_hypothesis","Hypothesized CODE window per shipping regions + first non-FF @0x2000. ISA not verified; structural only."
0x7AB4,0x7ABB,31412,31419,8,CODE,0.78,plausible,ghidra,"ghidra_insn","Ghidra listing instruction start (MCS96:LE:16:default); LJMP/LCALL are PC-relative disp16"
0x7ABC,0x7ABD,31420,31421,2,CODE,0.55,plausible,re_pipeline,"code_window_hypothesis","Hypothesized CODE window per shipping regions + first non-FF @0x2000. ISA not verified; structural only."
0x7ABE,0x7AC2,31422,31426,5,CODE,0.78,plausible,ghidra,"ghidra_insn","Ghidra listing instruction start (MCS96:LE:16:default); LJMP/LCALL are PC-relative disp16"
0x7AC3,0x7AC4,31427,31428,2,CODE,0.55,plausible,re_pipeline,"code_window_hypothesis","Hypothesized CODE window per shipping regions + first non-FF @0x2000. ISA not verified; structural only."
0x7AC5,0x7ACC,31429,31436,8,CODE,0.78,plausible,ghidra,"ghidra_insn","Ghidra listing instruction start (MCS96:LE:16:default); LJMP/LCALL are PC-relative disp16"
0x7ACD,0x7ACD,31437,31437,1,CODE,0.55,plausible,re_pipeline,"code_window_hypothesis","Hypothesized CODE window per shipping regions + first non-FF @0x2000. ISA not verified; structural only."
0x7ACE,0x7AD8,31438,31448,11,CODE,0.78,plausible,ghidra,"ghidra_insn","Ghidra listing instruction start (MCS96:LE:16:default); LJMP/LCALL are PC-relative disp16"
0x7AD9,0x7ADA,31449,31450,2,CODE,0.55,plausible,re_pipeline,"code_window_hypothesis","Hypothesized CODE window per shipping regions + first non-FF @0x2000. ISA not verified; structural only."
0x7ADB,0x7AE0,31451,31456,6,CODE,0.78,plausible,ghidra,"ghidra_insn","Ghidra listing instruction start (MCS96:LE:16:default); LJMP/LCALL are PC-relative disp16"
0x7AE1,0x7AE1,31457,31457,1,CODE,0.55,plausible,re_pipeline,"code_window_hypothesis","Hypothesized CODE window per shipping regions + first non-FF @0x2000. ISA not verified; structural only."
0x7AE2,0x7AF2,31458,31474,17,CODE,0.78,plausible,ghidra,"ghidra_insn","Ghidra listing instruction start (MCS96:LE:16:default); LJMP/LCALL are PC-relative disp16"
0x7AF3,0x7AF4,31475,31476,2,CODE,0.55,plausible,re_pipeline,"code_window_hypothesis","Hypothesized CODE window per shipping regions + first non-FF @0x2000. ISA not verified; structural only."
0x7AF5,0x7AF7,31477,31479,3,CODE,0.78,plausible,ghidra,"ghidra_insn","Ghidra listing instruction start (MCS96:LE:16:default); LJMP/LCALL are PC-relative disp16"
0x7AF8,0x7AF9,31480,31481,2,CODE,0.55,plausible,re_pipeline,"code_window_hypothesis","Hypothesized CODE window per shipping regions + first non-FF @0x2000. ISA not verified; structural only."
0x7AFA,0x7B06,31482,31494,13,CODE,0.78,plausible,ghidra,"ghidra_insn","Ghidra listing instruction start (MCS96:LE:16:default); LJMP/LCALL are PC-relative disp16"
0x7B07,0x7B08,31495,31496,2,CODE,0.55,plausible,re_pipeline,"code_window_hypothesis","Hypothesized CODE window per shipping regions + first non-FF @0x2000. ISA not verified; structural only."
0x7B09,0x7B11,31497,31505,9,CODE,0.78,plausible,ghidra,"ghidra_insn","Ghidra listing instruction start (MCS96:LE:16:default); LJMP/LCALL are PC-relative disp16"
0x7B12,0x7B12,31506,31506,1,CODE,0.55,plausible,re_pipeline,"code_window_hypothesis","Hypothesized CODE window per shipping regions + first non-FF @0x2000. ISA not verified; structural only."
0x7B13,0x7B1A,31507,31514,8,CODE,0.78,plausible,ghidra,"ghidra_insn","Ghidra listing instruction start (MCS96:LE:16:default); LJMP/LCALL are PC-relative disp16"
0x7B1B,0x7B1C,31515,31516,2,CODE,0.55,plausible,re_pipeline,"code_window_hypothesis","Hypothesized CODE window per shipping regions + first non-FF @0x2000. ISA not verified; structural only."
0x7B1D,0x7B20,31517,31520,4,CODE,0.78,plausible,ghidra,"ghidra_insn","Ghidra listing instruction start (MCS96:LE:16:default); LJMP/LCALL are PC-relative disp16"
0x7B21,0x7B22,31521,31522,2,CODE,0.55,plausible,re_pipeline,"code_window_hypothesis","Hypothesized CODE window per shipping regions + first non-FF @0x2000. ISA not verified; structural only."
0x7B23,0x7B2D,31523,31533,11,CODE,0.78,plausible,ghidra,"ghidra_insn","Ghidra listing instruction start (MCS96:LE:16:default); LJMP/LCALL are PC-relative disp16"
0x7B2E,0x7B2F,31534,31535,2,CODE,0.55,plausible,re_pipeline,"code_window_hypothesis","Hypothesized CODE window per shipping regions + first non-FF @0x2000. ISA not verified; structural only."
0x7B30,0x7B38,31536,31544,9,CODE,0.78,plausible,ghidra,"ghidra_insn","Ghidra listing instruction start (MCS96:LE:16:default); LJMP/LCALL are PC-relative disp16"
0x7B39,0x7B3A,31545,31546,2,CODE,0.55,plausible,re_pipeline,"code_window_hypothesis","Hypothesized CODE window per shipping regions + first non-FF @0x2000. ISA not verified; structural only."
0x7B3B,0x7B3D,31547,31549,3,CODE,0.78,plausible,ghidra,"ghidra_insn","Ghidra listing instruction start (MCS96:LE:16:default); LJMP/LCALL are PC-relative disp16"
0x7B3E,0x7B3F,31550,31551,2,CODE,0.55,plausible,re_pipeline,"code_window_hypothesis","Hypothesized CODE window per shipping regions + first non-FF @0x2000. ISA not verified; structural only."
0x7B40,0x7B47,31552,31559,8,CODE,0.78,plausible,ghidra,"ghidra_insn","Ghidra listing instruction start (MCS96:LE:16:default); LJMP/LCALL are PC-relative disp16"
0x7B48,0x7B49,31560,31561,2,CODE,0.55,plausible,re_pipeline,"code_window_hypothesis","Hypothesized CODE window per shipping regions + first non-FF @0x2000. ISA not verified; structural only."
0x7B4A,0x7B4E,31562,31566,5,CODE,0.78,plausible,ghidra,"ghidra_insn","Ghidra listing instruction start (MCS96:LE:16:default); LJMP/LCALL are PC-relative disp16"
0x7B4F,0x7B50,31567,31568,2,CODE,0.55,plausible,re_pipeline,"code_window_hypothesis","Hypothesized CODE window per shipping regions + first non-FF @0x2000. ISA not verified; structural only."
0x7B51,0x7B53,31569,31571,3,CODE,0.78,plausible,ghidra,"ghidra_insn","Ghidra listing instruction start (MCS96:LE:16:default); LJMP/LCALL are PC-relative disp16"
0x7B54,0x7B54,31572,31572,1,CODE,0.55,plausible,re_pipeline,"code_window_hypothesis","Hypothesized CODE window per shipping regions + first non-FF @0x2000. ISA not verified; structural only."
0x7B55,0x7B59,31573,31577,5,CODE,0.78,plausible,ghidra,"ghidra_insn","Ghidra listing instruction start (MCS96:LE:16:default); LJMP/LCALL are PC-relative disp16"
0x7B5A,0x7B5A,31578,31578,1,CODE,0.55,plausible,re_pipeline,"code_window_hypothesis","Hypothesized CODE window per shipping regions + first non-FF @0x2000. ISA not verified; structural only."
0x7B5B,0x7B64,31579,31588,10,CODE,0.78,plausible,ghidra,"ghidra_insn","Ghidra listing instruction start (MCS96:LE:16:default); LJMP/LCALL are PC-relative disp16"
0x7B65,0x7B66,31589,31590,2,CODE,0.55,plausible,re_pipeline,"code_window_hypothesis","Hypothesized CODE window per shipping regions + first non-FF @0x2000. ISA not verified; structural only."
0x7B67,0x7B6B,31591,31595,5,CODE,0.78,plausible,ghidra,"ghidra_insn","Ghidra listing instruction start (MCS96:LE:16:default); LJMP/LCALL are PC-relative disp16"
0x7B6C,0x7B6C,31596,31596,1,CODE,0.55,plausible,re_pipeline,"code_window_hypothesis","Hypothesized CODE window per shipping regions + first non-FF @0x2000. ISA not verified; structural only."
0x7B6D,0x7B6F,31597,31599,3,CODE,0.78,plausible,ghidra,"ghidra_insn","Ghidra listing instruction start (MCS96:LE:16:default); LJMP/LCALL are PC-relative disp16"
0x7B70,0x7B71,31600,31601,2,CODE,0.55,plausible,re_pipeline,"code_window_hypothesis","Hypothesized CODE window per shipping regions + first non-FF @0x2000. ISA not verified; structural only."
0x7B72,0x7B76,31602,31606,5,CODE,0.78,plausible,ghidra,"ghidra_insn","Ghidra listing instruction start (MCS96:LE:16:default); LJMP/LCALL are PC-relative disp16"
0x7B77,0x7B78,31607,31608,2,CODE,0.55,plausible,re_pipeline,"code_window_hypothesis","Hypothesized CODE window per shipping regions + first non-FF @0x2000. ISA not verified; structural only."
0x7B79,0x7B7C,31609,31612,4,CODE,0.78,plausible,ghidra,"ghidra_insn","Ghidra listing instruction start (MCS96:LE:16:default); LJMP/LCALL are PC-relative disp16"
0x7B7D,0x7B7E,31613,31614,2,CODE,0.55,plausible,re_pipeline,"code_window_hypothesis","Hypothesized CODE window per shipping regions + first non-FF @0x2000. ISA not verified; structural only."
0x7B7F,0x7B87,31615,31623,9,CODE,0.78,plausible,ghidra,"ghidra_insn","Ghidra listing instruction start (MCS96:LE:16:default); LJMP/LCALL are PC-relative disp16"
0x7B88,0x7B88,31624,31624,1,CODE,0.55,plausible,re_pipeline,"code_window_hypothesis","Hypothesized CODE window per shipping regions + first non-FF @0x2000. ISA not verified; structural only."
0x7B89,0x7B93,31625,31635,11,CODE,0.78,plausible,ghidra,"ghidra_insn","Ghidra listing instruction start (MCS96:LE:16:default); LJMP/LCALL are PC-relative disp16"
0x7B94,0x7B94,31636,31636,1,CODE,0.55,plausible,re_pipeline,"code_window_hypothesis","Hypothesized CODE window per shipping regions + first non-FF @0x2000. ISA not verified; structural only."
0x7B95,0x7B97,31637,31639,3,CODE,0.78,plausible,ghidra,"ghidra_insn","Ghidra listing instruction start (MCS96:LE:16:default); LJMP/LCALL are PC-relative disp16"
0x7B98,0x7B99,31640,31641,2,CODE,0.55,plausible,re_pipeline,"code_window_hypothesis","Hypothesized CODE window per shipping regions + first non-FF @0x2000. ISA not verified; structural only."
0x7B9A,0x7BA7,31642,31655,14,CODE,0.78,plausible,ghidra,"ghidra_insn","Ghidra listing instruction start (MCS96:LE:16:default); LJMP/LCALL are PC-relative disp16"
0x7BA8,0x7BA8,31656,31656,1,CODE,0.55,plausible,re_pipeline,"code_window_hypothesis","Hypothesized CODE window per shipping regions + first non-FF @0x2000. ISA not verified; structural only."
0x7BA9,0x7BAD,31657,31661,5,CODE,0.78,plausible,ghidra,"ghidra_insn","Ghidra listing instruction start (MCS96:LE:16:default); LJMP/LCALL are PC-relative disp16"
0x7BAE,0x7BAE,31662,31662,1,CODE,0.55,plausible,re_pipeline,"code_window_hypothesis","Hypothesized CODE window per shipping regions + first non-FF @0x2000. ISA not verified; structural only."
0x7BAF,0x7BB3,31663,31667,5,CODE,0.78,plausible,ghidra,"ghidra_insn","Ghidra listing instruction start (MCS96:LE:16:default); LJMP/LCALL are PC-relative disp16"
0x7BB4,0x7BB4,31668,31668,1,CODE,0.55,plausible,re_pipeline,"code_window_hypothesis","Hypothesized CODE window per shipping regions + first non-FF @0x2000. ISA not verified; structural only."
0x7BB5,0x7BB9,31669,31673,5,CODE,0.78,plausible,ghidra,"ghidra_insn","Ghidra listing instruction start (MCS96:LE:16:default); LJMP/LCALL are PC-relative disp16"
0x7BBA,0x7BBB,31674,31675,2,CODE,0.55,plausible,re_pipeline,"code_window_hypothesis","Hypothesized CODE window per shipping regions + first non-FF @0x2000. ISA not verified; structural only."
0x7BBC,0x7BBE,31676,31678,3,CODE,0.78,plausible,ghidra,"ghidra_insn","Ghidra listing instruction start (MCS96:LE:16:default); LJMP/LCALL are PC-relative disp16"
0x7BBF,0x7BBF,31679,31679,1,CODE,0.55,plausible,re_pipeline,"code_window_hypothesis","Hypothesized CODE window per shipping regions + first non-FF @0x2000. ISA not verified; structural only."
0x7BC0,0x7BC7,31680,31687,8,CODE,0.78,plausible,ghidra,"ghidra_insn","Ghidra listing instruction start (MCS96:LE:16:default); LJMP/LCALL are PC-relative disp16"
0x7BC8,0x7BC9,31688,31689,2,CODE,0.55,plausible,re_pipeline,"code_window_hypothesis","Hypothesized CODE window per shipping regions + first non-FF @0x2000. ISA not verified; structural only."
0x7BCA,0x7BD3,31690,31699,10,CODE,0.78,plausible,ghidra,"ghidra_insn","Ghidra listing instruction start (MCS96:LE:16:default); LJMP/LCALL are PC-relative disp16"
0x7BD4,0x7BD6,31700,31702,3,CODE,0.55,plausible,re_pipeline,"code_window_hypothesis","Hypothesized CODE window per shipping regions + first non-FF @0x2000. ISA not verified; structural only."
0x7BD7,0x7BD9,31703,31705,3,CODE,0.78,plausible,ghidra,"ghidra_insn","Ghidra listing instruction start (MCS96:LE:16:default); LJMP/LCALL are PC-relative disp16"
0x7BDA,0x7BDA,31706,31706,1,CODE,0.55,plausible,re_pipeline,"code_window_hypothesis","Hypothesized CODE window per shipping regions + first non-FF @0x2000. ISA not verified; structural only."
0x7BDB,0x7BDF,31707,31711,5,CODE,0.78,plausible,ghidra,"ghidra_insn","Ghidra listing instruction start (MCS96:LE:16:default); LJMP/LCALL are PC-relative disp16"
0x7BE0,0x7BE0,31712,31712,1,CODE,0.55,plausible,re_pipeline,"code_window_hypothesis","Hypothesized CODE window per shipping regions + first non-FF @0x2000. ISA not verified; structural only."
0x7BE1,0x7BE7,31713,31719,7,CODE,0.78,plausible,ghidra,"ghidra_insn","Ghidra listing instruction start (MCS96:LE:16:default); LJMP/LCALL are PC-relative disp16"
0x7BE8,0x7BEA,31720,31722,3,CODE,0.55,plausible,re_pipeline,"code_window_hypothesis","Hypothesized CODE window per shipping regions + first non-FF @0x2000. ISA not verified; structural only."
0x7BEB,0x7BED,31723,31725,3,CODE,0.78,plausible,ghidra,"ghidra_insn","Ghidra listing instruction start (MCS96:LE:16:default); LJMP/LCALL are PC-relative disp16"
0x7BEE,0x7BEF,31726,31727,2,CODE,0.55,plausible,re_pipeline,"code_window_hypothesis","Hypothesized CODE window per shipping regions + first non-FF @0x2000. ISA not verified; structural only."
0x7BF0,0x7BF4,31728,31732,5,CODE,0.78,plausible,ghidra,"ghidra_insn","Ghidra listing instruction start (MCS96:LE:16:default); LJMP/LCALL are PC-relative disp16"
0x7BF5,0x7BF6,31733,31734,2,CODE,0.55,plausible,re_pipeline,"code_window_hypothesis","Hypothesized CODE window per shipping regions + first non-FF @0x2000. ISA not verified; structural only."
0x7BF7,0x7BFB,31735,31739,5,CODE,0.78,plausible,ghidra,"ghidra_insn","Ghidra listing instruction start (MCS96:LE:16:default); LJMP/LCALL are PC-relative disp16"
0x7BFC,0x7BFE,31740,31742,3,CODE,0.55,plausible,re_pipeline,"code_window_hypothesis","Hypothesized CODE window per shipping regions + first non-FF @0x2000. ISA not verified; structural only."
0x7BFF,0x7C01,31743,31745,3,CODE,0.78,plausible,ghidra,"ghidra_insn","Ghidra listing instruction start (MCS96:LE:16:default); LJMP/LCALL are PC-relative disp16"
0x7C02,0x7C02,31746,31746,1,CODE,0.55,plausible,re_pipeline,"code_window_hypothesis","Hypothesized CODE window per shipping regions + first non-FF @0x2000. ISA not verified; structural only."
0x7C03,0x7C08,31747,31752,6,CODE,0.78,plausible,ghidra,"ghidra_insn","Ghidra listing instruction start (MCS96:LE:16:default); LJMP/LCALL are PC-relative disp16"
0x7C09,0x7C09,31753,31753,1,CODE,0.55,plausible,re_pipeline,"code_window_hypothesis","Hypothesized CODE window per shipping regions + first non-FF @0x2000. ISA not verified; structural only."
0x7C0A,0x7C0C,31754,31756,3,CODE,0.78,plausible,ghidra,"ghidra_insn","Ghidra listing instruction start (MCS96:LE:16:default); LJMP/LCALL are PC-relative disp16"
0x7C0D,0x7C0E,31757,31758,2,CODE,0.55,plausible,re_pipeline,"code_window_hypothesis","Hypothesized CODE window per shipping regions + first non-FF @0x2000. ISA not verified; structural only."
0x7C0F,0x7C11,31759,31761,3,CODE,0.78,plausible,ghidra,"ghidra_insn","Ghidra listing instruction start (MCS96:LE:16:default); LJMP/LCALL are PC-relative disp16"
0x7C12,0x7C13,31762,31763,2,CODE,0.55,plausible,re_pipeline,"code_window_hypothesis","Hypothesized CODE window per shipping regions + first non-FF @0x2000. ISA not verified; structural only."
0x7C14,0x7C1D,31764,31773,10,CODE,0.78,plausible,ghidra,"ghidra_insn","Ghidra listing instruction start (MCS96:LE:16:default); LJMP/LCALL are PC-relative disp16"
0x7C1E,0x7C1E,31774,31774,1,CODE,0.55,plausible,re_pipeline,"code_window_hypothesis","Hypothesized CODE window per shipping regions + first non-FF @0x2000. ISA not verified; structural only."
0x7C1F,0x7C21,31775,31777,3,CODE,0.78,plausible,ghidra,"ghidra_insn","Ghidra listing instruction start (MCS96:LE:16:default); LJMP/LCALL are PC-relative disp16"
0x7C22,0x7C23,31778,31779,2,CODE,0.55,plausible,re_pipeline,"code_window_hypothesis","Hypothesized CODE window per shipping regions + first non-FF @0x2000. ISA not verified; structural only."
0x7C24,0x7C26,31780,31782,3,CODE,0.78,plausible,ghidra,"ghidra_insn","Ghidra listing instruction start (MCS96:LE:16:default); LJMP/LCALL are PC-relative disp16"
0x7C27,0x7C28,31783,31784,2,CODE,0.55,plausible,re_pipeline,"code_window_hypothesis","Hypothesized CODE window per shipping regions + first non-FF @0x2000. ISA not verified; structural only."
0x7C29,0x7C40,31785,31808,24,CODE,0.78,plausible,ghidra,"ghidra_insn","Ghidra listing instruction start (MCS96:LE:16:default); LJMP/LCALL are PC-relative disp16"
0x7C41,0x7C42,31809,31810,2,CODE,0.55,plausible,re_pipeline,"code_window_hypothesis","Hypothesized CODE window per shipping regions + first non-FF @0x2000. ISA not verified; structural only."
0x7C43,0x7C45,31811,31813,3,CODE,0.78,plausible,ghidra,"ghidra_insn","Ghidra listing instruction start (MCS96:LE:16:default); LJMP/LCALL are PC-relative disp16"
0x7C46,0x7C46,31814,31814,1,CODE,0.55,plausible,re_pipeline,"code_window_hypothesis","Hypothesized CODE window per shipping regions + first non-FF @0x2000. ISA not verified; structural only."
0x7C47,0x7C49,31815,31817,3,CODE,0.78,plausible,ghidra,"ghidra_insn","Ghidra listing instruction start (MCS96:LE:16:default); LJMP/LCALL are PC-relative disp16"
0x7C4A,0x7C4B,31818,31819,2,CODE,0.55,plausible,re_pipeline,"code_window_hypothesis","Hypothesized CODE window per shipping regions + first non-FF @0x2000. ISA not verified; structural only."
0x7C4C,0x7C51,31820,31825,6,CODE,0.78,plausible,ghidra,"ghidra_insn","Ghidra listing instruction start (MCS96:LE:16:default); LJMP/LCALL are PC-relative disp16"
0x7C52,0x7C53,31826,31827,2,CODE,0.55,plausible,re_pipeline,"code_window_hypothesis","Hypothesized CODE window per shipping regions + first non-FF @0x2000. ISA not verified; structural only."
0x7C54,0x7C57,31828,31831,4,CODE,0.78,plausible,ghidra,"ghidra_insn","Ghidra listing instruction start (MCS96:LE:16:default); LJMP/LCALL are PC-relative disp16"
0x7C58,0x7C59,31832,31833,2,CODE,0.55,plausible,re_pipeline,"code_window_hypothesis","Hypothesized CODE window per shipping regions + first non-FF @0x2000. ISA not verified; structural only."
0x7C5A,0x7C61,31834,31841,8,CODE,0.78,plausible,ghidra,"ghidra_insn","Ghidra listing instruction start (MCS96:LE:16:default); LJMP/LCALL are PC-relative disp16"
0x7C62,0x7C62,31842,31842,1,CODE,0.55,plausible,re_pipeline,"code_window_hypothesis","Hypothesized CODE window per shipping regions + first non-FF @0x2000. ISA not verified; structural only."
0x7C63,0x7C67,31843,31847,5,CODE,0.78,plausible,ghidra,"ghidra_insn","Ghidra listing instruction start (MCS96:LE:16:default); LJMP/LCALL are PC-relative disp16"
0x7C68,0x7C68,31848,31848,1,CODE,0.55,plausible,re_pipeline,"code_window_hypothesis","Hypothesized CODE window per shipping regions + first non-FF @0x2000. ISA not verified; structural only."
0x7C69,0x7C6D,31849,31853,5,CODE,0.78,plausible,ghidra,"ghidra_insn","Ghidra listing instruction start (MCS96:LE:16:default); LJMP/LCALL are PC-relative disp16"
0x7C6E,0x7C6E,31854,31854,1,CODE,0.55,plausible,re_pipeline,"code_window_hypothesis","Hypothesized CODE window per shipping regions + first non-FF @0x2000. ISA not verified; structural only."
0x7C6F,0x7C71,31855,31857,3,CODE,0.78,plausible,ghidra,"ghidra_insn","Ghidra listing instruction start (MCS96:LE:16:default); LJMP/LCALL are PC-relative disp16"
0x7C72,0x7C73,31858,31859,2,CODE,0.55,plausible,re_pipeline,"code_window_hypothesis","Hypothesized CODE window per shipping regions + first non-FF @0x2000. ISA not verified; structural only."
0x7C74,0x7C76,31860,31862,3,CODE,0.78,plausible,ghidra,"ghidra_insn","Ghidra listing instruction start (MCS96:LE:16:default); LJMP/LCALL are PC-relative disp16"
0x7C77,0x7C78,31863,31864,2,CODE,0.55,plausible,re_pipeline,"code_window_hypothesis","Hypothesized CODE window per shipping regions + first non-FF @0x2000. ISA not verified; structural only."
0x7C79,0x7C7B,31865,31867,3,CODE,0.78,plausible,ghidra,"ghidra_insn","Ghidra listing instruction start (MCS96:LE:16:default); LJMP/LCALL are PC-relative disp16"
0x7C7C,0x7C7D,31868,31869,2,CODE,0.55,plausible,re_pipeline,"code_window_hypothesis","Hypothesized CODE window per shipping regions + first non-FF @0x2000. ISA not verified; structural only."
0x7C7E,0x7C94,31870,31892,23,CODE,0.78,plausible,ghidra,"ghidra_insn","Ghidra listing instruction start (MCS96:LE:16:default); LJMP/LCALL are PC-relative disp16"
0x7C95,0x7C96,31893,31894,2,CODE,0.55,plausible,re_pipeline,"code_window_hypothesis","Hypothesized CODE window per shipping regions + first non-FF @0x2000. ISA not verified; structural only."
0x7C97,0x7CA1,31895,31905,11,CODE,0.78,plausible,ghidra,"ghidra_insn","Ghidra listing instruction start (MCS96:LE:16:default); LJMP/LCALL are PC-relative disp16"
0x7CA2,0x7CA3,31906,31907,2,CODE,0.55,plausible,re_pipeline,"code_window_hypothesis","Hypothesized CODE window per shipping regions + first non-FF @0x2000. ISA not verified; structural only."
0x7CA4,0x7CAE,31908,31918,11,CODE,0.78,plausible,ghidra,"ghidra_insn","Ghidra listing instruction start (MCS96:LE:16:default); LJMP/LCALL are PC-relative disp16"
0x7CAF,0x7CB0,31919,31920,2,CODE,0.55,plausible,re_pipeline,"code_window_hypothesis","Hypothesized CODE window per shipping regions + first non-FF @0x2000. ISA not verified; structural only."
0x7CB1,0x7CBB,31921,31931,11,CODE,0.78,plausible,ghidra,"ghidra_insn","Ghidra listing instruction start (MCS96:LE:16:default); LJMP/LCALL are PC-relative disp16"
0x7CBC,0x7CBD,31932,31933,2,CODE,0.55,plausible,re_pipeline,"code_window_hypothesis","Hypothesized CODE window per shipping regions + first non-FF @0x2000. ISA not verified; structural only."
0x7CBE,0x7CC8,31934,31944,11,CODE,0.78,plausible,ghidra,"ghidra_insn","Ghidra listing instruction start (MCS96:LE:16:default); LJMP/LCALL are PC-relative disp16"
0x7CC9,0x7CC9,31945,31945,1,CODE,0.55,plausible,re_pipeline,"code_window_hypothesis","Hypothesized CODE window per shipping regions + first non-FF @0x2000. ISA not verified; structural only."
0x7CCA,0x7CCC,31946,31948,3,CODE,0.78,plausible,ghidra,"ghidra_insn","Ghidra listing instruction start (MCS96:LE:16:default); LJMP/LCALL are PC-relative disp16"
0x7CCD,0x7CCE,31949,31950,2,CODE,0.55,plausible,re_pipeline,"code_window_hypothesis","Hypothesized CODE window per shipping regions + first non-FF @0x2000. ISA not verified; structural only."
0x7CCF,0x7CD1,31951,31953,3,CODE,0.78,plausible,ghidra,"ghidra_insn","Ghidra listing instruction start (MCS96:LE:16:default); LJMP/LCALL are PC-relative disp16"
0x7CD2,0x7CD3,31954,31955,2,CODE,0.55,plausible,re_pipeline,"code_window_hypothesis","Hypothesized CODE window per shipping regions + first non-FF @0x2000. ISA not verified; structural only."
0x7CD4,0x7CDD,31956,31965,10,CODE,0.78,plausible,ghidra,"ghidra_insn","Ghidra listing instruction start (MCS96:LE:16:default); LJMP/LCALL are PC-relative disp16"
0x7CDE,0x7CDE,31966,31966,1,CODE,0.55,plausible,re_pipeline,"code_window_hypothesis","Hypothesized CODE window per shipping regions + first non-FF @0x2000. ISA not verified; structural only."
0x7CDF,0x7CE1,31967,31969,3,CODE,0.78,plausible,ghidra,"ghidra_insn","Ghidra listing instruction start (MCS96:LE:16:default); LJMP/LCALL are PC-relative disp16"
0x7CE2,0x7CE3,31970,31971,2,CODE,0.55,plausible,re_pipeline,"code_window_hypothesis","Hypothesized CODE window per shipping regions + first non-FF @0x2000. ISA not verified; structural only."
0x7CE4,0x7CE6,31972,31974,3,CODE,0.78,plausible,ghidra,"ghidra_insn","Ghidra listing instruction start (MCS96:LE:16:default); LJMP/LCALL are PC-relative disp16"
0x7CE7,0x7CE8,31975,31976,2,CODE,0.55,plausible,re_pipeline,"code_window_hypothesis","Hypothesized CODE window per shipping regions + first non-FF @0x2000. ISA not verified; structural only."
0x7CE9,0x7D00,31977,32000,24,CODE,0.78,plausible,ghidra,"ghidra_insn","Ghidra listing instruction start (MCS96:LE:16:default); LJMP/LCALL are PC-relative disp16"
0x7D01,0x7D02,32001,32002,2,CODE,0.55,plausible,re_pipeline,"code_window_hypothesis","Hypothesized CODE window per shipping regions + first non-FF @0x2000. ISA not verified; structural only."
0x7D03,0x7D05,32003,32005,3,CODE,0.78,plausible,ghidra,"ghidra_insn","Ghidra listing instruction start (MCS96:LE:16:default); LJMP/LCALL are PC-relative disp16"
0x7D06,0x7D06,32006,32006,1,CODE,0.55,plausible,re_pipeline,"code_window_hypothesis","Hypothesized CODE window per shipping regions + first non-FF @0x2000. ISA not verified; structural only."
0x7D07,0x7D09,32007,32009,3,CODE,0.78,plausible,ghidra,"ghidra_insn","Ghidra listing instruction start (MCS96:LE:16:default); LJMP/LCALL are PC-relative disp16"
0x7D0A,0x7D0B,32010,32011,2,CODE,0.55,plausible,re_pipeline,"code_window_hypothesis","Hypothesized CODE window per shipping regions + first non-FF @0x2000. ISA not verified; structural only."
0x7D0C,0x7D11,32012,32017,6,CODE,0.78,plausible,ghidra,"ghidra_insn","Ghidra listing instruction start (MCS96:LE:16:default); LJMP/LCALL are PC-relative disp16"
0x7D12,0x7D13,32018,32019,2,CODE,0.55,plausible,re_pipeline,"code_window_hypothesis","Hypothesized CODE window per shipping regions + first non-FF @0x2000. ISA not verified; structural only."
0x7D14,0x7D17,32020,32023,4,CODE,0.78,plausible,ghidra,"ghidra_insn","Ghidra listing instruction start (MCS96:LE:16:default); LJMP/LCALL are PC-relative disp16"
0x7D18,0x7D19,32024,32025,2,CODE,0.55,plausible,re_pipeline,"code_window_hypothesis","Hypothesized CODE window per shipping regions + first non-FF @0x2000. ISA not verified; structural only."
0x7D1A,0x7D21,32026,32033,8,CODE,0.78,plausible,ghidra,"ghidra_insn","Ghidra listing instruction start (MCS96:LE:16:default); LJMP/LCALL are PC-relative disp16"
0x7D22,0x7D22,32034,32034,1,CODE,0.55,plausible,re_pipeline,"code_window_hypothesis","Hypothesized CODE window per shipping regions + first non-FF @0x2000. ISA not verified; structural only."
0x7D23,0x7D27,32035,32039,5,CODE,0.78,plausible,ghidra,"ghidra_insn","Ghidra listing instruction start (MCS96:LE:16:default); LJMP/LCALL are PC-relative disp16"
0x7D28,0x7D28,32040,32040,1,CODE,0.55,plausible,re_pipeline,"code_window_hypothesis","Hypothesized CODE window per shipping regions + first non-FF @0x2000. ISA not verified; structural only."
0x7D29,0x7D2D,32041,32045,5,CODE,0.78,plausible,ghidra,"ghidra_insn","Ghidra listing instruction start (MCS96:LE:16:default); LJMP/LCALL are PC-relative disp16"
0x7D2E,0x7D2E,32046,32046,1,CODE,0.55,plausible,re_pipeline,"code_window_hypothesis","Hypothesized CODE window per shipping regions + first non-FF @0x2000. ISA not verified; structural only."
0x7D2F,0x7D31,32047,32049,3,CODE,0.78,plausible,ghidra,"ghidra_insn","Ghidra listing instruction start (MCS96:LE:16:default); LJMP/LCALL are PC-relative disp16"
0x7D32,0x7D33,32050,32051,2,CODE,0.55,plausible,re_pipeline,"code_window_hypothesis","Hypothesized CODE window per shipping regions + first non-FF @0x2000. ISA not verified; structural only."
0x7D34,0x7D36,32052,32054,3,CODE,0.78,plausible,ghidra,"ghidra_insn","Ghidra listing instruction start (MCS96:LE:16:default); LJMP/LCALL are PC-relative disp16"
0x7D37,0x7D38,32055,32056,2,CODE,0.55,plausible,re_pipeline,"code_window_hypothesis","Hypothesized CODE window per shipping regions + first non-FF @0x2000. ISA not verified; structural only."
0x7D39,0x7D3B,32057,32059,3,CODE,0.78,plausible,ghidra,"ghidra_insn","Ghidra listing instruction start (MCS96:LE:16:default); LJMP/LCALL are PC-relative disp16"
0x7D3C,0x7D3D,32060,32061,2,CODE,0.55,plausible,re_pipeline,"code_window_hypothesis","Hypothesized CODE window per shipping regions + first non-FF @0x2000. ISA not verified; structural only."
0x7D3E,0x7D54,32062,32084,23,CODE,0.78,plausible,ghidra,"ghidra_insn","Ghidra listing instruction start (MCS96:LE:16:default); LJMP/LCALL are PC-relative disp16"
0x7D55,0x7D56,32085,32086,2,CODE,0.55,plausible,re_pipeline,"code_window_hypothesis","Hypothesized CODE window per shipping regions + first non-FF @0x2000. ISA not verified; structural only."
0x7D57,0x7D61,32087,32097,11,CODE,0.78,plausible,ghidra,"ghidra_insn","Ghidra listing instruction start (MCS96:LE:16:default); LJMP/LCALL are PC-relative disp16"
0x7D62,0x7D63,32098,32099,2,CODE,0.55,plausible,re_pipeline,"code_window_hypothesis","Hypothesized CODE window per shipping regions + first non-FF @0x2000. ISA not verified; structural only."
0x7D64,0x7D6E,32100,32110,11,CODE,0.78,plausible,ghidra,"ghidra_insn","Ghidra listing instruction start (MCS96:LE:16:default); LJMP/LCALL are PC-relative disp16"
0x7D6F,0x7D70,32111,32112,2,CODE,0.55,plausible,re_pipeline,"code_window_hypothesis","Hypothesized CODE window per shipping regions + first non-FF @0x2000. ISA not verified; structural only."
0x7D71,0x7D7B,32113,32123,11,CODE,0.78,plausible,ghidra,"ghidra_insn","Ghidra listing instruction start (MCS96:LE:16:default); LJMP/LCALL are PC-relative disp16"
0x7D7C,0x7D7D,32124,32125,2,CODE,0.55,plausible,re_pipeline,"code_window_hypothesis","Hypothesized CODE window per shipping regions + first non-FF @0x2000. ISA not verified; structural only."
0x7D7E,0x7D88,32126,32136,11,CODE,0.78,plausible,ghidra,"ghidra_insn","Ghidra listing instruction start (MCS96:LE:16:default); LJMP/LCALL are PC-relative disp16"
0x7D89,0x7D8A,32137,32138,2,CODE,0.55,plausible,re_pipeline,"code_window_hypothesis","Hypothesized CODE window per shipping regions + first non-FF @0x2000. ISA not verified; structural only."
0x7D8B,0x7D8D,32139,32141,3,CODE,0.78,plausible,ghidra,"ghidra_insn","Ghidra listing instruction start (MCS96:LE:16:default); LJMP/LCALL are PC-relative disp16"
0x7D8E,0x7D8E,32142,32142,1,CODE,0.55,plausible,re_pipeline,"code_window_hypothesis","Hypothesized CODE window per shipping regions + first non-FF @0x2000. ISA not verified; structural only."
0x7D8F,0x7D91,32143,32145,3,CODE,0.78,plausible,ghidra,"ghidra_insn","Ghidra listing instruction start (MCS96:LE:16:default); LJMP/LCALL are PC-relative disp16"
0x7D92,0x7D93,32146,32147,2,CODE,0.55,plausible,re_pipeline,"code_window_hypothesis","Hypothesized CODE window per shipping regions + first non-FF @0x2000. ISA not verified; structural only."
0x7D94,0x7D9B,32148,32155,8,CODE,0.78,plausible,ghidra,"ghidra_insn","Ghidra listing instruction start (MCS96:LE:16:default); LJMP/LCALL are PC-relative disp16"
0x7D9C,0x7D9C,32156,32156,1,CODE,0.55,plausible,re_pipeline,"code_window_hypothesis","Hypothesized CODE window per shipping regions + first non-FF @0x2000. ISA not verified; structural only."
0x7D9D,0x7D9F,32157,32159,3,CODE,0.78,plausible,ghidra,"ghidra_insn","Ghidra listing instruction start (MCS96:LE:16:default); LJMP/LCALL are PC-relative disp16"
0x7DA0,0x7DA1,32160,32161,2,CODE,0.55,plausible,re_pipeline,"code_window_hypothesis","Hypothesized CODE window per shipping regions + first non-FF @0x2000. ISA not verified; structural only."
0x7DA2,0x7DA7,32162,32167,6,CODE,0.78,plausible,ghidra,"ghidra_insn","Ghidra listing instruction start (MCS96:LE:16:default); LJMP/LCALL are PC-relative disp16"
0x7DA8,0x7DA8,32168,32168,1,CODE,0.55,plausible,re_pipeline,"code_window_hypothesis","Hypothesized CODE window per shipping regions + first non-FF @0x2000. ISA not verified; structural only."
0x7DA9,0x7DAE,32169,32174,6,CODE,0.78,plausible,ghidra,"ghidra_insn","Ghidra listing instruction start (MCS96:LE:16:default); LJMP/LCALL are PC-relative disp16"
0x7DAF,0x7DAF,32175,32175,1,CODE,0.55,plausible,re_pipeline,"code_window_hypothesis","Hypothesized CODE window per shipping regions + first non-FF @0x2000. ISA not verified; structural only."
0x7DB0,0x7DB4,32176,32180,5,CODE,0.78,plausible,ghidra,"ghidra_insn","Ghidra listing instruction start (MCS96:LE:16:default); LJMP/LCALL are PC-relative disp16"
0x7DB5,0x7DB5,32181,32181,1,CODE,0.55,plausible,re_pipeline,"code_window_hypothesis","Hypothesized CODE window per shipping regions + first non-FF @0x2000. ISA not verified; structural only."
0x7DB6,0x7DB8,32182,32184,3,CODE,0.78,plausible,ghidra,"ghidra_insn","Ghidra listing instruction start (MCS96:LE:16:default); LJMP/LCALL are PC-relative disp16"
0x7DB9,0x7DBA,32185,32186,2,CODE,0.55,plausible,re_pipeline,"code_window_hypothesis","Hypothesized CODE window per shipping regions + first non-FF @0x2000. ISA not verified; structural only."
0x7DBB,0x7DC0,32187,32192,6,CODE,0.78,plausible,ghidra,"ghidra_insn","Ghidra listing instruction start (MCS96:LE:16:default); LJMP/LCALL are PC-relative disp16"
0x7DC1,0x7DC1,32193,32193,1,CODE,0.55,plausible,re_pipeline,"code_window_hypothesis","Hypothesized CODE window per shipping regions + first non-FF @0x2000. ISA not verified; structural only."
0x7DC2,0x7DC7,32194,32199,6,CODE,0.78,plausible,ghidra,"ghidra_insn","Ghidra listing instruction start (MCS96:LE:16:default); LJMP/LCALL are PC-relative disp16"
0x7DC8,0x7DC8,32200,32200,1,CODE,0.55,plausible,re_pipeline,"code_window_hypothesis","Hypothesized CODE window per shipping regions + first non-FF @0x2000. ISA not verified; structural only."
0x7DC9,0x7DD6,32201,32214,14,CODE,0.78,plausible,ghidra,"ghidra_insn","Ghidra listing instruction start (MCS96:LE:16:default); LJMP/LCALL are PC-relative disp16"
0x7DD7,0x7DD8,32215,32216,2,CODE,0.55,plausible,re_pipeline,"code_window_hypothesis","Hypothesized CODE window per shipping regions + first non-FF @0x2000. ISA not verified; structural only."
0x7DD9,0x7DE0,32217,32224,8,CODE,0.78,plausible,ghidra,"ghidra_insn","Ghidra listing instruction start (MCS96:LE:16:default); LJMP/LCALL are PC-relative disp16"
0x7DE1,0x7DE1,32225,32225,1,CODE,0.55,plausible,re_pipeline,"code_window_hypothesis","Hypothesized CODE window per shipping regions + first non-FF @0x2000. ISA not verified; structural only."
0x7DE2,0x7DEF,32226,32239,14,CODE,0.78,plausible,ghidra,"ghidra_insn","Ghidra listing instruction start (MCS96:LE:16:default); LJMP/LCALL are PC-relative disp16"
0x7DF0,0x7DF0,32240,32240,1,CODE,0.55,plausible,re_pipeline,"code_window_hypothesis","Hypothesized CODE window per shipping regions + first non-FF @0x2000. ISA not verified; structural only."
0x7DF1,0x7DFE,32241,32254,14,CODE,0.78,plausible,ghidra,"ghidra_insn","Ghidra listing instruction start (MCS96:LE:16:default); LJMP/LCALL are PC-relative disp16"
0x7DFF,0x7DFF,32255,32255,1,CODE,0.55,plausible,re_pipeline,"code_window_hypothesis","Hypothesized CODE window per shipping regions + first non-FF @0x2000. ISA not verified; structural only."
0x7E00,0x7E0D,32256,32269,14,CODE,0.78,plausible,ghidra,"ghidra_insn","Ghidra listing instruction start (MCS96:LE:16:default); LJMP/LCALL are PC-relative disp16"
0x7E0E,0x7E0E,32270,32270,1,CODE,0.55,plausible,re_pipeline,"code_window_hypothesis","Hypothesized CODE window per shipping regions + first non-FF @0x2000. ISA not verified; structural only."
0x7E0F,0x7E11,32271,32273,3,CODE,0.78,plausible,ghidra,"ghidra_insn","Ghidra listing instruction start (MCS96:LE:16:default); LJMP/LCALL are PC-relative disp16"
0x7E12,0x7E13,32274,32275,2,CODE,0.55,plausible,re_pipeline,"code_window_hypothesis","Hypothesized CODE window per shipping regions + first non-FF @0x2000. ISA not verified; structural only."
0x7E14,0x7E16,32276,32278,3,CODE,0.78,plausible,ghidra,"ghidra_insn","Ghidra listing instruction start (MCS96:LE:16:default); LJMP/LCALL are PC-relative disp16"
0x7E17,0x7E18,32279,32280,2,CODE,0.55,plausible,re_pipeline,"code_window_hypothesis","Hypothesized CODE window per shipping regions + first non-FF @0x2000. ISA not verified; structural only."
0x7E19,0x7E1B,32281,32283,3,CODE,0.78,plausible,ghidra,"ghidra_insn","Ghidra listing instruction start (MCS96:LE:16:default); LJMP/LCALL are PC-relative disp16"
0x7E1C,0x7E1D,32284,32285,2,CODE,0.55,plausible,re_pipeline,"code_window_hypothesis","Hypothesized CODE window per shipping regions + first non-FF @0x2000. ISA not verified; structural only."
0x7E1E,0x7E20,32286,32288,3,CODE,0.78,plausible,ghidra,"ghidra_insn","Ghidra listing instruction start (MCS96:LE:16:default); LJMP/LCALL are PC-relative disp16"
0x7E21,0x7E21,32289,32289,1,CODE,0.55,plausible,re_pipeline,"code_window_hypothesis","Hypothesized CODE window per shipping regions + first non-FF @0x2000. ISA not verified; structural only."
0x7E22,0x7E27,32290,32295,6,CODE,0.78,plausible,ghidra,"ghidra_insn","Ghidra listing instruction start (MCS96:LE:16:default); LJMP/LCALL are PC-relative disp16"
0x7E28,0x7E29,32296,32297,2,CODE,0.55,plausible,re_pipeline,"code_window_hypothesis","Hypothesized CODE window per shipping regions + first non-FF @0x2000. ISA not verified; structural only."
0x7E2A,0x7E2F,32298,32303,6,CODE,0.78,plausible,ghidra,"ghidra_insn","Ghidra listing instruction start (MCS96:LE:16:default); LJMP/LCALL are PC-relative disp16"
0x7E30,0x7E31,32304,32305,2,CODE,0.55,plausible,re_pipeline,"code_window_hypothesis","Hypothesized CODE window per shipping regions + first non-FF @0x2000. ISA not verified; structural only."
0x7E32,0x7E37,32306,32311,6,CODE,0.78,plausible,ghidra,"ghidra_insn","Ghidra listing instruction start (MCS96:LE:16:default); LJMP/LCALL are PC-relative disp16"
0x7E38,0x7E39,32312,32313,2,CODE,0.55,plausible,re_pipeline,"code_window_hypothesis","Hypothesized CODE window per shipping regions + first non-FF @0x2000. ISA not verified; structural only."
0x7E3A,0x7E45,32314,32325,12,CODE,0.78,plausible,ghidra,"ghidra_insn","Ghidra listing instruction start (MCS96:LE:16:default); LJMP/LCALL are PC-relative disp16"
0x7E46,0x7E46,32326,32326,1,CODE,0.55,plausible,re_pipeline,"code_window_hypothesis","Hypothesized CODE window per shipping regions + first non-FF @0x2000. ISA not verified; structural only."
0x7E47,0x7E4A,32327,32330,4,CODE,0.78,plausible,ghidra,"ghidra_insn","Ghidra listing instruction start (MCS96:LE:16:default); LJMP/LCALL are PC-relative disp16"
0x7E4B,0x7E4C,32331,32332,2,CODE,0.55,plausible,re_pipeline,"code_window_hypothesis","Hypothesized CODE window per shipping regions + first non-FF @0x2000. ISA not verified; structural only."
0x7E4D,0x7E4F,32333,32335,3,CODE,0.78,plausible,ghidra,"ghidra_insn","Ghidra listing instruction start (MCS96:LE:16:default); LJMP/LCALL are PC-relative disp16"
0x7E50,0x7E51,32336,32337,2,CODE,0.55,plausible,re_pipeline,"code_window_hypothesis","Hypothesized CODE window per shipping regions + first non-FF @0x2000. ISA not verified; structural only."
0x7E52,0x7E54,32338,32340,3,CODE,0.78,plausible,ghidra,"ghidra_insn","Ghidra listing instruction start (MCS96:LE:16:default); LJMP/LCALL are PC-relative disp16"
0x7E55,0x7E56,32341,32342,2,CODE,0.55,plausible,re_pipeline,"code_window_hypothesis","Hypothesized CODE window per shipping regions + first non-FF @0x2000. ISA not verified; structural only."
0x7E57,0x7E5C,32343,32348,6,CODE,0.78,plausible,ghidra,"ghidra_insn","Ghidra listing instruction start (MCS96:LE:16:default); LJMP/LCALL are PC-relative disp16"
0x7E5D,0x7E5E,32349,32350,2,CODE,0.55,plausible,re_pipeline,"code_window_hypothesis","Hypothesized CODE window per shipping regions + first non-FF @0x2000. ISA not verified; structural only."
0x7E5F,0x7E67,32351,32359,9,CODE,0.78,plausible,ghidra,"ghidra_insn","Ghidra listing instruction start (MCS96:LE:16:default); LJMP/LCALL are PC-relative disp16"
0x7E68,0x7E68,32360,32360,1,CODE,0.55,plausible,re_pipeline,"code_window_hypothesis","Hypothesized CODE window per shipping regions + first non-FF @0x2000. ISA not verified; structural only."
0x7E69,0x7E71,32361,32369,9,CODE,0.78,plausible,ghidra,"ghidra_insn","Ghidra listing instruction start (MCS96:LE:16:default); LJMP/LCALL are PC-relative disp16"
0x7E72,0x7E73,32370,32371,2,CODE,0.55,plausible,re_pipeline,"code_window_hypothesis","Hypothesized CODE window per shipping regions + first non-FF @0x2000. ISA not verified; structural only."
0x7E74,0x7E76,32372,32374,3,CODE,0.78,plausible,ghidra,"ghidra_insn","Ghidra listing instruction start (MCS96:LE:16:default); LJMP/LCALL are PC-relative disp16"
0x7E77,0x7E78,32375,32376,2,CODE,0.55,plausible,re_pipeline,"code_window_hypothesis","Hypothesized CODE window per shipping regions + first non-FF @0x2000. ISA not verified; structural only."
0x7E79,0x7E7E,32377,32382,6,CODE,0.78,plausible,ghidra,"ghidra_insn","Ghidra listing instruction start (MCS96:LE:16:default); LJMP/LCALL are PC-relative disp16"
0x7E7F,0x7E7F,32383,32383,1,CODE,0.55,plausible,re_pipeline,"code_window_hypothesis","Hypothesized CODE window per shipping regions + first non-FF @0x2000. ISA not verified; structural only."
0x7E80,0x7E88,32384,32392,9,CODE,0.78,plausible,ghidra,"ghidra_insn","Ghidra listing instruction start (MCS96:LE:16:default); LJMP/LCALL are PC-relative disp16"
0x7E89,0x7E8A,32393,32394,2,CODE,0.55,plausible,re_pipeline,"code_window_hypothesis","Hypothesized CODE window per shipping regions + first non-FF @0x2000. ISA not verified; structural only."
0x7E8B,0x7E8D,32395,32397,3,CODE,0.78,plausible,ghidra,"ghidra_insn","Ghidra listing instruction start (MCS96:LE:16:default); LJMP/LCALL are PC-relative disp16"
0x7E8E,0x7E8F,32398,32399,2,CODE,0.55,plausible,re_pipeline,"code_window_hypothesis","Hypothesized CODE window per shipping regions + first non-FF @0x2000. ISA not verified; structural only."
0x7E90,0x7E94,32400,32404,5,CODE,0.78,plausible,ghidra,"ghidra_insn","Ghidra listing instruction start (MCS96:LE:16:default); LJMP/LCALL are PC-relative disp16"
0x7E95,0x7E95,32405,32405,1,CODE,0.55,plausible,re_pipeline,"code_window_hypothesis","Hypothesized CODE window per shipping regions + first non-FF @0x2000. ISA not verified; structural only."
0x7E96,0x7E9A,32406,32410,5,CODE,0.78,plausible,ghidra,"ghidra_insn","Ghidra listing instruction start (MCS96:LE:16:default); LJMP/LCALL are PC-relative disp16"
0x7E9B,0x7E9C,32411,32412,2,CODE,0.55,plausible,re_pipeline,"code_window_hypothesis","Hypothesized CODE window per shipping regions + first non-FF @0x2000. ISA not verified; structural only."
0x7E9D,0x7EA6,32413,32422,10,CODE,0.78,plausible,ghidra,"ghidra_insn","Ghidra listing instruction start (MCS96:LE:16:default); LJMP/LCALL are PC-relative disp16"
0x7EA7,0x7EA8,32423,32424,2,CODE,0.55,plausible,re_pipeline,"code_window_hypothesis","Hypothesized CODE window per shipping regions + first non-FF @0x2000. ISA not verified; structural only."
0x7EA9,0x7EB8,32425,32440,16,CODE,0.78,plausible,ghidra,"ghidra_insn","Ghidra listing instruction start (MCS96:LE:16:default); LJMP/LCALL are PC-relative disp16"
0x7EB9,0x7EB9,32441,32441,1,CODE,0.55,plausible,re_pipeline,"code_window_hypothesis","Hypothesized CODE window per shipping regions + first non-FF @0x2000. ISA not verified; structural only."
0x7EBA,0x7EC8,32442,32456,15,CODE,0.78,plausible,ghidra,"ghidra_insn","Ghidra listing instruction start (MCS96:LE:16:default); LJMP/LCALL are PC-relative disp16"
0x7EC9,0x7ECA,32457,32458,2,CODE,0.55,plausible,re_pipeline,"code_window_hypothesis","Hypothesized CODE window per shipping regions + first non-FF @0x2000. ISA not verified; structural only."
0x7ECB,0x7ED0,32459,32464,6,CODE,0.78,plausible,ghidra,"ghidra_insn","Ghidra listing instruction start (MCS96:LE:16:default); LJMP/LCALL are PC-relative disp16"
0x7ED1,0x7ED2,32465,32466,2,CODE,0.55,plausible,re_pipeline,"code_window_hypothesis","Hypothesized CODE window per shipping regions + first non-FF @0x2000. ISA not verified; structural only."
0x7ED3,0x7ED5,32467,32469,3,CODE,0.78,plausible,ghidra,"ghidra_insn","Ghidra listing instruction start (MCS96:LE:16:default); LJMP/LCALL are PC-relative disp16"
0x7ED6,0x7ED7,32470,32471,2,CODE,0.55,plausible,re_pipeline,"code_window_hypothesis","Hypothesized CODE window per shipping regions + first non-FF @0x2000. ISA not verified; structural only."
0x7ED8,0x7EE0,32472,32480,9,CODE,0.78,plausible,ghidra,"ghidra_insn","Ghidra listing instruction start (MCS96:LE:16:default); LJMP/LCALL are PC-relative disp16"
0x7EE1,0x7EE2,32481,32482,2,CODE,0.55,plausible,re_pipeline,"code_window_hypothesis","Hypothesized CODE window per shipping regions + first non-FF @0x2000. ISA not verified; structural only."
0x7EE3,0x7EE9,32483,32489,7,CODE,0.78,plausible,ghidra,"ghidra_insn","Ghidra listing instruction start (MCS96:LE:16:default); LJMP/LCALL are PC-relative disp16"
0x7EEA,0x7EEA,32490,32490,1,CODE,0.55,plausible,re_pipeline,"code_window_hypothesis","Hypothesized CODE window per shipping regions + first non-FF @0x2000. ISA not verified; structural only."
0x7EEB,0x7EF9,32491,32505,15,CODE,0.78,plausible,ghidra,"ghidra_insn","Ghidra listing instruction start (MCS96:LE:16:default); LJMP/LCALL are PC-relative disp16"
0x7EFA,0x7EFB,32506,32507,2,CODE,0.55,plausible,re_pipeline,"code_window_hypothesis","Hypothesized CODE window per shipping regions + first non-FF @0x2000. ISA not verified; structural only."
0x7EFC,0x7F01,32508,32513,6,CODE,0.78,plausible,ghidra,"ghidra_insn","Ghidra listing instruction start (MCS96:LE:16:default); LJMP/LCALL are PC-relative disp16"
0x7F02,0x7F03,32514,32515,2,CODE,0.55,plausible,re_pipeline,"code_window_hypothesis","Hypothesized CODE window per shipping regions + first non-FF @0x2000. ISA not verified; structural only."
0x7F04,0x7F06,32516,32518,3,CODE,0.78,plausible,ghidra,"ghidra_insn","Ghidra listing instruction start (MCS96:LE:16:default); LJMP/LCALL are PC-relative disp16"
0x7F07,0x7F08,32519,32520,2,CODE,0.55,plausible,re_pipeline,"code_window_hypothesis","Hypothesized CODE window per shipping regions + first non-FF @0x2000. ISA not verified; structural only."
0x7F09,0x7F11,32521,32529,9,CODE,0.78,plausible,ghidra,"ghidra_insn","Ghidra listing instruction start (MCS96:LE:16:default); LJMP/LCALL are PC-relative disp16"
0x7F12,0x7F13,32530,32531,2,CODE,0.55,plausible,re_pipeline,"code_window_hypothesis","Hypothesized CODE window per shipping regions + first non-FF @0x2000. ISA not verified; structural only."
0x7F14,0x7F17,32532,32535,4,CODE,0.78,plausible,ghidra,"ghidra_insn","Ghidra listing instruction start (MCS96:LE:16:default); LJMP/LCALL are PC-relative disp16"
0x7F18,0x7F19,32536,32537,2,CODE,0.55,plausible,re_pipeline,"code_window_hypothesis","Hypothesized CODE window per shipping regions + first non-FF @0x2000. ISA not verified; structural only."
0x7F1A,0x7F1F,32538,32543,6,CODE,0.78,plausible,ghidra,"ghidra_insn","Ghidra listing instruction start (MCS96:LE:16:default); LJMP/LCALL are PC-relative disp16"
0x7F20,0x7F20,32544,32544,1,CODE,0.55,plausible,re_pipeline,"code_window_hypothesis","Hypothesized CODE window per shipping regions + first non-FF @0x2000. ISA not verified; structural only."
0x7F21,0x7F29,32545,32553,9,CODE,0.78,plausible,ghidra,"ghidra_insn","Ghidra listing instruction start (MCS96:LE:16:default); LJMP/LCALL are PC-relative disp16"
0x7F2A,0x7F2B,32554,32555,2,CODE,0.55,plausible,re_pipeline,"code_window_hypothesis","Hypothesized CODE window per shipping regions + first non-FF @0x2000. ISA not verified; structural only."
0x7F2C,0x7F30,32556,32560,5,CODE,0.78,plausible,ghidra,"ghidra_insn","Ghidra listing instruction start (MCS96:LE:16:default); LJMP/LCALL are PC-relative disp16"
0x7F31,0x7F32,32561,32562,2,CODE,0.55,plausible,re_pipeline,"code_window_hypothesis","Hypothesized CODE window per shipping regions + first non-FF @0x2000. ISA not verified; structural only."
0x7F33,0x7F38,32563,32568,6,CODE,0.78,plausible,ghidra,"ghidra_insn","Ghidra listing instruction start (MCS96:LE:16:default); LJMP/LCALL are PC-relative disp16"
0x7F39,0x7F39,32569,32569,1,CODE,0.55,plausible,re_pipeline,"code_window_hypothesis","Hypothesized CODE window per shipping regions + first non-FF @0x2000. ISA not verified; structural only."
0x7F3A,0x7F42,32570,32578,9,CODE,0.78,plausible,ghidra,"ghidra_insn","Ghidra listing instruction start (MCS96:LE:16:default); LJMP/LCALL are PC-relative disp16"
0x7F43,0x7F44,32579,32580,2,CODE,0.55,plausible,re_pipeline,"code_window_hypothesis","Hypothesized CODE window per shipping regions + first non-FF @0x2000. ISA not verified; structural only."
0x7F45,0x7F49,32581,32585,5,CODE,0.78,plausible,ghidra,"ghidra_insn","Ghidra listing instruction start (MCS96:LE:16:default); LJMP/LCALL are PC-relative disp16"
0x7F4A,0x7F4B,32586,32587,2,CODE,0.55,plausible,re_pipeline,"code_window_hypothesis","Hypothesized CODE window per shipping regions + first non-FF @0x2000. ISA not verified; structural only."
0x7F4C,0x7F51,32588,32593,6,CODE,0.78,plausible,ghidra,"ghidra_insn","Ghidra listing instruction start (MCS96:LE:16:default); LJMP/LCALL are PC-relative disp16"
0x7F52,0x7F53,32594,32595,2,CODE,0.55,plausible,re_pipeline,"code_window_hypothesis","Hypothesized CODE window per shipping regions + first non-FF @0x2000. ISA not verified; structural only."
0x7F54,0x7F5D,32596,32605,10,CODE,0.78,plausible,ghidra,"ghidra_insn","Ghidra listing instruction start (MCS96:LE:16:default); LJMP/LCALL are PC-relative disp16"
0x7F5E,0x7F5F,32606,32607,2,CODE,0.55,plausible,re_pipeline,"code_window_hypothesis","Hypothesized CODE window per shipping regions + first non-FF @0x2000. ISA not verified; structural only."
0x7F60,0x7F68,32608,32616,9,CODE,0.78,plausible,ghidra,"ghidra_insn","Ghidra listing instruction start (MCS96:LE:16:default); LJMP/LCALL are PC-relative disp16"
0x7F69,0x7F6A,32617,32618,2,CODE,0.55,plausible,re_pipeline,"code_window_hypothesis","Hypothesized CODE window per shipping regions + first non-FF @0x2000. ISA not verified; structural only."
0x7F6B,0x7F6D,32619,32621,3,CODE,0.78,plausible,ghidra,"ghidra_insn","Ghidra listing instruction start (MCS96:LE:16:default); LJMP/LCALL are PC-relative disp16"
0x7F6E,0x7F6F,32622,32623,2,CODE,0.55,plausible,re_pipeline,"code_window_hypothesis","Hypothesized CODE window per shipping regions + first non-FF @0x2000. ISA not verified; structural only."
0x7F70,0x7F72,32624,32626,3,CODE,0.78,plausible,ghidra,"ghidra_insn","Ghidra listing instruction start (MCS96:LE:16:default); LJMP/LCALL are PC-relative disp16"
0x7F73,0x7F74,32627,32628,2,CODE,0.55,plausible,re_pipeline,"code_window_hypothesis","Hypothesized CODE window per shipping regions + first non-FF @0x2000. ISA not verified; structural only."
0x7F75,0x7F77,32629,32631,3,CODE,0.78,plausible,ghidra,"ghidra_insn","Ghidra listing instruction start (MCS96:LE:16:default); LJMP/LCALL are PC-relative disp16"
0x7F78,0x7F79,32632,32633,2,CODE,0.55,plausible,re_pipeline,"code_window_hypothesis","Hypothesized CODE window per shipping regions + first non-FF @0x2000. ISA not verified; structural only."
0x7F7A,0x7F80,32634,32640,7,CODE,0.78,plausible,ghidra,"ghidra_insn","Ghidra listing instruction start (MCS96:LE:16:default); LJMP/LCALL are PC-relative disp16"
0x7F81,0x7F82,32641,32642,2,CODE,0.55,plausible,re_pipeline,"code_window_hypothesis","Hypothesized CODE window per shipping regions + first non-FF @0x2000. ISA not verified; structural only."
0x7F83,0x7F85,32643,32645,3,CODE,0.78,plausible,ghidra,"ghidra_insn","Ghidra listing instruction start (MCS96:LE:16:default); LJMP/LCALL are PC-relative disp16"
0x7F86,0x7F87,32646,32647,2,CODE,0.55,plausible,re_pipeline,"code_window_hypothesis","Hypothesized CODE window per shipping regions + first non-FF @0x2000. ISA not verified; structural only."
0x7F88,0x7F8A,32648,32650,3,CODE,0.78,plausible,ghidra,"ghidra_insn","Ghidra listing instruction start (MCS96:LE:16:default); LJMP/LCALL are PC-relative disp16"
0x7F8B,0x7F8C,32651,32652,2,CODE,0.55,plausible,re_pipeline,"code_window_hypothesis","Hypothesized CODE window per shipping regions + first non-FF @0x2000. ISA not verified; structural only."
0x7F8D,0x7F90,32653,32656,4,CODE,0.78,plausible,ghidra,"ghidra_insn","Ghidra listing instruction start (MCS96:LE:16:default); LJMP/LCALL are PC-relative disp16"
0x7F91,0x7F92,32657,32658,2,CODE,0.55,plausible,re_pipeline,"code_window_hypothesis","Hypothesized CODE window per shipping regions + first non-FF @0x2000. ISA not verified; structural only."
0x7F93,0x7F98,32659,32664,6,CODE,0.78,plausible,ghidra,"ghidra_insn","Ghidra listing instruction start (MCS96:LE:16:default); LJMP/LCALL are PC-relative disp16"
0x7F99,0x7F9A,32665,32666,2,CODE,0.55,plausible,re_pipeline,"code_window_hypothesis","Hypothesized CODE window per shipping regions + first non-FF @0x2000. ISA not verified; structural only."
0x7F9B,0x7FA4,32667,32676,10,CODE,0.78,plausible,ghidra,"ghidra_insn","Ghidra listing instruction start (MCS96:LE:16:default); LJMP/LCALL are PC-relative disp16"
0x7FA5,0x7FA6,32677,32678,2,CODE,0.55,plausible,re_pipeline,"code_window_hypothesis","Hypothesized CODE window per shipping regions + first non-FF @0x2000. ISA not verified; structural only."
0x7FA7,0x7FAF,32679,32687,9,CODE,0.78,plausible,ghidra,"ghidra_insn","Ghidra listing instruction start (MCS96:LE:16:default); LJMP/LCALL are PC-relative disp16"
0x7FB0,0x7FB1,32688,32689,2,CODE,0.55,plausible,re_pipeline,"code_window_hypothesis","Hypothesized CODE window per shipping regions + first non-FF @0x2000. ISA not verified; structural only."
0x7FB2,0x7FB8,32690,32696,7,CODE,0.78,plausible,ghidra,"ghidra_insn","Ghidra listing instruction start (MCS96:LE:16:default); LJMP/LCALL are PC-relative disp16"
0x7FB9,0x7FBA,32697,32698,2,CODE,0.55,plausible,re_pipeline,"code_window_hypothesis","Hypothesized CODE window per shipping regions + first non-FF @0x2000. ISA not verified; structural only."
0x7FBB,0x7FBE,32699,32702,4,CODE,0.78,plausible,ghidra,"ghidra_insn","Ghidra listing instruction start (MCS96:LE:16:default); LJMP/LCALL are PC-relative disp16"
0x7FBF,0x7FC0,32703,32704,2,CODE,0.55,plausible,re_pipeline,"code_window_hypothesis","Hypothesized CODE window per shipping regions + first non-FF @0x2000. ISA not verified; structural only."
0x7FC1,0x7FC3,32705,32707,3,CODE,0.78,plausible,ghidra,"ghidra_insn","Ghidra listing instruction start (MCS96:LE:16:default); LJMP/LCALL are PC-relative disp16"
0x7FC4,0x7FC5,32708,32709,2,CODE,0.55,plausible,re_pipeline,"code_window_hypothesis","Hypothesized CODE window per shipping regions + first non-FF @0x2000. ISA not verified; structural only."
0x7FC6,0x7FCB,32710,32715,6,CODE,0.78,plausible,ghidra,"ghidra_insn","Ghidra listing instruction start (MCS96:LE:16:default); LJMP/LCALL are PC-relative disp16"
0x7FCC,0x7FCC,32716,32716,1,CODE,0.55,plausible,re_pipeline,"code_window_hypothesis","Hypothesized CODE window per shipping regions + first non-FF @0x2000. ISA not verified; structural only."
0x7FCD,0x7FDE,32717,32734,18,CODE,0.78,plausible,ghidra,"ghidra_insn","Ghidra listing instruction start (MCS96:LE:16:default); LJMP/LCALL are PC-relative disp16"
0x7FDF,0x7FE0,32735,32736,2,CODE,0.55,plausible,re_pipeline,"code_window_hypothesis","Hypothesized CODE window per shipping regions + first non-FF @0x2000. ISA not verified; structural only."
0x7FE1,0x7FE3,32737,32739,3,CODE,0.78,plausible,ghidra,"ghidra_insn","Ghidra listing instruction start (MCS96:LE:16:default); LJMP/LCALL are PC-relative disp16"
0x7FE4,0x7FE5,32740,32741,2,CODE,0.55,plausible,re_pipeline,"code_window_hypothesis","Hypothesized CODE window per shipping regions + first non-FF @0x2000. ISA not verified; structural only."
0x7FE6,0x7FEE,32742,32750,9,CODE,0.78,plausible,ghidra,"ghidra_insn","Ghidra listing instruction start (MCS96:LE:16:default); LJMP/LCALL are PC-relative disp16"
0x7FEF,0x7FF0,32751,32752,2,CODE,0.55,plausible,re_pipeline,"code_window_hypothesis","Hypothesized CODE window per shipping regions + first non-FF @0x2000. ISA not verified; structural only."
0x7FF1,0x7FFA,32753,32762,10,CODE,0.78,plausible,ghidra,"ghidra_insn","Ghidra listing instruction start (MCS96:LE:16:default); LJMP/LCALL are PC-relative disp16"
0x7FFB,0x7FFC,32763,32764,2,CODE,0.55,plausible,re_pipeline,"code_window_hypothesis","Hypothesized CODE window per shipping regions + first non-FF @0x2000. ISA not verified; structural only."
0x7FFD,0x7FFF,32765,32767,3,CODE,0.78,plausible,ghidra,"ghidra_insn","Ghidra listing instruction start (MCS96:LE:16:default); LJMP/LCALL are PC-relative disp16"
0x8000,0xD00A,32768,53258,20491,DATA,0.85,plausible,brotronic_legacy,"data_cal","DATA_CAL window from shipping pack / ingest DATA_BASE=0x8000; XDF maps land here."
0xD00B,0xD00B,53259,53259,1,DATA,0.5,unverified,xdf,"xdf_claim","XDF candidate span: 0xD00B[8bit] Air, O2 Sensor Adaptation"
0xD00C,0xD02F,53260,53295,36,DATA,0.85,plausible,brotronic_legacy,"data_cal","DATA_CAL window from shipping pack / ingest DATA_BASE=0x8000; XDF maps land here."
0xD030,0xD033,53296,53299,4,DATA,0.5,unverified,xdf,"xdf_claim","XDF candidate span: 0xD030[16bit] Inj. Constant(Ti) lb/h@3.5B|*DO NOT EDIT ALONE*"
0xD034,0xD069,53300,53353,54,DATA,0.85,plausible,brotronic_legacy,"data_cal","DATA_CAL window from shipping pack / ingest DATA_BASE=0x8000; XDF maps land here."
0xD06A,0xD06A,53354,53354,1,DATA,0.5,unverified,xdf,"xdf_claim","XDF candidate span: 0xD06A[8bit] Fuel, Target Lambda of Motronic system"
0xD06B,0xD092,53355,53394,40,DATA,0.85,plausible,brotronic_legacy,"data_cal","DATA_CAL window from shipping pack / ingest DATA_BASE=0x8000; XDF maps land here."
0xD093,0xD095,53395,53397,3,DATA,0.5,unverified,xdf,"xdf_claim","XDF candidate span: 0xD093[8bit] Ign, Timing delta while in Speed Limiter fuel cut"
0xD096,0xD0F9,53398,53497,100,DATA,0.85,plausible,brotronic_legacy,"data_cal","DATA_CAL window from shipping pack / ingest DATA_BASE=0x8000; XDF maps land here."
0xD0FA,0xD101,53498,53505,8,DATA,0.5,unverified,xdf,"xdf_claim","XDF candidate span: 0xD0FA[8bit] Fuel, Trim, Individual Cylinder"
0xD102,0xD199,53506,53657,152,DATA,0.85,plausible,brotronic_legacy,"data_cal","DATA_CAL window from shipping pack / ingest DATA_BASE=0x8000; XDF maps land here."
0xD19A,0xD20B,53658,53771,114,DATA,0.5,unverified,xdf,"xdf_claim","XDF candidate span: 0xD19A[16bit|R57|A] Diag, Stomp codes, Axis, Code Numbers"
0xD20C,0xD23C,53772,53820,49,DATA,0.85,plausible,brotronic_legacy,"data_cal","DATA_CAL window from shipping pack / ingest DATA_BASE=0x8000; XDF maps land here."
0xD23D,0xD241,53821,53825,5,DATA,0.5,unverified,xdf,"xdf_claim","XDF candidate span: 0xD23D[8bit] Air, MAF, RPM min threshold for MAF signal check"
0xD242,0xD243,53826,53827,2,DATA,0.85,plausible,brotronic_legacy,"data_cal","DATA_CAL window from shipping pack / ingest DATA_BASE=0x8000; XDF maps land here."
0xD244,0xD245,53828,53829,2,DATA,0.5,unverified,xdf,"xdf_claim","XDF candidate span: 0xD244[16bit] Air, MAF, MAF/RPM Ratio Limit"
0xD246,0xD255,53830,53845,16,DATA,0.85,plausible,brotronic_legacy,"data_cal","DATA_CAL window from shipping pack / ingest DATA_BASE=0x8000; XDF maps land here."
0xD256,0xD257,53846,53847,2,DATA,0.5,unverified,xdf,"xdf_claim","XDF candidate span: 0xD256[8bit] Coolant Temp Sensor max signal@min volts RAW"
0xD258,0xD258,53848,53848,1,DATA,0.85,plausible,brotronic_legacy,"data_cal","DATA_CAL window from shipping pack / ingest DATA_BASE=0x8000; XDF maps land here."
0xD259,0xD25C,53849,53852,4,DATA,0.5,unverified,xdf,"xdf_claim","XDF candidate span: 0xD259[8bit] Coolant Temp Sensor fault fixed value RAW"
0xD25D,0xD25E,53853,53854,2,DATA,0.85,plausible,brotronic_legacy,"data_cal","DATA_CAL window from shipping pack / ingest DATA_BASE=0x8000; XDF maps land here."
0xD25F,0xD260,53855,53856,2,DATA,0.5,unverified,xdf,"xdf_claim","XDF candidate span: 0xD25F[8bit] Air, TPS max"
0xD261,0xD266,53857,53862,6,DATA,0.85,plausible,brotronic_legacy,"data_cal","DATA_CAL window from shipping pack / ingest DATA_BASE=0x8000; XDF maps land here."
0xD267,0xD268,53863,53864,2,DATA,0.5,unverified,xdf,"xdf_claim","XDF candidate span: 0xD267[8bit] Supply Voltage High"
0xD269,0xD26A,53865,53866,2,DATA,0.85,plausible,brotronic_legacy,"data_cal","DATA_CAL window from shipping pack / ingest DATA_BASE=0x8000; XDF maps land here."
0xD26B,0xD26B,53867,53867,1,DATA,0.5,unverified,xdf,"xdf_claim","XDF candidate span: 0xD26B[8bit] Multiplexed output stages"
0xD26C,0xD26F,53868,53871,4,DATA,0.85,plausible,brotronic_legacy,"data_cal","DATA_CAL window from shipping pack / ingest DATA_BASE=0x8000; XDF maps land here."
0xD270,0xD272,53872,53874,3,DATA,0.5,unverified,xdf,"xdf_claim","XDF candidate span: 0xD270[8bit] Air, 02 sensor DTC threshold"
0xD273,0xD279,53875,53881,7,DATA,0.85,plausible,brotronic_legacy,"data_cal","DATA_CAL window from shipping pack / ingest DATA_BASE=0x8000; XDF maps land here."
0xD27A,0xD27B,53882,53883,2,DATA,0.5,unverified,xdf,"xdf_claim","XDF candidate span: 0xD27A[8bit] Speed, min valid DTC42? scaling?"
0xD27C,0xD27C,53884,53884,1,DATA,0.85,plausible,brotronic_legacy,"data_cal","DATA_CAL window from shipping pack / ingest DATA_BASE=0x8000; XDF maps land here."
0xD27D,0xD27E,53885,53886,2,DATA,0.5,unverified,xdf,"xdf_claim","XDF candidate span: 0xD27D[8bit] Speed, Counter? Threshold for speed signal check DTC 42"
0xD27F,0xD280,53887,53888,2,DATA,0.85,plausible,brotronic_legacy,"data_cal","DATA_CAL window from shipping pack / ingest DATA_BASE=0x8000; XDF maps land here."
0xD281,0xD281,53889,53889,1,DATA,0.5,unverified,xdf,"xdf_claim","XDF candidate span: 0xD281[8bit] Ign., Spark Fault"
0xD282,0xD287,53890,53895,6,DATA,0.85,plausible,brotronic_legacy,"data_cal","DATA_CAL window from shipping pack / ingest DATA_BASE=0x8000; XDF maps land here."
0xD288,0xD288,53896,53896,1,DATA,0.5,unverified,xdf,"xdf_claim","XDF candidate span: 0xD288 Knock Sensor DTC related"
0xD289,0xD28F,53897,53903,7,DATA,0.85,plausible,brotronic_legacy,"data_cal","DATA_CAL window from shipping pack / ingest DATA_BASE=0x8000; XDF maps land here."
0xD290,0xD4AB,53904,54443,540,DATA,0.5,unverified,xdf,"xdf_claim","XDF candidate span: 0xD290[Func|5V|256]MAF Cal. RAW alt view [16x16]"
0xD4AC,0xD4F7,54444,54519,76,DATA,0.85,plausible,brotronic_legacy,"data_cal","DATA_CAL window from shipping pack / ingest DATA_BASE=0x8000; XDF maps land here."
0xD4F8,0xD517,54520,54551,32,DATA,0.5,unverified,xdf,"xdf_claim","XDF candidate span: 0xD4F8[Func|5V|32] Delta LOAD transfer function? (known earlier as a TPS transfer function"
0xD518,0xD59E,54552,54686,135,DATA,0.85,plausible,brotronic_legacy,"data_cal","DATA_CAL window from shipping pack / ingest DATA_BASE=0x8000; XDF maps land here."
0xD59F,0xD5A3,54687,54691,5,DATA,0.5,unverified,xdf,"xdf_claim","XDF candidate span: 0xD59F D7 5x1"
0xD5A4,0xD5A5,54692,54693,2,DATA,0.85,plausible,brotronic_legacy,"data_cal","DATA_CAL window from shipping pack / ingest DATA_BASE=0x8000; XDF maps land here."
0xD5A6,0xD5B1,54694,54705,12,DATA,0.5,unverified,xdf,"xdf_claim","XDF candidate span: 0xD5AC[D0|6x1]Fuel, Cranking, Lambda Correction"
0xD5B2,0xD5B3,54706,54707,2,DATA,0.85,plausible,brotronic_legacy,"data_cal","DATA_CAL window from shipping pack / ingest DATA_BASE=0x8000; XDF maps land here."
0xD5B4,0xD5E0,54708,54752,45,DATA,0.5,unverified,xdf,"xdf_claim","XDF candidate span: 0xD5C3[27|15x1] Sensor, TMOT Transfer Map"
0xD5E1,0xD5E5,54753,54757,5,DATA,0.85,plausible,brotronic_legacy,"data_cal","DATA_CAL window from shipping pack / ingest DATA_BASE=0x8000; XDF maps land here."
0xD5E6,0xD625,54758,54821,64,DATA,0.5,unverified,xdf,"xdf_claim","XDF candidate span: 0xD5E6[D0xD6|8x8] VANOS, PT, Dwell Retarded ?"
0xD626,0xD639,54822,54841,20,DATA,0.85,plausible,brotronic_legacy,"data_cal","DATA_CAL window from shipping pack / ingest DATA_BASE=0x8000; XDF maps land here."
0xD63A,0xD679,54842,54905,64,DATA,0.5,unverified,xdf,"xdf_claim","XDF candidate span: 0xD63A[D0xD6|8x8] VANOS, PT, Dwell Advanced ?"
0xD67A,0xD67B,54906,54907,2,DATA,0.85,plausible,brotronic_legacy,"data_cal","DATA_CAL window from shipping pack / ingest DATA_BASE=0x8000; XDF maps land here."
0xD67C,0xD69B,54908,54939,32,DATA,0.5,unverified,xdf,"xdf_claim","XDF candidate span: 0xD68C[D0|16x1] VANOS, WOT, Dwell Retarded"
0xD69C,0xD69D,54940,54941,2,DATA,0.85,plausible,brotronic_legacy,"data_cal","DATA_CAL window from shipping pack / ingest DATA_BASE=0x8000; XDF maps land here."
0xD69E,0xD6CD,54942,54989,48,DATA,0.5,unverified,xdf,"xdf_claim","XDF candidate span: 0xD69E[D0|R16|A] VANOS, WOT, Dwell Advanced, Axis, RPM"
0xD6CE,0xD6DB,54990,55003,14,DATA,0.85,plausible,brotronic_legacy,"data_cal","DATA_CAL window from shipping pack / ingest DATA_BASE=0x8000; XDF maps land here."
0xD6DC,0xD6DF,55004,55007,4,DATA,0.5,unverified,xdf,"xdf_claim","XDF candidate span: 0xD6DC[D7|4x1]"
0xD6E0,0xD6E3,55008,55011,4,DATA,0.85,plausible,brotronic_legacy,"data_cal","DATA_CAL window from shipping pack / ingest DATA_BASE=0x8000; XDF maps land here."
0xD6E4,0xD6E5,55012,55013,2,DATA,0.5,unverified,xdf,"xdf_claim","XDF candidate span: 0xD6E4[D7|2x1|"
0xD6E6,0xD6E7,55014,55015,2,DATA,0.85,plausible,brotronic_legacy,"data_cal","DATA_CAL window from shipping pack / ingest DATA_BASE=0x8000; XDF maps land here."
0xD6E8,0xD6F7,55016,55031,16,DATA,0.5,unverified,xdf,"xdf_claim","XDF candidate span: 0xD6F0[D0|8x1] VANOS, Load MIN For Advance"
0xD6F8,0xD6F9,55032,55033,2,DATA,0.85,plausible,brotronic_legacy,"data_cal","DATA_CAL window from shipping pack / ingest DATA_BASE=0x8000; XDF maps land here."
0xD6FA,0xD709,55034,55049,16,DATA,0.5,unverified,xdf,"xdf_claim","XDF candidate span: 0xD702[D0|8x1]VANOS, Load MAX For Retard"
0xD70A,0xD711,55050,55057,8,DATA,0.85,plausible,brotronic_legacy,"data_cal","DATA_CAL window from shipping pack / ingest DATA_BASE=0x8000; XDF maps land here."
0xD712,0xD717,55058,55063,6,DATA,0.5,unverified,xdf,"xdf_claim","XDF candidate span: 0xD712[D7|6x1]"
0xD718,0xD721,55064,55073,10,DATA,0.85,plausible,brotronic_legacy,"data_cal","DATA_CAL window from shipping pack / ingest DATA_BASE=0x8000; XDF maps land here."
0xD722,0xD729,55074,55081,8,DATA,0.5,unverified,xdf,"xdf_claim","XDF candidate span: 0xD722[D0|8x1] VANOS, DK MIN For Override Retard ?"
0xD72A,0xD733,55082,55091,10,DATA,0.85,plausible,brotronic_legacy,"data_cal","DATA_CAL window from shipping pack / ingest DATA_BASE=0x8000; XDF maps land here."
0xD734,0xD73B,55092,55099,8,DATA,0.5,unverified,xdf,"xdf_claim","XDF candidate span: 0xD734[D0|8x1] VANOS, DK MAX For NO Override Retard ??"
0xD73C,0xD743,55100,55107,8,DATA,0.85,plausible,brotronic_legacy,"data_cal","DATA_CAL window from shipping pack / ingest DATA_BASE=0x8000; XDF maps land here."
0xD744,0xD749,55108,55113,6,DATA,0.5,unverified,xdf,"xdf_claim","XDF candidate span: 0xD744[D7|6x1]"
0xD74A,0xD74E,55114,55118,5,DATA,0.85,plausible,brotronic_legacy,"data_cal","DATA_CAL window from shipping pack / ingest DATA_BASE=0x8000; XDF maps land here."
0xD74F,0xD751,55119,55121,3,DATA,0.5,unverified,xdf,"xdf_claim","XDF candidate span: 0xD74F[CB|3x1]"
0xD752,0xD757,55122,55127,6,DATA,0.85,plausible,brotronic_legacy,"data_cal","DATA_CAL window from shipping pack / ingest DATA_BASE=0x8000; XDF maps land here."
0xD758,0xD75B,55128,55131,4,DATA,0.5,unverified,xdf,"xdf_claim","XDF candidate span: 0xD758[D0|4x1]"
0xD75C,0xD75D,55132,55133,2,DATA,0.85,plausible,brotronic_legacy,"data_cal","DATA_CAL window from shipping pack / ingest DATA_BASE=0x8000; XDF maps land here."
0xD75E,0xD767,55134,55143,10,DATA,0.5,unverified,xdf,"xdf_claim","XDF candidate span: 0xD763[D8|5x1]Fuel, Voltage Correction (dwell/latency)"
0xD768,0xD775,55144,55157,14,DATA,0.85,plausible,brotronic_legacy,"data_cal","DATA_CAL window from shipping pack / ingest DATA_BASE=0x8000; XDF maps land here."
0xD776,0xD7A9,55158,55209,52,DATA,0.5,unverified,xdf,"xdf_claim","XDF candidate span: 0xD776[D0xD5|4x6] D5 damping factors ?"
0xD7AA,0xD7B1,55210,55217,8,DATA,0.85,plausible,brotronic_legacy,"data_cal","DATA_CAL window from shipping pack / ingest DATA_BASE=0x8000; XDF maps land here."
0xD7B2,0xD7B7,55218,55223,6,DATA,0.5,unverified,xdf,"xdf_claim","XDF candidate span: 0xD7B2 D0 6x1"
0xD7B8,0xD7C3,55224,55235,12,DATA,0.85,plausible,brotronic_legacy,"data_cal","DATA_CAL window from shipping pack / ingest DATA_BASE=0x8000; XDF maps land here."
0xD7C4,0xD7D3,55236,55251,16,DATA,0.5,unverified,xdf,"xdf_claim","XDF candidate span: 0xD7C4 D3xD7 4x4"
0xD7D4,0xD7E4,55252,55268,17,DATA,0.85,plausible,brotronic_legacy,"data_cal","DATA_CAL window from shipping pack / ingest DATA_BASE=0x8000; XDF maps land here."
0xD7E5,0xD80C,55269,55308,40,DATA,0.5,unverified,xdf,"xdf_claim","XDF candidate span: 0xD7E5 CExD3 8x5"
0xD80D,0xD814,55309,55316,8,DATA,0.85,plausible,brotronic_legacy,"data_cal","DATA_CAL window from shipping pack / ingest DATA_BASE=0x8000; XDF maps land here."
0xD815,0xD81A,55317,55322,6,DATA,0.5,unverified,xdf,"xdf_claim","XDF candidate span: 0xD815[D7|6x1] (suspect for warm up enrich?)"
0xD81B,0xD822,55323,55330,8,DATA,0.85,plausible,brotronic_legacy,"data_cal","DATA_CAL window from shipping pack / ingest DATA_BASE=0x8000; XDF maps land here."
0xD823,0xD828,55331,55336,6,DATA,0.5,unverified,xdf,"xdf_claim","XDF candidate span: 0xD823 D7 6x1"
0xD829,0xD834,55337,55348,12,DATA,0.85,plausible,brotronic_legacy,"data_cal","DATA_CAL window from shipping pack / ingest DATA_BASE=0x8000; XDF maps land here."
0xD835,0xD844,55349,55364,16,DATA,0.5,unverified,xdf,"xdf_claim","XDF candidate span: 0xD835 D0*D5 RPM VS LOAD 4x4"
0xD845,0xD850,55365,55376,12,DATA,0.85,plausible,brotronic_legacy,"data_cal","DATA_CAL window from shipping pack / ingest DATA_BASE=0x8000; XDF maps land here."
0xD851,0xD860,55377,55392,16,DATA,0.5,unverified,xdf,"xdf_claim","XDF candidate span: 0xD851 D0*D5 RPM VS LOAD 4x4"
0xD861,0xD867,55393,55399,7,DATA,0.85,plausible,brotronic_legacy,"data_cal","DATA_CAL window from shipping pack / ingest DATA_BASE=0x8000; XDF maps land here."
0xD868,0xD86C,55400,55404,5,DATA,0.5,unverified,xdf,"xdf_claim","XDF candidate span: 0xD868 D7 5x1"
0xD86D,0xD87C,55405,55420,16,DATA,0.85,plausible,brotronic_legacy,"data_cal","DATA_CAL window from shipping pack / ingest DATA_BASE=0x8000; XDF maps land here."
0xD87D,0xD8A0,55421,55456,36,DATA,0.5,unverified,xdf,"xdf_claim","XDF candidate span: 0xD87D D0xD6 RPM VS TPS 6x6"
0xD8A1,0xD8B0,55457,55472,16,DATA,0.85,plausible,brotronic_legacy,"data_cal","DATA_CAL window from shipping pack / ingest DATA_BASE=0x8000; XDF maps land here."
0xD8B1,0xD8D4,55473,55508,36,DATA,0.5,unverified,xdf,"xdf_claim","XDF candidate span: 0xD8B1 D7xD4 Knock sensor sensitivity by Temp?"
0xD8D5,0xD8DE,55509,55518,10,DATA,0.85,plausible,brotronic_legacy,"data_cal","DATA_CAL window from shipping pack / ingest DATA_BASE=0x8000; XDF maps land here."
0xD8DF,0xD8E6,55519,55526,8,DATA,0.5,unverified,xdf,"xdf_claim","XDF candidate span: 0xD8DF D7 8x1"
0xD8E7,0xD8EE,55527,55534,8,DATA,0.85,plausible,brotronic_legacy,"data_cal","DATA_CAL window from shipping pack / ingest DATA_BASE=0x8000; XDF maps land here."
0xD8EF,0xD8F4,55535,55540,6,DATA,0.5,unverified,xdf,"xdf_claim","XDF candidate span: 0xD8EF[D7|6x1]Fuel, Cold Engine Enrich (Manual | A/T in P|N)"
0xD8F5,0xD8FC,55541,55548,8,DATA,0.85,plausible,brotronic_legacy,"data_cal","DATA_CAL window from shipping pack / ingest DATA_BASE=0x8000; XDF maps land here."
0xD8FD,0xD902,55549,55554,6,DATA,0.5,unverified,xdf,"xdf_claim","XDF candidate span: 0xD8FD[D7|6x1] Fuel, Cold Engine Enrich (A/T in D|R)"
0xD903,0xD908,55555,55560,6,DATA,0.85,plausible,brotronic_legacy,"data_cal","DATA_CAL window from shipping pack / ingest DATA_BASE=0x8000; XDF maps land here."
0xD909,0xD90C,55561,55564,4,DATA,0.5,unverified,xdf,"xdf_claim","XDF candidate span: 0xD909 D1 4x1"
0xD90D,0xD912,55565,55570,6,DATA,0.85,plausible,brotronic_legacy,"data_cal","DATA_CAL window from shipping pack / ingest DATA_BASE=0x8000; XDF maps land here."
0xD913,0xD916,55571,55574,4,DATA,0.5,unverified,xdf,"xdf_claim","XDF candidate span: 0xD913 D1 4x1"
0xD917,0xD91E,55575,55582,8,DATA,0.85,plausible,brotronic_legacy,"data_cal","DATA_CAL window from shipping pack / ingest DATA_BASE=0x8000; XDF maps land here."
0xD91F,0xD924,55583,55588,6,DATA,0.5,unverified,xdf,"xdf_claim","XDF candidate span: 0xD91F[D7|6x1] Fuel, Idle, Cold Lambda Correction"
0xD925,0xD92B,55589,55595,7,DATA,0.85,plausible,brotronic_legacy,"data_cal","DATA_CAL window from shipping pack / ingest DATA_BASE=0x8000; XDF maps land here."
0xD92C,0xD930,55596,55600,5,DATA,0.5,unverified,xdf,"xdf_claim","XDF candidate span: 0xD92C D7 5X1"
0xD931,0xD937,55601,55607,7,DATA,0.85,plausible,brotronic_legacy,"data_cal","DATA_CAL window from shipping pack / ingest DATA_BASE=0x8000; XDF maps land here."
0xD938,0xD93C,55608,55612,5,DATA,0.5,unverified,xdf,"xdf_claim","XDF candidate span: 0xD938 D7 5X1"
0xD93D,0xD94C,55613,55628,16,DATA,0.85,plausible,brotronic_legacy,"data_cal","DATA_CAL window from shipping pack / ingest DATA_BASE=0x8000; XDF maps land here."
0xD94D,0xD950,55629,55632,4,DATA,0.5,unverified,xdf,"xdf_claim","XDF candidate span: 0xD94D D7 4X1"
0xD951,0xD956,55633,55638,6,DATA,0.85,plausible,brotronic_legacy,"data_cal","DATA_CAL window from shipping pack / ingest DATA_BASE=0x8000; XDF maps land here."
0xD957,0xD95A,55639,55642,4,DATA,0.5,unverified,xdf,"xdf_claim","XDF candidate span: 0xD957 CE 4X1"
0xD95B,0xD95F,55643,55647,5,DATA,0.85,plausible,brotronic_legacy,"data_cal","DATA_CAL window from shipping pack / ingest DATA_BASE=0x8000; XDF maps land here."
0xD960,0xD962,55648,55650,3,DATA,0.5,unverified,xdf,"xdf_claim","XDF candidate span: 0xD960 CF 3X1"
0xD963,0xD96F,55651,55663,13,DATA,0.85,plausible,brotronic_legacy,"data_cal","DATA_CAL window from shipping pack / ingest DATA_BASE=0x8000; XDF maps land here."
0xD970,0xD9A3,55664,55715,52,DATA,0.5,unverified,xdf,"xdf_claim","XDF candidate span: 0xD970[D0xD5|6x3] Fuel, Idle, Base"
0xD9A4,0xD9A5,55716,55717,2,DATA,0.85,plausible,brotronic_legacy,"data_cal","DATA_CAL window from shipping pack / ingest DATA_BASE=0x8000; XDF maps land here."
0xD9A6,0xDAA5,55718,55973,256,DATA,0.5,unverified,xdf,"xdf_claim","XDF candidate span: 0xD9B6[D0|16x1] Fuel, WOT VANOS Advanced"
0xDAA6,0xDAA7,55974,55975,2,DATA,0.85,plausible,brotronic_legacy,"data_cal","DATA_CAL window from shipping pack / ingest DATA_BASE=0x8000; XDF maps land here."
0xDAA8,0xDAB7,55976,55991,16,DATA,0.5,unverified,xdf,"xdf_claim","XDF candidate span: 0xDAA8 RPM axis for Fuel, PT, Vanos advanced"
0xDAB8,0xDAB9,55992,55993,2,DATA,0.85,plausible,brotronic_legacy,"data_cal","DATA_CAL window from shipping pack / ingest DATA_BASE=0x8000; XDF maps land here."
0xDABA,0xDC3A,55994,56378,385,DATA,0.5,unverified,xdf,"xdf_claim","XDF candidate span: 0xDAC6[D0xD5|16x12] Fuel, PT VANOS Advanced"
0xDC3B,0xDC46,56379,56390,12,DATA,0.85,plausible,brotronic_legacy,"data_cal","DATA_CAL window from shipping pack / ingest DATA_BASE=0x8000; XDF maps land here."
0xDC47,0xDC56,56391,56406,16,DATA,0.5,unverified,xdf,"xdf_claim","XDF candidate span: 0xDC47[D0xD7|4x4] Fuel, Accel Enrich, Fade Out Rate"
0xDC57,0xDC62,56407,56418,12,DATA,0.85,plausible,brotronic_legacy,"data_cal","DATA_CAL window from shipping pack / ingest DATA_BASE=0x8000; XDF maps land here."
0xDC63,0xDC72,56419,56434,16,DATA,0.5,unverified,xdf,"xdf_claim","XDF candidate span: 0xDC63[D0xD7|4x4] Fuel, Accel Enrich, Delta LOAD Attenuation"
0xDC73,0xDC78,56435,56440,6,DATA,0.85,plausible,brotronic_legacy,"data_cal","DATA_CAL window from shipping pack / ingest DATA_BASE=0x8000; XDF maps land here."
0xDC79,0xDC7C,56441,56444,4,DATA,0.5,unverified,xdf,"xdf_claim","XDF candidate span: 0xDC79[D7|4x1] Fuel, Some kind table for overrun fuel cut?"
0xDC7D,0xDCCE,56445,56526,82,DATA,0.85,plausible,brotronic_legacy,"data_cal","DATA_CAL window from shipping pack / ingest DATA_BASE=0x8000; XDF maps land here."
0xDCCF,0xDCD2,56527,56530,4,DATA,0.5,unverified,xdf,"xdf_claim","XDF candidate span: 0xDCCF[|4x1] Ign., Idle, Cold Engine Timing Correction (Manual | A/T in P or N)"
0xDCD3,0xDCD8,56531,56536,6,DATA,0.85,plausible,brotronic_legacy,"data_cal","DATA_CAL window from shipping pack / ingest DATA_BASE=0x8000; XDF maps land here."
0xDCD9,0xDCE0,56537,56544,8,DATA,0.5,unverified,xdf,"xdf_claim","XDF candidate span: 0xDCD9[|4x1] Ign., Idle, Cold Engine Timing Correction (A/T in D or R)"
0xDCE1,0xDCF2,56545,56562,18,DATA,0.85,plausible,brotronic_legacy,"data_cal","DATA_CAL window from shipping pack / ingest DATA_BASE=0x8000; XDF maps land here."
0xDCF3,0xDCFA,56563,56570,8,DATA,0.5,unverified,xdf,"xdf_claim","XDF candidate span: 0XDCF3[|8x1] Ign., Idle, Timing (Manual | A/T in P|N)"
0xDCFB,0xDD04,56571,56580,10,DATA,0.85,plausible,brotronic_legacy,"data_cal","DATA_CAL window from shipping pack / ingest DATA_BASE=0x8000; XDF maps land here."
0xDD05,0xDD0C,56581,56588,8,DATA,0.5,unverified,xdf,"xdf_claim","XDF candidate span: 0xDD05[|8x1] Ign., Idle, Timing (A/T in D or R)"
0xDD0D,0xDD0E,56589,56590,2,DATA,0.85,plausible,brotronic_legacy,"data_cal","DATA_CAL window from shipping pack / ingest DATA_BASE=0x8000; XDF maps land here."
0xDD0F,0xDD1E,56591,56606,16,DATA,0.5,unverified,xdf,"xdf_claim","XDF candidate span: 0xDD0F RPM axis for Ignition, WOT, Vanos retarded"
0xDD1F,0xDD20,56607,56608,2,DATA,0.85,plausible,brotronic_legacy,"data_cal","DATA_CAL window from shipping pack / ingest DATA_BASE=0x8000; XDF maps land here."
0xDD21,0xDE5A,56609,56922,314,DATA,0.5,unverified,xdf,"xdf_claim","XDF candidate span: 0xDD27[D0xD5|16x6] Ign., WOT, Timing VANOS Retarded"
0xDE5B,0xDE6C,56923,56940,18,DATA,0.85,plausible,brotronic_legacy,"data_cal","DATA_CAL window from shipping pack / ingest DATA_BASE=0x8000; XDF maps land here."
0xDE6D,0xDE7C,56941,56956,16,DATA,0.5,unverified,xdf,"xdf_claim","XDF candidate span: 0xDE6D RPM axis for Ignition, PT, Vanos retarded"
0xDE7D,0xDE7E,56957,56958,2,DATA,0.85,plausible,brotronic_legacy,"data_cal","DATA_CAL window from shipping pack / ingest DATA_BASE=0x8000; XDF maps land here."
0xDE7F,0xE181,56959,57729,771,DATA,0.5,unverified,xdf,"xdf_claim","XDF candidate span: 0xDE8B[D0xD5|16x12] Ign., PT, Timing VANOS Retarded"
0xE182,0xE18D,57730,57741,12,DATA,0.85,plausible,brotronic_legacy,"data_cal","DATA_CAL window from shipping pack / ingest DATA_BASE=0x8000; XDF maps land here."
0xE18E,0xE20D,57742,57869,128,DATA,0.5,unverified,xdf,"xdf_claim","XDF candidate span: 0xE18E[|8x8] Air, Evaporative Emission Valve duty% map"
0xE20E,0xE363,57870,58211,342,DATA,0.85,plausible,brotronic_legacy,"data_cal","DATA_CAL window from shipping pack / ingest DATA_BASE=0x8000; XDF maps land here."
0xE364,0xE369,58212,58217,6,DATA,0.5,unverified,xdf,"xdf_claim","XDF candidate span: 0xE364[|6x1] Air, Lambda OFF 1 RPM*"
0xE36A,0xE371,58218,58225,8,DATA,0.85,plausible,brotronic_legacy,"data_cal","DATA_CAL window from shipping pack / ingest DATA_BASE=0x8000; XDF maps land here."
0xE372,0xE377,58226,58231,6,DATA,0.5,unverified,xdf,"xdf_claim","XDF candidate span: 0xE372[|6x1] Air, Lambda OFF 2 RPM*"
0xE378,0xE37D,58232,58237,6,DATA,0.85,plausible,brotronic_legacy,"data_cal","DATA_CAL window from shipping pack / ingest DATA_BASE=0x8000; XDF maps land here."
0xE37E,0xE381,58238,58241,4,DATA,0.5,unverified,xdf,"xdf_claim","XDF candidate span: 0xE37E[|4x1] Air, Lambda OFF 3 RPM*"
0xE382,0xE387,58242,58247,6,DATA,0.85,plausible,brotronic_legacy,"data_cal","DATA_CAL window from shipping pack / ingest DATA_BASE=0x8000; XDF maps land here."
0xE388,0xE38B,58248,58251,4,DATA,0.5,unverified,xdf,"xdf_claim","XDF candidate span: 0xE388[|4x1] Air, Lambda OFF 4 RPM*"
0xE38C,0xE3CB,58252,58315,64,DATA,0.85,plausible,brotronic_legacy,"data_cal","DATA_CAL window from shipping pack / ingest DATA_BASE=0x8000; XDF maps land here."
0xE3CC,0xE3EF,58316,58351,36,DATA,0.5,unverified,xdf,"xdf_claim","XDF candidate span: 0xE3CC[|6x6] Air, Idle Control Valve air flow"
0xE3F0,0xE3FD,58352,58365,14,DATA,0.85,plausible,brotronic_legacy,"data_cal","DATA_CAL window from shipping pack / ingest DATA_BASE=0x8000; XDF maps land here."
0xE3FE,0xE415,58366,58389,24,DATA,0.5,unverified,xdf,"xdf_claim","XDF candidate span: 0xE3FE[|4x6] Air, Idle Control Valve Duty Overrun"
0xE416,0xE473,58390,58483,94,DATA,0.85,plausible,brotronic_legacy,"data_cal","DATA_CAL window from shipping pack / ingest DATA_BASE=0x8000; XDF maps land here."
0xE474,0xE47B,58484,58491,8,DATA,0.5,unverified,xdf,"xdf_claim","XDF candidate span: 0xE478[D7|4x1] RPM, Idle related (mode?)"
0xE47C,0xE47D,58492,58493,2,DATA,0.85,plausible,brotronic_legacy,"data_cal","DATA_CAL window from shipping pack / ingest DATA_BASE=0x8000; XDF maps land here."
0xE47E,0xE485,58494,58501,8,DATA,0.5,unverified,xdf,"xdf_claim","XDF candidate span: 0xE482[D7|4x1] RPM, Idle (mode?)"
0xE486,0xE487,58502,58503,2,DATA,0.85,plausible,brotronic_legacy,"data_cal","DATA_CAL window from shipping pack / ingest DATA_BASE=0x8000; XDF maps land here."
0xE488,0xE48F,58504,58511,8,DATA,0.5,unverified,xdf,"xdf_claim","XDF candidate span: 0xE48C[D7|4x1] RPM, Idle (mode?) A/T in D or R?"
0xE490,0xE491,58512,58513,2,DATA,0.85,plausible,brotronic_legacy,"data_cal","DATA_CAL window from shipping pack / ingest DATA_BASE=0x8000; XDF maps land here."
0xE492,0xE4A3,58514,58531,18,DATA,0.5,unverified,xdf,"xdf_claim","XDF candidate span: 0xE496[D7|4x1] RPM, Idle (mode?)A/T in D or R with AC on?"
0xE4A4,0xE4A5,58532,58533,2,DATA,0.85,plausible,brotronic_legacy,"data_cal","DATA_CAL window from shipping pack / ingest DATA_BASE=0x8000; XDF maps land here."
0xE4A6,0xE4AD,58534,58541,8,DATA,0.5,unverified,xdf,"xdf_claim","XDF candidate span: 0xE4AA[D7|4x1] RPM, Idle (mode?)Manual idle speed and A/T in P|N"
0xE4AE,0xE4AF,58542,58543,2,DATA,0.85,plausible,brotronic_legacy,"data_cal","DATA_CAL window from shipping pack / ingest DATA_BASE=0x8000; XDF maps land here."
0xE4B0,0xE4B7,58544,58551,8,DATA,0.5,unverified,xdf,"xdf_claim","XDF candidate span: 0xE4B4[D7|4x1] RPM, Idle related (mode?)"
0xE4B8,0xE4FB,58552,58619,68,DATA,0.85,plausible,brotronic_legacy,"data_cal","DATA_CAL window from shipping pack / ingest DATA_BASE=0x8000; XDF maps land here."
0xE4FC,0xE505,58620,58629,10,DATA,0.5,unverified,xdf,"xdf_claim","XDF candidate span: 0xE4FC Knock control on load shown as hex"
0xE506,0xE67D,58630,59005,376,DATA,0.85,plausible,brotronic_legacy,"data_cal","DATA_CAL window from shipping pack / ingest DATA_BASE=0x8000; XDF maps land here."
0xE67E,0xFFFD,59006,65533,6528,DATA,0.5,unverified,xdf,"xdf_claim","XDF candidate span: 0xE67E[16bit|R155] Index of Tables AKA Table of Tables"
0xFFFE,0xFFFF,65534,65535,2,OTHER,0.95,cross_checked,re_pipeline,"cs16_trail","Trailing 16-bit checksum field (CS16_TRAIL). Full-file sum including these bytes = 0x900A."
