,G:\ecu tuning\Tuner pro\413 and 506 E36\413 disassembly\BMW94_413redlabel_dissasembly.bin,,,,,,,,,,,,,,,,,"HxD to export to HTML, open HTML in browser to get local adress, Excel can then open HTML document",,,
FF,FF,FF,FF,FF,FF,FF,FF,FF,FF,FF,FF,D0,02,D2,8E,E6,7E,"Grayed out data at start is what will become the RAM section, any data here is ignored ",,,
FF,FF,FF,FF,FF,FF,FF,FF,FF,FF,FF,FF,20,00,42,EC,FF,F0,,,,
,Offset(h),0,1,2,3,4,5,6,7,8,9,A,B,C,D,E,F,"Red values are INTMEM/RAM locations, could be ID of critical values ",,,
0,0000,FF,FF,FF,FF,FF,FF,FF,FF,FF,FF,FF,FF,FF,FF,FF,FF,,,,
16,0010,FF,FF,FF,FF,FF,FF,FF,FF,FF,FF,FF,FF,FF,FF,FF,FF,,,,
32,0020,FF,FF,FF,FF,FF,FF,FF,FF,FF,FF,FF,FF,FF,FF,FF,FF,Blank Space Below Here (Hidden),,,
48,0030,FF,FF,FF,FF,FF,FF,FF,FF,FF,FF,FF,FF,FF,FF,FF,FF,,,,
64,0040,FF,FF,FF,FF,FF,FF,FF,FF,FF,FF,FF,FF,FF,FF,FF,FF,,,,
80,0050,FF,FF,FF,FF,FF,FF,FF,FF,FF,FF,FF,FF,FF,FF,FF,FF,,,,
96,0060,FF,FF,FF,FF,FF,FF,FF,FF,FF,FF,FF,FF,FF,FF,FF,FF,,,,
112,0070,FF,FF,FF,FF,FF,FF,FF,FF,FF,FF,FF,FF,FF,FF,FF,FF,,,,
128,0080,FF,FF,FF,FF,FF,FF,FF,FF,FF,FF,FF,FF,FF,FF,FF,FF,,,,
144,0090,FF,FF,FF,FF,FF,FF,FF,FF,FF,FF,FF,FF,FF,FF,FF,FF,,,,
160,00A0,FF,FF,FF,FF,FF,FF,FF,FF,FF,FF,FF,FF,FF,FF,FF,FF,,,,
176,00B0,FF,FF,FF,FF,FF,FF,FF,FF,FF,FF,FF,FF,FF,FF,FF,FF,,,,
192,00C0,FF,FF,FF,FF,FF,FF,FF,FF,FF,FF,FF,FF,FF,FF,FF,FF,,,,
208,00D0,FF,FF,FF,FF,FF,FF,FF,FF,FF,FF,FF,FF,FF,FF,FF,FF,,,,
224,00E0,FF,FF,FF,FF,FF,FF,FF,FF,FF,FF,FF,FF,FF,FF,FF,FF,,,,
240,00F0,FF,FF,FF,FF,FF,FF,FF,FF,FF,FF,FF,FF,FF,FF,FF,FF,,,,
256,0100,FF,FF,FF,FF,FF,FF,FF,FF,FF,FF,FF,FF,FF,FF,FF,FF,,,,
272,0110,FF,FF,FF,FF,FF,FF,FF,FF,FF,FF,FF,FF,FF,FF,FF,FF,Blank Space Below Here (Hidden),,,
288,0120,FF,FF,FF,FF,FF,FF,FF,FF,FF,FF,FF,FF,FF,FF,FF,FF,,,,
304,0130,FF,FF,FF,FF,FF,FF,FF,FF,FF,FF,FF,FF,FF,FF,FF,FF,,,,
320,0140,FF,FF,FF,FF,FF,FF,FF,FF,FF,FF,FF,FF,FF,FF,FF,FF,,,,
336,0150,FF,FF,FF,FF,FF,FF,FF,FF,FF,FF,FF,FF,FF,FF,FF,FF,,,,
352,0160,FF,FF,FF,FF,FF,FF,FF,FF,FF,FF,FF,FF,FF,FF,FF,FF,,,,
368,0170,FF,FF,FF,FF,FF,FF,FF,FF,FF,FF,FF,FF,FF,FF,FF,FF,,,,
384,0180,FF,FF,FF,FF,FF,FF,FF,FF,FF,FF,FF,FF,FF,FF,FF,FF,,,,
400,0190,FF,FF,FF,FF,FF,FF,FF,FF,FF,FF,FF,FF,FF,FF,FF,FF,,,,
416,01A0,FF,FF,FF,FF,FF,FF,FF,FF,FF,FF,FF,FF,FF,FF,FF,FF,,,,
432,01B0,FF,FF,FF,FF,FF,FF,FF,FF,FF,FF,FF,FF,FF,FF,FF,FF,,,,
448,01C0,FF,FF,FF,FF,FF,FF,FF,FF,FF,FF,FF,FF,FF,FF,FF,FF,,,,
464,01D0,FF,FF,FF,FF,FF,FF,FF,FF,FF,FF,FF,FF,FF,FF,FF,FF,,,,
480,01E0,FF,FF,FF,FF,FF,FF,FF,FF,FF,FF,FF,FF,FF,FF,FF,FF,,,,
496,01F0,FF,FF,FF,FF,FF,FF,FF,FF,FF,FF,FF,FF,FF,FF,FF,FF,,,,
512,0200,FF,FF,FF,FF,FF,FF,FF,FF,FF,FF,FF,FF,FF,FF,FF,FF,,,,
528,0210,FF,FF,FF,FF,FF,FF,FF,FF,FF,FF,FF,FF,FF,FF,FF,FF,,,,
544,0220,FF,FF,FF,FF,FF,FF,FF,FF,FF,FF,FF,FF,FF,FF,FF,FF,,,,
560,0230,FF,FF,FF,FF,FF,FF,FF,FF,FF,FF,FF,FF,FF,FF,FF,FF,,,,
576,0240,FF,FF,FF,FF,FF,FF,FF,FF,FF,FF,FF,FF,FF,FF,FF,FF,,,,
592,0250,FF,FF,FF,FF,FF,FF,FF,FF,FF,FF,FF,FF,FF,FF,FF,FF,,,,
608,0260,FF,FF,FF,FF,FF,FF,FF,FF,FF,FF,FF,FF,FF,FF,FF,FF,,,,
624,0270,FF,FF,FF,FF,FF,FF,FF,FF,FF,FF,FF,FF,FF,FF,FF,FF,,,,
640,0280,FF,FF,FF,FF,FF,FF,FF,FF,FF,FF,FF,FF,FF,FF,FF,FF,,,,
656,0290,FF,FF,FF,FF,FF,FF,FF,FF,FF,FF,FF,FF,FF,FF,FF,FF,,,,
672,02A0,FF,FF,FF,FF,FF,FF,FF,FF,FF,FF,FF,FF,FF,FF,FF,FF,,,,
688,02B0,FF,FF,FF,FF,FF,FF,FF,FF,FF,FF,FF,FF,FF,FF,FF,FF,,,,
704,02C0,FF,FF,FF,FF,FF,FF,FF,FF,FF,FF,FF,FF,FF,FF,FF,FF,,,,
720,02D0,FF,FF,FF,FF,FF,FF,FF,FF,FF,FF,FF,FF,FF,FF,FF,FF,,,,
736,02E0,FF,FF,FF,FF,FF,FF,FF,FF,FF,FF,FF,FF,FF,FF,FF,FF,,,,
752,02F0,FF,FF,FF,FF,FF,FF,FF,FF,FF,FF,FF,FF,FF,FF,FF,FF,,,,
768,0300,FF,FF,FF,FF,FF,FF,FF,FF,FF,FF,FF,FF,FF,FF,FF,FF,,,,
784,0310,FF,FF,FF,FF,FF,FF,FF,FF,FF,FF,FF,FF,FF,FF,FF,FF,,,,
800,0320,FF,FF,FF,FF,FF,FF,FF,FF,FF,FF,FF,FF,FF,FF,FF,FF,,,,
816,0330,FF,FF,FF,FF,FF,FF,FF,FF,FF,FF,FF,FF,FF,FF,FF,FF,,,,
832,0340,FF,FF,FF,FF,FF,FF,FF,FF,FF,FF,FF,FF,FF,FF,FF,FF,,,,
848,0350,FF,FF,FF,FF,FF,FF,FF,FF,FF,FF,FF,FF,FF,FF,FF,FF,,,,
864,0360,FF,FF,FF,FF,FF,FF,FF,FF,FF,FF,FF,FF,FF,FF,FF,FF,,,,
880,0370,FF,FF,FF,FF,FF,FF,FF,FF,FF,FF,FF,FF,FF,FF,FF,FF,,,,
896,0380,FF,FF,FF,FF,FF,FF,FF,FF,FF,FF,FF,FF,FF,FF,FF,FF,,,,
912,0390,FF,FF,FF,FF,FF,FF,FF,FF,FF,FF,FF,FF,FF,FF,FF,FF,,,,
928,03A0,FF,FF,FF,FF,FF,FF,FF,FF,FF,FF,FF,FF,FF,FF,FF,FF,,,,
944,03B0,FF,FF,FF,FF,FF,FF,FF,FF,FF,FF,FF,FF,FF,FF,FF,FF,,,,
960,03C0,FF,FF,FF,FF,FF,FF,FF,FF,FF,FF,FF,FF,FF,FF,FF,FF,,,,
976,03D0,FF,FF,FF,FF,FF,FF,FF,FF,FF,FF,FF,FF,FF,FF,FF,FF,,,,
992,03E0,FF,FF,FF,FF,FF,FF,FF,FF,FF,FF,FF,FF,FF,FF,FF,FF,,,,
1008,03F0,FF,FF,FF,FF,FF,FF,FF,FF,FF,FF,FF,FF,FF,FF,FF,FF,,,,
1024,0400,FF,FF,FF,FF,FF,FF,FF,FF,FF,FF,FF,FF,FF,FF,FF,FF,,,,
1040,0410,FF,FF,FF,FF,FF,FF,FF,FF,FF,FF,FF,FF,FF,FF,FF,FF,,,,
1056,0420,FF,FF,FF,FF,FF,FF,FF,FF,FF,FF,FF,FF,FF,FF,FF,FF,,,,
1072,0430,FF,FF,FF,FF,FF,FF,FF,FF,FF,FF,FF,FF,FF,FF,FF,FF,,,,
1088,0440,FF,FF,FF,FF,FF,FF,FF,FF,FF,FF,FF,FF,FF,FF,FF,FF,,,,
1104,0450,FF,FF,FF,FF,FF,FF,FF,FF,FF,FF,FF,FF,FF,FF,FF,FF,,,,
1120,0460,FF,FF,FF,FF,FF,FF,FF,FF,FF,FF,FF,FF,FF,FF,FF,FF,,,,
1136,0470,FF,FF,FF,FF,FF,FF,FF,FF,FF,FF,FF,FF,FF,FF,FF,FF,,,,
1152,0480,FF,FF,FF,FF,FF,FF,FF,FF,FF,FF,FF,FF,FF,FF,FF,FF,,,,
1168,0490,FF,FF,FF,FF,FF,FF,FF,FF,FF,FF,FF,FF,FF,FF,FF,FF,,,,
1184,04A0,FF,FF,FF,FF,FF,FF,FF,FF,FF,FF,FF,FF,FF,FF,FF,FF,,,,
1200,04B0,FF,FF,FF,FF,FF,FF,FF,FF,FF,FF,FF,FF,FF,FF,FF,FF,,,,
1216,04C0,FF,FF,FF,FF,FF,FF,FF,FF,FF,FF,FF,FF,FF,FF,FF,FF,,,,
1232,04D0,FF,FF,FF,FF,FF,FF,FF,FF,FF,FF,FF,FF,FF,FF,FF,FF,,,,
1248,04E0,FF,FF,FF,FF,FF,FF,FF,FF,FF,FF,FF,FF,FF,FF,FF,FF,,,,
1264,04F0,FF,FF,FF,FF,FF,FF,FF,FF,FF,FF,FF,FF,FF,FF,FF,FF,,,,
1280,0500,FF,FF,FF,FF,FF,FF,FF,FF,FF,FF,FF,FF,FF,FF,FF,FF,,,,
1296,0510,FF,FF,FF,FF,FF,FF,FF,FF,FF,FF,FF,FF,FF,FF,FF,FF,,,,
1312,0520,FF,FF,FF,FF,FF,FF,FF,FF,FF,FF,FF,FF,FF,FF,FF,FF,,,,
1328,0530,FF,FF,FF,FF,FF,FF,FF,FF,FF,FF,FF,FF,FF,FF,FF,FF,,,,
1344,0540,FF,FF,FF,FF,FF,FF,FF,FF,FF,FF,FF,FF,FF,FF,FF,FF,,,,
1360,0550,FF,FF,FF,FF,FF,FF,FF,FF,FF,FF,FF,FF,FF,FF,FF,FF,,,,
1376,0560,FF,FF,FF,FF,FF,FF,FF,FF,FF,FF,FF,FF,FF,FF,FF,FF,,,,
1392,0570,FF,FF,FF,FF,FF,FF,FF,FF,FF,FF,FF,FF,FF,FF,FF,FF,,,,
1408,0580,FF,FF,FF,FF,FF,FF,FF,FF,FF,FF,FF,FF,FF,FF,FF,FF,,,,
1424,0590,FF,FF,FF,FF,FF,FF,FF,FF,FF,FF,FF,FF,FF,FF,FF,FF,,,,
1440,05A0,FF,FF,FF,FF,FF,FF,FF,FF,FF,FF,FF,FF,FF,FF,FF,FF,,,,
1456,05B0,FF,FF,FF,FF,FF,FF,FF,FF,FF,FF,FF,FF,FF,FF,FF,FF,,,,
1472,05C0,FF,FF,FF,FF,FF,FF,FF,FF,FF,FF,FF,FF,FF,FF,FF,FF,,,,
1488,05D0,FF,FF,FF,FF,FF,FF,FF,FF,FF,FF,FF,FF,FF,FF,FF,FF,,,,
1504,05E0,FF,FF,FF,FF,FF,FF,FF,FF,FF,FF,FF,FF,FF,FF,FF,FF,,,,
1520,05F0,FF,FF,FF,FF,FF,FF,FF,FF,FF,FF,FF,FF,FF,FF,FF,FF,,,,
1536,0600,FF,FF,FF,FF,FF,FF,FF,FF,FF,FF,FF,FF,FF,FF,FF,FF,,,,
1552,0610,FF,FF,FF,FF,FF,FF,FF,FF,FF,FF,FF,FF,FF,FF,FF,FF,,,,
1568,0620,FF,FF,FF,FF,FF,FF,FF,FF,FF,FF,FF,FF,FF,FF,FF,FF,,,,
1584,0630,FF,FF,FF,FF,FF,FF,FF,FF,FF,FF,FF,FF,FF,FF,FF,FF,,,,
1600,0640,FF,FF,FF,FF,FF,FF,FF,FF,FF,FF,FF,FF,FF,FF,FF,FF,,,,
1616,0650,FF,FF,FF,FF,FF,FF,FF,FF,FF,FF,FF,FF,FF,FF,FF,FF,,,,
1632,0660,FF,FF,FF,FF,FF,FF,FF,FF,FF,FF,FF,FF,FF,FF,FF,FF,,,,
1648,0670,FF,FF,FF,FF,FF,FF,FF,FF,FF,FF,FF,FF,FF,FF,FF,FF,,,,
1664,0680,FF,FF,FF,FF,FF,FF,FF,FF,FF,FF,FF,FF,FF,FF,FF,FF,,,,
1680,0690,FF,FF,FF,FF,FF,FF,FF,FF,FF,FF,FF,FF,FF,FF,FF,FF,,,,
1696,06A0,FF,FF,FF,FF,FF,FF,FF,FF,FF,FF,FF,FF,FF,FF,FF,FF,,,,
1712,06B0,FF,FF,FF,FF,FF,FF,FF,FF,FF,FF,FF,FF,FF,FF,FF,FF,,,,
1728,06C0,FF,FF,FF,FF,FF,FF,FF,FF,FF,FF,FF,FF,FF,FF,FF,FF,,,,
1744,06D0,FF,FF,FF,FF,FF,FF,FF,FF,FF,FF,FF,FF,FF,FF,FF,FF,,,,
1760,06E0,FF,FF,FF,FF,FF,FF,FF,FF,FF,FF,FF,FF,FF,FF,FF,FF,,,,
1776,06F0,FF,FF,FF,FF,FF,FF,FF,FF,FF,FF,FF,FF,FF,FF,FF,FF,,,,
1792,0700,FF,FF,FF,FF,FF,FF,FF,FF,FF,FF,FF,FF,FF,FF,FF,FF,,,,
1808,0710,FF,FF,FF,FF,FF,FF,FF,FF,FF,FF,FF,FF,FF,FF,FF,FF,,,,
1824,0720,FF,FF,FF,FF,FF,FF,FF,FF,FF,FF,FF,FF,FF,FF,FF,FF,,,,
1840,0730,FF,FF,FF,FF,FF,FF,FF,FF,FF,FF,FF,FF,FF,FF,FF,FF,,,,
1856,0740,FF,FF,FF,FF,FF,FF,FF,FF,FF,FF,FF,FF,FF,FF,FF,FF,,,,
1872,0750,FF,FF,FF,FF,FF,FF,FF,FF,FF,FF,FF,FF,FF,FF,FF,FF,,,,
1888,0760,FF,FF,FF,FF,FF,FF,FF,FF,FF,FF,FF,FF,FF,FF,FF,FF,,,,
1904,0770,FF,FF,FF,FF,FF,FF,FF,FF,FF,FF,FF,FF,FF,FF,FF,FF,,,,
1920,0780,FF,FF,FF,FF,FF,FF,FF,FF,FF,FF,FF,FF,FF,FF,FF,FF,,,,
1936,0790,FF,FF,FF,FF,FF,FF,FF,FF,FF,FF,FF,FF,FF,FF,FF,FF,,,,
1952,07A0,FF,FF,FF,FF,FF,FF,FF,FF,FF,FF,FF,FF,FF,FF,FF,FF,,,,
1968,07B0,FF,FF,FF,FF,FF,FF,FF,FF,FF,FF,FF,FF,FF,FF,FF,FF,,,,
1984,07C0,FF,FF,FF,FF,FF,FF,FF,FF,FF,FF,FF,FF,FF,FF,FF,FF,,,,
2000,07D0,FF,FF,FF,FF,FF,FF,FF,FF,FF,FF,FF,FF,FF,FF,FF,FF,,,,
2016,07E0,FF,FF,FF,FF,FF,FF,FF,FF,FF,FF,FF,FF,FF,FF,FF,FF,,,,
2032,07F0,FF,FF,FF,FF,FF,FF,FF,FF,FF,FF,FF,FF,FF,FF,FF,FF,,,,
2048,0800,FF,FF,FF,FF,FF,FF,FF,FF,FF,FF,FF,FF,FF,FF,FF,FF,,,,
2064,0810,FF,FF,FF,FF,FF,FF,FF,FF,FF,FF,FF,FF,FF,FF,FF,FF,,,,
2080,0820,FF,FF,FF,FF,FF,FF,FF,FF,FF,FF,FF,FF,FF,FF,FF,FF,,,,
2096,0830,FF,FF,FF,FF,FF,FF,FF,FF,FF,FF,FF,FF,FF,FF,FF,FF,,,,
2112,0840,FF,FF,FF,FF,FF,FF,FF,FF,FF,FF,FF,FF,FF,FF,FF,FF,,,,
2128,0850,FF,FF,FF,FF,FF,FF,FF,FF,FF,FF,FF,FF,FF,FF,FF,FF,,,,
2144,0860,FF,FF,FF,FF,FF,FF,FF,FF,FF,FF,FF,FF,FF,FF,FF,FF,,,,
2160,0870,FF,FF,FF,FF,FF,FF,FF,FF,FF,FF,FF,FF,FF,FF,FF,FF,,,,
2176,0880,FF,FF,FF,FF,FF,FF,FF,FF,FF,FF,FF,FF,FF,FF,FF,FF,,,,
2192,0890,FF,FF,FF,FF,FF,FF,FF,FF,FF,FF,FF,FF,FF,FF,FF,FF,,,,
2208,08A0,FF,FF,FF,FF,FF,FF,FF,FF,FF,FF,FF,FF,FF,FF,FF,FF,,,,
2224,08B0,FF,FF,FF,FF,FF,FF,FF,FF,FF,FF,FF,FF,FF,FF,FF,FF,,,,
2240,08C0,FF,FF,FF,FF,FF,FF,FF,FF,FF,FF,FF,FF,FF,FF,FF,FF,,,,
2256,08D0,FF,FF,FF,FF,FF,FF,FF,FF,FF,FF,FF,FF,FF,FF,FF,FF,,,,
2272,08E0,FF,FF,FF,FF,FF,FF,FF,FF,FF,FF,FF,FF,FF,FF,FF,FF,,,,
2288,08F0,FF,FF,FF,FF,FF,FF,FF,FF,FF,FF,FF,FF,FF,FF,FF,FF,,,,
2304,0900,FF,FF,FF,FF,FF,FF,FF,FF,FF,FF,FF,FF,FF,FF,FF,FF,,,,
2320,0910,FF,FF,FF,FF,FF,FF,FF,FF,FF,FF,FF,FF,FF,FF,FF,FF,,,,
2336,0920,FF,FF,FF,FF,FF,FF,FF,FF,FF,FF,FF,FF,FF,FF,FF,FF,,,,
2352,0930,FF,FF,FF,FF,FF,FF,FF,FF,FF,FF,FF,FF,FF,FF,FF,FF,,,,
2368,0940,FF,FF,FF,FF,FF,FF,FF,FF,FF,FF,FF,FF,FF,FF,FF,FF,,,,
2384,0950,FF,FF,FF,FF,FF,FF,FF,FF,FF,FF,FF,FF,FF,FF,FF,FF,,,,
2400,0960,FF,FF,FF,FF,FF,FF,FF,FF,FF,FF,FF,FF,FF,FF,FF,FF,,,,
2416,0970,FF,FF,FF,FF,FF,FF,FF,FF,FF,FF,FF,FF,FF,FF,FF,FF,,,,
2432,0980,FF,FF,FF,FF,FF,FF,FF,FF,FF,FF,FF,FF,FF,FF,FF,FF,,,,
2448,0990,FF,FF,FF,FF,FF,FF,FF,FF,FF,FF,FF,FF,FF,FF,FF,FF,,,,
2464,09A0,FF,FF,FF,FF,FF,FF,FF,FF,FF,FF,FF,FF,FF,FF,FF,FF,,,,
2480,09B0,FF,FF,FF,FF,FF,FF,FF,FF,FF,FF,FF,FF,FF,FF,FF,FF,,,,
2496,09C0,FF,FF,FF,FF,FF,FF,FF,FF,FF,FF,FF,FF,FF,FF,FF,FF,,,,
2512,09D0,FF,FF,FF,FF,FF,FF,FF,FF,FF,FF,FF,FF,FF,FF,FF,FF,,,,
2528,09E0,FF,FF,FF,FF,FF,FF,FF,FF,FF,FF,FF,FF,FF,FF,FF,FF,,,,
2544,09F0,FF,FF,FF,FF,FF,FF,FF,FF,FF,FF,FF,FF,FF,FF,FF,FF,,,,
2560,0A00,FF,FF,FF,FF,FF,FF,FF,FF,FF,FF,FF,FF,FF,FF,FF,FF,,,,
2576,0A10,FF,FF,FF,FF,FF,FF,FF,FF,FF,FF,FF,FF,FF,FF,FF,FF,,,,
2592,0A20,FF,FF,FF,FF,FF,FF,FF,FF,FF,FF,FF,FF,FF,FF,FF,FF,,,,
2608,0A30,FF,FF,FF,FF,FF,FF,FF,FF,FF,FF,FF,FF,FF,FF,FF,FF,,,,
2624,0A40,FF,FF,FF,FF,FF,FF,FF,FF,FF,FF,FF,FF,FF,FF,FF,FF,,,,
2640,0A50,FF,FF,FF,FF,FF,FF,FF,FF,FF,FF,FF,FF,FF,FF,FF,FF,,,,
2656,0A60,FF,FF,FF,FF,FF,FF,FF,FF,FF,FF,FF,FF,FF,FF,FF,FF,,,,
2672,0A70,FF,FF,FF,FF,FF,FF,FF,FF,FF,FF,FF,FF,FF,FF,FF,FF,,,,
2688,0A80,FF,FF,FF,FF,FF,FF,FF,FF,FF,FF,FF,FF,FF,FF,FF,FF,,,,
2704,0A90,FF,FF,FF,FF,FF,FF,FF,FF,FF,FF,FF,FF,FF,FF,FF,FF,,,,
2720,0AA0,FF,FF,FF,FF,FF,FF,FF,FF,FF,FF,FF,FF,FF,FF,FF,FF,,,,
2736,0AB0,FF,FF,FF,FF,FF,FF,FF,FF,FF,FF,FF,FF,FF,FF,FF,FF,,,,
2752,0AC0,FF,FF,FF,FF,FF,FF,FF,FF,FF,FF,FF,FF,FF,FF,FF,FF,,,,
2768,0AD0,FF,FF,FF,FF,FF,FF,FF,FF,FF,FF,FF,FF,FF,FF,FF,FF,,,,
2784,0AE0,FF,FF,FF,FF,FF,FF,FF,FF,FF,FF,FF,FF,FF,FF,FF,FF,,,,
2800,0AF0,FF,FF,FF,FF,FF,FF,FF,FF,FF,FF,FF,FF,FF,FF,FF,FF,,,,
2816,0B00,FF,FF,FF,FF,FF,FF,FF,FF,FF,FF,FF,FF,FF,FF,FF,FF,,,,
2832,0B10,FF,FF,FF,FF,FF,FF,FF,FF,FF,FF,FF,FF,FF,FF,FF,FF,,,,
2848,0B20,FF,FF,FF,FF,FF,FF,FF,FF,FF,FF,FF,FF,FF,FF,FF,FF,,,,
2864,0B30,FF,FF,FF,FF,FF,FF,FF,FF,FF,FF,FF,FF,FF,FF,FF,FF,,,,
2880,0B40,FF,FF,FF,FF,FF,FF,FF,FF,FF,FF,FF,FF,FF,FF,FF,FF,,,,
2896,0B50,FF,FF,FF,FF,FF,FF,FF,FF,FF,FF,FF,FF,FF,FF,FF,FF,,,,
2912,0B60,FF,FF,FF,FF,FF,FF,FF,FF,FF,FF,FF,FF,FF,FF,FF,FF,,,,
2928,0B70,FF,FF,FF,FF,FF,FF,FF,FF,FF,FF,FF,FF,FF,FF,FF,FF,,,,
2944,0B80,FF,FF,FF,FF,FF,FF,FF,FF,FF,FF,FF,FF,FF,FF,FF,FF,,,,
2960,0B90,FF,FF,FF,FF,FF,FF,FF,FF,FF,FF,FF,FF,FF,FF,FF,FF,,,,
2976,0BA0,FF,FF,FF,FF,FF,FF,FF,FF,FF,FF,FF,FF,FF,FF,FF,FF,,,,
2992,0BB0,FF,FF,FF,FF,FF,FF,FF,FF,FF,FF,FF,FF,FF,FF,FF,FF,,,,
3008,0BC0,FF,FF,FF,FF,FF,FF,FF,FF,FF,FF,FF,FF,FF,FF,FF,FF,,,,
3024,0BD0,FF,FF,FF,FF,FF,FF,FF,FF,FF,FF,FF,FF,FF,FF,FF,FF,,,,
3040,0BE0,FF,FF,FF,FF,FF,FF,FF,FF,FF,FF,FF,FF,FF,FF,FF,FF,,,,
3056,0BF0,FF,FF,FF,FF,FF,FF,FF,FF,FF,FF,FF,FF,FF,FF,FF,FF,,,,
3072,0C00,FF,FF,FF,FF,FF,FF,FF,FF,FF,FF,FF,FF,FF,FF,FF,FF,,,,
3088,0C10,FF,FF,FF,FF,FF,FF,FF,FF,FF,FF,FF,FF,FF,FF,FF,FF,,,,
3104,0C20,FF,FF,FF,FF,FF,FF,FF,FF,FF,FF,FF,FF,FF,FF,FF,FF,,,,
3120,0C30,FF,FF,FF,FF,FF,FF,FF,FF,FF,FF,FF,FF,FF,FF,FF,FF,,,,
3136,0C40,FF,FF,FF,FF,FF,FF,FF,FF,FF,FF,FF,FF,FF,FF,FF,FF,,,,
3152,0C50,FF,FF,FF,FF,FF,FF,FF,FF,FF,FF,FF,FF,FF,FF,FF,FF,,,,
3168,0C60,FF,FF,FF,FF,FF,FF,FF,FF,FF,FF,FF,FF,FF,FF,FF,FF,,,,
3184,0C70,FF,FF,FF,FF,FF,FF,FF,FF,FF,FF,FF,FF,FF,FF,FF,FF,,,,
3200,0C80,FF,FF,FF,FF,FF,FF,FF,FF,FF,FF,FF,FF,FF,FF,FF,FF,,,,
3216,0C90,FF,FF,FF,FF,FF,FF,FF,FF,FF,FF,FF,FF,FF,FF,FF,FF,,,,
3232,0CA0,FF,FF,FF,FF,FF,FF,FF,FF,FF,FF,FF,FF,FF,FF,FF,FF,,,,
3248,0CB0,FF,FF,FF,FF,FF,FF,FF,FF,FF,FF,FF,FF,FF,FF,FF,FF,,,,
3264,0CC0,FF,FF,FF,FF,FF,FF,FF,FF,FF,FF,FF,FF,FF,FF,FF,FF,,,,
3280,0CD0,FF,FF,FF,FF,FF,FF,FF,FF,FF,FF,FF,FF,FF,FF,FF,FF,,,,
3296,0CE0,FF,FF,FF,FF,FF,FF,FF,FF,FF,FF,FF,FF,FF,FF,FF,FF,,,,
3312,0CF0,FF,FF,FF,FF,FF,FF,FF,FF,FF,FF,FF,FF,FF,FF,FF,FF,,,,
3328,0D00,FF,FF,FF,FF,FF,FF,FF,FF,FF,FF,FF,FF,FF,FF,FF,FF,,,,
3344,0D10,FF,FF,FF,FF,FF,FF,FF,FF,FF,FF,FF,FF,FF,FF,FF,FF,,,,
3360,0D20,FF,FF,FF,FF,FF,FF,FF,FF,FF,FF,FF,FF,FF,FF,FF,FF,,,,
3376,0D30,FF,FF,FF,FF,FF,FF,FF,FF,FF,FF,FF,FF,FF,FF,FF,FF,,,,
3392,0D40,FF,FF,FF,FF,FF,FF,FF,FF,FF,FF,FF,FF,FF,FF,FF,FF,,,,
3408,0D50,FF,FF,FF,FF,FF,FF,FF,FF,FF,FF,FF,FF,FF,FF,FF,FF,,,,
3424,0D60,FF,FF,FF,FF,FF,FF,FF,FF,FF,FF,FF,FF,FF,FF,FF,FF,,,,
3440,0D70,FF,FF,FF,FF,FF,FF,FF,FF,FF,FF,FF,FF,FF,FF,FF,FF,,,,
3456,0D80,FF,FF,FF,FF,FF,FF,FF,FF,FF,FF,FF,FF,FF,FF,FF,FF,,,,
3472,0D90,FF,FF,FF,FF,FF,FF,FF,FF,FF,FF,FF,FF,FF,FF,FF,FF,,,,
3488,0DA0,FF,FF,FF,FF,FF,FF,FF,FF,FF,FF,FF,FF,FF,FF,FF,FF,,,,
3504,0DB0,FF,FF,FF,FF,FF,FF,FF,FF,FF,FF,FF,FF,FF,FF,FF,FF,,,,
3520,0DC0,FF,FF,FF,FF,FF,FF,FF,FF,FF,FF,FF,FF,FF,FF,FF,FF,,,,
3536,0DD0,FF,FF,FF,FF,FF,FF,FF,FF,FF,FF,FF,FF,FF,FF,FF,FF,,,,
3552,0DE0,FF,FF,FF,FF,FF,FF,FF,FF,FF,FF,FF,FF,FF,FF,FF,FF,,,,
3568,0DF0,FF,FF,FF,FF,FF,FF,FF,FF,FF,FF,FF,FF,FF,FF,FF,FF,,,,
3584,0E00,FF,FF,FF,FF,FF,FF,FF,FF,FF,FF,FF,FF,FF,FF,FF,FF,,,,
3600,0E10,FF,FF,FF,FF,FF,FF,FF,FF,FF,FF,FF,FF,FF,FF,FF,FF,,,,
3616,0E20,FF,FF,FF,FF,FF,FF,FF,FF,FF,FF,FF,FF,FF,FF,FF,FF,,,,
3632,0E30,FF,FF,FF,FF,FF,FF,FF,FF,FF,FF,FF,FF,FF,FF,FF,FF,,,,
3648,0E40,FF,FF,FF,FF,FF,FF,FF,FF,FF,FF,FF,FF,FF,FF,FF,FF,,,,
3664,0E50,FF,FF,FF,FF,FF,FF,FF,FF,FF,FF,FF,FF,FF,FF,FF,FF,,,,
3680,0E60,FF,FF,FF,FF,FF,FF,FF,FF,FF,FF,FF,FF,FF,FF,FF,FF,,,,
3696,0E70,FF,FF,FF,FF,FF,FF,FF,FF,FF,FF,FF,FF,FF,FF,FF,FF,,,,
3712,0E80,FF,FF,FF,FF,FF,FF,FF,FF,FF,FF,FF,FF,FF,FF,FF,FF,,,,
3728,0E90,FF,FF,FF,FF,FF,FF,FF,FF,FF,FF,FF,FF,FF,FF,FF,FF,,,,
3744,0EA0,FF,FF,FF,FF,FF,FF,FF,FF,FF,FF,FF,FF,FF,FF,FF,FF,,,,
3760,0EB0,FF,FF,FF,FF,FF,FF,FF,FF,FF,FF,FF,FF,FF,FF,FF,FF,,,,
3776,0EC0,FF,FF,FF,FF,FF,FF,FF,FF,FF,FF,FF,FF,FF,FF,FF,FF,,,,
3792,0ED0,FF,FF,FF,FF,FF,FF,FF,FF,FF,FF,FF,FF,FF,FF,FF,FF,,,,
3808,0EE0,FF,FF,FF,FF,FF,FF,FF,FF,FF,FF,FF,FF,FF,FF,FF,FF,,,,
3824,0EF0,FF,FF,FF,FF,FF,FF,FF,FF,FF,FF,FF,FF,FF,FF,FF,FF,,,,
3840,0F00,FF,FF,FF,FF,FF,FF,FF,FF,FF,FF,FF,FF,FF,FF,FF,FF,,,,
3856,0F10,FF,FF,FF,FF,FF,FF,FF,FF,FF,FF,FF,FF,FF,FF,FF,FF,,,,
3872,0F20,FF,FF,FF,FF,FF,FF,FF,FF,FF,FF,FF,FF,FF,FF,FF,FF,,,,
3888,0F30,FF,FF,FF,FF,FF,FF,FF,FF,FF,FF,FF,FF,FF,FF,FF,FF,,,,
3904,0F40,FF,FF,FF,FF,FF,FF,FF,FF,FF,FF,FF,FF,FF,FF,FF,FF,,,,
3920,0F50,FF,FF,FF,FF,FF,FF,FF,FF,FF,FF,FF,FF,FF,FF,FF,FF,,,,
3936,0F60,FF,FF,FF,FF,FF,FF,FF,FF,FF,FF,FF,FF,FF,FF,FF,FF,,,,
3952,0F70,FF,FF,FF,FF,FF,FF,FF,FF,FF,FF,FF,FF,FF,FF,FF,FF,,,,
3968,0F80,FF,FF,FF,FF,FF,FF,FF,FF,FF,FF,FF,FF,FF,FF,FF,FF,,,,
3984,0F90,FF,FF,FF,FF,FF,FF,FF,FF,FF,FF,FF,FF,FF,FF,FF,FF,,,,
4000,0FA0,FF,FF,FF,FF,FF,FF,FF,FF,FF,FF,FF,FF,FF,FF,FF,FF,,,,
4016,0FB0,FF,FF,FF,FF,FF,FF,FF,FF,FF,FF,FF,FF,FF,FF,FF,FF,,,,
4032,0FC0,FF,FF,FF,FF,FF,FF,FF,FF,FF,FF,FF,FF,FF,FF,FF,FF,,,,
4048,0FD0,FF,FF,FF,FF,FF,FF,FF,FF,FF,FF,FF,FF,FF,FF,FF,FF,,,,
4064,0FE0,FF,FF,FF,FF,FF,FF,FF,FF,FF,FF,FF,FF,FF,FF,FF,FF,,,,
4080,0FF0,FF,FF,FF,FF,FF,FF,FF,FF,FF,FF,FF,FF,FF,FF,FF,FF,,,,
4096,1000,FF,FF,FF,FF,FF,FF,FF,FF,FF,FF,FF,FF,FF,FF,FF,FF,,,,
4112,1010,FF,FF,FF,FF,FF,FF,FF,FF,FF,FF,FF,FF,FF,FF,FF,FF,,,,
4128,1020,FF,FF,FF,FF,FF,FF,FF,FF,FF,FF,FF,FF,FF,FF,FF,FF,,,,
4144,1030,FF,FF,FF,FF,FF,FF,FF,FF,FF,FF,FF,FF,FF,FF,FF,FF,,,,
4160,1040,FF,FF,FF,FF,FF,FF,FF,FF,FF,FF,FF,FF,FF,FF,FF,FF,,,,
4176,1050,FF,FF,FF,FF,FF,FF,FF,FF,FF,FF,FF,FF,FF,FF,FF,FF,,,,
4192,1060,FF,FF,FF,FF,FF,FF,FF,FF,FF,FF,FF,FF,FF,FF,FF,FF,,,,
4208,1070,FF,FF,FF,FF,FF,FF,FF,FF,FF,FF,FF,FF,FF,FF,FF,FF,,,,
4224,1080,FF,FF,FF,FF,FF,FF,FF,FF,FF,FF,FF,FF,FF,FF,FF,FF,,,,
4240,1090,FF,FF,FF,FF,FF,FF,FF,FF,FF,FF,FF,FF,FF,FF,FF,FF,,,,
4256,10A0,FF,FF,FF,FF,FF,FF,FF,FF,FF,FF,FF,FF,FF,FF,FF,FF,,,,
4272,10B0,FF,FF,FF,FF,FF,FF,FF,FF,FF,FF,FF,FF,FF,FF,FF,FF,,,,
4288,10C0,FF,FF,FF,FF,FF,FF,FF,FF,FF,FF,FF,FF,FF,FF,FF,FF,,,,
4304,10D0,FF,FF,FF,FF,FF,FF,FF,FF,FF,FF,FF,FF,FF,FF,FF,FF,,,,
4320,10E0,FF,FF,FF,FF,FF,FF,FF,FF,FF,FF,FF,FF,FF,FF,FF,FF,,,,
4336,10F0,FF,FF,FF,FF,FF,FF,FF,FF,FF,FF,FF,FF,FF,FF,FF,FF,,,,
4352,1100,FF,FF,FF,FF,FF,FF,FF,FF,FF,FF,FF,FF,FF,FF,FF,FF,,,,
4368,1110,FF,FF,FF,FF,FF,FF,FF,FF,FF,FF,FF,FF,FF,FF,FF,FF,,,,
4384,1120,FF,FF,FF,FF,FF,FF,FF,FF,FF,FF,FF,FF,FF,FF,FF,FF,,,,
4400,1130,FF,FF,FF,FF,FF,FF,FF,FF,FF,FF,FF,FF,FF,FF,FF,FF,,,,
4416,1140,FF,FF,FF,FF,FF,FF,FF,FF,FF,FF,FF,FF,FF,FF,FF,FF,,,,
4432,1150,FF,FF,FF,FF,FF,FF,FF,FF,FF,FF,FF,FF,FF,FF,FF,FF,,,,
4448,1160,FF,FF,FF,FF,FF,FF,FF,FF,FF,FF,FF,FF,FF,FF,FF,FF,,,,
4464,1170,FF,FF,FF,FF,FF,FF,FF,FF,FF,FF,FF,FF,FF,FF,FF,FF,,,,
4480,1180,FF,FF,FF,FF,FF,FF,FF,FF,FF,FF,FF,FF,FF,FF,FF,FF,,,,
4496,1190,FF,FF,FF,FF,FF,FF,FF,FF,FF,FF,FF,FF,FF,FF,FF,FF,,,,
4512,11A0,FF,FF,FF,FF,FF,FF,FF,FF,FF,FF,FF,FF,FF,FF,FF,FF,,,,
4528,11B0,FF,FF,FF,FF,FF,FF,FF,FF,FF,FF,FF,FF,FF,FF,FF,FF,,,,
4544,11C0,FF,FF,FF,FF,FF,FF,FF,FF,FF,FF,FF,FF,FF,FF,FF,FF,,,,
4560,11D0,FF,FF,FF,FF,FF,FF,FF,FF,FF,FF,FF,FF,FF,FF,FF,FF,,,,
4576,11E0,FF,FF,FF,FF,FF,FF,FF,FF,FF,FF,FF,FF,FF,FF,FF,FF,,,,
4592,11F0,FF,FF,FF,FF,FF,FF,FF,FF,FF,FF,FF,FF,FF,FF,FF,FF,,,,
4608,1200,FF,FF,FF,FF,FF,FF,FF,FF,FF,FF,FF,FF,FF,FF,FF,FF,,,,
4624,1210,FF,FF,FF,FF,FF,FF,FF,FF,FF,FF,FF,FF,FF,FF,FF,FF,,,,
4640,1220,FF,FF,FF,FF,FF,FF,FF,FF,FF,FF,FF,FF,FF,FF,FF,FF,,,,
4656,1230,FF,FF,FF,FF,FF,FF,FF,FF,FF,FF,FF,FF,FF,FF,FF,FF,,,,
4672,1240,FF,FF,FF,FF,FF,FF,FF,FF,FF,FF,FF,FF,FF,FF,FF,FF,,,,
4688,1250,FF,FF,FF,FF,FF,FF,FF,FF,FF,FF,FF,FF,FF,FF,FF,FF,,,,
4704,1260,FF,FF,FF,FF,FF,FF,FF,FF,FF,FF,FF,FF,FF,FF,FF,FF,,,,
4720,1270,FF,FF,FF,FF,FF,FF,FF,FF,FF,FF,FF,FF,FF,FF,FF,FF,,,,
4736,1280,FF,FF,FF,FF,FF,FF,FF,FF,FF,FF,FF,FF,FF,FF,FF,FF,,,,
4752,1290,FF,FF,FF,FF,FF,FF,FF,FF,FF,FF,FF,FF,FF,FF,FF,FF,,,,
4768,12A0,FF,FF,FF,FF,FF,FF,FF,FF,FF,FF,FF,FF,FF,FF,FF,FF,,,,
4784,12B0,FF,FF,FF,FF,FF,FF,FF,FF,FF,FF,FF,FF,FF,FF,FF,FF,,,,
4800,12C0,FF,FF,FF,FF,FF,FF,FF,FF,FF,FF,FF,FF,FF,FF,FF,FF,,,,
4816,12D0,FF,FF,FF,FF,FF,FF,FF,FF,FF,FF,FF,FF,FF,FF,FF,FF,,,,
4832,12E0,FF,FF,FF,FF,FF,FF,FF,FF,FF,FF,FF,FF,FF,FF,FF,FF,,,,
4848,12F0,FF,FF,FF,FF,FF,FF,FF,FF,FF,FF,FF,FF,FF,FF,FF,FF,,,,
4864,1300,FF,FF,FF,FF,FF,FF,FF,FF,FF,FF,FF,FF,FF,FF,FF,FF,,,,
4880,1310,FF,FF,FF,FF,FF,FF,FF,FF,FF,FF,FF,FF,FF,FF,FF,FF,,,,
4896,1320,FF,FF,FF,FF,FF,FF,FF,FF,FF,FF,FF,FF,FF,FF,FF,FF,,,,
4912,1330,FF,FF,FF,FF,FF,FF,FF,FF,FF,FF,FF,FF,FF,FF,FF,FF,,,,
4928,1340,FF,FF,FF,FF,FF,FF,FF,FF,FF,FF,FF,FF,FF,FF,FF,FF,,,,
4944,1350,FF,FF,FF,FF,FF,FF,FF,FF,FF,FF,FF,FF,FF,FF,FF,FF,,,,
4960,1360,FF,FF,FF,FF,FF,FF,FF,FF,FF,FF,FF,FF,FF,FF,FF,FF,,,,
4976,1370,FF,FF,FF,FF,FF,FF,FF,FF,FF,FF,FF,FF,FF,FF,FF,FF,,,,
4992,1380,FF,FF,FF,FF,FF,FF,FF,FF,FF,FF,FF,FF,FF,FF,FF,FF,,,,
5008,1390,FF,FF,FF,FF,FF,FF,FF,FF,FF,FF,FF,FF,FF,FF,FF,FF,,,,
5024,13A0,FF,FF,FF,FF,FF,FF,FF,FF,FF,FF,FF,FF,FF,FF,FF,FF,,,,
5040,13B0,FF,FF,FF,FF,FF,FF,FF,FF,FF,FF,FF,FF,FF,FF,FF,FF,,,,
5056,13C0,FF,FF,FF,FF,FF,FF,FF,FF,FF,FF,FF,FF,FF,FF,FF,FF,,,,
5072,13D0,FF,FF,FF,FF,FF,FF,FF,FF,FF,FF,FF,FF,FF,FF,FF,FF,,,,
5088,13E0,FF,FF,FF,FF,FF,FF,FF,FF,FF,FF,FF,FF,FF,FF,FF,FF,,,,
5104,13F0,FF,FF,FF,FF,FF,FF,FF,FF,FF,FF,FF,FF,FF,FF,FF,FF,,,,
5120,1400,FF,FF,FF,FF,FF,FF,FF,FF,FF,FF,FF,FF,FF,FF,FF,FF,,,,
5136,1410,FF,FF,FF,FF,FF,FF,FF,FF,FF,FF,FF,FF,FF,FF,FF,FF,,,,
5152,1420,FF,FF,FF,FF,FF,FF,FF,FF,FF,FF,FF,FF,FF,FF,FF,FF,,,,
5168,1430,FF,FF,FF,FF,FF,FF,FF,FF,FF,FF,FF,FF,FF,FF,FF,FF,,,,
5184,1440,FF,FF,FF,FF,FF,FF,FF,FF,FF,FF,FF,FF,FF,FF,FF,FF,,,,
5200,1450,FF,FF,FF,FF,FF,FF,FF,FF,FF,FF,FF,FF,FF,FF,FF,FF,,,,
5216,1460,FF,FF,FF,FF,FF,FF,FF,FF,FF,FF,FF,FF,FF,FF,FF,FF,,,,
5232,1470,FF,FF,FF,FF,FF,FF,FF,FF,FF,FF,FF,FF,FF,FF,FF,FF,,,,
5248,1480,FF,FF,FF,FF,FF,FF,FF,FF,FF,FF,FF,FF,FF,FF,FF,FF,,,,
5264,1490,FF,FF,FF,FF,FF,FF,FF,FF,FF,FF,FF,FF,FF,FF,FF,FF,,,,
5280,14A0,FF,FF,FF,FF,FF,FF,FF,FF,FF,FF,FF,FF,FF,FF,FF,FF,,,,
5296,14B0,FF,FF,FF,FF,FF,FF,FF,FF,FF,FF,FF,FF,FF,FF,FF,FF,,,,
5312,14C0,FF,FF,FF,FF,FF,FF,FF,FF,FF,FF,FF,FF,FF,FF,FF,FF,,,,
5328,14D0,FF,FF,FF,FF,FF,FF,FF,FF,FF,FF,FF,FF,FF,FF,FF,FF,,,,
5344,14E0,FF,FF,FF,FF,FF,FF,FF,FF,FF,FF,FF,FF,FF,FF,FF,FF,,,,
5360,14F0,FF,FF,FF,FF,FF,FF,FF,FF,FF,FF,FF,FF,FF,FF,FF,FF,,,,
5376,1500,FF,FF,FF,FF,FF,FF,FF,FF,FF,FF,FF,FF,FF,FF,FF,FF,,,,
5392,1510,FF,FF,FF,FF,FF,FF,FF,FF,FF,FF,FF,FF,FF,FF,FF,FF,,,,
5408,1520,FF,FF,FF,FF,FF,FF,FF,FF,FF,FF,FF,FF,FF,FF,FF,FF,,,,
5424,1530,FF,FF,FF,FF,FF,FF,FF,FF,FF,FF,FF,FF,FF,FF,FF,FF,,,,
5440,1540,FF,FF,FF,FF,FF,FF,FF,FF,FF,FF,FF,FF,FF,FF,FF,FF,,,,
5456,1550,FF,FF,FF,FF,FF,FF,FF,FF,FF,FF,FF,FF,FF,FF,FF,FF,,,,
5472,1560,FF,FF,FF,FF,FF,FF,FF,FF,FF,FF,FF,FF,FF,FF,FF,FF,,,,
5488,1570,FF,FF,FF,FF,FF,FF,FF,FF,FF,FF,FF,FF,FF,FF,FF,FF,,,,
5504,1580,FF,FF,FF,FF,FF,FF,FF,FF,FF,FF,FF,FF,FF,FF,FF,FF,,,,
5520,1590,FF,FF,FF,FF,FF,FF,FF,FF,FF,FF,FF,FF,FF,FF,FF,FF,,,,
5536,15A0,FF,FF,FF,FF,FF,FF,FF,FF,FF,FF,FF,FF,FF,FF,FF,FF,,,,
5552,15B0,FF,FF,FF,FF,FF,FF,FF,FF,FF,FF,FF,FF,FF,FF,FF,FF,,,,
5568,15C0,FF,FF,FF,FF,FF,FF,FF,FF,FF,FF,FF,FF,FF,FF,FF,FF,,,,
5584,15D0,FF,FF,FF,FF,FF,FF,FF,FF,FF,FF,FF,FF,FF,FF,FF,FF,,,,
5600,15E0,FF,FF,FF,FF,FF,FF,FF,FF,FF,FF,FF,FF,FF,FF,FF,FF,,,,
5616,15F0,FF,FF,FF,FF,FF,FF,FF,FF,FF,FF,FF,FF,FF,FF,FF,FF,,,,
5632,1600,FF,FF,FF,FF,FF,FF,FF,FF,FF,FF,FF,FF,FF,FF,FF,FF,,,,
5648,1610,FF,FF,FF,FF,FF,FF,FF,FF,FF,FF,FF,FF,FF,FF,FF,FF,,,,
5664,1620,FF,FF,FF,FF,FF,FF,FF,FF,FF,FF,FF,FF,FF,FF,FF,FF,,,,
5680,1630,FF,FF,FF,FF,FF,FF,FF,FF,FF,FF,FF,FF,FF,FF,FF,FF,,,,
5696,1640,FF,FF,FF,FF,FF,FF,FF,FF,FF,FF,FF,FF,FF,FF,FF,FF,,,,
5712,1650,FF,FF,FF,FF,FF,FF,FF,FF,FF,FF,FF,FF,FF,FF,FF,FF,,,,
5728,1660,FF,FF,FF,FF,FF,FF,FF,FF,FF,FF,FF,FF,FF,FF,FF,FF,,,,
5744,1670,FF,FF,FF,FF,FF,FF,FF,FF,FF,FF,FF,FF,FF,FF,FF,FF,,,,
5760,1680,FF,FF,FF,FF,FF,FF,FF,FF,FF,FF,FF,FF,FF,FF,FF,FF,,,,
5776,1690,FF,FF,FF,FF,FF,FF,FF,FF,FF,FF,FF,FF,FF,FF,FF,FF,,,,
5792,16A0,FF,FF,FF,FF,FF,FF,FF,FF,FF,FF,FF,FF,FF,FF,FF,FF,,,,
5808,16B0,FF,FF,FF,FF,FF,FF,FF,FF,FF,FF,FF,FF,FF,FF,FF,FF,,,,
5824,16C0,FF,FF,FF,FF,FF,FF,FF,FF,FF,FF,FF,FF,FF,FF,FF,FF,,,,
5840,16D0,FF,FF,FF,FF,FF,FF,FF,FF,FF,FF,FF,FF,FF,FF,FF,FF,,,,
5856,16E0,FF,FF,FF,FF,FF,FF,FF,FF,FF,FF,FF,FF,FF,FF,FF,FF,,,,
5872,16F0,FF,FF,FF,FF,FF,FF,FF,FF,FF,FF,FF,FF,FF,FF,FF,FF,,,,
5888,1700,FF,FF,FF,FF,FF,FF,FF,FF,FF,FF,FF,FF,FF,FF,FF,FF,,,,
5904,1710,FF,FF,FF,FF,FF,FF,FF,FF,FF,FF,FF,FF,FF,FF,FF,FF,,,,
5920,1720,FF,FF,FF,FF,FF,FF,FF,FF,FF,FF,FF,FF,FF,FF,FF,FF,,,,
5936,1730,FF,FF,FF,FF,FF,FF,FF,FF,FF,FF,FF,FF,FF,FF,FF,FF,,,,
5952,1740,FF,FF,FF,FF,FF,FF,FF,FF,FF,FF,FF,FF,FF,FF,FF,FF,,,,
5968,1750,FF,FF,FF,FF,FF,FF,FF,FF,FF,FF,FF,FF,FF,FF,FF,FF,,,,
5984,1760,FF,FF,FF,FF,FF,FF,FF,FF,FF,FF,FF,FF,FF,FF,FF,FF,,,,
6000,1770,FF,FF,FF,FF,FF,FF,FF,FF,FF,FF,FF,FF,FF,FF,FF,FF,,,,
6016,1780,FF,FF,FF,FF,FF,FF,FF,FF,FF,FF,FF,FF,FF,FF,FF,FF,,,,
6032,1790,FF,FF,FF,FF,FF,FF,FF,FF,FF,FF,FF,FF,FF,FF,FF,FF,,,,
6048,17A0,FF,FF,FF,FF,FF,FF,FF,FF,FF,FF,FF,FF,FF,FF,FF,FF,,,,
6064,17B0,FF,FF,FF,FF,FF,FF,FF,FF,FF,FF,FF,FF,FF,FF,FF,FF,,,,
6080,17C0,FF,FF,FF,FF,FF,FF,FF,FF,FF,FF,FF,FF,FF,FF,FF,FF,,,,
6096,17D0,FF,FF,FF,FF,FF,FF,FF,FF,FF,FF,FF,FF,FF,FF,FF,FF,,,,
6112,17E0,FF,FF,FF,FF,FF,FF,FF,FF,FF,FF,FF,FF,FF,FF,FF,FF,,,,
6128,17F0,FF,FF,FF,FF,FF,FF,FF,FF,FF,FF,FF,FF,FF,FF,FF,FF,,,,
6144,1800,FF,FF,FF,FF,FF,FF,FF,FF,FF,FF,FF,FF,FF,FF,FF,FF,,,,
6160,1810,FF,FF,FF,FF,FF,FF,FF,FF,FF,FF,FF,FF,FF,FF,FF,FF,,,,
6176,1820,FF,FF,FF,FF,FF,FF,FF,FF,FF,FF,FF,FF,FF,FF,FF,FF,,,,
6192,1830,FF,FF,FF,FF,FF,FF,FF,FF,FF,FF,FF,FF,FF,FF,FF,FF,,,,
6208,1840,FF,FF,FF,FF,FF,FF,FF,FF,FF,FF,FF,FF,FF,FF,FF,FF,,,,
6224,1850,FF,FF,FF,FF,FF,FF,FF,FF,FF,FF,FF,FF,FF,FF,FF,FF,,,,
6240,1860,FF,FF,FF,FF,FF,FF,FF,FF,FF,FF,FF,FF,FF,FF,FF,FF,,,,
6256,1870,FF,FF,FF,FF,FF,FF,FF,FF,FF,FF,FF,FF,FF,FF,FF,FF,,,,
6272,1880,FF,FF,FF,FF,FF,FF,FF,FF,FF,FF,FF,FF,FF,FF,FF,FF,,,,
6288,1890,FF,FF,FF,FF,FF,FF,FF,FF,FF,FF,FF,FF,FF,FF,FF,FF,,,,
6304,18A0,FF,FF,FF,FF,FF,FF,FF,FF,FF,FF,FF,FF,FF,FF,FF,FF,,,,
6320,18B0,FF,FF,FF,FF,FF,FF,FF,FF,FF,FF,FF,FF,FF,FF,FF,FF,,,,
6336,18C0,FF,FF,FF,FF,FF,FF,FF,FF,FF,FF,FF,FF,FF,FF,FF,FF,,,,
6352,18D0,FF,FF,FF,FF,FF,FF,FF,FF,FF,FF,FF,FF,FF,FF,FF,FF,,,,
6368,18E0,FF,FF,FF,FF,FF,FF,FF,FF,FF,FF,FF,FF,FF,FF,FF,FF,,,,
6384,18F0,FF,FF,FF,FF,FF,FF,FF,FF,FF,FF,FF,FF,FF,FF,FF,FF,,,,
6400,1900,FF,FF,FF,FF,FF,FF,FF,FF,FF,FF,FF,FF,FF,FF,FF,FF,,,,
6416,1910,FF,FF,FF,FF,FF,FF,FF,FF,FF,FF,FF,FF,FF,FF,FF,FF,,,,
6432,1920,FF,FF,FF,FF,FF,FF,FF,FF,FF,FF,FF,FF,FF,FF,FF,FF,,,,
6448,1930,FF,FF,FF,FF,FF,FF,FF,FF,FF,FF,FF,FF,FF,FF,FF,FF,,,,
6464,1940,FF,FF,FF,FF,FF,FF,FF,FF,FF,FF,FF,FF,FF,FF,FF,FF,,,,
6480,1950,FF,FF,FF,FF,FF,FF,FF,FF,FF,FF,FF,FF,FF,FF,FF,FF,,,,
6496,1960,FF,FF,FF,FF,FF,FF,FF,FF,FF,FF,FF,FF,FF,FF,FF,FF,,,,
6512,1970,FF,FF,FF,FF,FF,FF,FF,FF,FF,FF,FF,FF,FF,FF,FF,FF,,,,
6528,1980,FF,FF,FF,FF,FF,FF,FF,FF,FF,FF,FF,FF,FF,FF,FF,FF,,,,
6544,1990,FF,FF,FF,FF,FF,FF,FF,FF,FF,FF,FF,FF,FF,FF,FF,FF,,,,
6560,19A0,FF,FF,FF,FF,FF,FF,FF,FF,FF,FF,FF,FF,FF,FF,FF,FF,,,,
6576,19B0,FF,FF,FF,FF,FF,FF,FF,FF,FF,FF,FF,FF,FF,FF,FF,FF,,,,
6592,19C0,FF,FF,FF,FF,FF,FF,FF,FF,FF,FF,FF,FF,FF,FF,FF,FF,,,,
6608,19D0,FF,FF,FF,FF,FF,FF,FF,FF,FF,FF,FF,FF,FF,FF,FF,FF,,,,
6624,19E0,FF,FF,FF,FF,FF,FF,FF,FF,FF,FF,FF,FF,FF,FF,FF,FF,,,,
6640,19F0,FF,FF,FF,FF,FF,FF,FF,FF,FF,FF,FF,FF,FF,FF,FF,FF,,,,
6656,1A00,FF,FF,FF,FF,FF,FF,FF,FF,FF,FF,FF,FF,FF,FF,FF,FF,,,,
6672,1A10,FF,FF,FF,FF,FF,FF,FF,FF,FF,FF,FF,FF,FF,FF,FF,FF,,,,
6688,1A20,FF,FF,FF,FF,FF,FF,FF,FF,FF,FF,FF,FF,FF,FF,FF,FF,,,,
6704,1A30,FF,FF,FF,FF,FF,FF,FF,FF,FF,FF,FF,FF,FF,FF,FF,FF,,,,
6720,1A40,FF,FF,FF,FF,FF,FF,FF,FF,FF,FF,FF,FF,FF,FF,FF,FF,,,,
6736,1A50,FF,FF,FF,FF,FF,FF,FF,FF,FF,FF,FF,FF,FF,FF,FF,FF,,,,
6752,1A60,FF,FF,FF,FF,FF,FF,FF,FF,FF,FF,FF,FF,FF,FF,FF,FF,,,,
6768,1A70,FF,FF,FF,FF,FF,FF,FF,FF,FF,FF,FF,FF,FF,FF,FF,FF,,,,
6784,1A80,FF,FF,FF,FF,FF,FF,FF,FF,FF,FF,FF,FF,FF,FF,FF,FF,,,,
6800,1A90,FF,FF,FF,FF,FF,FF,FF,FF,FF,FF,FF,FF,FF,FF,FF,FF,,,,
6816,1AA0,FF,FF,FF,FF,FF,FF,FF,FF,FF,FF,FF,FF,FF,FF,FF,FF,,,,
6832,1AB0,FF,FF,FF,FF,FF,FF,FF,FF,FF,FF,FF,FF,FF,FF,FF,FF,,,,
6848,1AC0,FF,FF,FF,FF,FF,FF,FF,FF,FF,FF,FF,FF,FF,FF,FF,FF,,,,
6864,1AD0,FF,FF,FF,FF,FF,FF,FF,FF,FF,FF,FF,FF,FF,FF,FF,FF,,,,
6880,1AE0,FF,FF,FF,FF,FF,FF,FF,FF,FF,FF,FF,FF,FF,FF,FF,FF,,,,
6896,1AF0,FF,FF,FF,FF,FF,FF,FF,FF,FF,FF,FF,FF,FF,FF,FF,FF,,,,
6912,1B00,FF,FF,FF,FF,FF,FF,FF,FF,FF,FF,FF,FF,FF,FF,FF,FF,,,,
6928,1B10,FF,FF,FF,FF,FF,FF,FF,FF,FF,FF,FF,FF,FF,FF,FF,FF,,,,
6944,1B20,FF,FF,FF,FF,FF,FF,FF,FF,FF,FF,FF,FF,FF,FF,FF,FF,,,,
6960,1B30,FF,FF,FF,FF,FF,FF,FF,FF,FF,FF,FF,FF,FF,FF,FF,FF,,,,
6976,1B40,FF,FF,FF,FF,FF,FF,FF,FF,FF,FF,FF,FF,FF,FF,FF,FF,,,,
6992,1B50,FF,FF,FF,FF,FF,FF,FF,FF,FF,FF,FF,FF,FF,FF,FF,FF,,,,
7008,1B60,FF,FF,FF,FF,FF,FF,FF,FF,FF,FF,FF,FF,FF,FF,FF,FF,,,,
7024,1B70,FF,FF,FF,FF,FF,FF,FF,FF,FF,FF,FF,FF,FF,FF,FF,FF,,,,
7040,1B80,FF,FF,FF,FF,FF,FF,FF,FF,FF,FF,FF,FF,FF,FF,FF,FF,,,,
7056,1B90,FF,FF,FF,FF,FF,FF,FF,FF,FF,FF,FF,FF,FF,FF,FF,FF,,,,
7072,1BA0,FF,FF,FF,FF,FF,FF,FF,FF,FF,FF,FF,FF,FF,FF,FF,FF,,,,
7088,1BB0,FF,FF,FF,FF,FF,FF,FF,FF,FF,FF,FF,FF,FF,FF,FF,FF,,,,
7104,1BC0,FF,FF,FF,FF,FF,FF,FF,FF,FF,FF,FF,FF,FF,FF,FF,FF,,,,
7120,1BD0,FF,FF,FF,FF,FF,FF,FF,FF,FF,FF,FF,FF,FF,FF,FF,FF,,,,
7136,1BE0,FF,FF,FF,FF,FF,FF,FF,FF,FF,FF,FF,FF,FF,FF,FF,FF,,,,
7152,1BF0,FF,FF,FF,FF,FF,FF,FF,FF,FF,FF,FF,FF,FF,FF,FF,FF,,,,
7168,1C00,FF,FF,FF,FF,FF,FF,FF,FF,FF,FF,FF,FF,FF,FF,FF,FF,,,,
7184,1C10,FF,FF,FF,FF,FF,FF,FF,FF,FF,FF,FF,FF,FF,FF,FF,FF,,,,
7200,1C20,FF,FF,FF,FF,FF,FF,FF,FF,FF,FF,FF,FF,FF,FF,FF,FF,,,,
7216,1C30,FF,FF,FF,FF,FF,FF,FF,FF,FF,FF,FF,FF,FF,FF,FF,FF,,,,
7232,1C40,FF,FF,FF,FF,FF,FF,FF,FF,FF,FF,FF,FF,FF,FF,FF,FF,,,,
7248,1C50,FF,FF,FF,FF,FF,FF,FF,FF,FF,FF,FF,FF,FF,FF,FF,FF,,,,
7264,1C60,FF,FF,FF,FF,FF,FF,FF,FF,FF,FF,FF,FF,FF,FF,FF,FF,,,,
7280,1C70,FF,FF,FF,FF,FF,FF,FF,FF,FF,FF,FF,FF,FF,FF,FF,FF,,,,
7296,1C80,FF,FF,FF,FF,FF,FF,FF,FF,FF,FF,FF,FF,FF,FF,FF,FF,,,,
7312,1C90,FF,FF,FF,FF,FF,FF,FF,FF,FF,FF,FF,FF,FF,FF,FF,FF,,,,
7328,1CA0,FF,FF,FF,FF,FF,FF,FF,FF,FF,FF,FF,FF,FF,FF,FF,FF,,,,
7344,1CB0,FF,FF,FF,FF,FF,FF,FF,FF,FF,FF,FF,FF,FF,FF,FF,FF,,,,
7360,1CC0,FF,FF,FF,FF,FF,FF,FF,FF,FF,FF,FF,FF,FF,FF,FF,FF,,,,
7376,1CD0,FF,FF,FF,FF,FF,FF,FF,FF,FF,FF,FF,FF,FF,FF,FF,FF,,,,
7392,1CE0,FF,FF,FF,FF,FF,FF,FF,FF,FF,FF,FF,FF,FF,FF,FF,FF,,,,
7408,1CF0,FF,FF,FF,FF,FF,FF,FF,FF,FF,FF,FF,FF,FF,FF,FF,FF,,,,
7424,1D00,FF,FF,FF,FF,FF,FF,FF,FF,FF,FF,FF,FF,FF,FF,FF,FF,,,,
7440,1D10,FF,FF,FF,FF,FF,FF,FF,FF,FF,FF,FF,FF,FF,FF,FF,FF,,,,
7456,1D20,FF,FF,FF,FF,FF,FF,FF,FF,FF,FF,FF,FF,FF,FF,FF,FF,,,,
7472,1D30,FF,FF,FF,FF,FF,FF,FF,FF,FF,FF,FF,FF,FF,FF,FF,FF,,,,
7488,1D40,FF,FF,FF,FF,FF,FF,FF,FF,FF,FF,FF,FF,FF,FF,FF,FF,,,,
7504,1D50,FF,FF,FF,FF,FF,FF,FF,FF,FF,FF,FF,FF,FF,FF,FF,FF,,,,
7520,1D60,FF,FF,FF,FF,FF,FF,FF,FF,FF,FF,FF,FF,FF,FF,FF,FF,,,,
7536,1D70,FF,FF,FF,FF,FF,FF,FF,FF,FF,FF,FF,FF,FF,FF,FF,FF,,,,
7552,1D80,FF,FF,FF,FF,FF,FF,FF,FF,FF,FF,FF,FF,FF,FF,FF,FF,,,,
7568,1D90,FF,FF,FF,FF,FF,FF,FF,FF,FF,FF,FF,FF,FF,FF,FF,FF,,,,
7584,1DA0,FF,FF,FF,FF,FF,FF,FF,FF,FF,FF,FF,FF,FF,FF,FF,FF,,,,
7600,1DB0,FF,FF,FF,FF,FF,FF,FF,FF,FF,FF,FF,FF,FF,FF,FF,FF,,,,
7616,1DC0,FF,FF,FF,FF,FF,FF,FF,FF,FF,FF,FF,FF,FF,FF,FF,FF,,,,
7632,1DD0,FF,FF,FF,FF,FF,FF,FF,FF,FF,FF,FF,FF,FF,FF,FF,FF,,,,
7648,1DE0,FF,FF,FF,FF,FF,FF,FF,FF,FF,FF,FF,FF,FF,FF,FF,FF,,,,
7664,1DF0,FF,FF,FF,FF,FF,FF,FF,FF,FF,FF,FF,FF,FF,FF,FF,FF,,,,
7680,1E00,FF,FF,FF,FF,FF,FF,FF,FF,FF,FF,FF,FF,FF,FF,FF,FF,,,,
7696,1E10,FF,FF,FF,FF,FF,FF,FF,FF,FF,FF,FF,FF,FF,FF,FF,FF,,,,
7712,1E20,FF,FF,FF,FF,FF,FF,FF,FF,FF,FF,FF,FF,FF,FF,FF,FF,,,,
7728,1E30,FF,FF,FF,FF,FF,FF,FF,FF,FF,FF,FF,FF,FF,FF,FF,FF,,,,
7744,1E40,FF,FF,FF,FF,FF,FF,FF,FF,FF,FF,FF,FF,FF,FF,FF,FF,,,,
7760,1E50,FF,FF,FF,FF,FF,FF,FF,FF,FF,FF,FF,FF,FF,FF,FF,FF,,,,
7776,1E60,FF,FF,FF,FF,FF,FF,FF,FF,FF,FF,FF,FF,FF,FF,FF,FF,,,,
7792,1E70,FF,FF,FF,FF,FF,FF,FF,FF,FF,FF,FF,FF,FF,FF,FF,FF,,,,
7808,1E80,FF,FF,FF,FF,FF,FF,FF,FF,FF,FF,FF,FF,FF,FF,FF,FF,,,,
7824,1E90,FF,FF,FF,FF,FF,FF,FF,FF,FF,FF,FF,FF,FF,FF,FF,FF,,,,
7840,1EA0,FF,FF,FF,FF,FF,FF,FF,FF,FF,FF,FF,FF,FF,FF,FF,FF,,,,
7856,1EB0,FF,FF,FF,FF,FF,FF,FF,FF,FF,FF,FF,FF,FF,FF,FF,FF,,,,
7872,1EC0,FF,FF,FF,FF,FF,FF,FF,FF,FF,FF,FF,FF,FF,FF,FF,FF,,,,
7888,1ED0,FF,FF,FF,FF,FF,FF,FF,FF,FF,FF,FF,FF,FF,FF,FF,FF,,,,
7904,1EE0,FF,FF,FF,FF,FF,FF,FF,FF,FF,FF,FF,FF,FF,FF,FF,FF,,,,
7920,1EF0,FF,FF,FF,FF,FF,FF,FF,FF,FF,FF,FF,FF,FF,FF,FF,FF,,,,
7936,1F00,FF,FF,FF,FF,FF,FF,FF,FF,FF,FF,FF,FF,FF,FF,FF,FF,,,,
7952,1F10,FF,FF,FF,FF,FF,FF,FF,FF,FF,FF,FF,FF,FF,FF,FF,FF,,,,
7968,1F20,FF,FF,FF,FF,FF,FF,FF,FF,FF,FF,FF,FF,FF,FF,FF,FF,,,,
7984,1F30,FF,FF,FF,FF,FF,FF,FF,FF,FF,FF,FF,FF,FF,FF,FF,FF,,,,
8000,1F40,FF,FF,FF,FF,FF,FF,FF,FF,FF,FF,FF,FF,FF,FF,FF,FF,,,,
8016,1F50,FF,FF,FF,FF,FF,FF,FF,FF,FF,FF,FF,FF,FF,FF,FF,FF,,,,
8032,1F60,FF,FF,FF,FF,FF,FF,FF,FF,FF,FF,FF,FF,FF,FF,FF,FF,,,,
8048,1F70,FF,FF,FF,FF,FF,FF,FF,FF,FF,FF,FF,FF,FF,FF,FF,FF,,,,
8064,1F80,FF,FF,FF,FF,FF,FF,FF,FF,FF,FF,FF,FF,FF,FF,FF,FF,,,,
8080,1F90,FF,FF,FF,FF,FF,FF,FF,FF,FF,FF,FF,FF,FF,FF,FF,FF,,,,
8096,1FA0,FF,FF,FF,FF,FF,FF,FF,FF,FF,FF,FF,FF,FF,FF,FF,FF,,,,
8112,1FB0,FF,FF,FF,FF,FF,FF,FF,FF,FF,FF,FF,FF,FF,FF,FF,FF,,,,
8128,1FC0,FF,FF,FF,FF,FF,FF,FF,FF,FF,FF,FF,FF,FF,FF,FF,FF,,,,
8144,1FD0,FF,FF,FF,FF,FF,FF,FF,FF,FF,FF,FF,FF,FF,FF,FF,FF,,,,
8160,1FE0,FF,FF,FF,FF,FF,FF,FF,FF,FF,FF,FF,FF,FF,FF,FF,FF,,,,
8176,1FF0,FF,FF,FF,FF,FF,FF,FF,FF,FF,FF,FF,FF,FF,FF,FF,FF,,,,
8192,2000,78,41,7C,41,80,41,84,41,88,41,8C,41,90,41,94,41,Hard coded vector addresses for interupts ?,,,
8208,2010,FF,FF,FF,FF,FF,FF,FF,FF,ED,FF,FF,FF,FF,FF,FF,FF,Internal 16kb of ROM Not always internal?,,,
8224,2020,FF,FF,FF,FF,FF,FF,FF,FF,FF,FF,FF,FF,FF,FF,FF,FF,,,,
8240,2030,FF,FF,FF,FF,FF,FF,FF,FF,FF,FF,FF,FF,FF,FF,FF,FF,,,,
8256,2040,FF,FF,FF,FF,FF,FF,FF,FF,FF,FF,FF,FF,FF,FF,FF,FF,,,,
8272,2050,FF,FF,FF,FF,FF,FF,FF,FF,FF,FF,FF,FF,FF,FF,FF,FF,,,,
8288,2060,FF,FF,FF,FF,FF,FF,FF,FF,FF,FF,FF,FF,FF,FF,FF,FF,,,,
8304,2070,FF,FF,FF,FF,FF,FF,FF,FF,FF,FF,FF,FF,FF,FF,FF,FF,,,,
8320,2080,B1,1E,0A,B1,E1,0A,A3,01,00,40,1C,89,A5,5A,1C,D7,,,,
8336,2090,F5,E7,8C,20,E7,7B,16,E7,DF,15,E7,70,1A,E7,B0,1D,Jump table?,,,
8352,20A0,E7,BF,0E,E7,8A,0F,E7,9D,0F,E7,C7,01,E7,D3,02,E7,,,,
8368,20B0,F8,0D,E7,B4,01,E7,23,0E,E7,7D,0E,E7,EA,14,E7,ED,,,,
8384,20C0,19,E7,6E,17,E7,9F,1B,E7,F8,12,E7,E1,12,E7,6C,13,,,,
8400,20D0,E7,5E,13,E7,8D,14,E7,35,15,E7,2A,15,E7,2C,15,E7,,,,
8416,20E0,21,15,E7,63,15,E7,58,15,E7,5A,15,E7,4F,15,E7,2A,,,,
8432,20F0,1B,A1,55,55,1C,C3,01,FE,1F,1C,8B,01,FE,1F,1C,D7,,,,
8448,2100,1E,02,1C,C3,01,FE,1F,1C,8B,01,FE,1F,1C,D7,10,A1,,,,
8464,2110,FF,FF,1C,C3,01,FE,1F,1C,8B,01,FE,1F,1C,DF,09,B1,,,,
8480,2120,02,22,A3,18,04,26,21,37,91,F4,A2,C4,0F,A2,A1,B8,,,,
8496,2130,40,1E,45,08,00,18,24,B1,05,1C,A2,1F,26,C2,25,26,,,,
8512,2140,E0,1C,F7,A1,14,10,1C,C3,01,FE,1F,1C,FD,FD,FD,FD,,,,
8528,2150,FD,71,F7,A2,C4,0F,A2,A3,18,0A,1C,05,1C,D7,FC,A1,,,,
8544,2160,FF,FF,1C,C3,01,FE,1F,1C,FD,FD,FD,FD,FD,A3,18,06,,,,
8560,2170,24,A3,18,04,26,B3,18,02,22,B3,18,11,1C,30,1C,5B,,,,
8576,2180,B3,18,10,20,B1,1E,0A,B1,E1,0A,B1,40,1C,C6,26,1C,,,,
8592,2190,B2,24,1C,C6,26,1C,A3,18,0C,1C,05,1C,D7,FC,B1,C0,,,,
8608,21A0,1C,C6,26,1C,A3,18,0E,1C,05,1C,D7,FC,B2,26,1C,9A,,,,
8624,21B0,24,1C,DF,08,E0,20,CD,B1,02,22,20,0C,07,24,07,26,,,,
8640,21C0,E0,22,BD,05,26,B1,01,22,C6,26,00,91,F8,A2,C4,0F,,,,
8656,21D0,A2,A3,18,08,1C,05,1C,D7,FC,20,84,B3,18,10,20,B2,,,,
8672,21E0,25,1E,B3,01,27,00,1F,B1,1E,0A,B1,E1,0A,B2,26,00,,,,
8688,21F0,C3,01,FE,1F,1E,FD,FD,FD,FD,FD,71,FB,A2,C4,0F,A2,,,,
8704,2200,A3,18,0C,1C,05,1C,D7,FC,91,F4,A2,C4,0F,A2,E0,20,,,,
8720,2210,D6,07,26,E0,22,C5,A1,14,10,1C,C3,01,FE,1F,1C,FD,,,,
8736,2220,FD,FD,FD,FD,91,F8,A2,C4,0F,A2,A3,18,08,1C,05,1C,,,,
8752,2230,D7,FC,A1,FF,FF,1C,C3,01,FE,1F,1C,FD,FD,FD,FD,FD,,,,
8768,2240,A3,18,06,24,A3,18,04,26,B3,18,02,1C,B1,02,22,B2,,,,
8784,2250,27,1D,9A,25,1D,D7,06,E0,1C,F5,B1,01,22,05,26,A1,,,,
8800,2260,FF,FF,1C,C3,01,FE,1F,1C,F0,30,CA,06,3E,08,03,3E,,,,
8816,2270,09,01,F0,30,CA,0D,36,09,06,71,BF,09,90,11,A0,29,,,,
8832,2280,7A,21,A7,FA,3E,08,30,36,09,06,71,BF,09,90,11,A0,,,,
8848,2290,FB,38,C9,18,36,A0,29,99,06,07,D7,24,91,03,C9,71,,,,
8864,22A0,E3,C9,B1,04,1C,C7,01,01,14,1C,21,7E,36,A0,08,71,,,,
8880,22B0,EF,C9,71,F7,C9,27,CA,FB,33,C9,C6,3A,C9,0C,20,72,,,,
8896,22C0,71,E0,C9,71,BF,A0,71,FB,B9,F0,B3,01,05,14,20,AC,,,,
8912,22D0,20,22,18,04,22,71,0F,20,DF,09,54,22,20,1E,99,08,,,,
8928,22E0,1E,D1,02,20,9D,B3,01,06,14,1F,B3,01,07,14,1E,19,,,,
8944,22F0,01,22,65,68,14,22,01,1C,89,17,00,1E,D9,0C,89,10,,,,
8960,2300,00,1E,D9,1D,89,06,00,1E,D3,17,89,00,20,1E,D3,16,,,,
8976,2310,89,34,20,1E,D9,10,44,1E,1E,1C,65,2E,00,1C,A2,1C,,,,
8992,2320,1C,C2,23,1C,20,03,C2,23,1E,07,1E,E0,20,C8,71,FB,,,,
9008,2330,C9,F0,B3,69,09,00,1C,37,1C,03,91,04,B9,39,C9,11,,,,
9024,2340,A3,01,CC,14,1E,8B,01,B2,40,1E,D3,05,91,10,C9,20,,,,
9040,2350,28,3C,C9,22,3E,08,1F,90,11,A0,3E,A0,19,B1,07,11,,,,
9056,2360,A1,68,14,78,A2,79,76,91,20,CA,B0,11,00,71,BF,09,,,,
9072,2370,91,40,08,B2,76,07,71,EF,C9,B1,04,1C,C7,01,01,14,,,,
9088,2380,1C,F0,28,77,B3,01,9C,40,0E,B3,01,9D,40,0E,B3,01,,,,
9104,2390,9E,40,11,71,BF,08,71,7F,BC,71,FE,CA,3E,CA,0A,9B,,,,
9120,23A0,01,46,14,00,DF,08,91,40,CA,C7,01,46,14,00,F0,71,,,,
9136,23B0,BF,08,71,FD,CA,B3,01,A0,40,0E,B3,01,A1,40,0E,B3,,,,
9152,23C0,01,A2,40,11,71,BF,CA,C7,01,46,14,00,91,01,B9,B3,,,,
9168,23D0,01,1F,40,1C,C7,01,04,14,1C,C7,01,01,14,00,11,DF,,,,
9184,23E0,A1,22,14,78,C7,01,00,14,00,B3,01,98,40,DE,17,DE,,,,
9200,23F0,B3,01,2C,40,1C,C7,01,42,14,1C,F0,71,FB,B9,71,E0,,,,
9216,2400,C9,A1,C4,13,1C,A1,68,14,1E,B3,01,17,41,20,C6,1D,,,,
9232,2410,20,B1,80,20,C6,1D,20,C6,1D,20,C6,1D,20,B1,08,20,,,,
9248,2420,C6,1D,00,C2,1F,00,E0,20,F7,F0,B3,01,01,14,1C,98,,,,
9264,2430,00,1C,D7,02,21,B9,99,01,1C,D7,02,20,4D,99,02,1C,,,,
9280,2440,D7,06,28,85,D3,21,20,42,99,03,1C,D7,02,20,C1,99,,,,
9296,2450,04,1C,D7,06,28,D5,D3,0F,21,3D,99,05,1C,D7,06,28,,,,
9312,2460,F7,D3,04,21,32,2F,1B,F0,31,CA,1E,38,CA,07,B3,01,,,,
9328,2470,9F,40,11,20,05,B3,01,A3,40,11,71,FD,CA,B0,11,00,,,,
9344,2480,71,BF,09,91,40,08,B2,79,07,F0,49,22,14,78,1C,9B,,,,
9360,2490,01,22,14,1C,D3,14,B3,01,2B,40,1C,C7,01,42,14,1C,,,,
9376,24A0,B1,04,1C,C7,01,01,14,1C,20,1A,B3,01,29,40,1C,30,,,,
9392,24B0,B9,05,B3,01,2A,40,1C,C7,01,42,14,1C,B1,02,1C,C7,,,,
9408,24C0,01,01,14,1C,91,02,CA,27,9F,36,A0,17,71,BF,A0,B3,,,,
9424,24D0,78,FF,1C,12,1C,98,07,1C,D7,20,B3,01,98,40,DE,17,,,,
9440,24E0,DE,F9,F0,B3,01,42,14,1C,E0,1C,1E,E0,DE,04,2E,92,,,,
9456,24F0,20,1C,B1,03,1C,C7,01,01,14,1C,11,11,B3,01,29,40,,,,
9472,2500,1C,30,B9,05,B3,01,2A,40,1C,C7,01,42,14,1C,F8,F0,,,,
9488,2510,B3,01,42,14,1C,E0,1C,0C,A1,22,14,78,B1,01,1D,C7,,,,
9504,2520,01,01,14,1D,C7,01,42,14,1C,27,3D,3E,A0,11,B3,01,,,,
9520,2530,42,14,1C,E0,1C,02,26,4A,C7,01,42,14,1C,F8,F0,71,,,,
9536,2540,BF,A0,01,76,B0,07,DD,C7,77,02,14,DD,17,DD,B1,05,,,,
9552,2550,1C,C7,01,01,14,1C,F9,F0,3E,A0,2B,B3,01,42,14,1C,,,,
9568,2560,E0,1C,1C,C7,77,02,14,00,99,01,DD,DF,28,E0,DE,02,,,,
9584,2570,26,10,B1,04,1C,C7,01,01,14,1C,B3,01,2B,40,1C,C7,,,,
9600,2580,01,42,14,1C,F8,F0,71,BF,A0,B3,01,98,40,DE,17,DE,,,,
9616,2590,C7,77,02,14,07,F9,F0,71,FD,CA,E0,DD,02,20,2D,B3,,,,
9632,25A0,01,29,40,1C,30,B9,05,B3,01,2A,40,1C,C7,01,42,14,,,,
9648,25B0,1C,A1,22,14,78,B3,77,02,14,1C,12,1C,C6,78,1C,89,,,,
9664,25C0,20,00,76,DB,05,07,76,91,02,CA,26,9C,B3,01,00,14,,,,
9680,25D0,1C,17,1C,C7,01,00,14,1C,30,CA,07,9B,01,03,14,1C,,,,
9696,25E0,D7,0A,B3,77,02,14,1C,99,03,1C,DF,03,E7,15,04,EF,,,,
9712,25F0,31,1B,B3,01,04,14,26,9B,01,18,40,26,DF,33,3E,CA,,,,
9728,2600,0A,9B,01,46,14,00,DF,08,91,40,CA,C7,01,46,14,00,,,,
9744,2610,A1,0E,40,1C,9A,1D,26,DF,08,89,20,40,1C,D3,F5,23,,,,
9760,2620,E3,69,0F,40,1C,64,1C,1C,65,6C,3F,1C,A2,1C,1C,E3,,,,
9776,2630,1C,AC,DF,1C,64,1C,1C,89,06,00,1C,D1,02,25,43,A3,,,,
9792,2640,1D,90,3F,1C,E3,1C,11,DF,89,22,14,78,D7,2F,B3,01,,,,
9808,2650,42,14,1C,E0,1C,20,B1,55,1C,C6,78,1C,B3,01,9A,40,,,,
9824,2660,1C,C7,78,01,1C,B3,01,9B,40,1C,C7,78,02,1C,B3,01,,,,
9840,2670,2D,40,1C,91,02,CA,C7,01,42,14,1C,25,EB,89,23,14,,,,
9856,2680,78,D7,12,B3,01,42,14,1C,E0,1C,03,91,02,CA,C7,01,,,,
9872,2690,42,14,1C,25,D3,89,24,14,78,D7,0F,B3,01,2A,40,1C,,,,
9888,26A0,C7,01,42,14,1C,91,02,CA,25,BE,89,25,14,78,D7,35,,,,
9904,26B0,36,A0,21,71,BF,A0,B3,78,FF,1C,12,1C,98,07,1C,D7,,,,
9920,26C0,21,B3,01,98,40,DE,17,DE,B3,01,0E,40,1C,C7,01,04,,,,
9936,26D0,14,1C,25,94,B3,01,42,14,1C,05,1C,C7,01,42,14,1C,,,,
9952,26E0,D7,11,E0,DE,02,24,9B,A1,22,14,78,B1,01,1C,C7,01,,,,
9968,26F0,42,14,1C,25,73,C7,01,45,14,00,B1,01,DF,B3,01,45,,,,
9984,2700,14,1C,A3,01,E8,41,1E,B3,01,F2,41,DD,98,00,1C,DF,,,,
10000,2710,41,A3,01,EA,41,1E,B3,01,F3,41,DD,99,01,1C,DF,32,,,,
10016,2720,A3,01,EC,41,1E,B3,01,F4,41,DD,99,02,1C,DF,23,A3,,,,
10032,2730,01,EE,41,1E,B3,01,F5,41,DD,99,03,1C,DF,14,A3,01,,,,
10048,2740,F0,41,1E,B3,01,F6,41,DD,99,04,1C,DF,05,71,FE,B9,,,,
10064,2750,22,85,07,1C,C7,01,45,14,1C,B0,DD,1D,75,03,1D,C7,,,,
10080,2760,01,22,14,1D,A1,24,14,78,B3,01,26,40,1D,C6,79,1D,,,,
10096,2770,B2,1F,1D,C6,79,1D,E0,DD,F7,E7,05,07,C7,01,45,14,,,,
10112,2780,00,B1,02,DF,EF,A5,19,A1,24,14,78,B3,01,24,40,1D,,,,
10128,2790,C6,79,1D,B3,01,45,14,1C,98,00,1C,D7,30,B1,0F,1D,,,,
10144,27A0,C7,01,22,14,1D,A3,01,CE,41,1E,B2,1F,1D,C6,79,1D,,,,
10160,27B0,B2,1E,1D,C6,79,1D,B1,0A,DD,A3,01,7A,14,1E,69,0F,,,,
10176,27C0,00,1E,B2,1F,1D,C6,79,1D,E0,DD,F7,20,A5,99,01,1C,,,,
10192,27D0,D7,3F,B1,0F,1D,C7,01,22,14,1D,A3,01,7A,14,1E,69,,,,
10208,27E0,10,00,1E,C6,79,1F,C6,79,1E,B1,06,DD,65,0B,00,1E,,,,
10224,27F0,B2,1F,1D,C6,79,1D,E0,DD,F7,A3,01,D0,41,1E,C6,79,,,,
10240,2800,1F,C6,79,1E,A3,01,D2,41,1E,C6,79,1F,C6,79,1E,20,,,,
10256,2810,61,99,02,1C,D7,18,B1,07,1D,C7,01,22,14,1D,A3,01,,,,
10272,2820,D4,41,1E,C6,79,1F,C6,79,1E,C2,79,00,20,44,99,03,,,,
10288,2830,1C,D7,49,B1,0D,1D,C7,01,22,14,1D,A3,01,F0,41,1E,,,,
10304,2840,C6,79,1F,C6,79,1E,A3,01,D6,41,1E,C6,79,1F,C6,79,,,,
10320,2850,1E,A3,01,D8,41,1E,C6,79,1F,C6,79,1E,A3,01,DA,41,,,,
10336,2860,1E,C6,79,1F,C6,79,1E,A3,01,DC,41,1E,C6,79,1F,C6,,,,
10352,2870,79,1E,07,1C,C7,01,45,14,1C,E7,05,06,21,59,C7,01,,,,
10368,2880,45,14,00,B1,03,DF,71,F7,B9,A3,01,DC,11,1C,69,38,,,,
10384,2890,10,1C,D7,1F,B1,04,1C,C7,01,22,14,1C,B3,01,22,40,,,,
10400,28A0,1C,C7,01,24,14,1C,C7,01,25,14,00,A1,26,14,78,11,,,,
10416,28B0,DF,20,53,9D,06,1C,9B,01,45,14,1C,D9,05,33,B9,D4,,,,
10432,28C0,21,15,B3,01,45,14,1C,B0,1C,1E,17,1E,C7,01,45,14,,,,
10448,28D0,1E,7D,06,1C,65,38,10,1C,A2,1C,1E,35,1F,AB,A1,25,,,,
10464,28E0,14,1E,B1,05,21,B2,1D,20,C6,1F,20,E0,21,F7,A0,1E,,,,
10480,28F0,78,B1,08,1D,C7,01,22,14,1D,B3,01,22,40,1D,C7,01,,,,
10496,2900,24,14,1D,91,08,B9,E7,78,05,11,DF,A1,38,10,1C,C3,,,,
10512,2910,01,DC,11,1C,EF,55,18,EF,55,18,20,BB,11,DF,8B,01,,,,
10528,2920,CC,14,00,DF,02,20,DD,91,40,CA,B3,01,05,14,1C,C7,,,,
10544,2930,01,46,14,1C,20,A1,11,DF,AF,01,05,14,1C,9B,01,D5,,,,
10560,2940,40,1C,D3,49,9B,01,D6,40,1C,D3,0C,C7,01,25,14,00,,,,
10576,2950,C7,01,26,14,00,20,67,91,80,BC,7B,01,D5,40,1C,7D,,,,
10592,2960,03,1C,65,DF,40,1C,FA,93,01,A6,40,A4,72,1D,A4,92,,,,
10608,2970,1D,A4,C7,01,FE,08,A4,FB,A0,0A,20,B1,1E,0A,B1,E1,,,,
10624,2980,0A,48,20,0A,22,89,E8,03,22,D1,F6,20,04,65,D7,40,,,,
10640,2990,1C,B2,1C,02,FD,FD,3B,02,FD,B0,03,21,B0,02,20,B2,,,,
10656,29A0,1C,1E,B0,20,1F,61,07,07,1E,98,1F,1E,D7,E3,71,7F,,,,
10672,29B0,BC,08,06,20,C7,01,25,14,21,C7,01,26,14,20,B1,05,,,,
10688,29C0,1C,C7,01,22,14,1C,B3,01,23,40,1C,C7,01,24,14,1C,,,,
10704,29D0,A1,27,14,78,E7,AA,04,11,DF,30,C9,0F,91,08,C9,71,,,,
10720,29E0,FB,C9,B1,04,1C,C7,01,01,14,1C,F0,B1,03,1C,C7,01,,,,
10736,29F0,22,14,1C,B3,01,18,40,1C,C7,01,24,14,1C,A1,25,14,,,,
10752,2A00,78,E7,7D,04,B1,04,1C,C7,01,22,14,1C,B3,01,19,40,,,,
10768,2A10,1C,C7,01,24,14,1C,B3,01,00,14,1C,C7,01,25,14,1C,,,,
10784,2A20,A1,26,14,78,E7,5A,04,11,DF,8B,01,CC,14,00,DF,03,,,,
10800,2A30,30,C9,D1,A1,05,14,1C,B2,1D,21,99,53,21,D7,C5,56,,,,
10816,2A40,1D,00,20,DF,BF,99,18,20,D9,BA,B2,1D,1F,B2,1D,1E,,,,
10832,2A50,38,CA,2F,89,19,00,1E,D9,27,89,00,00,1E,D7,0E,B2,,,,
10848,2A60,1C,21,91,02,C9,39,21,18,71,FD,C9,27,6A,65,C3,13,,,,
10864,2A70,1E,89,D0,13,1E,D9,09,B2,1D,21,C6,1F,21,E0,20,F1,,,,
10880,2A80,27,55,89,41,04,1E,D7,31,AE,1C,1C,B3,01,AA,40,20,,,,
10896,2A90,9B,01,E6,40,1C,DB,05,B3,1D,F7,40,20,FA,B3,01,A8,,,,
10912,2AA0,40,06,45,04,00,0A,04,C7,01,41,04,20,B3,01,A9,40,,,,
10928,2AB0,06,45,04,00,0A,04,FB,27,1E,89,06,00,1E,D7,1B,B2,,,,
10944,2AC0,1C,20,51,07,20,21,99,06,21,D3,02,27,37,FA,51,27,,,,
10960,2AD0,20,06,45,04,00,0A,04,FB,26,FD,B2,1D,21,89,19,00,,,,
10976,2AE0,1E,D9,2A,89,0F,00,1E,D7,0F,93,01,A4,40,21,FA,C4,,,,
10992,2AF0,0F,21,C4,A2,21,FB,20,46,89,10,00,1E,D7,0F,93,01,,,,
11008,2B00,A5,40,21,FA,C4,10,21,C4,A3,21,FB,20,31,89,FE,08,,,,
11024,2B10,1E,D7,11,93,01,A6,40,21,FA,C7,01,FE,08,21,C4,A4,,,,
11040,2B20,21,FB,20,1A,89,FF,08,1E,D7,11,93,01,A7,40,21,FA,,,,
11056,2B30,C7,01,FF,08,21,C4,A5,21,FB,20,03,C6,1E,21,07,1E,,,,
11072,2B40,E0,20,97,26,92,11,DF,38,CA,09,91,08,C9,91,04,C9,,,,
11088,2B50,E7,15,F9,B3,01,20,40,1D,C7,01,24,14,1D,57,01,05,,,,
11104,2B60,14,00,1C,D7,02,17,1C,99,1D,1C,D1,03,B1,1D,1C,55,,,,
11120,2B70,03,1C,1D,C7,01,22,14,1D,A1,25,14,78,B3,01,06,14,,,,
11136,2B80,1F,B3,01,07,14,1E,B1,FF,1D,89,80,04,1E,DF,15,89,,,,
11152,2B90,17,00,1E,D9,0C,89,10,00,1E,D9,09,89,06,00,1E,D3,,,,
11168,2BA0,03,B2,1E,1D,07,1E,C6,79,1D,E0,1C,DA,E7,D2,02,11,,,,
11184,2BB0,DF,B3,01,21,40,1D,C7,01,24,14,1D,38,CA,10,B1,40,,,,
11200,2BC0,1C,C7,01,06,14,1C,B1,02,1C,C7,01,07,14,1C,57,01,,,,
11216,2BD0,05,14,00,1C,D7,02,17,1C,99,1D,1C,D1,03,B1,1D,1C,,,,
11232,2BE0,55,03,1C,1D,C7,01,22,14,1D,A1,25,14,78,B3,01,06,,,,
11248,2BF0,14,1F,B3,01,07,14,1E,B1,FF,1D,89,80,04,1E,DF,09,,,,
11264,2C00,89,18,00,1E,D3,03,B2,1E,1D,07,1E,C6,79,1D,E0,1C,,,,
11280,2C10,E6,22,6E,8B,01,CC,14,00,DF,02,25,E8,11,DF,B1,1E,,,,
11296,2C20,0A,B1,E1,0A,57,01,05,14,00,1C,D7,02,25,D6,99,19,,,,
11312,2C30,1C,D1,02,25,CF,B3,01,06,14,25,B3,01,07,14,24,8B,,,,
11328,2C40,01,AC,40,24,DB,02,20,77,8B,01,AE,40,24,D1,02,20,,,,
11344,2C50,6E,B1,FF,1D,9A,25,1D,D7,64,E0,1C,F8,FA,A1,38,00,,,,
11360,2C60,1C,A1,08,14,24,B3,01,05,14,22,B2,25,23,C6,1D,23,,,,
11376,2C70,E0,22,F7,69,0A,00,18,C9,38,00,B3,01,06,14,1D,B3,,,,
11392,2C80,01,07,14,1C,C8,1C,AF,01,05,14,1C,C8,1C,EF,61,F4,,,,
11408,2C90,A0,0A,86,65,10,00,18,FB,B3,01,06,14,1D,B3,01,07,,,,
11424,2CA0,14,1C,99,01,22,D7,2C,C7,01,26,14,1D,C7,01,27,14,,,,
11440,2CB0,1C,B3,01,05,14,1C,C7,01,25,14,1C,20,28,05,24,C7,,,,
11456,2CC0,01,26,14,25,C7,01,27,14,24,C7,01,25,14,00,B1,03,,,,
11472,2CD0,22,20,12,C7,01,26,14,27,C7,01,27,14,26,68,1C,26,,,,
11488,2CE0,C7,01,25,14,26,C7,01,28,14,22,B1,07,1C,C7,01,22,,,,
11504,2CF0,14,1C,B3,01,25,40,1C,C7,01,24,14,1C,A1,29,14,78,,,,
11520,2D00,21,7F,11,DF,C3,01,E6,12,00,C3,01,EA,12,00,31,B6,,,,
11536,2D10,47,9B,69,07,00,D7,D1,40,B3,69,09,00,1C,3A,1C,38,,,,
11552,2D20,B3,01,05,14,1C,E0,1C,30,B3,01,07,14,1C,99,FF,1C,,,,
11568,2D30,D7,02,15,1C,C7,01,E8,12,1C,C7,01,E9,12,1C,C4,CB,,,,
11584,2D40,1C,A1,55,AA,1C,C3,01,E6,12,1C,A1,65,4D,1C,C3,01,,,,
11600,2D50,EA,12,1C,91,08,CA,24,7F,24,AA,11,DF,B3,69,09,00,,,,
11616,2D60,1C,3A,1C,55,29,D2,8B,01,DE,41,1E,D3,4C,C7,01,27,,,,
11632,2D70,14,1C,A3,01,E6,12,1C,89,55,AA,1C,D7,17,A3,01,EA,,,,
11648,2D80,12,1C,89,65,4D,1C,D7,0C,B3,01,E8,12,1C,9B,01,E9,,,,
11664,2D90,12,1C,DF,03,B2,1E,1C,C7,01,26,14,1C,C7,01,25,14,,,,
11680,2DA0,00,B1,06,1C,C7,01,22,14,1C,B3,01,27,40,1C,C7,01,,,,
11696,2DB0,24,14,1C,A1,28,14,78,20,C8,E7,48,FC,8B,01,CC,14,,,,
11712,2DC0,00,DF,03,E7,3E,FC,11,DF,B1,1E,0A,B1,E1,0A,B1,06,,,,
11728,2DD0,22,29,65,DF,60,B1,05,22,B3,01,05,14,1C,E0,1C,55,,,,
11744,2DE0,A3,01,E6,12,1C,89,55,AA,1C,D7,4A,A3,01,EA,12,1C,,,,
11760,2DF0,89,65,4D,1C,D7,3F,B3,01,E8,12,1C,9B,01,E9,12,1C,,,,
11776,2E00,D7,33,FA,C4,38,1C,69,0A,00,18,C9,38,00,65,01,00,,,,
11792,2E10,1E,C8,1E,C9,01,00,EF,D8,F2,A0,0A,86,65,10,00,18,,,,
11808,2E20,FB,C7,01,26,14,27,C7,01,27,14,26,B1,01,1C,C7,01,,,,
11824,2E30,25,14,1C,26,B0,C7,01,26,14,1F,C7,01,27,14,1E,C7,,,,
11840,2E40,01,25,14,00,26,9F,8B,01,CC,14,00,DF,03,E7,B4,FB,,,,
11856,2E50,11,DF,EF,6F,F2,A1,22,14,78,B1,0A,1C,C6,79,1C,07,,,,
11872,2E60,78,B3,01,28,40,1C,C6,79,1C,C6,79,20,C6,79,25,C6,,,,
11888,2E70,79,24,C6,79,27,C6,79,26,C6,79,23,C6,79,22,E7,00,,,,
11904,2E80,00,B1,03,1C,C6,78,1C,B3,01,00,14,1C,17,1C,C7,01,,,,
11920,2E90,00,14,1C,C7,01,23,14,1C,B1,02,1C,C7,01,01,14,1C,,,,
11936,2EA0,A1,22,14,78,91,02,CA,E7,BE,F5,35,11,12,35,CA,11,,,,
11952,2EB0,A2,79,76,B2,76,07,89,78,14,78,D3,03,71,DF,CA,F3,,,,
11968,2EC0,F0,B2,18,08,71,BF,08,C6,18,08,38,CA,07,B3,01,9E,,,,
11984,2ED0,40,11,20,05,B3,01,A2,40,11,F3,F0,A3,01,B4,40,1C,,,,
12000,2EE0,69,0F,00,1C,C3,01,7A,14,1C,B1,FF,1E,B3,01,B6,40,,,,
12016,2EF0,1F,A3,01,7A,14,1C,69,10,00,1C,C3,01,7A,14,1C,E0,,,,
12032,2F00,1F,01,FF,B1,10,20,9A,1D,1E,D7,E6,E0,20,F8,65,0F,,,,
12048,2F10,00,1C,C3,01,7A,14,1C,B3,1C,F1,69,B3,1C,F2,68,B3,,,,
12064,2F20,1C,F3,6B,B3,1C,F4,6A,B3,1C,F5,6D,B3,1C,F6,6C,B3,,,,
12080,2F30,1C,F7,6F,B3,1C,F8,6E,F0,11,1C,15,1C,A3,01,DE,41,,,,
12096,2F40,1E,65,32,00,1E,05,1E,9A,1E,1C,D7,09,8B,01,DE,41,,,,
12112,2F50,1E,D7,F2,05,1E,A3,01,DE,41,1C,65,31,00,1C,68,1E,,,,
12128,2F60,1C,F0,11,21,B3,01,41,04,1C,31,1C,03,91,01,21,B3,,,,
12144,2F70,01,40,04,1C,31,1C,03,91,02,21,B3,01,43,14,20,A3,,,,
12160,2F80,01,78,14,1C,A0,1C,1E,91,03,1E,89,FF,FF,1E,D7,0E,,,,
12176,2F90,98,00,20,D7,09,30,21,02,20,AB,17,20,20,9D,17,20,,,,
12192,2FA0,99,09,20,D7,0B,91,01,1C,38,21,03,71,FE,1C,20,8B,,,,
12208,2FB0,99,0A,20,D7,1A,31,21,0C,B3,01,44,14,1E,17,1E,C7,,,,
12224,2FC0,01,44,14,1E,91,02,1C,38,21,71,71,FD,1C,20,6C,99,,,,
12240,2FD0,0B,20,D7,2B,08,01,1C,D3,05,30,1C,05,20,06,30,1C,,,,
12256,2FE0,06,30,21,03,91,80,1D,91,03,1C,89,FF,7F,1C,D7,4B,,,,
12272,2FF0,C3,01,78,14,1C,C7,01,43,14,20,EF,AF,F0,20,46,99,,,,
12288,3000,14,20,D3,37,11,20,3E,1C,32,09,01,1C,D3,22,9B,01,,,,
12304,3010,E8,14,1D,D7,1B,EF,97,F3,71,EF,CA,B3,01,44,14,1E,,,,
12320,3020,99,08,1E,D3,08,98,00,D0,D7,03,91,10,CA,91,01,CA,,,,
12336,3030,A1,FF,FF,1C,11,20,C7,01,44,14,20,C3,01,78,14,1C,,,,
12352,3040,C7,01,43,14,20,F0,B3,01,49,14,27,71,F7,27,30,B6,,,,
12368,3050,03,91,08,27,9B,01,4D,14,00,D7,07,89,2E,00,7A,D1,,,,
12384,3060,01,F0,28,02,21,37,A3,01,7C,14,1E,AF,01,4A,14,1C,,,,
12400,3070,74,1C,1C,65,7F,30,1C,89,8B,30,1C,D9,10,E3,1C,20,,,,
12416,3080,0C,20,29,20,49,20,7E,20,9A,20,BB,20,E0,B1,01,1C,,,,
12432,3090,C7,01,4A,14,1C,C7,01,4B,14,00,A1,F4,01,1C,C3,01,,,,
12448,30A0,7C,14,1C,71,FE,27,C7,01,49,14,27,F0,3B,27,06,C7,,,,
12464,30B0,01,4A,14,00,F0,B1,0A,1C,C7,01,48,14,1C,91,01,27,,,,
12480,30C0,C7,01,49,14,27,B1,02,1C,C7,01,4A,14,1C,F0,05,1E,,,,
12496,30D0,C3,01,7C,14,1E,B1,05,1C,DF,66,C7,01,4A,14,00,3B,,,,
12512,30E0,27,01,F0,B3,01,48,14,1C,15,1C,C7,01,48,14,1C,B1,,,,
12528,30F0,02,1C,D7,4C,B3,01,4B,14,1C,17,1C,C7,01,4B,14,1C,,,,
12544,3100,B1,03,1C,20,3B,05,1E,C3,01,7C,14,1E,B1,05,1C,DF,,,,
12560,3110,2F,B1,03,1C,3B,27,29,71,FE,27,C7,01,49,14,27,17,,,,
12576,3120,1C,20,1D,05,1E,C3,01,7C,14,1E,B1,05,1C,DF,11,B1,,,,
12592,3130,04,1C,33,27,0B,B1,0A,1C,C7,01,48,14,1C,B1,02,1C,,,,
12608,3140,C7,01,4A,14,1C,F0,B3,01,4B,14,1C,38,27,11,99,05,,,,
12624,3150,1C,D7,08,B1,01,1C,C7,01,4D,14,1C,11,1C,27,E1,A1,,,,
12640,3160,F4,01,1C,C3,01,7C,14,1C,B1,06,1C,27,D3,05,1E,C3,,,,
12656,3170,01,7C,14,1E,DF,0A,B1,06,1C,3B,27,02,11,1C,27,C0,,,,
12672,3180,31,27,16,A1,38,10,1C,C3,01,DC,11,1C,EF,DD,0F,EF,,,,
12688,3190,DD,0F,11,1C,C7,01,4D,14,1C,11,1C,27,A3,B3,01,49,,,,
12704,31A0,14,27,B3,01,4C,14,26,AF,01,4D,14,1C,74,1C,1C,65,,,,
12720,31B0,BB,31,1C,89,CD,31,1C,D9,16,E3,1C,20,12,20,29,20,,,,
12736,31C0,53,20,6E,20,89,20,9C,21,44,21,67,21,82,21,BB,EF,,,,
12752,31D0,5D,0F,C3,01,7E,14,00,C7,01,4E,14,00,71,FD,27,71,,,,
12768,31E0,FB,27,C7,01,49,14,27,F0,39,27,20,3A,27,1D,B1,32,,,,
12784,31F0,26,C7,01,4C,14,26,B3,01,4E,14,1C,17,1C,C7,01,4E,,,,
12800,3200,14,1C,B1,02,1C,C7,01,4D,14,1C,F0,EF,21,0F,C7,01,,,,
12816,3210,4D,14,00,F0,EF,23,0F,15,26,C7,01,4C,14,26,D7,10,,,,
12832,3220,B1,FA,1C,C7,01,4C,14,1C,B1,03,1C,C7,01,4D,14,1C,,,,
12848,3230,F0,EF,FB,0E,15,26,C7,01,4C,14,26,D7,10,B1,FA,1C,,,,
12864,3240,C7,01,4C,14,1C,B1,04,1C,C7,01,4D,14,1C,F0,EF,E9,,,,
12880,3250,0E,15,26,C7,01,4C,14,26,D7,08,B1,05,1C,C7,01,4D,,,,
12896,3260,14,1C,F0,A3,01,DC,11,1C,69,38,10,1C,9D,06,1C,99,,,,
12912,3270,00,1C,D7,0F,91,04,27,A3,6B,26,01,1C,C3,01,7E,14,,,,
12928,3280,1C,20,6A,9B,01,4E,14,1C,DB,0F,91,02,27,A3,6B,28,,,,
12944,3290,01,1C,C3,01,7E,14,1C,20,54,45,94,00,6A,22,45,02,,,,
12960,32A0,00,6A,1C,B3,01,4E,14,1E,7D,06,1E,65,32,10,1E,A2,,,,
12976,32B0,1E,1E,9A,1D,1E,DF,16,07,1C,88,22,1C,D3,F4,91,02,,,,
12992,32C0,27,A3,6B,28,01,1C,C3,01,7E,14,1C,20,20,35,1F,03,,,,
13008,32D0,3C,1F,0E,B3,01,4E,14,1C,17,1C,C7,01,4E,14,1C,27,,,,
13024,32E0,82,65,91,00,1C,A2,1C,1C,C3,01,7E,14,1C,B1,06,1C,,,,
13040,32F0,8B,01,7E,14,00,D7,0B,B1,FA,1C,C7,01,4C,14,1C,B1,,,,
13056,3300,09,1C,C7,01,4D,14,1C,C7,01,49,14,27,F0,A3,01,7E,,,,
13072,3310,14,1C,01,1E,0D,04,1C,C3,01,7E,14,1C,C7,01,4F,14,,,,
13088,3320,1E,B1,32,1C,C7,01,4C,14,1C,B1,07,1C,C7,01,4D,14,,,,
13104,3330,1C,F0,EF,FA,0D,15,26,C7,01,4C,14,26,D7,10,B1,32,,,,
13120,3340,1C,C7,01,4C,14,1C,B1,08,1C,C7,01,4D,14,1C,F0,EF,,,,
13136,3350,E8,0D,15,26,C7,01,4C,14,26,D7,2E,B1,32,1C,C7,01,,,,
13152,3360,4C,14,1C,B3,01,4F,14,1C,15,1C,C7,01,4F,14,1C,DF,,,,
13168,3370,05,B1,07,1C,20,0E,B1,FA,1C,79,32,1C,C7,01,4C,14,,,,
13184,3380,1C,B1,09,1C,C7,01,4D,14,1C,F0,15,26,C7,01,4C,14,,,,
13200,3390,26,D7,1A,B1,06,1C,8B,01,7E,14,00,D7,0B,B1,FA,1C,,,,
13216,33A0,C7,01,4C,14,1C,B1,03,1C,C7,01,4D,14,1C,F0,64,6E,,,,
13232,33B0,1A,A2,1A,4C,64,4E,4C,99,00,51,D7,51,B2,4C,49,11,,,,
13248,33C0,48,F0,64,6E,1A,A2,1A,4C,AE,4D,50,B2,50,51,11,50,,,,
13264,33D0,AE,4C,52,64,52,4C,44,00,52,4E,DF,54,76,4C,51,D3,,,,
13280,33E0,0D,05,4E,64,52,4C,B2,4C,49,11,48,01,50,F0,05,4C,,,,
13296,33F0,E0,4E,02,20,0A,76,4C,51,DB,09,05,4C,E0,4E,F6,07,,,,
13312,3400,4C,27,E0,B2,4C,55,11,54,05,4E,64,52,4C,B3,4C,01,,,,
13328,3410,49,11,48,7A,4C,49,DB,0E,03,48,6C,50,48,8C,54,48,,,,
13344,3420,03,48,76,4C,49,F0,6C,50,48,8C,54,48,76,4C,49,F0,,,,
13360,3430,FF,64,6E,1A,A2,1A,4C,64,4E,4C,20,99,64,6E,1A,A2,,,,
13376,3440,1A,4C,AE,4D,50,B2,50,51,11,50,AE,4C,52,64,52,4C,,,,
13392,3450,A0,4C,4A,54,00,52,53,DF,D7,76,4C,51,D3,04,01,50,,,,
13408,3460,20,17,05,4C,E0,53,02,20,0A,76,4C,51,DB,0B,05,4C,,,,
13424,3470,E0,53,F6,07,4C,17,53,01,50,B2,4C,55,11,54,AC,53,,,,
13440,3480,4E,15,4E,11,53,07,4A,AE,4B,58,B2,58,59,11,58,AE,,,,
13456,3490,4A,52,64,52,4A,A3,01,4A,00,4C,07,4C,54,00,52,53,,,,
13472,34A0,DF,8E,76,4A,59,D3,04,01,58,20,15,05,4A,E0,53,02,,,,
13488,34B0,20,0A,76,4A,59,DB,09,05,4A,E0,53,F6,17,53,01,58,,,,
13504,34C0,B2,4A,5B,11,5A,AC,53,56,15,56,11,53,7C,52,4E,64,,,,
13520,34D0,4E,56,64,56,4C,99,00,59,D7,07,B2,4C,49,11,48,20,,,,
13536,34E0,27,B3,4C,01,49,11,48,7A,4C,49,DB,13,03,48,6C,58,,,,
13552,34F0,48,8C,5A,48,B2,4C,57,11,56,48,48,56,48,20,09,6C,,,,
13568,3500,58,48,8C,5A,48,76,4C,49,A0,48,56,64,52,4C,99,00,,,,
13584,3510,51,D7,01,F0,99,00,59,D7,07,B2,4C,49,11,48,20,27,,,,
13600,3520,B3,4C,01,49,11,48,7A,4C,49,DB,13,03,48,6C,58,48,,,,
13616,3530,8C,5A,48,B2,4C,53,11,52,48,48,52,48,20,09,6C,58,,,,
13632,3540,48,8C,5A,48,76,4C,49,68,56,48,DB,0D,03,48,6C,50,,,,
13648,3550,48,8C,54,48,48,48,56,48,F0,6C,50,48,8C,54,48,64,,,,
13664,3560,56,48,F0,64,6E,1A,A2,1A,4C,AE,4D,58,B2,58,59,11,,,,
13680,3570,58,AE,4C,52,64,52,4C,44,00,52,56,DF,2A,76,4C,59,,,,
13696,3580,D3,08,05,56,64,52,4C,01,58,F0,05,4C,E0,56,02,20,,,,
13712,3590,0A,76,4C,59,DB,09,05,4C,E0,56,F6,07,4C,27,E5,B2,,,,
13728,35A0,4C,5B,11,5A,05,56,F0,FF,01,5A,4B,01,1A,41,1E,58,,,,
13744,35B0,DB,02,01,58,B1,10,48,7B,01,1E,41,48,DB,02,11,48,,,,
13760,35C0,0D,48,58,8B,01,1C,41,5A,D1,05,A3,01,1C,41,5A,44,,,,
13776,35D0,5A,5A,4C,A1,02,00,4E,A3,01,1C,41,48,05,48,09,01,,,,
13792,35E0,48,88,48,4C,D1,02,01,4E,64,6C,4C,64,4C,4E,A3,4D,,,,
13808,35F0,02,02,50,A3,4F,02,02,48,68,50,48,6C,58,48,44,50,,,,
13824,3600,4A,48,F0,B1,80,54,B1,01,57,20,08,B1,80,54,98,57,,,,
13840,3610,00,DF,13,B0,56,5B,11,5A,48,50,54,58,98,51,55,D3,,,,
13856,3620,06,D9,10,A0,54,50,F0,03,58,6C,5A,58,68,5A,50,E0,,,,
13872,3630,57,E1,F0,6C,5A,58,64,5A,50,E0,57,D7,F0,B1,80,54,,,,
13888,3640,B1,01,57,20,08,B1,80,54,98,57,00,DF,0F,AC,56,5A,,,,
13904,3650,48,52,54,58,D3,07,D9,14,A1,00,80,50,F0,03,58,6C,,,,
13920,3660,5A,58,68,58,50,A8,5A,52,E0,57,E2,F0,6C,5A,58,64,,,,
13936,3670,58,50,A4,5A,52,E0,57,D5,F0,A1,00,01,18,EF,8F,01,,,,
13952,3680,89,CC,CC,1C,DF,71,8B,01,14,14,1C,DF,03,E7,96,0A,,,,
13968,3690,8B,01,E4,16,1C,DF,03,E7,8C,0A,8B,01,C2,17,1C,DF,,,,
13984,36A0,03,E7,82,0A,8B,01,F6,17,1C,DF,03,E7,78,0A,B1,1E,,,,
14000,36B0,0A,B1,E1,0A,A1,00,10,1C,A1,00,14,1E,45,00,04,1C,,,,
14016,36C0,20,89,00,14,20,D1,04,A1,00,14,20,A2,1E,26,8A,1F,,,,
14032,36D0,26,D7,0C,C2,1C,26,8A,1D,26,DF,0B,69,02,00,1C,A3,,,,
14048,36E0,1E,FE,24,C2,1D,24,88,20,1C,D3,E0,B1,1E,0A,B1,E1,,,,
14064,36F0,0A,89,00,14,1C,D3,C5,B3,01,18,10,27,71,7F,27,C7,,,,
14080,3700,01,18,10,27,B3,01,D2,13,1C,17,1C,DB,05,C7,01,D2,,,,
14096,3710,13,1C,B1,1E,0A,B1,E1,0A,A1,AA,55,18,89,AA,55,18,,,,
14112,3720,D7,7C,A1,55,AA,18,89,55,AA,18,D7,72,A1,AA,55,1A,,,,
14128,3730,89,AA,55,1A,D7,68,A1,55,AA,1A,89,55,AA,1A,D7,5E,,,,
14144,3740,A1,00,01,18,C8,1A,8A,18,1A,D7,53,99,1C,18,D7,F4,,,,
14160,3750,89,55,AA,1A,A1,AA,55,1A,DF,E6,A1,00,01,18,A1,02,,,,
14176,3760,01,1A,C8,1A,65,02,02,1A,99,1C,18,D7,F5,69,02,02,,,,
14192,3770,1A,8A,18,1A,D7,28,C2,19,00,99,00,18,D7,EF,B3,01,,,,
14208,3780,18,10,27,30,27,48,A1,00,01,18,EF,9F,09,AF,6A,02,,,,
14224,3790,54,EF,DE,09,71,FE,27,C7,01,18,10,27,20,30,B3,01,,,,
14240,37A0,18,10,27,B3,01,19,00,56,B0,18,57,A1,00,01,18,EF,,,,
14256,37B0,7A,09,A3,6A,02,54,71,10,55,91,01,55,91,20,55,EF,,,,
14272,37C0,B3,09,C7,58,FF,00,91,01,27,C7,01,18,10,27,A1,00,,,,
14288,37D0,01,18,EF,57,09,B3,01,18,10,27,37,27,2F,38,27,2C,,,,
14304,37E0,39,27,29,EF,29,00,89,CC,CC,1C,DF,20,A3,6A,02,54,,,,
14320,37F0,71,10,55,91,02,55,91,20,55,A1,CC,CC,56,EF,75,09,,,,
14336,3800,C7,58,FF,00,91,02,27,C7,01,18,10,27,E7,1A,09,A1,,,,
14352,3810,CC,CC,1C,8B,01,14,10,1C,D7,15,8B,01,E4,12,1C,D7,,,,
14368,3820,0E,8B,01,C2,13,1C,D7,07,8B,01,F6,13,1C,DF,02,01,,,,
14384,3830,1C,F0,A1,AA,55,22,A1,00,14,1C,A3,01,18,41,1E,A1,,,,
14400,3840,D0,07,20,EF,E0,01,89,00,00,22,D7,03,E7,8E,01,89,,,,
14416,3850,AA,55,22,A1,55,AA,22,DF,DD,A1,00,14,1C,A3,01,18,,,,
14432,3860,41,1E,A1,E2,04,20,EF,EA,01,89,00,00,22,D7,03,E7,,,,
14448,3870,6B,01,A1,00,10,1C,A1,00,14,1E,01,20,C3,01,16,10,,,,
14464,3880,00,45,00,04,1C,26,89,00,14,26,D1,04,A1,00,14,26,,,,
14480,3890,A2,1C,24,8A,1D,24,D7,53,C2,1E,24,8A,1F,24,D7,4B,,,,
14496,38A0,64,24,20,88,26,1C,D3,E8,B1,1E,0A,B1,E1,0A,89,00,,,,
14512,38B0,14,1C,D3,CD,A1,00,14,1C,01,24,A1,00,18,1E,45,D0,,,,
14528,38C0,07,1C,26,88,26,1E,D1,03,A0,26,1E,66,1D,24,66,1D,,,,
14544,38D0,24,88,1E,1C,D3,F5,B1,1E,0A,B1,E1,0A,89,00,18,1C,,,,
14560,38E0,D3,D8,88,24,20,DF,06,A1,FF,FF,1C,20,F0,C3,01,16,,,,
14576,38F0,14,20,C3,01,14,10,00,C3,01,E4,12,00,C3,01,C2,13,,,,
14592,3900,00,C3,01,F6,13,00,A1,AA,55,22,A1,00,10,1C,A1,00,,,,
14608,3910,14,1E,A1,D0,07,20,EF,0D,01,89,00,00,22,DF,21,89,,,,
14624,3920,AA,55,22,A1,55,AA,22,DF,E1,A1,00,10,1C,A1,00,14,,,,
14640,3930,1E,A1,E2,04,20,EF,1B,01,89,00,00,22,DF,02,11,22,,,,
14656,3940,B1,1E,0A,B1,E1,0A,A1,00,10,20,A1,00,14,1E,01,48,,,,
14672,3950,45,00,04,20,26,89,00,14,26,D1,04,A1,00,14,26,A2,,,,
14688,3960,1E,24,8A,1F,24,DF,06,B1,FF,22,A0,1E,1C,C2,20,24,,,,
14704,3970,8A,21,24,DF,06,B1,FF,22,A0,20,1C,64,24,48,88,26,,,,
14720,3980,20,D3,DC,B1,1E,0A,B1,E1,0A,89,00,14,20,D3,C1,98,,,,
14736,3990,00,22,D7,14,A3,01,16,10,20,09,01,20,88,48,20,DF,,,,
14752,39A0,07,B1,FF,22,A1,FF,FF,1C,A1,CC,CC,26,C3,01,14,10,,,,
14768,39B0,26,C3,01,E4,12,26,C3,01,C2,13,26,C3,01,F6,13,26,,,,
14784,39C0,B3,01,18,10,23,98,00,22,D7,13,31,23,0F,71,FD,23,,,,
14800,39D0,C7,01,18,10,23,AF,6A,02,54,EF,96,07,F0,91,02,23,,,,
14816,39E0,C7,01,18,10,23,A3,6B,02,00,54,71,10,55,91,40,55,,,,
14832,39F0,91,20,55,91,02,55,69,02,00,1C,B0,1D,56,B0,1C,57,,,,
14848,3A00,EF,72,07,C7,58,FF,00,A1,CC,CC,26,C3,01,14,10,26,,,,
14864,3A10,C3,01,E4,12,26,C3,01,C2,13,26,C3,01,F6,13,26,B1,,,,
14880,3A20,1E,0A,B1,E1,0A,F0,44,20,1C,26,88,1E,26,D1,03,A0,,,,
14896,3A30,1E,26,C2,1C,22,8A,1D,22,D7,12,88,1C,26,D9,F3,B1,,,,
14912,3A40,1E,0A,B1,E1,0A,88,1E,1C,D3,DC,20,06,69,02,00,1C,,,,
14928,3A50,01,22,F0,01,22,A0,1C,24,44,20,1C,26,88,1E,26,D1,,,,
14944,3A60,03,A0,1E,26,17,22,B4,00,22,C6,1D,22,88,1C,26,D9,,,,
14960,3A70,F3,B1,1E,0A,B1,E1,0A,88,24,1C,D3,DC,01,22,A0,24,,,,
14976,3A80,1C,44,20,1C,26,88,1E,26,D1,03,A0,1E,26,17,22,B4,,,,
14992,3A90,00,22,9A,1D,22,D7,12,88,1C,26,D9,F1,B1,1E,0A,B1,,,,
15008,3AA0,E1,0A,88,24,1C,D3,DA,20,04,05,1C,01,22,F0,A3,01,,,,
15024,3AB0,E0,41,1E,07,1E,B2,1E,1D,30,1D,51,39,1D,4E,05,1E,,,,
15040,3AC0,56,1F,00,1C,DF,46,99,14,1C,D1,03,B1,14,1C,07,1E,,,,
15056,3AD0,A3,01,E2,41,20,A2,20,20,C6,21,1C,A2,1F,22,89,18,,,,
15072,3AE0,00,22,D1,22,30,22,05,B2,22,24,20,1A,A2,22,24,6A,,,,
15088,3AF0,1E,22,07,22,D3,10,C6,21,24,E0,1C,01,F0,B3,01,25,,,,
15104,3B00,00,24,65,02,00,1E,C6,21,24,E0,1C,CF,F0,47,69,18,,,,
15120,3B10,00,0C,24,B1,1E,0A,B1,E1,0A,89,00,01,18,DF,01,FF,,,,
15136,3B20,A0,7C,1E,4B,01,E6,14,1E,1C,C3,01,E6,14,1E,B3,01,,,,
15152,3B30,40,04,27,97,69,0B,00,27,3A,27,14,98,00,1D,D7,0A,,,,
15168,3B40,B3,01,EA,13,1D,78,1C,1D,D9,0D,C7,01,EA,13,00,91,,,,
15184,3B50,FE,A3,C4,10,A3,20,0B,71,DF,A3,C4,10,A3,C7,01,EA,,,,
15200,3B60,13,1D,31,B9,0A,C8,24,EF,3E,06,EF,F9,05,CC,24,34,,,,
15216,3B70,CA,03,E7,DC,05,88,00,24,DF,22,A0,0A,1C,A0,7A,1E,,,,
15232,3B80,38,09,EC,8D,96,00,1C,DD,0C,A3,69,10,00,1E,88,1E,,,,
15248,3B90,1C,D9,02,27,78,88,0C,24,D1,02,27,77,01,24,A3,69,,,,
15264,3BA0,16,00,1E,88,1E,2A,D1,03,E7,68,FF,A1,6A,18,1C,01,,,,
15280,3BB0,1E,57,69,1A,00,00,20,DF,5F,11,21,8C,20,1C,88,1C,,,,
15296,3BC0,2A,D3,55,B3,01,21,10,27,B3,01,40,04,26,97,69,0B,,,,
15312,3BD0,00,26,32,26,31,3C,27,2C,A3,6A,6C,54,71,10,55,91,,,,
15328,3BE0,08,55,91,20,55,A3,01,C6,41,1C,B2,1C,56,A3,01,C8,,,,
15344,3BF0,41,1C,B2,1C,57,EF,7D,05,C7,58,FF,00,91,10,27,C7,,,,
15360,3C00,01,21,10,27,27,0D,34,27,0F,AF,6A,6C,54,EF,62,05,,,,
15376,3C10,71,EF,27,C7,01,21,10,27,E7,33,05,71,FD,B9,88,68,,,,
15392,3C20,00,D7,02,20,23,A3,01,CA,41,1A,B3,01,50,14,27,EF,,,,
15408,3C30,22,05,C4,D3,49,A3,01,CC,41,1A,B3,01,51,14,27,EF,,,,
15424,3C40,12,05,C4,D7,49,EF,21,05,EF,0C,05,EF,0C,05,EF,0C,,,,
15440,3C50,05,EF,0C,05,A3,01,DC,11,1C,89,38,10,1C,D7,03,EF,,,,
15456,3C60,0D,05,EF,FE,04,F0,01,22,01,24,01,26,A1,80,20,1C,,,,
15472,3C70,A1,00,40,1E,45,00,07,1C,20,88,20,1E,D1,03,A0,20,,,,
15488,3C80,1E,AE,1D,20,64,20,22,88,1C,1E,D9,F5,B1,1E,0A,B1,,,,
15504,3C90,E1,0A,30,09,05,07,7A,71,FE,09,89,00,40,1C,D3,D0,,,,
15520,3CA0,A1,00,40,1C,A3,01,B0,40,1E,45,00,07,1C,20,88,20,,,,
15536,3CB0,1E,D1,03,A0,20,1E,AE,1D,20,64,20,24,88,1C,1E,D9,,,,
15552,3CC0,F5,B1,1E,0A,B1,E1,0A,30,09,05,07,7A,71,FE,09,8B,,,,
15568,3CD0,01,B0,40,1C,D3,CE,A3,01,B0,40,1C,A3,01,7A,14,20,,,,
15584,3CE0,B3,20,FA,1E,B3,20,F9,1F,69,02,00,1E,8B,01,B0,40,,,,
15600,3CF0,1E,D1,3C,45,00,07,1C,20,88,20,1E,D1,03,A0,20,1E,,,,
15616,3D00,AE,1D,20,64,20,26,88,1C,1E,D9,F5,B1,1E,0A,B1,E1,,,,
15632,3D10,0A,30,09,05,07,7A,71,FE,09,A3,01,7A,14,20,B3,20,,,,
15648,3D20,FA,1E,B3,20,F9,1F,69,02,00,1E,88,1E,1C,D3,AC,11,,,,
15664,3D30,20,A3,01,E4,41,1C,8A,1C,22,DF,03,91,04,20,A3,01,,,,
15680,3D40,E6,41,1C,8A,1C,24,DF,03,91,01,20,9B,1E,01,26,D7,,,,
15696,3D50,05,9A,1E,27,DF,03,91,02,20,3A,20,23,38,20,26,39,,,,
15712,3D60,20,29,B3,01,18,10,1C,32,1C,14,71,FB,1C,98,00,1C,,,,
15728,3D70,D7,07,AF,6A,02,54,EF,F9,03,C7,01,18,10,1C,F0,A1,,,,
15744,3D80,00,20,1C,20,0B,A1,00,40,1C,20,05,A3,01,B0,40,1C,,,,
15760,3D90,B0,1D,56,B0,1C,57,A3,6A,02,54,71,10,55,91,04,55,,,,
15776,3DA0,91,20,55,EF,CF,03,C7,58,FF,00,B3,01,18,10,1C,91,,,,
15792,3DB0,04,1C,C7,01,18,10,1C,F0,91,04,B7,E7,8A,03,A3,61,,,,
15808,3DC0,A2,14,96,A3,61,A0,14,94,99,04,5C,D9,12,3A,5C,07,,,,
15824,3DD0,75,08,96,69,02,00,94,99,0D,96,D1,03,B1,0D,96,75,,,,
15840,3DE0,04,B3,71,1C,B3,20,4C,98,B1,B2,DF,CC,AC,B2,62,A3,,,,
15856,3DF0,63,80,14,94,98,B1,B3,DF,2F,AC,B3,60,4B,61,A0,14,,,,
15872,3E00,94,5C,33,A8,0F,3F,5D,20,A3,61,A2,14,96,A3,61,A0,,,,
15888,3E10,14,94,27,CB,3F,5D,11,D7,A5,B3,63,83,14,96,97,61,,,,
15904,3E20,A3,14,96,71,07,96,DF,96,A3,63,82,14,96,75,04,B2,,,,
15920,3E30,71,1C,B2,48,94,0C,5C,37,5D,09,B1,70,06,A0,94,04,,,,
15936,3E40,E7,05,03,B1,20,06,45,04,00,0A,04,91,01,9E,20,03,,,,
15952,3E50,30,9E,94,90,16,9F,37,9F,72,33,A8,4D,A0,28,5C,A0,,,,
15968,3E60,04,28,C0,80,0C,71,3F,9F,90,16,9F,71,FB,09,4B,01,,,,
15984,3E70,C2,14,7A,62,48,5C,28,60,DB,02,05,62,C3,01,C2,14,,,,
16000,3E80,7A,30,09,11,3F,29,0E,07,62,A3,01,C2,14,5C,07,5C,,,,
16016,3E90,C3,01,C2,14,5C,31,BF,5C,A0,60,5C,A3,01,62,00,5E,,,,
16032,3EA0,0C,01,5C,C2,73,5C,E7,45,00,39,BF,21,A0,28,5C,A0,,,,
16048,3EB0,04,28,71,3F,9F,90,16,9F,3F,9F,F1,C0,80,0C,48,5C,,,,
16064,3EC0,28,92,71,FB,09,90,16,9F,3F,9F,E1,20,2A,C2,73,04,,,,
16080,3ED0,71,3F,9F,90,16,9F,3F,9F,F4,C0,80,0C,90,16,9F,3F,,,,
16096,3EE0,9F,EB,A3,72,FE,62,4B,72,FC,62,60,C0,28,62,89,32,,,,
16112,3EF0,00,72,DF,03,A0,60,92,AF,01,97,00,5C,3C,5C,0A,38,,,,
16128,3F00,C7,21,93,5D,F7,40,A6,20,15,41,07,00,5C,60,53,61,,,,
16144,3F10,E7,40,A6,00,DF,03,91,01,B7,73,5D,F7,40,A6,C7,01,,,,
16160,3F20,41,04,A6,AC,96,5C,48,94,80,60,DF,17,61,0E,00,60,,,,
16176,3F30,09,02,60,68,60,5C,DB,0B,B1,10,06,45,04,00,0A,04,,,,
16192,3F40,E7,05,02,6C,92,5C,0C,03,5C,88,00,5E,DF,04,A1,FF,,,,
16208,3F50,FF,5C,48,28,0A,5E,65,10,00,5E,8B,01,5E,00,5C,D1,,,,
16224,3F60,D7,B1,10,06,44,5C,28,04,E7,DD,01,FF,F5,26,45,2B,Also showing as data in IDA,,,
16240,3F70,27,2A,AF,2B,13,2C,1C,29,09,29,7E,28,82,23,36,29,,,,
16256,3F80,D7,29,87,2E,7C,27,5A,2D,02,2D,BC,2D,46,2E,46,26,,,,
16272,3F90,D7,29,FD,26,84,27,89,28,80,80,80,80,80,80,80,80,,,,
16288,3FA0,80,80,80,80,80,80,80,80,80,80,80,80,80,80,80,80,,,,
16304,3FB0,80,80,80,80,80,80,80,80,80,80,56,80,00,00,00,00,,,,
16320,3FC0,00,00,00,00,00,00,00,00,00,00,FF,FF,FF,FF,FF,FF,,,,
16336,3FD0,FF,FF,FF,FF,FF,FF,FF,FF,FF,FF,FF,FF,FF,FF,FF,47,Have a good trip in german + coders initials,,,
16352,3FE0,75,74,65,20,46,61,68,72,74,21,20,47,68,2C,48,72,,,,
16368,3FF0,2C,4D,65,2C,4D,69,2C,4D,F6,20,31,39,39,31,03,08,,,,
16384,4000,A5,5A,31,35,33,30,30,30,30,4D,33,20,20,20,00,01,,,,
16400,4010,02,03,0C,04,05,07,06,08,09,0A,0B,21,22,23,2D,FF,Sequentially decending numbers,,,
16416,4020,FE,FD,FC,FB,FA,F9,F6,EB,E5,05,14,C8,14,02,B6,00,,,,
16432,4030,D0,00,8B,18,AB,00,AE,00,D5,00,D8,00,D3,00,D7,00,,,,
16448,4040,64,14,8C,18,E5,11,CC,00,85,15,87,15,9A,17,9C,17,,,,
16464,4050,9D,17,9B,17,C4,00,73,15,82,18,8B,12,97,12,8D,12,,,,
16480,4060,AF,12,BB,12,B1,12,99,18,AF,00,E9,11,CE,00,A1,18,,,,
16496,4070,00,00,00,00,00,00,00,00,68,15,69,15,3E,15,3F,15,,,,
16512,4080,8A,00,8B,00,88,12,89,12,AC,12,AD,12,7A,15,7B,15,,,,
16528,4090,00,00,00,00,00,00,00,00,02,10,00,81,00,80,1B,13,,,,
16544,40A0,12,80,1B,11,F2,DE,00,00,20,00,00,00,02,D0,F9,FF,,,,
16560,40B0,02,D0,A0,05,33,FE,0B,00,43,00,43,00,21,00,02,00,EWS silver lable code is 0x23 here xref from rom 2EDB ,,,
16576,40C0,19,FE,28,FF,14,02,24,1D,26,00,00,00,00,03,1F,04,,,,
16592,40D0,20,05,21,07,23,06,08,08,0A,0B,0D,0E,0C,00,00,F8,,,,
16608,40E0,00,09,F8,01,09,00,06,01,02,04,08,10,20,40,80,FE,,,,
16624,40F0,FD,FB,F7,EF,DF,BF,7F,01,02,04,08,10,20,00,00,09,Seems to affect ignition? Not actually in a code section,,,
16640,4100,12,24,09,12,24,00,00,FE,FD,FB,F7,EF,DF,FF,FF,F6,,,,
16656,4110,ED,DB,F6,ED,DB,FF,FF,3C,FD,1F,00,04,1B,00,0B,FF,,,,
16672,4120,E7,48,06,F0,FF,FF,E7,43,05,E7,E9,06,E7,86,DF,E7,Jump table space? ,,,
16688,4130,5F,4E,FD,FD,FD,FD,FD,FD,FD,FD,E7,6C,4E,FD,FD,FD,,,,
16704,4140,FD,FD,FD,FD,FD,E7,55,DF,E7,09,65,E7,4C,DF,E7,0F,,,,
16720,4150,0C,E7,2C,0D,E7,70,DF,E7,4C,DF,E7,43,DF,E7,49,DF,,,,
16736,4160,E7,0B,4E,E7,56,4E,E7,9F,0D,E7,1B,5A,E7,3D,43,E7,,,,
16752,4170,30,2E,E7,F4,2D,E7,85,2D,F2,E7,FD,62,FD,E7,29,63,,,,
16768,4180,F2,E7,0A,67,F2,E7,B8,64,FD,E7,1D,63,F2,E7,1A,63,,,,
16784,4190,F2,E7,1B,DF,F2,E7,06,63,FD,FD,FD,FD,FD,FD,FD,FD,,,,
16800,41A0,FD,FD,FD,FD,FD,FD,FD,FD,E7,43,DF,FD,FD,FD,FD,FD,All this displaying as data in IDA? ,,,
16816,41B0,FD,FD,FD,FD,FD,FD,FD,FD,FD,FD,FD,FD,FD,FD,FD,FD,,,,
16832,41C0,FD,FD,FD,FD,FD,FD,D0,00,D7,00,06,00,06,00,8A,FE,,,,
16848,41D0,7A,FE,7D,FE,BE,FE,85,FE,89,FE,66,FE,34,FE,8C,FE,,,,
16864,41E0,D0,FF,CE,FF,FA,FF,FC,FF,45,FE,4F,FE,59,FE,60,FE,,,,
16880,41F0,63,FE,0A,0A,07,03,03,00,64,00,C3,A2,00,0A,FF,55,,,,
16896,4200,AA,00,FF,41,00,42,FD,41,E6,40,48,00,FC,41,5C,14,,,,
16912,4210,5D,14,5E,14,64,14,65,14,4A,00,4B,00,49,00,5E,15,,,,
16928,4220,5F,15,60,15,61,15,56,15,4E,15,57,15,4F,15,58,15,,,,
16944,4230,50,15,59,15,51,15,5A,15,52,15,5B,15,53,15,5C,15,,,,
16960,4240,54,15,5D,15,55,15,02,02,0F,02,02,0F,00,00,70,48,,,,
16976,4250,20,70,48,20,70,48,80,A0,B0,C0,60,00,20,30,40,00,,,,
16992,4260,08,04,00,02,08,04,00,02,08,04,00,02,08,04,00,02,,,,
17008,4270,8C,41,00,10,20,40,50,60,70,00,0E,00,9A,12,0B,00,,,,
17024,4280,53,14,0A,00,54,14,0D,00,51,14,09,00,52,14,0C,00,,,,
17040,4290,BE,12,0A,00,54,14,0A,00,54,14,0A,00,54,14,09,00,,,,
17056,42A0,50,14,11,10,22,A0,A1,20,23,30,31,32,33,70,71,72,,,,
17072,42B0,73,74,75,76,77,81,B0,B1,B2,B3,B4,B5,B6,B7,80,45,8x sequenetial numbers? ,,,
17088,42C0,40,41,42,43,60,61,46,96,91,90,95,05,93,A2,06,C0,Also 69 followed by 4x sequential numbers,,,
17104,42D0,C1,C2,C3,C4,94,92,47,44,FF,05,3C,32,7F,FC,2F,00,Then 70 followed by 4x sequential numbers,,,
17120,42E0,02,40,40,40,02,40,40,1E,1E,0C,0C,00,EC,42,40,0D,Alternate diag section in program maybe limp mode,,,
17136,42F0,1F,2F,15,AB,22,FF,00,08,03,00,90,01,64,00,64,00,Start of DATA Constants section,,,
17152,4300,35,82,D4,30,28,00,0A,FF,10,00,21,00,39,37,01,01,This format if value is diff than DATA section and not otherwise formated,,,
17168,4310,01,05,01,03,03,01,01,14,01,08,D8,B4,90,65,50,46,,46296,,
17184,4320,D0,07,00,80,C0,5D,00,00,00,20,00,D0,30,00,80,00,,,,
17200,4330,2C,01,2C,01,0C,17,0C,00,FC,00,15,00,15,00,40,00,,,,
17216,4340,15,00,30,1A,AB,E7,90,06,50,28,50,68,64,7D,44,0C,,,,
17232,4350,38,00,82,64,83,CD,B3,20,11,1A,01,01,10,80,50,00,Formating still in prorgress ,,,
17248,4360,41,00,D0,07,E8,03,1A,03,40,FC,08,08,32,40,4A,18,,,Fuel cut active ignition advance,Speed limit kph
17264,4370,04,E0,25,25,25,03,06,06,02,00,05,1E,14,28,D8,03,,,-15,216
17280,4380,03,16,09,40,27,50,0A,18,20,05,04,03,18,F2,10,54,,,,Speed buffer kph
17296,4390,B0,20,20,00,ED,19,19,40,1F,CD,A0,B2,AF,2A,03,18,,,,3
17312,43A0,18,1E,1E,03,03,07,4E,0F,97,6D,73,06,7E,A0,68,96,,,,
17328,43B0,0A,0A,92,42,06,32,16,AB,AB,80,80,72,26,E7,01,64,,,,
17344,43C0,97,B1,0F,14,01,07,B2,00,FF,32,50,62,7C,03,50,6E,,,,
17360,43D0,0A,C9,90,4D,FF,04,07,35,00,04,00,50,32,80,06,70,,,,
17376,43E0,71,0D,83,50,80,80,80,80,80,80,80,80,04,5A,4D,0A,,,,
17392,43F0,F0,43,C8,00,1A,00,CA,00,4D,00,4E,00,29,00,10,00,Alternate diag section in program maybe limp mode,,,
17408,4400,11,00,49,00,36,00,0D,00,0C,00,C9,00,CB,00,03,00,,,,
17424,4410,1F,00,04,00,20,00,05,00,21,00,07,00,23,00,06,00,,,,
17440,4420,19,00,34,00,18,00,33,00,17,00,32,00,16,00,31,00,,,,
17456,4430,01,00,24,00,08,00,25,00,30,00,13,00,1D,00,02,00,,,,
17472,4440,64,00,CC,00,53,00,52,00,3E,00,D2,00,41,00,2A,00,,,,
17488,4450,0F,00,CE,00,46,00,45,00,44,00,43,00,42,00,40,00,,,,
17504,4460,65,00,07,10,FF,FF,FF,FF,FF,FF,FF,FF,FF,FF,FF,FF,,,,
17520,4470,FF,FF,FF,FF,FF,FF,FF,FF,FF,FF,FF,FF,FF,FF,FF,FF,,,,
17536,4480,FF,FF,FF,FF,11,12,81,12,82,12,24,12,23,12,15,12,,,,
17552,4490,43,12,44,12,16,12,31,12,21,12,12,12,22,12,13,12,,,,
17568,44A0,51,12,52,12,53,12,54,12,55,12,56,12,57,12,58,12,,,,
17584,44B0,83,12,71,12,72,12,73,12,74,12,75,12,76,12,77,12,,,,
17600,44C0,78,12,61,12,63,12,65,12,64,12,37,12,67,12,62,12,,,,
17616,44D0,62,12,18,12,88,12,36,12,41,12,87,12,45,12,42,12,,,,
17632,44E0,34,12,47,12,86,12,25,12,26,12,27,12,28,12,85,12,,,,
17648,44F0,64,12,19,12,66,12,FF,FF,FF,FF,FF,FF,FF,FF,FF,FF,,,,
17664,4500,FF,FF,FF,FF,FF,FF,FF,FF,FF,FF,FF,FF,FF,FF,FF,FF,,,,
17680,4510,FF,FF,FF,FF,FF,FF,44,14,00,10,00,00,00,00,E8,03,This format if value is diff than DATA and not otherwise formated,,,
17696,4520,E0,2E,A8,61,50,46,E8,03,FF,0F,00,00,03,32,14,2E,,,,
17712,4530,14,50,DC,FF,70,17,33,B3,00,60,00,A0,F4,01,B8,0B,,,,
17728,4540,FB,10,40,90,FB,10,5B,C8,32,F3,0D,26,A0,28,4B,96,,,,
17744,4550,03,EB,93,25,CE,84,19,42,32,A4,19,ED,4C,64,FA,64,,,,
17760,4560,32,FA,ED,04,11,4B,64,4C,96,01,10,01,FF,B3,24,29,,,,
17776,4570,03,64,14,19,05,FA,00,00,86,75,07,71,B0,71,8F,71,,,,
17792,4580,76,75,02,72,C0,75,8F,71,76,75,53,76,D9,75,EC,75,,,,
17808,4590,49,72,8F,71,76,75,A9,72,05,76,8F,71,76,75,A4,76,,,,
17824,45A0,1E,76,31,76,93,75,23,77,C0,75,8F,71,76,75,53,76,,,,
17840,45B0,D9,75,53,77,05,76,8F,71,76,75,A4,76,1E,76,53,77,,,,
17856,45C0,00,00,72,00,D0,00,D5,00,ED,72,07,73,52,73,67,73,,,,
17872,45D0,10,EF,44,00,D0,00,D8,00,95,77,AE,77,D0,77,E4,77,,,,
17888,45E0,01,FE,48,00,D0,00,D7,00,0B,78,27,78,41,78,58,78,,,,
17904,45F0,04,FB,4A,00,D0,00,D7,00,77,78,81,78,8E,78,98,78,,,,
17920,4600,08,F7,00,00,7A,7B,06,7C,1B,7C,E3,7B,F9,7B,30,7C,,,,
17936,4610,6B,7C,E3,7B,F9,7B,8F,7C,C6,7C,DB,7C,E3,7B,F9,7B,,,,
17952,4620,F0,7C,2B,7D,E3,7B,F9,7B,4F,7D,DB,7C,E3,7B,F9,7B,,,,
17968,4630,F0,7C,52,7D,C6,7C,E3,7B,F9,7B,F0,7C,6C,7D,FD,7C,,,,
17984,4640,99,7D,B2,7D,C6,7C,E3,7B,F9,7B,CB,7D,06,7C,E3,7B,,,,
18000,4650,F9,7B,F3,7D,DB,7C,E3,7B,F9,7B,E4,7D,1B,7C,E3,7B,,,,
18016,4660,F9,7B,02,7E,0B,7E,E3,7B,F9,7B,35,7E,A1,00,01,18,,,,
18032,4670,EF,B9,FA,A1,3E,10,22,C3,01,DC,11,22,A3,6A,04,54,,,,
18048,4680,71,10,55,91,04,55,91,20,55,C3,01,38,10,54,A3,01,,,,
18064,4690,14,10,56,C3,01,3A,10,56,A1,01,00,26,C3,01,3C,10,,,,
18080,46A0,26,EF,08,3E,EF,FB,28,C7,01,D2,13,00,C7,01,EA,13,,,,
18096,46B0,00,C3,01,72,12,00,C3,01,74,12,00,C3,01,76,12,00,,,,
18112,46C0,C3,01,78,12,00,11,1C,91,80,1C,C7,01,18,10,1C,A1,,,,
18128,46D0,FF,FF,1C,C3,01,7A,12,1C,C7,01,D3,13,00,C7,01,D4,,,,
18144,46E0,13,1C,A1,00,80,1C,C3,01,E4,11,1C,C3,01,E2,11,00,,,,
18160,46F0,C3,01,E8,11,1C,C3,01,E6,11,00,EF,39,45,A1,EC,11,,,,
18176,4700,1C,C2,1D,00,89,64,12,1C,D3,F7,C3,01,6C,12,00,C3,,,,
18192,4710,01,6E,12,00,C3,01,70,12,00,C7,01,D0,13,00,C7,01,,,,
18208,4720,D1,13,00,C3,01,EE,12,00,A1,00,01,1C,C3,01,EC,12,,,,
18224,4730,1C,B3,69,7A,00,1D,11,1C,C3,01,E0,11,1C,C3,01,DE,,,,
18240,4740,11,00,B1,FC,1C,C7,01,E9,13,1C,A1,CC,CC,1C,C3,01,,,,
18256,4750,14,10,1C,C3,01,E4,12,1C,C3,01,C2,13,1C,C3,01,F6,,,,
18272,4760,13,1C,B1,1E,0A,B1,E1,0A,E7,29,D9,A1,00,01,18,B1,,,,
18288,4770,74,16,B1,84,15,B1,08,03,B1,21,06,45,03,00,0A,04,,,,
18304,4780,B1,04,06,45,04,00,0A,04,B1,FF,10,B1,FF,0F,B1,FF,,,,
18320,4790,A3,B1,FF,A2,B1,04,1C,C7,01,81,04,1C,B1,18,1C,C7,,,,
18336,47A0,01,10,04,1C,B1,14,1C,C7,01,11,04,1C,B1,00,1C,C7,,,,
18352,47B0,01,41,04,1C,C7,01,02,04,00,B1,17,1C,C7,01,08,04,,,,
18368,47C0,1C,B1,CE,1C,C7,01,21,04,1C,B1,FF,1C,C7,01,20,04,,,,
18384,47D0,1C,B1,CE,1C,C7,01,21,04,1C,C7,01,86,18,1C,B3,01,,,,
18400,47E0,D3,13,1C,17,1C,C7,01,D3,13,1C,B1,20,06,45,04,00,,,,
18416,47F0,0A,04,B1,00,A6,C7,01,41,04,A6,B1,00,06,45,04,00,,,,
18432,4800,0A,04,B1,FB,A4,C7,01,FE,08,A4,B1,FF,A5,C7,01,FF,,,,
18448,4810,08,A5,E7,82,D8,B1,1E,0A,B1,E1,0A,89,08,1E,6E,D7,,,,
18464,4820,03,EF,A8,06,B1,FF,A3,B1,FF,A2,B0,A3,10,B0,A2,0F,,,,
18480,4830,B1,FB,A4,C7,01,FE,08,A4,B1,FF,A5,C7,01,FF,08,A5,,,,
18496,4840,B1,00,A6,9B,01,EA,13,00,DF,0B,C3,01,E6,14,7C,71,,,,
18512,4850,DF,A3,C4,10,A3,EF,A5,09,C7,01,7C,18,00,A1,7A,42,,,,
18528,4860,70,A1,C4,09,84,A0,04,28,C3,01,C2,14,7A,3F,16,F5,,,,
18544,4870,A1,FF,FF,2A,B1,AD,08,A1,00,80,8E,B1,18,A8,11,09,,,,
18560,4880,A0,04,28,91,04,B6,91,20,B7,A3,01,EC,12,1C,C4,CF,,,,
18576,4890,1C,89,00,01,1C,D7,05,71,EF,B9,20,0F,91,10,B9,A1,,,,
18592,48A0,5A,00,1A,EF,21,D8,C7,01,49,15,49,71,DF,B9,B3,01,,,,
18608,48B0,1E,10,1C,71,03,1C,45,C8,00,0A,82,B1,13,06,A0,82,,,,
18624,48C0,04,C3,01,00,16,00,B1,22,06,A0,82,04,C7,01,1E,10,,,,
18640,48D0,1C,B1,1A,06,45,32,00,82,04,45,FA,00,82,86,B1,18,,,,
18656,48E0,06,A0,86,04,B0,15,9E,C7,01,A4,18,00,C3,01,A6,17,,,,
18672,48F0,00,B1,1C,9A,B1,24,9B,C3,01,A4,17,9A,A1,2C,01,1C,,,,
18688,4900,C3,01,58,17,1C,71,02,A5,93,01,70,42,A5,C7,01,FF,,,,
18704,4910,08,A5,B1,24,1C,C7,01,A2,17,1C,C7,01,A3,17,1C,FB,,,,
18720,4920,C7,01,A6,18,00,C7,01,A5,18,00,C7,01,A3,18,00,C7,,,,
18736,4930,01,7B,18,00,B1,05,DC,C3,01,CC,14,00,C7,01,8B,18,,,,
18752,4940,00,A1,00,80,1C,C3,01,7A,15,1C,C7,01,8C,18,00,B1,,,,
18768,4950,FF,1C,C7,01,7A,18,1C,B3,01,99,40,1C,C7,01,E8,14,,,,
18784,4960,1C,A3,69,0E,00,8A,C3,01,3A,15,8A,C3,01,3C,15,8A,,,,
18800,4970,A1,0A,00,1C,C3,1D,CE,17,8A,C3,1D,DA,17,00,C3,1D,,,,
18816,4980,E6,17,00,C3,1D,F2,17,00,69,02,00,1C,DB,E6,AF,69,,,,
18832,4990,56,00,1C,C4,D5,1C,C4,D6,1C,C7,01,98,18,1C,C7,01,,,,
18848,49A0,8A,15,1C,C7,01,8B,15,1C,7D,32,1C,C3,01,3E,15,1C,,,,
18864,49B0,C3,01,40,15,1C,C7,01,D6,12,00,C7,01,22,15,00,C3,,,,
18880,49C0,01,68,15,00,B1,02,1C,C7,01,23,15,1C,B3,69,74,00,,,,
18896,49D0,1C,C7,01,25,15,1C,91,08,BD,B3,01,19,10,1D,71,EF,,,,
18912,49E0,1D,71,DF,1D,71,BF,1D,71,7F,1D,C7,01,19,10,1D,B3,,,,
18928,49F0,01,1A,10,1E,71,FD,1E,C7,01,1A,10,1E,B3,01,20,10,,,,
18944,4A00,1C,71,23,1C,C7,01,20,10,1C,B3,01,22,10,1D,71,7F,,,,
18960,4A10,1D,C7,01,22,10,1D,91,40,E2,B3,01,19,10,26,71,EF,,,,
18976,4A20,26,71,DF,26,71,BF,26,71,7F,26,C7,01,19,10,26,C3,,,,
18992,4A30,01,DA,15,00,C7,01,3E,19,00,B3,69,73,00,1C,C7,01,,,,
19008,4A40,AA,18,1C,B3,01,22,10,27,71,7F,27,C7,01,22,10,27,,,,
19024,4A50,B3,01,1A,10,27,71,DF,27,C7,01,1A,10,27,B1,FF,27,,,,
19040,4A60,C7,01,70,15,27,B3,01,1A,10,27,71,7F,27,C7,01,1A,,,,
19056,4A70,10,27,C3,01,DE,15,00,C3,01,E0,15,00,C3,01,E2,15,,,,
19072,4A80,00,C3,01,E4,15,00,C7,01,B4,18,00,C3,01,90,15,00,,,,
19088,4A90,C3,01,8E,15,00,B3,69,F0,00,1C,C7,01,92,15,1C,A1,,,,
19104,4AA0,E8,03,1C,C3,01,B4,17,1C,A1,00,40,1C,C3,01,28,15,,,,
19120,4AB0,1C,11,D9,B3,01,E9,13,1C,31,1C,03,91,20,C0,C3,01,,,,
19136,4AC0,1C,15,00,C4,D4,00,91,08,C0,C3,01,1E,15,00,C3,01,,,,
19152,4AD0,20,15,00,B3,69,86,00,20,B3,68,74,21,C3,01,24,15,,,,
19168,4AE0,20,91,80,B9,B1,A9,1C,C7,01,6F,18,1C,B1,10,1C,C7,,,,
19184,4AF0,01,6D,18,1C,B1,2D,1C,C7,01,71,18,1C,B1,B0,1C,C7,,,,
19200,4B00,01,6E,18,1C,B1,30,1D,11,1E,B0,1C,1F,B1,01,20,B1,,,,
19216,4B10,8E,21,B0,1D,22,11,23,AD,0A,26,C3,27,6A,17,1C,C3,,,,
19232,4B20,27,7A,17,1E,C3,27,8A,17,20,C3,27,5A,17,22,79,02,,,,
19248,4B30,26,DB,E7,B1,01,1C,C7,01,72,18,1C,B1,A3,1C,C7,01,,,,
19264,4B40,9F,17,1C,B1,78,1C,C7,01,75,18,1C,C7,01,78,18,00,,,,
19280,4B50,B1,04,1C,C7,01,76,18,1C,C3,01,64,12,00,C3,01,66,,,,
19296,4B60,12,00,C3,01,68,12,00,C3,01,6A,12,00,AF,69,D9,00,,,,
19312,4B70,1C,B3,1D,56,42,1C,71,0F,A4,90,1C,A4,C7,01,FE,08,,,,
19328,4B80,A4,A3,6B,2E,01,1C,C3,01,BE,15,1C,91,08,BD,71,FB,,,,
19344,4B90,BD,A1,38,10,1C,C3,01,08,16,1C,A3,01,7A,12,1C,C3,,,,
19360,4BA0,01,06,16,1C,A1,FF,FF,1C,C3,01,BC,17,1C,C7,01,BF,,,,
19376,4BB0,17,00,B3,01,22,10,1C,71,BF,1C,C7,01,22,10,1C,A1,,,,
19392,4BC0,C2,45,1C,C3,01,F8,15,1C,A1,78,45,1C,C3,01,F6,15,,,,
19408,4BD0,1C,C3,01,FA,15,7C,C3,01,B8,17,0C,B1,46,1C,C7,01,,,,
19424,4BE0,AF,18,1C,C7,01,F2,15,00,C7,01,F4,15,00,A1,04,46,,,,
19440,4BF0,1C,C3,01,C4,17,1C,C3,01,C8,17,7C,B3,01,23,10,E1,,,,
19456,4C00,71,3F,E1,B3,01,21,10,27,31,27,07,AF,6A,54,54,EF,,,,
19472,4C10,57,23,30,27,07,AF,6A,56,54,EF,4D,23,35,27,07,AF,,,,
19488,4C20,6A,58,54,EF,43,23,36,27,07,AF,6A,52,54,EF,39,23,,,,
19504,4C30,71,9C,27,C7,01,21,10,27,B3,69,EC,00,1E,C7,01,AD,,,,
19520,4C40,18,1E,B3,69,EE,00,1F,C7,01,AE,18,1F,11,20,B3,6B,,,,
19536,4C50,86,01,21,C3,01,DC,15,20,B3,6B,85,01,22,C7,01,AC,,,,
19552,4C60,18,22,B3,69,7A,00,1C,C7,01,9E,18,1C,C7,01,A9,18,,,,
19568,4C70,00,C3,01,04,16,00,91,80,E2,A3,69,38,00,1C,C3,01,,,,
19584,4C80,7C,12,1C,B3,01,1B,10,1C,71,05,1C,C7,01,A7,12,1C,,,,
19600,4C90,B3,6B,6E,01,1C,C7,01,A4,12,1C,C7,01,C8,12,1C,3E,,,,
19616,4CA0,E2,12,B3,01,1B,10,1C,71,0A,1C,18,01,1C,C7,01,CB,,,,
19632,4CB0,12,1C,20,3D,A1,24,00,26,A3,69,36,00,1C,C3,27,88,,,,
19648,4CC0,12,1C,C7,01,CB,12,00,C3,27,8A,12,00,C3,27,90,12,,,,
19664,4CD0,00,C3,27,96,12,00,C3,27,92,12,00,C3,27,94,12,00,,,,
19680,4CE0,B1,01,1C,C7,27,9C,12,1C,A1,00,80,1C,C3,01,64,15,,,,
19696,4CF0,1C,A1,00,80,1C,C3,01,12,15,1C,C7,01,9F,18,00,C3,,,,
19712,4D00,01,CA,14,00,C7,01,77,18,00,C7,01,99,18,00,B3,01,,,,
19728,4D10,CA,FF,1C,C7,01,E9,14,1C,A1,FF,FF,1C,C3,01,C8,14,,,,
19744,4D20,1C,A0,0A,20,71,BF,CA,C7,01,46,14,00,EF,7D,D3,EF,,,,
19760,4D30,71,D3,C7,01,4A,14,00,C7,01,49,14,00,C7,01,4D,14,,,,
19776,4D40,00,71,EF,CA,71,F7,CA,71,FB,A2,C4,0F,A2,91,01,BA,,,,
19792,4D50,B1,19,24,C7,01,4D,15,24,C3,01,46,15,00,E7,EB,F3,,,,
19808,4D60,89,08,1A,6C,D7,0A,89,08,1E,6E,D7,03,38,CA,07,FF,,,,
19824,4D70,89,08,1E,6E,DF,F9,B3,01,40,04,1C,B3,01,41,04,1D,,,,
19840,4D80,97,69,0B,00,1C,97,69,0C,00,1D,C3,01,14,15,1C,01,,,,
19856,4D90,7C,71,DF,A3,C4,10,A3,A1,80,84,1C,A1,1E,00,1E,8C,,,,
19872,4DA0,92,1C,D5,04,A1,FF,FF,1C,C3,01,CC,14,1C,91,10,BA,,,,
19888,4DB0,B1,00,A6,B1,01,B4,B1,01,AC,B3,01,40,04,1C,B3,01,,,,
19904,4DC0,41,04,1D,97,69,0B,00,1C,97,69,0C,00,1D,C3,01,16,,,,
19920,4DD0,15,1C,B3,01,4B,42,BF,45,78,00,0C,2E,45,1E,00,7A,,,,
19936,4DE0,2C,C3,01,C0,15,0A,B1,04,C7,91,08,A4,C7,01,FE,08,,,,
19952,4DF0,A4,91,80,B8,A1,63,14,74,51,0C,BF,1C,DF,08,71,F7,,,,
19968,4E00,A4,C7,01,FE,08,A4,B1,1E,0A,B1,E1,0A,B3,01,40,04,,,,
19984,4E10,1C,B3,01,41,04,1D,97,69,0B,00,1C,97,69,0C,00,1D,,,,
20000,4E20,43,01,16,15,1C,1E,83,01,16,15,1C,83,01,14,15,1E,,,,
20016,4E30,60,1E,1C,C0,9C,1C,C3,01,E6,12,00,C3,01,EA,12,00,,,,
20032,4E40,A0,0A,1C,6D,14,00,1C,8D,10,27,1C,C3,01,2A,15,20,,,,
20048,4E50,C3,01,2C,15,7C,C3,01,2E,15,7C,C3,01,30,15,7C,C3,,,,
20064,4E60,01,32,15,7A,C3,01,34,15,00,C7,01,36,15,00,C7,01,,,,
20080,4E70,37,15,00,C7,01,38,15,00,C7,01,39,15,00,E7,01,02,,,,
20096,4E80,11,08,A0,0A,1C,45,04,00,0C,24,B1,1E,0A,B1,E1,0A,,,,
20112,4E90,C8,24,C8,1C,EF,1B,D2,CC,1C,CC,24,48,1C,0A,1E,89,,,,
20128,4EA0,88,13,1E,D3,1E,C8,24,EF,F6,D1,EF,FC,D1,A3,01,DC,,,,
20144,4EB0,11,1C,89,38,10,1C,D7,03,EF,E7,20,EF,FE,40,CC,24,,,,
20160,4EC0,A0,0A,1C,30,CA,05,88,0C,24,D9,BF,FF,A1,08,1A,1C,,,,
20176,4ED0,C2,1D,00,89,12,1D,1C,D1,F7,A1,08,1E,1C,A1,DF,42,,,,
20192,4EE0,1E,C2,1D,1E,89,34,1F,1C,D3,F7,A1,06,1F,1C,C2,1C,,,,
20208,4EF0,1E,A1,E9,42,1E,A1,0C,1F,1C,C2,1C,1E,A1,16,1F,1C,,,,
20224,4F00,C2,1C,1E,F0,91,40,E2,F0,A3,01,46,15,24,07,24,C3,,,,
20240,4F10,01,46,15,24,B3,01,4D,15,24,E0,24,45,30,BA,49,C7,,,,
20256,4F20,01,F0,12,00,A1,56,00,1A,EF,9C,D1,11,24,B3,01,49,,,,
20272,4F30,00,25,C3,01,44,15,24,AC,D7,1A,79,0A,1A,D9,05,A0,,,,
20288,4F40,6C,1A,20,0E,18,06,1A,99,03,1A,D1,03,B1,03,1A,64,,,,
20304,4F50,6C,1A,AF,1B,AA,02,24,C3,01,48,15,24,71,FE,BA,20,,,,
20320,4F60,07,C7,01,4D,15,24,20,82,71,FB,A2,C4,0F,A2,3C,10,,,,
20336,4F70,31,B3,01,F0,12,24,17,24,C7,01,F0,12,24,9B,69,1B,,,,
20352,4F80,00,24,D1,1E,C3,01,EE,12,00,A1,00,01,1C,C3,01,EC,,,,
20368,4F90,12,1C,91,F6,A2,C4,0F,A2,B1,1E,0A,B1,E1,0A,34,10,,,,
20384,4FA0,F1,FF,A3,01,44,15,54,B3,01,48,15,56,A3,01,EE,12,,,,
20400,4FB0,50,EF,2B,D1,C3,01,EE,12,50,C4,CF,51,A3,01,46,15,,,,
20416,4FC0,24,8B,69,12,00,24,D9,03,A0,00,50,AF,01,51,00,50,,,,
20432,4FD0,65,00,01,50,C3,01,EC,12,50,A1,5A,00,1A,EF,E7,D0,,,,
20448,4FE0,C7,01,49,15,49,B1,19,24,27,77,F0,A1,FF,FF,1C,C3,,,,
20464,4FF0,01,FE,1F,1C,A0,0A,20,4B,01,2A,15,20,1C,6D,14,00,,,,
20480,5000,1C,8D,10,27,1C,C3,01,2A,15,20,C3,01,34,15,1C,A0,,,,
20496,5010,7C,20,4B,01,2C,15,20,1C,C3,01,2C,15,20,C7,01,36,,,,
20512,5020,15,1C,4B,01,2E,15,20,1C,A0,20,1E,18,01,1C,D3,02,,,,
20528,5030,05,1E,C3,01,2E,15,1E,C7,01,37,15,1C,4B,01,30,15,,,,
20544,5040,20,1C,A0,20,1E,18,01,1C,D3,02,05,1E,18,01,1C,D3,,,,
20560,5050,04,69,02,00,1E,C3,01,30,15,1E,C7,01,38,15,1C,A0,,,,
20576,5060,7A,20,4B,01,32,15,20,1C,C3,01,32,15,20,C7,01,39,,,,
20592,5070,15,1C,EF,B7,F0,71,DF,A3,C4,10,A3,B1,84,15,B1,08,,,,
20608,5080,03,EF,A7,10,EF,E5,40,EF,01,02,EF,DF,40,EF,24,1B,,,,
20624,5090,EF,F1,15,EF,D6,40,EF,A2,3E,EF,F5,09,EF,CD,40,EF,,,,
20640,50A0,DB,0A,EF,C7,40,EF,9E,0B,EF,C1,40,EF,34,10,EF,BB,,,,
20656,50B0,40,EF,EC,14,EF,1D,19,EF,B2,40,EF,F7,1A,EF,C4,15,,,,
20672,50C0,EF,A9,40,EF,CF,18,EF,7E,1B,EF,29,1B,EF,9D,40,EF,,,,
20688,50D0,B5,22,EF,1D,2F,EF,94,40,EF,80,29,EF,8E,40,EF,98,,,,
20704,50E0,1B,EF,A2,2F,EF,4F,32,EF,82,40,35,B9,03,EF,1F,09,,,,
20720,50F0,71,DF,B7,3F,B8,03,E7,F2,FE,B3,75,40,00,43,A1,63,,,,
20736,5100,14,74,91,F3,A2,C4,0F,A2,B3,01,80,04,1C,71,FE,A2,,,,
20752,5110,C4,0F,A2,B3,01,D4,13,1C,17,1C,C7,01,D4,13,1C,A0,,,,
20768,5120,0A,20,71,BF,C3,A1,80,80,1C,C3,01,56,15,1C,C3,01,,,,
20784,5130,58,15,1C,C3,01,5A,15,1C,C3,01,5C,15,1C,C3,01,4E,,,,
20800,5140,15,00,C3,01,50,15,00,C3,01,52,15,00,C3,01,54,15,,,,
20816,5150,00,A1,00,80,1C,C3,01,5E,15,1C,C3,01,60,15,1C,91,,,,
20832,5160,20,C3,AF,69,56,00,1E,7D,32,1E,A1,02,00,1A,EF,56,,,,
20848,5170,CF,B3,01,E9,13,1C,30,1C,06,5F,69,69,00,49,48,6C,,,,
20864,5180,1E,48,99,07,4B,D1,06,A1,FF,FF,4A,20,03,0D,05,48,,,,
20880,5190,B3,69,04,00,49,B3,69,05,00,48,48,20,0A,22,89,1E,,,,
20896,51A0,00,22,D1,EC,3E,0F,03,E7,41,FE,01,24,A1,02,42,1C,,,,
20912,51B0,3E,0F,0B,07,24,89,E8,03,24,D1,F5,E7,2D,FE,89,3C,,,,
20928,51C0,42,1C,D9,2C,A2,1D,1E,B2,1E,20,C7,01,40,04,20,36,,,,
20944,51D0,0F,0B,07,24,89,E8,03,24,D1,F5,E7,0E,FE,89,3C,42,,,,
20960,51E0,1C,D9,0D,A2,1D,1E,B2,1E,20,C7,01,40,04,20,27,C0,,,,
20976,51F0,71,7F,B8,3A,C7,04,A1,40,04,74,E7,EE,FD,B3,01,1C,,,,
20992,5200,10,BE,93,69,0A,00,BE,B3,69,0A,00,1C,35,1C,17,B1,,,,
21008,5210,FE,27,73,01,86,18,27,C7,01,86,18,27,C7,01,21,04,,,,
21024,5220,27,C7,01,02,04,00,33,1C,08,71,FD,A5,C7,01,FF,08,,,,
21040,5230,A5,32,1C,17,B1,FB,27,73,01,86,18,27,C7,01,86,18,,,,
21056,5240,27,C7,01,21,04,27,C7,01,04,04,00,34,1C,17,B1,F7,,,,
21072,5250,27,73,01,86,18,27,C7,01,86,18,27,C7,01,21,04,27,,,,
21088,5260,C7,01,05,04,00,30,1C,17,B1,FD,27,73,01,86,18,27,,,,
21104,5270,C7,01,86,18,27,C7,01,21,04,27,C7,01,03,04,00,31,,,,
21120,5280,1C,08,71,FD,A4,C7,01,FE,08,A4,F0,B1,1E,0A,B1,E1,,,,
21136,5290,0A,C7,01,3E,19,06,A1,06,00,1A,B3,01,19,10,26,3E,,,,
21152,52A0,26,0A,8B,6B,30,01,7C,D3,03,91,40,26,3F,26,0A,8B,,,,
21168,52B0,6B,32,01,7C,D3,03,91,80,26,3D,26,31,3C,26,0A,8B,,,,
21184,52C0,6B,34,01,7C,D3,27,91,10,26,01,1C,31,B6,10,39,C7,,,,
21200,52D0,0D,A3,01,DA,15,1C,AF,01,36,15,1E,64,1E,1C,C3,01,,,,
21216,52E0,DA,15,1C,8B,6B,36,01,1C,D3,03,91,20,26,B3,01,50,,,,
21232,52F0,14,27,EF,D2,CD,9B,6B,54,01,49,DB,16,9B,6B,55,01,,,,
21248,5300,49,D1,1E,31,26,43,AF,6A,08,54,EF,5C,1C,71,FD,26,,,,
21264,5310,20,37,39,26,2C,A3,6A,08,54,71,10,55,91,02,55,20,,,,
21280,5320,10,39,26,1D,35,26,22,A3,6A,08,54,71,10,55,91,01,,,,
21296,5330,55,B3,01,D0,00,56,B3,01,D7,00,57,EF,BF,1B,91,02,,,,
21312,5340,26,91,01,BD,B3,6B,56,01,49,C4,D3,49,B3,01,51,14,,,,
21328,5350,27,A1,06,00,1A,EF,6F,CD,9B,6B,50,01,49,DB,16,9B,,,,
21344,5360,6B,51,01,49,D1,1E,30,26,53,AF,6A,0A,54,EF,F9,1B,,,,
21360,5370,71,FE,26,20,47,38,26,36,A3,6A,0A,54,71,10,55,91,,,,
21376,5380,02,55,20,1A,38,26,27,3E,26,0A,39,26,2F,9B,6B,52,,,,
21392,5390,01,D3,D1,28,A3,6A,0A,54,71,10,55,91,01,55,B3,01,,,,
21408,53A0,D0,00,56,B3,01,D3,00,57,EF,52,1B,91,01,26,B0,D3,,,,
21424,53B0,49,37,26,08,B3,6B,53,01,49,91,01,BD,C4,D7,49,C7,,,,
21440,53C0,01,19,10,26,35,B7,0E,A1,44,00,1A,EF,F9,CC,C3,01,,,,
21456,53D0,EA,14,48,20,19,AF,01,36,15,1E,47,01,EA,14,00,1C,,,,
21472,53E0,DF,0C,68,1E,1C,DB,02,01,1C,C3,01,EA,14,1C,3A,B6,,,,
21488,53F0,23,B3,01,1A,10,26,3D,26,1B,B3,01,70,15,27,7B,01,,,,
21504,5400,36,15,27,D3,07,C7,01,70,15,27,20,08,91,20,26,C7,,,,
21520,5410,01,1A,10,26,A0,8A,1E,08,04,1E,98,00,1F,DF,03,B1,,,,
21536,5420,FF,1E,C4,CE,1E,A3,01,CC,14,1C,3C,A8,0B,89,08,07,,,,
21552,5430,1C,D9,0E,91,10,A8,20,09,89,D0,07,1C,D1,03,71,EF,,,,
21568,5440,A8,8B,69,32,00,1C,D1,05,91,10,C0,20,03,71,EF,C0,,,,
21584,5450,B3,01,22,10,27,3F,27,08,99,64,D9,D1,53,91,80,27,,,,
21600,5460,B0,A9,1C,99,55,1C,DF,31,99,AA,1C,DF,2C,39,27,40,,,,
21616,5470,B3,01,AA,18,1D,7B,01,36,15,1D,DB,2F,11,1D,A3,6A,,,,
21632,5480,10,54,71,10,55,91,08,55,B0,D0,56,B0,D7,57,EF,6C,,,,
21648,5490,1A,71,BF,A8,91,02,27,20,17,B3,69,73,00,1D,31,27,,,,
21664,54A0,0A,AF,6A,10,54,EF,C1,1A,71,FD,27,C7,01,AA,18,1D,,,,
21680,54B0,30,27,0F,99,C8,D9,D1,0A,AF,6A,0E,54,EF,AA,1A,71,,,,
21696,54C0,FE,27,C7,01,22,10,27,B3,01,1A,10,27,3F,27,0A,8B,,,,
21712,54D0,6B,44,01,7C,D3,03,91,80,27,B3,01,89,FE,20,99,FF,,,,
21728,54E0,20,D7,03,B1,80,20,B3,01,53,14,1C,B0,1C,1E,18,01,,,,
21744,54F0,1E,7C,20,1C,74,1E,1D,DB,4A,9B,6B,62,01,1D,D3,16,,,,
21760,5500,9B,6B,61,01,1D,D9,3F,33,27,5C,AF,6A,14,54,EF,58,,,,
21776,5510,1A,71,F7,27,20,50,9B,6B,63,01,1D,D3,12,37,27,46,,,,
21792,5520,3B,27,40,A3,6A,14,54,71,10,55,91,02,55,20,24,B3,,,,
21808,5530,6B,64,01,1D,3B,27,2C,A3,6A,14,54,71,10,55,91,04,,,,
21824,5540,55,20,10,B1,FF,1D,3B,27,1A,A3,6A,14,54,71,10,55,,,,
21840,5550,91,01,55,B3,01,D0,00,56,B3,01,D7,00,57,EF,9D,19,,,,
21856,5560,91,08,27,91,01,BD,C4,D8,1D,9B,6B,65,01,1D,D9,08,,,,
21872,5570,91,40,27,91,20,C7,20,06,71,BF,27,71,DF,C7,C7,01,,,,
21888,5580,1A,10,27,31,C7,07,B3,6B,66,01,55,20,0A,A1,24,01,,,,
21904,5590,1A,EF,33,CB,A0,48,54,B3,6B,67,01,56,A3,01,DE,15,,,,
21920,55A0,50,A3,01,E0,15,52,B3,01,36,15,57,EF,3A,CB,C3,01,,,,
21936,55B0,DE,15,50,C3,01,E0,15,52,B0,53,27,31,A4,0C,C3,01,,,,
21952,55C0,E2,15,00,C3,01,E4,15,00,20,41,B3,6B,68,01,55,B3,,,,
21968,55D0,6B,69,01,56,A3,01,E2,15,50,A3,01,E4,15,52,B3,01,,,,
21984,55E0,36,15,57,EF,02,CB,C3,01,E2,15,50,C3,01,E4,15,52,,,,
22000,55F0,B3,6B,6A,01,52,98,52,D0,D1,09,7C,53,52,9C,D0,52,,,,
22016,5600,B0,52,53,74,53,27,D3,03,B1,FF,27,C7,01,B4,18,27,,,,
22032,5610,35,B7,1C,B0,D7,1C,18,02,1C,C7,01,AF,17,1C,C7,01,,,,
22048,5620,AE,17,00,A1,C6,00,1A,EF,9D,CA,C7,01,B0,17,49,3A,,,,
22064,5630,B6,4F,A1,C8,00,1A,EF,8E,CA,AF,01,49,00,1C,7F,01,,,,
22080,5640,36,15,1C,67,01,AE,17,1C,D3,04,A1,FF,FF,1C,C3,01,,,,
22096,5650,AE,17,1C,9B,01,B0,17,1D,DB,02,20,25,39,BE,2D,A1,,,,
22112,5660,D4,00,1A,EF,61,CA,98,49,D5,D9,19,7B,69,C5,00,49,,,,
22128,5670,D3,1A,98,49,D5,D9,15,71,FD,A4,C7,01,FE,08,A4,20,,,,
22144,5680,0B,39,BE,08,91,02,A4,C7,01,FE,08,A4,AF,01,36,15,,,,
22160,5690,26,47,01,90,15,00,22,DF,0F,01,20,68,26,22,D9,14,,,,
22176,56A0,01,22,A3,68,78,20,20,0C,A3,01,8E,15,20,68,26,20,,,,
22192,56B0,DB,02,01,20,11,24,3A,B6,7A,47,01,B4,17,00,1C,DF,,,,
22208,56C0,0E,68,26,1C,DB,02,01,1C,C3,01,B4,17,1C,20,64,33,,,,
22224,56D0,9C,61,71,BF,B7,30,B6,1B,38,E2,1B,91,01,E2,9B,69,,,,
22240,56E0,F4,00,D0,DB,11,B3,01,7B,18,1C,9B,69,F2,00,1C,D3,,,,
22256,56F0,29,20,03,71,FE,E2,9B,69,F1,00,CD,D3,13,9B,69,F4,,,,
22272,5700,00,D0,DB,0C,B3,01,7B,18,1C,9B,69,F3,00,1C,D3,0A,,,,
22288,5710,88,00,22,D7,1E,91,40,BC,20,57,91,40,B7,88,00,20,,,,
22304,5720,D7,F3,B3,01,86,18,1C,3A,1C,09,A3,68,76,22,C7,01,,,,
22320,5730,92,15,00,71,BF,BC,3A,BE,69,B3,01,86,18,1C,3A,1C,,,,
22336,5740,0A,B3,01,92,15,24,78,26,24,D9,57,47,69,76,00,00,,,,
22352,5750,24,D7,05,36,B7,02,20,12,B1,04,1C,93,01,86,18,1C,,,,
22368,5760,C7,01,86,18,1C,C7,01,21,04,1C,B3,69,F0,00,24,20,,,,
22384,5770,31,3A,BE,2E,B3,01,86,18,1C,32,1C,0A,B3,01,92,15,,,,
22400,5780,24,78,26,24,D9,1C,B3,69,EF,00,24,B1,FB,1C,73,01,,,,
22416,5790,86,18,1C,C7,01,86,18,1C,C7,01,21,04,1C,C7,01,04,,,,
22432,57A0,04,00,C3,01,8E,15,20,C3,01,90,15,22,C7,01,92,15,,,,
22448,57B0,24,35,B7,02,20,96,35,BC,02,20,7E,9B,69,F6,00,D7,,,,
22464,57C0,DB,77,9B,69,F5,00,D0,D3,02,20,6E,9B,69,F7,00,D5,,,,
22480,57D0,DB,67,32,B6,02,20,75,3C,BC,40,A3,01,8C,15,1C,AF,,,,
22496,57E0,01,36,15,1E,68,1E,1C,C3,01,8C,15,1C,D3,0D,3B,BE,,,,
22512,57F0,08,91,02,A5,C7,01,FF,08,A5,20,84,3B,BE,08,71,FD,,,,
22528,5800,A5,C7,01,FF,08,A5,91,10,BC,B3,01,B6,18,1C,C7,01,,,,
22544,5810,8D,15,1C,C7,01,8C,15,00,20,65,3B,BE,08,71,FD,A5,,,,
22560,5820,C7,01,FF,08,A5,A3,01,8C,15,1C,AF,01,36,15,1E,68,,,,
22576,5830,1E,1C,C3,01,8C,15,1C,DB,46,3B,BE,08,91,02,A5,C7,,,,
22592,5840,01,FF,08,A5,91,20,BC,71,EF,BC,20,33,71,EF,BC,71,,,,
22608,5850,DF,BC,3B,BE,08,91,02,A5,C7,01,FF,08,A5,A1,D6,00,,,,
22624,5860,1A,EF,63,C8,C7,01,8D,15,49,C7,01,8C,15,00,A1,D8,,,,
22640,5870,00,1A,EF,52,C8,C7,01,B6,18,49,74,00,49,DF,C5,B1,,,,
22656,5880,1E,0A,B1,E1,0A,35,B7,02,21,20,B3,01,1C,10,1C,34,,,,
22672,5890,1C,10,91,04,E2,91,08,E2,71,EF,E2,C7,01,BE,18,00,,,,
22688,58A0,21,1E,3A,B6,1D,39,C7,1A,39,B6,17,9B,69,E6,00,D7,,,,
22704,58B0,D9,09,9B,69,E7,00,D3,D9,02,20,07,8B,01,B4,17,00,,,,
22720,58C0,DF,02,20,AB,B3,01,7B,18,1C,9B,69,E5,00,1C,D3,02,,,,
22736,58D0,20,61,A1,18,00,1A,EF,EE,C7,B3,01,49,00,1C,A1,1C,,,,
22752,58E0,00,1A,EF,E2,C7,77,01,49,00,1C,D3,03,B1,FF,1C,98,,,,
22768,58F0,1C,D5,D3,0E,A1,20,00,1A,EF,CC,C7,98,CC,49,D3,02,,,,
22784,5900,20,31,A1,1C,00,1A,EF,BE,C7,B3,01,49,00,1C,A1,1A,,,,
22800,5910,00,1A,EF,B2,C7,77,01,49,00,1C,D3,03,B1,FF,1C,98,,,,
22816,5920,1C,D5,D3,4B,A1,1E,00,1A,EF,9C,C7,98,CC,49,D3,3F,,,,
22832,5930,32,E2,3C,71,EF,E2,3C,BE,17,B1,F7,1C,73,01,86,18,,,,
22848,5940,1C,C7,01,86,18,1C,C7,01,21,04,1C,C7,01,05,04,00,,,,
22864,5950,3A,E2,39,91,04,E2,34,E2,05,91,08,E2,20,03,71,F7,,,,
22880,5960,E2,A1,22,00,1A,EF,5F,C7,C7,01,BE,18,49,20,51,3C,,,,
22896,5970,BE,12,B1,08,1C,93,01,86,18,1C,C7,01,86,18,1C,C7,,,,
22912,5980,01,21,04,1C,32,E2,05,71,FB,E2,27,CA,57,01,BE,18,,,,
22928,5990,00,1E,DF,26,7B,01,36,15,1E,DB,08,11,1E,3C,BE,03,,,,
22944,59A0,91,08,E2,C7,01,BE,18,1E,20,16,91,04,E2,C7,01,BE,,,,
22960,59B0,18,00,91,10,E2,71,F7,E2,20,06,3C,BE,03,91,08,E2,,,,
22976,59C0,32,B6,4B,9B,69,1A,00,D0,DB,44,B3,01,21,10,27,32,,,,
22992,59D0,9C,2A,3C,27,26,A3,6A,6C,54,71,10,55,91,08,55,91,,,,
23008,59E0,20,55,B3,01,D0,00,56,B3,01,D7,00,57,EF,0E,15,C7,,,,
23024,59F0,58,FF,00,91,10,27,C7,01,21,10,27,FF,34,27,0F,AF,,,,
23040,5A00,6A,6C,54,EF,63,15,71,EF,27,C7,01,21,10,27,F0,A1,,,,
23056,5A10,58,00,1A,EF,B1,C6,C0,1E,00,B3,01,49,00,1F,A3,01,,,,
23072,5A20,EE,12,1C,6C,1E,1C,A0,1E,1C,C0,20,00,B3,01,49,15,,,,
23088,5A30,21,6C,20,1C,A3,01,EE,12,1C,68,1E,1C,C3,01,EE,12,,,,
23104,5A40,1C,C4,CF,1D,AF,01,1D,00,1C,65,00,01,1C,C3,01,EC,,,,
23120,5A50,12,1C,89,00,01,1C,D7,03,71,EF,B9,B1,19,1C,C7,01,,,,
23136,5A60,4D,15,1C,71,DF,B9,F0,A3,01,44,15,54,B3,69,57,00,,,,
23152,5A70,56,A3,01,EE,12,50,EF,66,C6,C3,01,EE,12,50,C4,CF,,,,
23168,5A80,51,AF,01,51,00,50,65,00,01,50,C3,01,EC,12,50,27,,,,
23184,5A90,CA,01,48,B3,69,09,00,1C,3A,1C,62,33,CA,24,A3,01,,,,
23200,5AA0,E6,12,1C,89,55,AA,1C,D7,19,A3,01,EA,12,1C,89,65,,,,
23216,5AB0,4D,1C,D7,0E,B3,01,E8,12,1C,9B,01,E9,12,1C,D7,02,,,,
23232,5AC0,20,0C,EF,F3,C5,89,8C,FE,1E,D3,32,B2,1E,1C,C4,CB,,,,
23248,5AD0,1C,11,25,A1,24,00,1A,EF,ED,C5,79,80,49,DB,05,13,,,,
23264,5AE0,49,B1,80,25,AC,49,48,6D,40,9C,48,8F,01,CC,14,48,,,,
23280,5AF0,89,40,02,48,D1,04,A1,40,02,48,90,25,49,C3,01,66,,,,
23296,5B00,15,48,A1,D0,00,1A,EF,BE,C5,C7,01,82,12,49,A1,26,,,,
23312,5B10,00,1A,EF,B2,C5,5D,32,49,1C,C3,01,42,15,1C,A1,28,,,,
23328,5B20,00,1A,EF,A2,C5,C7,01,65,14,49,39,B6,09,A1,2A,00,,,,
23344,5B30,1A,EF,99,C5,20,1C,B3,01,7B,18,1C,9B,69,6C,00,1C,,,,
23360,5B40,D1,09,A1,2E,00,1A,EF,7E,C5,20,07,A1,2C,00,1A,EF,,,,
23376,5B50,75,C5,C7,01,95,18,49,A1,30,00,1A,EF,69,C5,C7,01,,,,
23392,5B60,94,18,49,01,1C,A0,68,1E,B1,06,20,B3,1F,F8,00,21,,,,
23408,5B70,C7,1D,56,15,21,07,1C,07,1E,E0,20,EF,F0,A1,32,00,,,,
23424,5B80,1A,EF,49,C5,A3,01,1E,15,50,A3,01,20,15,52,9B,68,,,,
23440,5B90,71,53,DB,15,B3,68,72,48,7C,49,48,89,00,40,48,D3,,,,
23456,5BA0,05,B1,FF,56,20,06,09,02,48,B0,49,56,01,54,B3,01,,,,
23472,5BB0,36,15,57,EF,2C,C5,C3,01,1E,15,50,C3,01,20,15,52,,,,
23488,5BC0,32,C0,15,A3,01,1C,15,1C,67,01,34,15,1C,D3,04,A1,,,,
23504,5BD0,FF,FF,1C,C3,01,1C,15,1C,33,C0,0D,B3,01,2D,15,D4,,,,
23520,5BE0,99,F0,D4,D1,03,71,F7,C0,A1,76,00,1A,EF,DE,C4,B0,,,,
23536,5BF0,49,1C,A1,78,00,1A,EF,CE,C4,5C,1C,49,1C,AF,69,85,,,,
23552,5C00,00,1E,4C,1E,1C,1C,C7,01,92,18,1E,A1,7A,00,1A,EF,,,,
23568,5C10,BB,C4,C7,01,97,18,49,A1,7C,00,1A,EF,AF,C4,C7,01,,,,
23584,5C20,96,18,49,34,C0,07,C7,01,9B,18,00,20,18,A1,74,00,,,,
23600,5C30,1A,EF,93,C4,C7,01,9B,18,49,A1,72,00,1A,EF,8D,C4,,,,
23616,5C40,C7,01,9A,18,49,F0,A1,12,00,1A,EF,7A,C4,3D,B7,08,,,,
23632,5C50,98,D0,49,D3,30,3A,B6,2D,71,BF,C0,11,D9,91,04,B6,,,,
23648,5C60,91,80,C7,91,01,C0,71,FD,C0,9B,69,59,00,D7,D9,0D,,,,
23664,5C70,71,FE,C0,9B,69,5A,00,D7,D9,03,91,02,C0,71,FB,C0,,,,
23680,5C80,C3,01,1C,15,00,3A,B6,02,20,87,A1,14,00,1A,EF,36,,,,
23696,5C90,C4,98,D0,49,DB,4D,B3,01,D0,12,26,9B,01,E1,11,26,,,,
23712,5CA0,DF,00,39,B6,27,B3,01,E1,11,26,75,03,26,5B,69,7A,,,,
23728,5CB0,00,26,27,D1,0D,78,27,26,C3,01,DE,11,00,C7,01,E0,,,,
23744,5CC0,11,00,C7,01,E1,11,26,C7,01,D0,12,26,91,04,C0,B3,,,,
23760,5CD0,6B,3D,01,26,C7,01,70,15,26,71,FB,B6,C7,01,EA,13,,,,
23776,5CE0,00,20,2E,A1,16,00,1A,EF,DD,C3,98,D0,49,D3,07,9B,,,,
23792,5CF0,69,5B,00,D9,D3,1B,3E,C0,18,91,40,C0,FA,C4,D9,00,,,,
23808,5D00,C4,B5,8E,FB,B3,01,E9,13,1C,91,01,1C,C7,01,E9,13,,,,
23824,5D10,1C,B3,01,1D,15,1C,9B,69,5C,00,1C,D1,0D,B3,01,E9,,,,
23840,5D20,13,1D,71,FE,1D,C7,01,E9,13,1D,31,C0,1D,9B,69,5E,,,,
23856,5D30,00,1C,DB,16,9B,69,5D,00,1C,D1,0F,B3,01,E9,13,1D,,,,
23872,5D40,91,02,1D,C7,01,E9,13,1D,20,0D,B3,01,E9,13,1D,71,,,,
23888,5D50,FD,1D,C7,01,E9,13,1D,B1,1E,0A,B1,E1,0A,B1,EA,20,,,,
23904,5D60,A1,34,00,1A,EF,66,C3,B3,69,68,00,1F,11,1E,2B,64,,,,
23920,5D70,3A,B6,03,E7,67,00,B1,FF,27,C7,01,21,15,27,38,C0,,,,
23936,5D80,3F,A1,68,00,1A,EF,3F,C3,2B,4A,79,04,20,36,C0,17,,,,
23952,5D90,A1,6A,00,1A,EF,30,C3,2B,3B,A1,6C,00,1A,EF,27,C3,,,,
23968,5DA0,2B,32,79,10,20,22,24,31,C0,14,B3,01,E9,13,26,30,,,,
23984,5DB0,26,0C,B3,69,69,00,49,11,48,2B,19,79,08,20,22,0B,,,,
24000,5DC0,A1,6E,00,1A,EF,00,C3,2B,0B,79,04,20,36,C0,0C,A1,,,,
24016,5DD0,6C,00,1A,EF,F1,C2,2A,FC,79,08,20,21,EE,35,C2,02,,,,
24032,5DE0,21,12,30,BC,5B,47,69,1E,00,00,48,D7,02,07,48,A0,,,,
24048,5DF0,7C,1C,4B,01,26,15,1C,4A,C3,01,26,15,1C,6C,4A,48,,,,
24064,5E00,88,00,4A,D7,2D,A3,01,28,15,4A,89,00,40,4A,D9,12,,,,
24080,5E10,64,4A,48,D3,04,A1,FF,FF,48,89,00,40,48,DB,13,E7,,,,
24096,5E20,CB,00,48,48,4A,48,DB,02,01,48,89,00,40,48,D1,02,,,,
24112,5E30,20,BB,91,20,C2,A1,00,40,48,C3,01,28,15,48,20,B4,,,,
24128,5E40,39,B6,6C,8B,01,EA,14,00,D7,2B,3C,BC,13,A1,36,00,,,,
24144,5E50,1A,EF,73,C2,B0,49,27,A1,3A,00,1A,EF,6F,C2,20,7B,,,,
24160,5E60,A1,38,00,1A,EF,60,C2,B3,01,49,00,27,A1,3C,00,1A,,,,
24176,5E70,EF,5A,C2,20,66,A1,40,00,1A,EF,51,C2,B3,01,49,00,,,,
24192,5E80,27,A1,3E,00,1A,EF,3F,C2,5C,27,49,48,08,01,48,55,,,,
24208,5E90,40,49,27,A1,42,00,1A,EF,33,C2,5C,27,49,48,C3,01,,,,
24224,5EA0,26,15,7C,2A,2F,79,06,20,C3,01,28,15,48,20,45,3C,,,,
24240,5EB0,BC,20,A1,46,00,1A,EF,0E,C2,B3,01,49,00,27,A1,4A,,,,
24256,5EC0,00,1A,9B,01,8B,18,AB,DB,04,A1,4C,00,1A,EF,F7,C1,,,,
24272,5ED0,20,09,A1,48,00,1A,EF,EE,C1,20,04,5C,27,49,48,C3,,,,
24288,5EE0,01,26,15,7C,29,CE,C3,01,28,15,48,20,07,29,CB,C3,,,,
24304,5EF0,01,28,15,48,9B,01,21,15,00,D7,03,E7,49,00,38,C0,,,,
24320,5F00,26,A1,4E,00,1A,EF,BF,C1,B0,49,27,31,C0,0B,35,C0,,,,
24336,5F10,08,B3,69,6A,00,48,7C,27,48,B3,01,21,15,48,7F,01,,,,
24352,5F20,49,00,48,29,9A,20,20,A1,54,00,1A,EF,99,C1,B0,49,,,,
24368,5F30,27,B3,01,21,15,48,7C,27,48,75,10,49,D3,04,A1,FF,,,,
24384,5F40,FF,48,29,90,79,04,20,31,B6,1F,A1,5C,00,1A,B3,01,,,,
24400,5F50,20,10,1C,32,1C,0E,A1,2A,01,1A,B3,01,8B,18,1C,EF,,,,
24416,5F60,65,C1,20,40,EF,66,C1,20,3B,A1,5E,00,1A,32,E2,09,,,,
24432,5F70,33,E2,0D,A1,60,00,1A,20,07,3B,E2,04,A1,60,00,1A,,,,
24448,5F80,38,B6,19,A1,62,00,1A,32,E2,09,33,E2,14,A1,64,00,,,,
24464,5F90,1A,20,0E,3B,E2,0B,A1,64,00,1A,20,05,EF,28,C1,20,,,,
24480,5FA0,03,EF,29,C1,29,2E,79,07,20,31,E2,0C,A1,66,00,1A,,,,
24496,5FB0,EF,14,C1,29,1F,79,07,20,9B,01,23,10,00,DF,0C,11,,,,
24512,5FC0,48,B3,6B,7C,01,49,29,0C,79,08,20,30,B6,0E,A1,AC,,,,
24528,5FD0,00,1A,EF,F2,C0,AF,01,49,00,26,20,38,AC,D0,26,79,,,,
24544,5FE0,78,26,D9,04,01,26,20,0E,18,03,26,99,05,26,D1,03,,,,
24560,5FF0,B1,05,26,7D,06,26,AC,D5,24,79,4C,24,D1,0E,18,04,,,,
24576,6000,24,99,05,24,D1,03,B1,05,24,64,24,26,64,6C,26,AF,,,,
24592,6010,27,B6,02,26,AD,06,22,37,C5,0A,B3,01,78,18,48,7C,,,,
24608,6020,22,48,20,14,AF,01,75,18,24,65,EC,11,24,01,48,76,,,,
24624,6030,25,48,B4,00,49,E0,22,F7,68,26,48,D1,48,98,00,49,,,,
24640,6040,DF,03,B1,FF,48,38,B6,0A,57,69,08,00,00,49,DF,35,,,,
24656,6050,20,08,57,69,1C,00,00,49,DF,2B,7C,49,48,99,3F,49,,,,
24672,6060,D1,06,A1,FC,FF,48,20,03,09,02,48,57,01,B7,18,00,,,,
24688,6070,26,DF,09,15,26,C7,01,B7,18,26,20,16,C3,01,6E,15,,,,
24704,6080,48,28,3C,20,0D,B1,03,26,C7,01,B7,18,26,C3,01,6E,,,,
24720,6090,15,00,32,B9,0C,B3,01,C5,13,49,11,48,28,36,79,07,,,,
24736,60A0,20,FA,3A,B6,03,71,7F,C7,C3,01,62,15,1E,C7,01,56,,,,
24752,60B0,14,20,FB,F0,08,01,48,75,40,49,79,06,20,20,15,88,,,,
24768,60C0,00,48,DF,1D,75,80,49,D3,08,08,01,48,91,80,49,17,,,,
24784,60D0,20,79,07,20,4C,48,1E,1C,0F,27,1C,78,27,20,75,08,,,,
24800,60E0,20,F0,A1,C2,00,1A,EF,E4,BF,C7,01,85,12,49,A1,C4,,,,
24816,60F0,00,1A,EF,D8,BF,C7,01,86,12,49,A1,CA,00,1A,EF,CC,,,,
24832,6100,BF,C7,01,87,12,49,A1,CE,00,1A,EF,BA,BF,C7,01,80,,,,
24848,6110,12,49,A1,D2,00,1A,EF,AE,BF,C7,01,81,12,49,A1,CC,,,,
24864,6120,00,1A,EF,A8,BF,C7,01,84,12,49,F0,35,B7,14,C3,01,,,,
24880,6130,7E,15,00,C3,01,80,15,00,C7,01,8A,18,00,C3,01,82,,,,
24896,6140,15,00,B3,01,20,10,1C,32,1C,01,F0,32,B6,24,A1,E4,,,,
24912,6150,00,1A,EF,72,BF,A0,48,20,A1,E6,00,1A,EF,68,BF,64,,,,
24928,6160,48,20,D3,04,A1,FF,FF,20,C3,01,7C,15,20,91,20,C1,,,,
24944,6170,20,A2,A1,DE,00,1A,31,C7,0C,A1,E0,00,1A,EF,4D,BF,,,,
24960,6180,A0,48,20,20,2A,EF,45,BF,A0,48,20,3A,BC,21,A1,E2,,,,
24976,6190,00,1A,EF,32,BF,69,00,80,48,DB,0B,03,48,68,48,20,,,,
24992,61A0,DB,02,01,20,20,09,64,48,20,D3,04,A1,FF,FF,20,35,,,,
25008,61B0,B7,08,C3,01,7C,15,20,71,DF,C1,55,04,21,1C,D3,03,,,,
25024,61C0,B1,FF,1C,9B,01,7D,15,1C,D9,19,A1,52,00,1A,EF,F6,,,,
25040,61D0,BE,C4,56,49,35,C1,25,A1,50,00,1A,EF,E9,BE,C4,56,,,,
25056,61E0,49,20,19,71,DF,C1,B3,69,9C,00,56,9B,01,7D,15,21,,,,
25072,61F0,DB,0A,A1,52,00,1A,EF,CE,BE,C4,56,49,A0,20,54,A3,,,,
25088,6200,01,7C,15,50,B3,01,37,15,57,EF,D0,BE,C3,01,7C,15,,,,
25104,6210,50,B0,51,21,01,54,32,BA,0A,A1,E8,00,1A,EF,A7,BE,,,,
25120,6220,A0,48,54,A3,01,7E,15,50,B3,69,9B,00,56,B3,01,37,,,,
25136,6230,15,57,EF,A7,BE,C3,01,7E,15,50,74,51,21,D3,03,B1,,,,
25152,6240,FF,21,3C,9C,43,B3,69,A1,00,1D,C7,01,8A,18,1D,36,,,,
25168,6250,BC,16,32,C1,16,A1,DA,00,1A,32,BA,04,A1,DC,00,1A,,,,
25184,6260,EF,64,BE,A0,48,54,20,86,71,FB,C1,B3,69,9E,00,1C,,,,
25200,6270,32,BA,05,B3,69,9F,00,1C,9B,01,81,15,1C,DB,05,C7,,,,
25216,6280,01,81,15,1C,01,54,20,66,57,01,8A,18,00,1D,DF,13,,,,
25232,6290,99,FF,1D,DF,0E,7B,01,37,15,1D,DB,02,11,1D,C7,01,,,,
25248,62A0,8A,18,1D,36,BC,2C,3A,C1,16,91,04,C1,98,00,1D,DF,,,,
25264,62B0,0E,11,50,B3,69,A0,00,51,C3,01,80,15,50,20,46,A1,,,,
25280,62C0,DA,00,1A,32,BA,04,A1,DC,00,1A,EF,FA,BD,A0,48,54,,,,
25296,62D0,20,1C,71,FB,C1,B3,69,9E,00,55,32,BA,05,B3,69,9F,,,,
25312,62E0,00,55,9B,01,81,15,55,DB,05,C7,01,81,15,55,B3,69,,,,
25328,62F0,9A,00,56,B3,01,37,15,57,A3,01,80,15,50,EF,DC,BD,,,,
25344,6300,C3,01,80,15,50,74,51,21,D3,03,B1,FF,21,AF,01,36,,,,
25360,6310,15,26,01,48,B3,01,1A,10,1C,38,1C,35,A1,EE,00,1A,,,,
25376,6320,EF,A4,BD,8B,01,82,15,48,DB,27,AF,69,9D,00,1C,09,,,,
25392,6330,03,1C,6C,26,1C,88,00,1E,D7,17,A3,01,82,15,1E,68,,,,
25408,6340,1C,1E,D3,0D,88,48,1E,D1,08,A0,1E,48,91,20,E2,20,,,,
25424,6350,03,71,DF,E2,C3,01,82,15,48,74,49,21,D3,03,B1,FF,,,,
25440,6360,21,B3,01,E5,11,1F,B3,01,E9,11,24,35,B7,55,59,80,,,,
25456,6370,1F,1D,DB,09,13,1D,B3,69,B4,00,1E,20,05,B3,69,B3,,,,
25472,6380,00,1E,18,01,1E,98,1E,1D,D9,1C,59,80,24,1D,DB,09,,,,
25488,6390,13,1D,B3,69,B6,00,1E,20,05,B3,69,B5,00,1E,18,01,,,,
25504,63A0,1E,98,1E,1D,D1,33,A1,00,80,1E,C3,01,E4,11,1E,C3,,,,
25520,63B0,01,E2,11,00,C3,01,E8,11,1E,C3,01,E6,11,00,C4,24,,,,
25536,63C0,1F,20,16,3A,B6,13,9B,69,AF,00,D7,D1,0C,31,B6,09,,,,
25552,63D0,39,C7,06,38,BD,03,33,C1,21,C7,01,EB,11,1F,C7,01,,,,
25568,63E0,91,18,24,B3,69,B0,00,48,C7,01,EA,11,48,36,BC,05,,,,
25584,63F0,B0,24,53,21,61,B0,1F,53,21,5C,57,01,EA,11,00,48,,,,
25600,6400,DF,0B,7B,01,37,15,48,DB,02,11,48,27,DB,B3,01,E4,,,,
25616,6410,11,1E,36,BC,05,A3,01,E8,11,1E,B3,69,B7,00,25,32,,,,
25632,6420,BA,05,B3,69,B8,00,25,18,01,25,77,01,7B,15,25,D3,,,,
25648,6430,03,B1,FF,25,B0,1F,27,54,25,1F,1F,DB,09,79,80,1F,,,,
25664,6440,DB,0C,11,1F,20,08,79,80,1F,D3,03,B1,FF,1F,36,BC,,,,
25680,6450,2B,A3,01,E6,11,50,A3,01,E8,11,52,A0,1E,54,B3,69,,,,
25696,6460,B1,00,56,B3,01,37,15,57,EF,7D,BC,C3,01,E6,11,50,,,,
25712,6470,C3,01,E8,11,52,B3,01,91,18,25,20,29,A3,01,E2,11,,,,
25728,6480,50,A3,01,E4,11,52,A0,1E,54,B3,69,B1,00,56,B3,01,,,,
25744,6490,37,15,57,EF,52,BC,C3,01,E2,11,50,C3,01,E4,11,52,,,,
25760,64A0,B3,01,EB,11,25,B3,69,B2,00,24,18,01,24,58,25,53,,,,
25776,64B0,26,DB,11,13,26,98,24,26,D1,1A,58,24,25,53,11,52,,,,
25792,64C0,01,50,20,10,98,24,26,D1,0B,54,24,25,53,B1,FF,52,,,,
25808,64D0,A1,FF,FF,50,59,80,53,24,D3,1E,B3,69,B3,00,25,36,,,,
25824,64E0,BC,05,B3,69,B5,00,25,18,01,25,98,25,24,D1,2A,B1,,,,
25840,64F0,FF,52,A1,FF,FF,50,20,1D,B3,69,B4,00,25,36,BC,05,,,,
25856,6500,B3,69,B6,00,25,18,01,25,13,24,98,25,24,D1,0A,13,,,,
25872,6510,25,11,52,01,50,55,80,25,53,3E,BC,0C,C3,01,E4,11,,,,
25888,6520,52,C3,01,E2,11,50,20,0A,C3,01,E8,11,52,C3,01,E6,,,,
25904,6530,11,50,78,53,27,D3,0C,77,01,7B,15,27,D3,03,B1,FF,,,,
25920,6540,27,20,09,77,01,7B,15,27,DB,02,11,27,C7,01,7B,15,,,,
25936,6550,27,C7,01,8E,18,27,36,BC,19,57,01,E5,11,53,53,DB,,,,
25952,6560,09,79,80,53,DB,0C,11,53,20,08,79,80,53,D3,03,B1,,,,
25968,6570,FF,53,C7,01,90,18,53,19,01,53,DB,0B,13,53,78,53,,,,
25984,6580,21,DB,02,11,21,20,08,74,53,21,D3,03,B1,FF,21,C7,,,,
26000,6590,01,87,18,21,91,80,C1,35,B7,05,C7,01,8C,18,21,F0,,,,
26016,65A0,A3,01,24,15,20,3A,B6,21,98,00,20,DF,14,57,68,74,,,,
26032,65B0,00,22,DF,0D,7B,01,38,15,21,DB,09,74,22,21,E0,20,,,,
26048,65C0,F8,A0,00,20,C3,01,24,15,20,A1,7E,00,1A,EF,F7,BA,,,,
26064,65D0,B0,49,1C,A1,80,00,1A,EF,ED,BA,74,49,1C,D3,03,B1,,,,
26080,65E0,FF,1C,3C,9C,03,33,9C,0A,77,69,89,00,1C,D3,03,B1,,,,
26096,65F0,FF,1C,B3,01,20,10,27,32,27,0C,9B,6B,83,01,1C,D1,,,,
26112,6600,05,B3,6B,83,01,1C,B0,1C,1D,37,B9,0C,77,69,88,00,,,,
26128,6610,1D,D3,03,B1,FF,1D,20,1D,9B,69,87,00,20,D9,0C,77,,,,
26144,6620,69,87,00,1D,D3,03,B1,FF,1D,20,0A,77,01,24,15,1D,,,,
26160,6630,D3,03,B1,FF,1D,32,27,0E,57,6B,84,01,1C,21,98,21,,,,
26176,6640,1D,D1,03,B0,21,1D,A1,82,00,1A,EF,7A,BA,B0,49,1E,,,,
26192,6650,C7,01,BD,18,1C,C7,01,BA,18,1D,C7,01,BB,18,1E,A1,,,,
26208,6660,84,00,1A,EF,61,BA,C7,01,BC,18,49,A1,86,00,1A,EF,,,,
26224,6670,55,BA,C7,01,B8,18,49,A1,88,00,1A,EF,49,BA,C7,01,,,,
26240,6680,B9,18,49,F0,AF,69,5F,00,22,65,3C,80,22,A1,8A,00,,,,
26256,6690,1A,EF,33,BA,AC,49,1C,48,1C,22,20,45,3C,00,20,1C,,,,
26272,66A0,C3,01,08,15,1C,32,B6,0E,A1,8C,00,1A,2A,CB,A1,8E,,,,
26288,66B0,00,1A,2A,C5,20,83,51,03,BB,00,D7,2D,39,B6,06,39,,,,
26304,66C0,C7,03,33,B7,24,A1,96,00,1A,32,BA,04,A1,98,00,1A,,,,
26320,66D0,B3,01,20,10,1C,32,1C,0D,A1,28,01,1A,B3,01,8B,18,,,,
26336,66E0,1C,2A,96,20,54,2A,92,20,50,91,02,27,A1,9A,00,1A,,,,
26352,66F0,32,E2,09,33,E2,0D,A1,9C,00,1A,20,07,3B,E2,04,A1,,,,
26368,6700,9C,00,1A,38,B6,1D,A1,A8,00,1A,32,E2,09,33,E2,13,,,,
26384,6710,A1,AA,00,1A,20,0D,3B,E2,0A,A1,AA,00,1A,20,04,2A,,,,
26400,6720,58,20,02,2A,62,31,27,11,38,B6,07,9B,69,62,00,D5,,,,
26416,6730,D3,07,A1,9E,00,1A,EF,40,02,3D,B7,05,3A,B6,02,20,,,,
26432,6740,37,71,FB,BC,71,F7,BC,A1,FF,FF,26,C3,01,06,15,26,,,,
26448,6750,A1,A6,00,1A,EF,70,B9,C7,01,ED,14,49,57,01,ED,14,,,,
26464,6760,00,1C,D7,03,91,04,BC,C7,01,EC,14,00,A3,01,7C,00,,,,
26480,6770,1C,C3,01,04,15,1C,20,FD,32,BC,03,E7,A3,00,3B,BC,,,,
26496,6780,17,A3,01,7C,00,1C,4B,01,04,15,1C,48,6B,01,EC,14,,,,
26512,6790,48,D3,33,91,08,BC,20,2E,01,1E,39,C7,1F,3B,B7,1C,,,,
26528,67A0,B3,01,36,15,1C,57,69,67,00,00,1D,D7,02,17,1D,7C,,,,
26544,67B0,1D,1C,A3,01,06,15,1E,68,1C,1E,DB,05,91,04,BC,01,,,,
26560,67C0,1E,C3,01,06,15,1E,30,B6,03,E7,A9,00,B3,01,19,10,,,,
26576,67D0,1C,30,1C,03,E7,9E,00,31,1C,03,E7,98,00,39,B6,19,,,,
26592,67E0,39,C7,16,3B,B7,13,A1,A4,00,1A,EF,E0,B8,C4,1C,49,,,,
26608,67F0,A1,A2,00,1A,EF,D0,B8,20,0B,A1,FF,00,1C,A1,94,00,,,,
26624,6800,1A,EF,C3,B8,7F,01,07,15,1C,5D,3C,1D,1E,AF,01,1F,,,,
26640,6810,00,1E,64,1E,20,5C,49,1D,1E,AF,01,1F,00,1E,68,1E,,,,
26656,6820,20,30,B6,03,E7,4E,00,B3,01,19,10,1C,30,1C,03,E7,,,,
26672,6830,43,00,31,1C,03,E7,3D,00,39,B6,1D,39,C7,1A,3B,B7,,,,
26688,6840,17,9B,69,61,00,D0,D9,2D,9B,69,60,00,D5,D9,26,A1,,,,
26704,6850,A0,00,1A,EF,71,B8,20,13,3A,BA,09,A1,90,00,1A,EF,,,,
26720,6860,65,B8,20,07,A1,92,00,1A,EF,5C,B8,AC,49,1C,65,3C,,,,
26736,6870,00,20,68,1C,20,3A,B6,1D,38,B6,07,9B,69,62,00,D5,,,,
26752,6880,D3,13,9B,69,63,00,D0,D3,0C,AF,69,64,00,1C,65,3C,,,,
26768,6890,00,20,68,1C,20,32,B9,0C,AF,01,C4,13,1C,65,3C,00,,,,
26784,68A0,20,68,1C,20,31,E2,65,B3,01,BF,18,1E,B3,01,22,10,,,,
26800,68B0,1C,3A,1C,0C,B3,01,7B,18,1C,9B,69,92,00,1C,D1,43,,,,
26816,68C0,AF,01,C0,18,1C,77,01,37,15,1C,B4,00,1D,57,69,90,,,,
26832,68D0,00,00,26,D7,02,17,26,9C,26,1C,C7,01,C0,18,1D,B3,,,,
26848,68E0,69,91,00,1F,74,1C,1E,98,1F,1E,D1,12,78,1C,1E,78,,,,
26864,68F0,1C,1E,DB,02,11,1E,98,1F,1E,DB,03,B0,1F,1E,C7,01,,,,
26880,6900,BF,18,1E,11,1F,65,3C,00,20,68,1E,20,A1,00,80,1C,,,,
26896,6910,88,20,1C,DB,09,A1,FF,80,1C,88,20,1C,DB,03,A0,1C,,,,
26912,6920,20,3C,B7,06,C4,AD,20,71,EF,B8,A1,B4,00,1A,EF,9C,,,,
26928,6930,B7,B3,01,CD,14,24,18,03,24,75,02,24,C7,01,80,18,,,,
26944,6940,24,18,02,24,71,FE,24,75,02,24,B0,24,25,19,02,24,,,,
26960,6950,C3,01,FE,14,24,9B,01,80,18,49,DB,05,B3,01,80,18,,,,
26976,6960,49,AC,49,48,C3,01,02,15,48,3A,B8,0C,C4,AF,20,C4,,,,
26992,6970,AE,20,91,04,B7,91,04,B8,F0,EF,4B,B7,AC,49,1C,65,,,,
27008,6980,3C,00,20,68,1C,20,F0,EF,43,B7,AC,49,1C,65,3C,00,,,,
27024,6990,20,68,1C,20,F0,A3,01,08,15,20,A1,BE,00,1A,EF,2C,,,,
27040,69A0,B7,AC,49,1E,48,1E,20,1C,C3,01,0A,15,1C,AF,69,EB,,,,
27056,69B0,00,1E,48,1E,20,1C,C3,01,0C,15,1C,A1,EA,00,1A,EF,,,,
27072,69C0,05,B7,C7,01,88,18,49,A1,EC,00,1A,EF,F9,B6,C7,01,,,,
27088,69D0,89,18,49,F0,AF,69,D9,00,1C,B3,1D,56,42,1C,FA,71,,,,
27104,69E0,0F,A4,90,1C,A4,C7,01,FE,08,A4,FB,A1,FE,00,1A,EF,,,,
27120,69F0,DB,B6,B3,01,49,00,24,A1,00,01,1A,EF,D5,B6,A0,5A,,,,
27136,6A00,54,A0,58,50,A0,56,4E,A1,02,01,1A,EF,BC,B6,C7,01,,,,
27152,6A10,71,18,49,A1,04,01,1A,EF,B0,B6,B1,28,1C,7B,01,FF,,,,
27168,6A20,14,1C,9B,01,FF,14,49,D9,07,B3,01,FF,14,49,20,08,,,,
27184,6A30,98,1C,49,D1,03,B0,1C,49,9B,01,FF,14,24,DB,07,B3,,,,
27200,6A40,01,FF,14,24,20,08,98,1C,24,D1,03,B0,1C,24,57,01,,,,
27216,6A50,49,00,24,25,C3,01,A4,17,24,A1,06,01,1A,EF,6A,B6,,,,
27232,6A60,C7,01,6F,18,49,47,6F,08,01,4E,1C,B2,1C,1C,C7,01,,,,
27248,6A70,6E,18,1C,47,6F,0A,01,4E,1C,B2,1C,1C,C7,01,6D,18,,,,
27264,6A80,1C,47,6F,0C,01,4E,1C,B2,1C,1C,C7,01,72,18,1C,B3,,,,
27280,6A90,01,6F,18,1C,99,FF,1C,D7,07,C7,01,24,10,00,21,10,,,,
27296,6AA0,B3,01,24,10,26,32,B6,07,C3,01,AA,17,0C,20,C0,9B,,,,
27312,6AB0,6B,82,01,D0,D9,02,20,B2,4B,01,AA,17,0C,1C,89,E8,,,,
27328,6AC0,00,1C,D9,02,20,A9,47,6F,0E,01,4E,1C,B2,1C,49,99,,,,
27344,6AD0,07,49,D3,02,20,94,AD,0C,1C,11,21,69,02,00,1C,D3,,,,
27360,6AE0,0E,9B,1D,8A,17,49,DB,F3,93,1D,61,42,21,27,EC,AD,,,,
27376,6AF0,05,1C,15,1C,DF,74,53,1D,E7,40,21,20,DF,3E,B3,1D,,,,
27392,6B00,6B,12,1E,9B,6B,81,01,1E,DB,09,17,1E,C7,1D,6B,12,,,,
27408,6B10,1E,27,DF,50,26,20,00,D7,D9,44,1C,6A,22,64,1C,22,,,,
27424,6B20,A3,22,62,54,71,10,55,91,08,55,B3,01,D0,00,56,B3,,,,
27440,6B30,01,D7,00,57,EF,C6,03,90,20,26,27,B6,57,1D,6B,12,,,,
27456,6B40,00,1E,D7,1D,53,1D,E7,40,26,00,DF,A6,44,1C,6A,22,,,,
27472,6B50,64,1C,22,AF,22,62,54,EF,0F,04,73,1D,EF,40,26,27,,,,
27488,6B60,91,15,1E,C7,1D,6B,12,1E,27,88,C3,01,AA,17,0C,A3,,,,
27504,6B70,6A,62,54,71,10,55,31,C5,05,91,01,55,20,11,38,C5,,,,
27520,6B80,0B,30,26,1E,EF,E2,03,71,FE,26,20,16,91,02,55,38,,,,
27536,6B90,26,10,B3,01,D0,00,56,B3,01,D7,00,57,EF,5E,03,91,,,,
27552,6BA0,01,26,C7,01,24,10,26,71,1F,26,DF,04,91,10,C5,F0,,,,
27568,6BB0,71,EF,C5,F0,A1,10,01,1A,EF,18,B5,A0,58,50,A0,56,,,,
27584,6BC0,4E,A0,5A,54,A1,12,01,1A,EF,08,B5,C3,01,94,15,52,,,,
27600,6BD0,5C,4E,52,48,44,48,56,4E,A1,0A,00,1C,45,14,01,1C,,,,
27616,6BE0,1A,EF,EC,B4,C7,1D,8B,17,49,A3,01,94,15,52,69,02,,,,
27632,6BF0,00,1C,DB,E8,F0,A3,01,08,15,1C,A1,B6,00,1A,EF,CC,,,,
27648,6C00,B4,AC,49,1E,48,1E,1C,20,99,80,21,DF,0E,D3,05,B1,,,,
27664,6C10,FF,20,20,07,C7,01,E7,15,00,20,05,C7,01,E7,15,20,,,,
27680,6C20,A1,B8,00,1A,EF,A6,B4,AC,49,1E,48,1E,1C,20,99,80,,,,
27696,6C30,21,DF,0E,D3,05,B1,FF,20,20,07,C7,01,E6,15,00,20,,,,
27712,6C40,05,C7,01,E6,15,20,F0,A1,AE,00,1A,EF,7F,B4,B0,49,,,,
27728,6C50,1E,30,B6,09,A1,B2,00,1A,EF,6C,B4,20,07,A1,B0,00,,,,
27744,6C60,1A,EF,69,B4,7C,49,1E,C7,01,74,18,1F,A1,C0,00,1A,,,,
27760,6C70,EF,54,B4,C7,01,73,18,49,F0,11,27,A1,B4,6C,22,A1,,,,
27776,6C80,38,10,1C,A3,01,DC,11,1E,88,1E,1C,D9,1A,89,DC,11,,,,
27792,6C90,1E,D9,14,49,38,10,1E,20,9D,06,20,7D,06,20,65,38,,,,
27808,6CA0,10,20,88,1E,20,DF,0D,C3,01,DC,11,1C,EF,FD,17,EF,,,,
27824,6CB0,F0,02,20,7C,8B,01,DC,11,1C,DB,69,9B,1C,04,00,D7,,,,
27840,6CC0,08,A0,1C,54,EF,8B,17,27,EB,B3,1C,01,26,57,1C,05,,,,
27856,6CD0,00,25,DF,19,3D,26,4F,7B,01,36,15,25,D9,09,91,20,,,,
27872,6CE0,26,11,25,C7,1C,01,26,C7,1C,05,25,20,03,35,26,36,,,,
27888,6CF0,B3,1C,04,24,99,3C,24,D9,2D,36,26,0B,99,32,24,D3,,,,
27904,6D00,25,35,26,03,90,26,27,71,0F,26,99,08,26,DF,0F,99,,,,
27920,6D10,04,26,DF,0A,99,02,26,DF,05,99,01,26,D7,08,65,06,,,,
27936,6D20,00,1C,27,90,20,34,A0,1C,54,C7,54,04,00,EF,22,17,,,,
27952,6D30,A3,6A,06,54,71,10,55,91,08,55,B0,D3,56,B0,D8,57,,,,
27968,6D40,EF,BA,01,B3,58,FB,26,91,20,26,71,BF,26,91,80,26,,,,
27984,6D50,C7,58,FB,26,C7,58,FF,00,E3,22,A1,A6,6D,22,A3,01,,,,
28000,6D60,08,16,1C,89,38,10,1C,DB,04,A1,38,10,1C,8B,01,DC,,,,
28016,6D70,11,1C,D3,06,A1,38,10,1C,20,27,A2,1C,1E,45,02,00,,,,
28032,6D80,6A,20,45,74,00,6A,24,88,24,20,DB,9A,65,02,00,20,,,,
28048,6D90,9B,20,FE,1E,D7,F1,97,20,FF,1F,3C,1F,89,65,06,00,,,,
28064,6DA0,1C,C3,01,08,16,1C,01,20,38,BE,77,A3,01,BE,15,20,,,,
28080,6DB0,AF,01,36,15,22,68,22,20,DB,02,01,20,33,BD,08,88,,,,
28096,6DC0,00,20,D7,47,71,F7,BD,3C,27,0E,32,BD,1A,A3,6B,2C,,,,
28112,6DD0,01,22,89,FF,FF,22,D7,0A,3A,BD,28,88,00,20,DF,23,,,,
28128,6DE0,20,40,88,00,20,D7,3B,B1,02,1C,93,01,86,18,1C,C7,,,,
28144,6DF0,01,86,18,1C,C7,01,21,04,1C,71,FB,BD,A3,6B,2A,01,,,,
28160,6E00,20,20,1F,91,04,BD,A3,6B,2C,01,20,B1,FD,1C,73,01,,,,
28176,6E10,86,18,1C,C7,01,86,18,1C,C7,01,21,04,1C,C7,01,03,,,,
28192,6E20,04,00,C3,01,BE,15,20,B3,01,19,10,1C,38,1C,3C,39,,,,
28208,6E30,1C,39,B3,01,1A,10,1C,38,1C,31,3A,1C,2E,3B,1C,2B,,,,
28224,6E40,B3,01,20,10,1C,39,1C,23,9B,01,1F,10,00,D7,1C,3A,,,,
28240,6E50,1C,19,9B,01,23,10,00,D7,12,99,00,00,DF,08,B3,01,,,,
28256,6E60,1C,10,1C,3E,1C,05,71,FE,BD,20,03,91,01,BD,B3,01,,,,
28272,6E70,19,10,1C,38,1C,13,B3,01,1A,10,1C,38,1C,0B,3A,1C,,,,
28288,6E80,08,3B,1C,05,71,FD,BD,20,03,91,02,BD,9B,01,1F,10,,,,
28304,6E90,00,D7,21,B3,01,20,10,1C,39,1C,19,9B,01,23,10,00,,,,
28320,6EA0,D7,12,99,00,00,DF,08,B3,01,1C,10,1C,3E,1C,05,71,,,,
28336,6EB0,7F,C2,20,03,91,80,C2,B3,01,A1,18,27,B3,01,1A,10,,,,
28352,6EC0,1C,3A,1C,30,B3,01,20,10,1C,39,1C,28,9B,01,1F,10,,,,
28368,6ED0,00,D7,21,9B,01,23,10,00,D7,1A,B3,01,1B,10,1C,38,,,,
28384,6EE0,1C,12,99,00,00,DF,08,B3,01,1C,10,1C,3E,1C,05,71,,,,
28400,6EF0,DF,27,20,03,91,20,27,C7,01,A1,18,27,F0,A1,38,10,,,,
28416,6F00,58,89,DC,11,58,DB,61,8B,01,DC,11,58,DB,3C,65,06,,,,
28432,6F10,00,58,9B,58,FA,54,D7,E9,9B,58,FE,00,DF,35,B3,58,,,,
28448,6F20,FB,5A,3E,5A,43,91,40,5A,C7,58,FB,5A,B3,58,FE,5B,,,,
28464,6F30,99,32,5B,DB,05,B1,32,5B,20,0A,17,5B,99,3C,5B,D1,,,,
28480,6F40,03,B1,3C,5B,C7,58,FE,5B,20,1E,65,06,00,58,C3,01,,,,
28496,6F50,DC,11,58,91,40,55,C3,58,FA,54,C3,58,FC,56,B1,32,,,,
28512,6F60,5A,B1,32,5B,C3,58,FE,5A,F0,A1,38,10,58,8B,01,DC,,,,
28528,6F70,11,58,DB,2D,9A,58,54,DF,12,65,06,00,58,89,DC,11,,,,
28544,6F80,58,DB,1E,8B,01,DC,11,58,D3,EA,F0,B3,58,01,5A,35,,,,
28560,6F90,5A,0B,91,80,5A,71,BF,5A,C7,58,01,5A,F0,C7,58,04,,,,
28576,6FA0,00,F0,B1,18,59,53,01,18,10,59,58,C7,01,18,10,58,,,,
28592,6FB0,12,59,C7,01,28,10,59,B1,FC,59,53,01,19,10,59,58,,,,
28608,6FC0,C7,01,19,10,58,12,59,C7,01,29,10,59,B1,F0,59,53,,,,
28624,6FD0,01,1A,10,59,58,C7,01,1A,10,58,12,59,C7,01,2A,10,,,,
28640,6FE0,59,B1,F0,59,53,01,1B,10,59,58,C7,01,1B,10,58,12,,,,
28656,6FF0,59,C7,01,2B,10,59,B3,01,9B,12,59,91,02,59,C7,01,,,,
28672,7000,9B,12,59,B3,01,BF,12,59,91,02,59,C7,01,BF,12,59,,,,
28688,7010,C3,01,1C,10,00,B1,00,59,C7,01,2C,10,59,C7,01,2D,,,,
28704,7020,10,59,B1,FC,59,F2,53,01,1E,10,59,58,71,83,58,C7,,,,
28720,7030,01,1E,10,58,F3,12,59,C7,01,2E,10,59,C7,01,1F,10,,,,
28736,7040,00,B1,3F,59,C7,01,2F,10,59,A1,FF,FF,58,C3,01,7A,,,,
28752,7050,12,58,C3,01,BC,17,58,C7,01,BF,17,00,B1,FC,59,53,,,,
28768,7060,01,20,10,59,58,71,03,58,C7,01,20,10,58,12,59,C7,,,,
28784,7070,01,30,10,59,B1,80,59,53,01,21,10,59,58,C7,01,21,,,,
28800,7080,10,58,12,59,C7,01,31,10,59,B1,F8,59,53,01,22,10,,,,
28816,7090,59,58,C7,01,22,10,58,12,59,C7,01,32,10,59,C7,01,,,,
28832,70A0,23,10,00,B1,3F,59,C7,01,33,10,59,B1,E0,59,53,01,,,,
28848,70B0,24,10,59,58,C7,01,24,10,58,12,59,C7,01,34,10,59,,,,
28864,70C0,B1,FF,59,53,01,25,10,59,58,C7,01,25,10,58,12,59,,,,
28880,70D0,C7,01,35,10,59,C7,01,26,10,00,B1,3F,59,C7,01,36,,,,
28896,70E0,10,59,B1,70,59,53,01,27,10,59,58,C7,01,27,10,58,,,,
28912,70F0,12,59,C7,01,37,10,59,F0,A1,FF,FF,1C,C3,01,BC,17,,,,
28928,7100,1C,C7,01,BF,17,00,F0,B3,01,20,10,26,34,BD,0D,3B,,,,
28944,7110,26,0A,3D,26,07,A1,7C,45,1C,E7,DF,04,35,BD,0A,3C,,,,
28960,7120,26,07,A1,90,45,1C,E7,D2,04,A3,01,1C,10,22,4B,01,,,,
28976,7130,FA,15,7C,1E,89,D0,07,1E,D3,44,B3,01,20,10,1E,3D,,,,
28992,7140,1E,03,3B,1E,0C,3C,1E,15,36,22,21,36,23,0F,3D,1E,,,,
29008,7150,28,3A,B6,25,71,F7,1E,A1,7C,45,1C,20,07,71,EF,1E,,,,
29024,7160,A1,90,45,1C,C7,01,20,10,1E,E7,8F,04,A1,A6,45,1C,,,,
29040,7170,51,1D,22,00,DF,03,E7,82,04,C3,01,FA,15,7C,93,69,,,,
29056,7180,0A,00,22,71,1D,22,71,E2,BE,90,22,BE,E7,82,02,C3,,,,
29072,7190,01,D8,15,00,71,EF,BD,71,DF,BD,4B,01,FA,15,7C,1C,,,,
29088,71A0,8B,01,FC,15,1C,D1,08,C3,01,FA,15,7C,E7,43,04,F0,,,,
29104,71B0,91,1D,BE,B1,04,22,93,01,86,18,22,C7,01,86,18,22,,,,
29120,71C0,C7,01,21,04,22,B1,02,22,93,01,86,18,22,C7,01,86,,,,
29136,71D0,18,22,C7,01,21,04,22,91,02,A5,C7,01,FF,08,A5,B1,,,,
29152,71E0,08,22,93,01,86,18,22,C7,01,86,18,22,C7,01,21,04,,,,
29168,71F0,22,A1,04,00,1C,C3,01,FC,15,1C,C3,01,FA,15,7C,E7,,,,
29184,7200,F0,03,3C,BD,03,E7,EA,03,A3,01,1C,10,26,3E,26,22,,,,
29200,7210,A3,6A,50,54,71,10,55,91,01,55,B3,01,D0,00,56,B3,,,,
29216,7220,01,D5,00,57,EF,D6,FC,91,40,26,91,40,27,C3,01,1C,,,,
29232,7230,10,26,B3,01,20,10,1C,91,08,1C,71,EF,1C,C7,01,20,,,,
29248,7240,10,1C,A1,90,45,1C,E7,B2,03,91,1D,BE,B1,FB,22,73,,,,
29264,7250,01,86,18,22,C7,01,86,18,22,C7,01,21,04,22,C7,01,,,,
29280,7260,04,04,00,B1,FD,22,73,01,86,18,22,C7,01,86,18,22,,,,
29296,7270,C7,01,21,04,22,C7,01,03,04,00,71,FD,A5,C7,01,FF,,,,
29312,7280,08,A5,B1,F7,22,73,01,86,18,22,C7,01,86,18,22,C7,,,,
29328,7290,01,21,04,22,C7,01,05,04,00,A1,04,00,1C,C3,01,FC,,,,
29344,72A0,15,1C,C3,01,FA,15,7C,23,49,3D,BD,03,E7,43,03,A3,,,,
29360,72B0,01,1C,10,26,3E,26,22,A3,6A,50,54,71,10,55,91,02,,,,
29376,72C0,55,B3,01,D0,00,56,B3,01,D5,00,57,EF,2F,FC,91,40,,,,
29392,72D0,26,71,BF,27,C3,01,1C,10,26,B3,01,20,10,1C,91,10,,,,
29408,72E0,1C,C7,01,20,10,1C,A1,A4,45,1C,E7,0E,03,B1,F7,1C,,,,
29424,72F0,73,01,86,18,1C,C7,01,86,18,1C,C7,01,21,04,1C,C7,,,,
29440,7300,01,05,04,00,E7,EB,02,3C,1E,30,3A,E2,14,B1,08,1C,,,,
29456,7310,93,01,86,18,1C,C7,01,86,18,1C,C7,01,21,04,1C,20,,,,
29472,7320,2E,B1,F7,1C,73,01,86,18,1C,C7,01,86,18,1C,C7,01,,,,
29488,7330,21,04,1C,C7,01,05,04,00,20,15,34,1F,12,B1,08,1C,,,,
29504,7340,93,01,86,18,1C,C7,01,86,18,1C,C7,01,21,04,1C,E7,,,,
29520,7350,A0,02,B1,08,1C,93,01,86,18,1C,C7,01,86,18,1C,C7,,,,
29536,7360,01,21,04,1C,E7,8B,02,34,1E,A0,3C,1F,17,B1,F7,1C,,,,
29552,7370,73,01,86,18,1C,C7,01,86,18,1C,C7,01,21,04,1C,C7,,,,
29568,7380,01,05,04,00,E7,6B,02,B3,01,1A,10,1C,36,1C,30,EF,,,,
29584,7390,66,FD,A1,FF,FF,1C,C7,01,AF,18,1C,C3,01,FE,15,1C,,,,
29600,73A0,C3,01,D8,15,00,71,EF,BD,71,DF,BD,B3,01,1C,10,1C,,,,
29616,73B0,93,69,0A,00,1C,71,1D,1C,71,E2,BE,90,1C,BE,F0,A1,,,,
29632,73C0,01,00,1C,C3,01,FE,15,1C,B1,02,1C,C7,01,AF,18,1C,,,,
29648,73D0,EF,25,FD,A3,01,F6,15,1C,89,78,45,1C,D3,0B,89,C0,,,,
29664,73E0,45,1C,DB,05,A2,1C,1C,E3,1C,B3,69,0A,00,1C,71,1D,,,,
29680,73F0,1C,71,E2,BE,90,1C,BE,A1,78,45,1C,C3,01,F6,15,1C,,,,
29696,7400,C3,01,D8,15,00,71,EF,BD,71,DF,BD,C3,01,FA,15,7C,,,,
29712,7410,F0,A3,01,06,16,1C,98,00,1D,DF,08,91,00,1D,73,01,,,,
29728,7420,BD,17,1D,98,00,1C,DF,08,91,00,1C,73,01,BC,17,1C,,,,
29744,7430,B3,01,22,10,27,3D,B7,03,35,C7,08,C3,01,BA,17,0C,,,,
29760,7440,71,BF,27,3E,27,0F,4B,01,BA,17,0C,22,89,10,09,22,,,,
29776,7450,D1,0F,91,40,27,C7,01,22,10,27,8B,01,7A,12,1C,D7,,,,
29792,7460,02,21,12,B1,3F,27,73,01,1F,10,27,B3,01,20,10,26,,,,
29808,7470,A0,1C,22,89,FF,FF,1C,D7,03,E7,C3,00,99,FF,1D,DF,,,,
29824,7480,5F,11,1E,98,00,1D,DF,36,12,1D,94,27,1D,B1,20,1F,,,,
29840,7490,45,0A,00,6A,24,20,09,18,01,1F,DF,44,69,02,00,24,,,,
29856,74A0,50,1F,1D,00,DF,F1,A3,24,1E,54,50,1F,27,00,DF,18,,,,
29872,74B0,50,1F,22,00,DF,E1,EF,B0,FA,78,1F,27,27,D9,39,26,,,,
29888,74C0,1F,A3,6A,2E,54,AD,02,1E,B3,01,D0,00,56,B3,01,D7,,,,
29904,74D0,00,57,71,10,55,91,01,55,EF,22,FA,80,1E,26,27,B7,,,,
29920,74E0,11,1E,98,00,1C,DF,36,12,1C,94,27,1C,B1,20,1F,45,,,,
29936,74F0,0A,00,6A,24,20,09,18,01,1F,DF,6B,69,02,00,24,50,,,,
29952,7500,1F,1C,00,DF,F1,A3,24,1E,54,50,1F,27,00,DF,18,50,,,,
29968,7510,1F,23,00,DF,E1,EF,51,FA,78,1F,27,27,D9,39,26,46,,,,
29984,7520,A3,6A,2E,54,AD,02,1E,B3,01,D0,00,56,B3,01,D7,00,,,,
30000,7530,57,71,10,55,91,02,55,EF,C3,F9,80,1E,26,27,B7,31,,,,
30016,7540,26,0A,AF,6A,2E,54,EF,20,FA,71,FD,26,A0,6A,24,98,,,,
30032,7550,00,27,DF,12,65,02,00,24,18,01,27,D3,F2,AF,24,1C,,,,
30048,7560,54,EF,05,FA,27,E9,C7,01,1F,10,27,C7,01,20,10,26,,,,
30064,7570,C3,01,7A,12,22,F0,4B,01,FA,15,7C,1C,8B,01,FE,15,,,,
30080,7580,1C,D9,01,F0,20,6C,4B,01,B8,17,0C,1C,89,80,02,1C,,,,
30096,7590,DB,F2,F0,B3,01,20,10,1C,3B,1C,1F,3C,1C,1A,A3,01,,,,
30112,75A0,1C,10,1C,36,1C,12,AF,6A,50,54,EF,BC,F9,71,BF,1C,,,,
30128,75B0,71,BF,1D,C3,01,1C,10,1C,20,38,A1,A6,45,1C,20,3B,,,,
30144,75C0,A1,01,00,1C,C3,01,FC,15,1C,C3,01,FA,15,7C,A3,01,,,,
30160,75D0,F8,15,1C,A3,1C,06,1C,E3,1C,A3,01,1C,10,1E,70,1E,,,,
30176,75E0,1F,A3,01,F8,15,1C,A3,1C,08,1C,E3,1C,A1,84,45,1C,,,,
30192,75F0,20,43,A3,01,F6,15,1C,65,02,00,1C,C3,01,F6,15,1C,,,,
30208,7600,A2,1C,1C,E3,1C,A1,01,00,1C,C3,01,FC,15,1C,C3,01,,,,
30224,7610,FA,15,7C,A3,01,F8,15,1C,A3,1C,0A,1C,E3,1C,A3,01,,,,
30240,7620,1C,10,1E,70,1E,1F,A3,01,F8,15,1C,A3,1C,0C,1C,E3,,,,
30256,7630,1C,A1,98,45,1C,A3,01,F8,15,1E,65,10,00,1E,89,02,,,,
30272,7640,46,1E,D3,08,A1,A4,45,1C,A1,C2,45,1E,C3,01,F8,15,,,,
30288,7650,1E,27,A8,A3,01,F8,15,1C,A3,01,1C,10,1E,34,BD,34,,,,
30304,7660,53,1C,0E,1E,00,D7,22,A3,1C,02,20,B2,20,56,A3,1C,,,,
30320,7670,04,20,B2,20,57,46,1C,6A,20,A2,20,54,71,10,55,91,,,,
30336,7680,01,55,EF,78,F8,93,1C,0E,1E,93,1C,0E,1F,C3,01,1C,,,,
30352,7690,10,1E,27,5E,53,1C,0E,1E,00,DF,75,53,1C,0E,1F,00,,,,
30368,76A0,DF,7A,20,5A,A3,01,F8,15,1C,B3,69,0A,00,20,73,1C,,,,
30384,76B0,0E,20,D7,3A,A3,01,1C,10,1E,35,BD,34,53,1C,0E,1E,,,,
30400,76C0,00,D7,22,A3,1C,02,20,B2,20,56,A3,1C,04,20,B2,20,,,,
30416,76D0,57,46,1C,6A,20,A2,20,54,71,10,55,91,02,55,EF,1C,,,,
30432,76E0,F8,93,1C,0E,1E,73,1C,0F,1F,C3,01,1C,10,1E,27,02,,,,
30448,76F0,53,1C,0E,1E,00,DF,19,53,1C,0E,1F,00,D7,1E,46,1C,,,,
30464,7700,6A,20,AE,20,54,EF,61,F8,73,1C,0F,1F,73,1C,0F,1E,,,,
30480,7710,B3,1C,0F,20,93,69,0A,00,20,70,20,BE,C3,01,1C,10,,,,
30496,7720,1E,26,CF,A3,01,F8,15,1C,A3,01,1C,10,1E,53,1C,0E,,,,
30512,7730,1E,20,DF,1F,B3,01,20,10,22,70,1F,20,DF,0C,3B,22,,,,
30528,7740,12,3D,22,0F,A1,A8,45,1C,26,B1,3C,22,06,A1,B4,45,,,,
30544,7750,1C,26,A8,A3,01,F8,15,1E,65,10,00,1E,89,02,46,1E,,,,
30560,7760,DB,0B,C3,01,F8,15,1E,A1,A6,45,1C,26,8E,A1,78,45,,,,
30576,7770,1C,C3,01,F6,15,1C,A1,C2,45,1E,C3,01,F8,15,1E,C3,,,,
30592,7780,01,FA,15,7C,C3,01,B8,17,0C,C3,01,D8,15,00,71,EF,,,,
30608,7790,BD,71,DF,BD,F0,B1,FD,1C,73,01,86,18,1C,C7,01,86,,,,
30624,77A0,18,1C,C7,01,21,04,1C,C7,01,03,04,00,26,44,30,1F,,,,
30640,77B0,12,B1,02,1C,93,01,86,18,1C,C7,01,86,18,1C,C7,01,,,,
30656,77C0,21,04,1C,4B,6B,2A,01,7C,1C,C3,01,BE,15,1C,26,22,,,,
30672,77D0,B1,02,1C,93,01,86,18,1C,C7,01,86,18,1C,C7,01,21,,,,
30688,77E0,04,1C,26,0E,38,1F,22,B1,FD,1C,73,01,86,18,1C,C7,,,,
30704,77F0,01,86,18,1C,C7,01,21,04,1C,C7,01,03,04,00,4B,6B,,,,
30720,7800,2A,01,7C,1C,C3,01,BE,15,1C,25,E7,B1,FB,1C,73,01,,,,
30736,7810,86,18,1C,C7,01,86,18,1C,C7,01,21,04,1C,C7,01,04,,,,
30752,7820,04,00,91,40,BC,25,CB,32,1F,15,B1,04,1C,93,01,86,,,,
30768,7830,18,1C,C7,01,86,18,1C,C7,01,21,04,1C,71,BF,BC,25,,,,
30784,7840,B1,B1,04,1C,93,01,86,18,1C,C7,01,86,18,1C,C7,01,,,,
30800,7850,21,04,1C,71,BF,BC,25,9A,3A,1F,1A,B1,FB,1C,73,01,,,,
30816,7860,86,18,1C,C7,01,86,18,1C,C7,01,21,04,1C,C7,01,04,,,,
30832,7870,04,00,91,40,BC,25,7B,71,FD,A5,C7,01,FF,08,A5,25,,,,
30848,7880,71,33,1F,08,91,02,A5,C7,01,FF,08,A5,25,64,91,02,,,,
30864,7890,A5,C7,01,FF,08,A5,25,5A,3B,1F,08,71,FD,A5,C7,01,,,,
30880,78A0,FF,08,A5,25,4D,B3,01,1A,10,1C,36,1C,02,21,44,29,,,,
30896,78B0,6B,91,FE,A3,C4,10,A3,B3,69,0A,00,1C,33,1C,08,71,,,,
30912,78C0,FD,A5,C7,01,FF,08,A5,32,1C,17,B1,FB,27,73,01,86,,,,
30928,78D0,18,27,C7,01,86,18,27,C7,01,21,04,27,C7,01,04,04,,,,
30944,78E0,00,34,1C,17,B1,F7,27,73,01,86,18,27,C7,01,86,18,,,,
30960,78F0,27,C7,01,21,04,27,C7,01,05,04,00,30,1C,17,B1,FD,,,,
30976,7900,27,73,01,86,18,27,C7,01,86,18,27,C7,01,21,04,27,,,,
30992,7910,C7,01,03,04,00,A3,01,1C,10,1E,12,1F,70,1E,1F,30,,,,
31008,7920,1F,17,B1,FD,1C,73,01,86,18,1C,C7,01,86,18,1C,C7,,,,
31024,7930,01,21,04,1C,C7,01,03,04,00,32,1F,17,B1,FB,1C,73,,,,
31040,7940,01,86,18,1C,C7,01,86,18,1C,C7,01,21,04,1C,C7,01,,,,
31056,7950,04,04,00,33,1F,08,71,FD,A5,C7,01,FF,08,A5,34,1F,,,,
31072,7960,17,B1,F7,1C,73,01,86,18,1C,C7,01,86,18,1C,C7,01,,,,
31088,7970,21,04,1C,C7,01,05,04,00,B1,10,1F,B1,30,1E,B1,01,,,,
31104,7980,21,28,71,71,DF,A3,C4,10,A3,28,69,91,FE,A3,C4,10,,,,
31120,7990,A3,E0,21,ED,28,5E,28,84,B3,01,20,10,27,3C,1E,15,,,,
31136,79A0,71,DF,27,3D,1E,24,30,27,45,AF,6A,40,54,EF,B9,F5,,,,
31152,79B0,71,FE,27,20,39,91,20,27,38,27,33,A3,6A,40,54,71,,,,
31168,79C0,10,55,91,01,55,91,20,55,20,10,38,27,21,A3,6A,40,,,,
31184,79D0,54,71,10,55,91,02,55,91,20,55,B3,01,D0,00,56,B3,,,,
31200,79E0,01,D7,00,57,EF,16,F5,C7,58,FF,00,91,01,27,C7,01,,,,
31216,79F0,20,10,27,F0,A1,58,02,1C,05,1C,D7,FC,12,1F,B1,02,,,,
31232,7A00,27,B0,0F,20,A1,21,00,1C,05,1C,D7,FC,90,0F,20,E0,,,,
31248,7A10,27,F2,B0,1F,1C,94,20,1C,70,1C,1E,F0,B1,02,1C,93,,,,
31264,7A20,01,86,18,1C,C7,01,86,18,1C,C7,01,21,04,1C,B1,04,,,,
31280,7A30,1C,93,01,86,18,1C,C7,01,86,18,1C,C7,01,21,04,1C,,,,
31296,7A40,91,02,A5,C7,01,FF,08,A5,B1,08,1C,93,01,86,18,1C,,,,
31312,7A50,C7,01,86,18,1C,C7,01,21,04,1C,F0,B3,01,1E,10,27,,,,
31328,7A60,51,0C,27,1C,D7,20,30,27,47,B3,01,F2,15,1C,17,1C,,,,
31344,7A70,C7,01,F2,15,1C,99,19,1C,D1,36,AF,6A,4C,54,EF,E8,,,,
31360,7A80,F4,71,FE,27,20,2A,C7,01,F2,15,00,38,27,22,A3,6A,,,,
31376,7A90,4C,54,71,10,55,32,27,05,91,01,55,20,03,91,02,55,,,,
31392,7AA0,B3,01,D0,00,56,B3,01,D7,00,57,EF,50,F4,91,01,27,,,,
31408,7AB0,51,30,27,1C,D7,20,31,27,47,B3,01,F4,15,1C,17,1C,,,,
31424,7AC0,C7,01,F4,15,1C,99,19,1C,D1,36,AF,6A,4E,54,EF,98,,,,
31440,7AD0,F4,71,FD,27,20,2A,C7,01,F4,15,00,39,27,22,A3,6A,,,,
31456,7AE0,4E,54,71,10,55,34,27,05,91,01,55,20,03,91,02,55,,,,
31472,7AF0,B3,01,D0,00,56,B3,01,D7,00,57,EF,00,F4,91,02,27,,,,
31488,7B00,FA,71,03,27,B3,01,1E,10,26,71,FC,26,90,26,27,51,,,,
31504,7B10,3F,27,00,D7,03,71,BF,27,C7,01,1E,10,27,FB,B3,01,,,,
31520,7B20,20,10,1C,71,FB,1C,71,03,27,D7,08,B3,01,1C,10,1D,,,,
31536,7B30,37,1D,03,91,04,1C,C7,01,20,10,1C,B3,01,1A,10,1C,,,,
31552,7B40,36,1C,09,2B,53,B3,01,1C,10,1C,23,58,A3,01,C4,17,,,,
31568,7B50,1C,89,04,46,1C,D3,0B,89,6A,46,1C,D9,05,A2,1C,1C,,,,
31584,7B60,E3,1C,B3,69,0A,00,1C,2B,40,A1,04,46,1C,C3,01,C4,,,,
31600,7B70,17,1C,2B,24,C3,01,C8,17,7C,F0,B3,01,20,10,26,36,,,,
31616,7B80,BD,09,3E,26,06,A1,06,46,1C,22,04,37,BD,29,3F,26,,,,
31632,7B90,26,A1,18,46,1C,B3,69,0A,00,1E,3D,1E,05,39,1E,0B,,,,
31648,7BA0,20,13,39,1E,0C,A1,2A,46,1C,20,0A,A1,34,46,1C,20,,,,
31664,7BB0,04,A1,3E,46,1C,21,D8,B3,01,1C,10,1C,51,22,1C,00,,,,
31680,7BC0,D7,0F,3F,1C,0C,B3,01,1E,10,1D,71,03,1D,D7,02,22,,,,
31696,7BD0,D3,4B,01,C8,17,7C,1E,89,D0,07,1E,D3,F2,A1,40,46,,,,
31712,7BE0,1C,21,AC,2A,B3,4B,01,C8,17,7C,1C,8B,01,CA,17,1C,,,,
31728,7BF0,D1,13,C3,01,C8,17,7C,21,8D,4B,01,C8,17,7C,1C,89,,,,
31744,7C00,02,00,1C,D9,F2,F0,A1,0F,00,1C,C3,01,CA,17,1C,C3,,,,
31760,7C10,01,C8,17,7C,91,20,BE,2B,62,21,6B,A1,0F,00,1C,C3,,,,
31776,7C20,01,CA,17,1C,C3,01,C8,17,7C,91,02,BE,2B,85,21,56,,,,
31792,7C30,3E,BD,02,21,51,2B,10,2B,22,2B,53,2B,65,FA,B3,01,,,,
31808,7C40,1E,10,1C,A1,33,22,1E,C3,01,02,16,1E,71,BF,1C,C7,,,,
31824,7C50,01,1E,10,1C,FB,B3,01,20,10,24,91,40,24,2B,5D,A1,,,,
31840,7C60,40,46,1C,21,2A,A1,42,46,1C,21,24,A1,0F,00,1C,C3,,,,
31856,7C70,01,CA,17,1C,C3,01,C8,17,7C,A3,01,1C,10,1C,35,1C,,,,
31872,7C80,07,91,02,1D,2A,5E,27,DD,91,20,BE,2A,D6,20,F7,3E,,,,
31888,7C90,BD,1A,A3,01,1C,10,1C,91,02,1D,2A,48,3D,1C,0B,B3,,,,
31904,7CA0,69,0A,00,1C,3D,1C,03,71,DF,BE,27,B9,A3,01,1C,10,,,,
31920,7CB0,1C,91,20,1D,29,FD,39,1C,0B,B3,69,0A,00,1C,39,1C,,,,
31936,7CC0,03,71,FD,BE,27,99,A1,0F,00,1C,C3,01,CA,17,1C,C3,,,,
31952,7CD0,01,C8,17,7C,91,20,BE,2A,8A,20,AB,A1,0F,00,1C,C3,,,,
31968,7CE0,01,CA,17,1C,C3,01,C8,17,7C,91,02,BE,2A,BC,20,96,,,,
31984,7CF0,3F,BD,02,20,91,2A,50,2A,82,2A,93,2A,B6,FA,B3,01,,,,
32000,7D00,1E,10,1C,A1,33,22,1E,C3,01,02,16,1E,71,BF,1C,C7,,,,
32016,7D10,01,1E,10,1C,FB,B3,01,20,10,24,91,80,24,2A,9D,A1,,,,
32032,7D20,40,46,1C,20,6A,A1,42,46,1C,20,64,A1,0F,00,1C,C3,,,,
32048,7D30,01,CA,17,1C,C3,01,C8,17,7C,A3,01,1C,10,1C,35,1C,,,,
32064,7D40,07,71,FD,1D,29,9E,27,DD,91,20,BE,2A,2E,20,37,3F,,,,
32080,7D50,BD,1A,A3,01,1C,10,1C,71,FD,1D,29,88,3D,1C,0B,B3,,,,
32096,7D60,69,0A,00,1C,3D,1C,03,71,DF,BE,27,B9,A3,01,1C,10,,,,
32112,7D70,1C,71,DF,1D,29,3D,39,1C,0B,B3,69,0A,00,1C,39,1C,,,,
32128,7D80,03,71,FD,BE,27,99,A3,01,C4,17,1C,65,02,00,1C,C3,,,,
32144,7D90,01,C4,17,1C,A2,1C,1C,E3,1C,A1,42,46,1C,A3,01,1C,,,,
32160,7DA0,10,1E,35,1E,0B,A1,44,46,1C,3D,1F,04,A1,4C,46,1C,,,,
32176,7DB0,27,DD,A1,64,46,1C,A3,01,1C,10,1E,31,1E,0B,A1,54,,,,
32192,7DC0,46,1C,39,1F,04,A1,5C,46,1C,27,C4,3E,BD,04,29,45,,,,
32208,7DD0,20,0C,29,A7,B3,69,0A,00,1C,31,1C,02,29,CC,A1,42,,,,
32224,7DE0,46,1C,27,AB,3E,BD,04,29,45,20,02,29,C6,A1,64,46,,,,
32240,7DF0,1C,27,9C,3F,BD,04,29,1D,20,02,29,67,A1,42,46,1C,,,,
32256,7E00,27,8D,3F,BD,04,29,27,20,02,29,9F,A1,06,00,1C,C3,,,,
32272,7E10,01,CA,17,1C,C3,01,C8,17,7C,B3,01,1E,10,1C,51,03,,,,
32288,7E20,1C,00,DF,0F,FA,B3,01,1E,10,1C,71,83,1C,C7,01,1E,,,,
32304,7E30,10,1C,FB,27,51,B3,01,20,10,1C,36,BD,25,3F,BD,03,,,,
32320,7E40,71,7F,1C,A1,33,22,1E,FA,C7,01,20,10,1C,B3,01,1E,,,,
32336,7E50,10,1C,C3,01,02,16,1E,71,BF,1C,C7,01,1E,10,1C,FB,,,,
32352,7E60,20,29,71,BF,1C,A1,13,02,1E,3F,BD,DB,71,7F,1C,C7,,,,
32368,7E70,01,20,10,1C,B3,01,1C,10,1C,37,1C,0F,AF,6A,70,54,,,,
32384,7E80,EF,E6,F0,71,7F,1C,C7,01,1C,10,1C,C3,01,C8,17,7C,,,,
32400,7E90,28,06,A1,04,46,1C,26,F7,C3,01,C2,17,00,71,BF,BD,,,,
32416,7EA0,71,7F,BD,F0,93,69,0A,00,1C,71,22,1C,71,DD,BE,90,,,,
32432,7EB0,1C,BE,F0,3D,1C,2D,A3,6A,42,54,71,10,55,AD,00,1E,,,,
32448,7EC0,3D,1D,03,AD,01,1E,B3,1F,E7,40,1E,90,1E,55,B3,01,,,,
32464,7ED0,D0,00,56,B3,01,D7,00,57,EF,22,F0,91,20,1C,C3,01,,,,
32480,7EE0,1C,10,1C,F0,39,1C,2D,A3,6A,46,54,71,10,55,AD,00,,,,
32496,7EF0,1E,39,1D,03,AD,01,1E,B3,1F,E7,40,1E,90,1E,55,B3,,,,
32512,7F00,01,D0,00,56,B3,01,D7,00,57,EF,F1,EF,91,02,1C,C3,,,,
32528,7F10,01,1C,10,1C,F0,B3,01,1C,10,1C,35,1C,0F,AF,6A,42,,,,
32544,7F20,54,EF,45,F0,71,DF,1C,C7,01,1C,10,1C,20,21,B3,01,,,,
32560,7F30,1C,10,1C,31,1C,0F,AF,6A,46,54,EF,2C,F0,71,FD,1C,,,,
32576,7F40,C7,01,1C,10,1C,20,4F,B3,01,1C,10,1C,3D,1C,0B,B3,,,,
32592,7F50,69,0A,00,1C,3D,1C,03,71,DF,BE,F0,B3,69,0A,00,1C,,,,
32608,7F60,35,1C,17,B1,FE,1C,73,01,86,18,1C,C7,01,86,18,1C,,,,
32624,7F70,C7,01,21,04,1C,C7,01,02,04,00,F0,B1,01,1C,93,01,,,,
32640,7F80,86,18,1C,C7,01,86,18,1C,C7,01,21,04,1C,F0,B3,01,,,,
32656,7F90,1C,10,1C,39,1C,0B,B3,69,0A,00,1C,39,1C,03,71,FD,,,,
32672,7FA0,BE,F0,B3,69,0A,00,1C,31,1C,08,71,FD,A4,C7,01,FE,,,,
32688,7FB0,08,A4,F0,91,02,A4,C7,01,FE,08,A4,F0,C7,01,20,10,,,,
32704,7FC0,24,B3,01,1C,10,1C,3F,1C,28,A3,6A,70,54,71,10,55,,,,
32720,7FD0,91,01,55,3E,24,06,71,FE,55,91,02,55,B3,01,D0,00,,,,
32736,7FE0,56,B3,01,D5,00,57,EF,14,EF,91,80,1C,C7,01,1C,10,,,,
32752,7FF0,1C,F0,71,3F,E1,B0,E1,26,B3,01,18,10,27,99,3F,26,,,,
32768,8000,D7,1D,11,26,3E,27,2A,A3,6A,60,54,B0,D0,56,B0,D5,,,,
32784,8010,57,71,10,55,91,08,55,EF,E3,EE,91,40,27,20,0D,36,,,,
32800,8020,27,0F,AF,6A,60,54,EF,40,EF,71,BF,27,C7,01,18,10,,,,
32816,8030,27,B3,01,23,10,27,71,3F,27,B0,26,1C,94,27,1C,DF,,,,
32832,8040,44,B1,20,1D,45,0A,00,6A,24,20,09,18,01,1D,DF,30,,,,
32848,8050,69,02,00,24,50,1D,1C,00,DF,F1,A3,24,30,54,50,1D,,,,
32864,8060,26,00,D7,08,EF,02,EF,78,1D,27,27,DF,B0,D0,56,B0,,,,
32880,8070,D8,57,71,10,55,91,04,55,EF,82,EE,90,1D,27,27,CB,,,,
32896,8080,C7,01,23,10,27,F0,34,10,07,71,FB,A2,C4,0F,A2,F0,,,,
32912,8090,A1,56,00,1A,EF,30,A0,B0,00,24,B3,01,49,00,25,C3,,,,
32928,80A0,01,44,15,24,AC,D7,1A,79,0A,1A,D9,05,A0,6C,1A,20,,,,
32944,80B0,0E,18,06,1A,99,03,1A,D1,03,B1,03,1A,64,6C,1A,AF,,,,
32960,80C0,1B,AA,02,24,C3,01,48,15,24,B1,01,1C,C7,01,4D,15,,,,
32976,80D0,1C,91,01,C7,71,C1,08,91,81,08,B1,00,A6,C7,01,41,,,,
32992,80E0,04,A6,B1,20,06,45,03,00,0A,04,91,20,BC,B1,00,06,,,,
33008,80F0,45,03,00,0A,04,B1,A4,16,B1,FE,27,73,01,86,18,27,,,,
33024,8100,C7,01,86,18,27,C7,01,21,04,27,C7,01,02,04,00,91,,,,
33040,8110,F3,A2,C4,0F,A2,B3,01,80,04,27,71,FE,A2,C4,0F,A2,,,,
33056,8120,B1,07,06,45,88,13,0A,04,EF,7A,F7,91,FE,A3,C4,10,,,,
33072,8130,A3,B1,04,27,93,01,86,18,27,C7,01,86,18,27,C7,01,,,,
33088,8140,21,04,27,91,02,A5,C7,01,FF,08,A5,C3,01,B2,17,7A,,,,
33104,8150,C0,80,0C,C7,01,C4,18,00,C7,01,C5,18,00,B1,1E,0A,,,,
33120,8160,B1,E1,0A,48,82,0A,1C,3F,1D,07,65,88,13,82,91,02,,,,
33136,8170,B9,31,B9,E9,71,FD,B9,EF,F4,0D,EF,23,9F,EF,29,9F,,,,
33152,8180,B3,01,4D,15,1E,E0,1E,1F,9B,69,58,00,D7,D1,05,EF,,,,
33168,8190,D5,D8,20,0F,A3,69,12,00,1E,07,1E,C3,01,46,15,1E,,,,
33184,81A0,EF,FF,CD,A1,19,00,1E,C7,01,4D,15,1E,B3,01,C5,18,,,,
33200,81B0,1F,B3,01,C4,18,1E,17,1E,C7,01,C4,18,1E,88,80,0C,,,,
33216,81C0,D7,05,99,0F,1E,D3,1B,C7,01,C4,18,00,C0,80,0C,17,,,,
33232,81D0,1F,D3,03,B1,FF,1F,99,03,1E,DB,02,11,1F,C7,01,C5,,,,
33248,81E0,18,1F,99,01,1F,D1,10,4B,01,B2,17,7A,1C,AF,69,B9,,,,
33264,81F0,00,1E,88,1E,1C,D9,06,3C,10,02,27,61,FF,FA,B1,27,,,,
33280,8200,06,45,04,00,0A,04,EF,6B,00,B1,1E,0A,B1,E1,0A,EF,,,,
33296,8210,B2,9E,B1,1E,0A,B1,E1,0A,EF,A6,9E,A1,38,10,24,8B,,,,
33312,8220,01,DC,11,24,DB,19,B3,24,01,1C,3E,1C,0C,B3,24,04,,,,
33328,8230,1C,05,1C,D3,04,C7,24,04,1C,65,06,00,24,27,E0,B3,,,,
33344,8240,01,F8,41,1C,C7,01,EA,13,1C,B1,FF,1C,C7,01,D3,13,,,,
33360,8250,1C,C7,01,D4,13,1C,91,F6,A2,C4,0F,A2,C3,01,EE,12,,,,
33376,8260,00,A1,00,01,1C,C3,01,EC,12,1C,B1,1E,0A,B1,E1,0A,,,,
33392,8270,34,10,E3,FF,01,24,44,24,24,26,64,6A,26,AF,25,A2,,,,
33408,8280,42,1E,01,1C,0C,04,1C,18,04,1D,B1,01,1C,19,1D,1C,,,,
33424,8290,53,1F,18,10,1C,00,D7,09,AF,26,08,54,EF,CA,EC,20,,,,
33440,82A0,2E,A3,26,08,20,A1,38,10,26,8B,01,DC,11,26,DB,13,,,,
33456,82B0,A2,26,22,98,20,22,D7,05,3E,23,14,20,06,65,06,00,,,,
33472,82C0,26,27,E6,12,1C,73,1F,18,10,1C,C7,1F,18,10,1C,07,,,,
33488,82D0,24,89,36,00,24,D3,9F,B3,01,18,10,1C,51,07,1C,00,,,,
33504,82E0,D7,09,AF,6A,02,54,EF,80,EC,20,27,A3,6A,02,20,A1,,,,
33520,82F0,32,10,26,65,06,00,26,89,DC,11,26,DB,12,8B,01,DC,,,,
33536,8300,11,26,DB,0B,A2,26,22,98,20,22,D7,E7,3E,23,03,71,,,,
33552,8310,F8,1C,AF,6A,04,54,EF,50,EC,71,7F,1C,C7,01,18,10,,,,
33568,8320,1C,AF,6A,06,54,EF,41,EC,B3,01,1B,10,1C,71,3D,1C,,,,
33584,8330,C7,01,1B,10,1C,F0,3A,B6,15,B3,69,02,00,1C,3E,B9,,,,
33600,8340,05,77,69,03,00,1C,98,1C,D7,D9,0C,71,BF,B9,A1,04,,,,
33616,8350,00,1A,EF,72,9D,20,3C,91,40,B9,A1,0C,00,1A,32,E2,,,,
33632,8360,09,33,E2,0D,A1,0E,00,1A,20,07,3B,E2,04,A1,0E,00,,,,
33648,8370,1A,38,B6,1C,A1,08,00,1A,32,E2,09,33,E2,0D,A1,0A,,,,
33664,8380,00,1A,20,07,3B,E2,04,A1,0A,00,1A,EF,3F,9D,20,03,,,,
33680,8390,EF,34,9D,AC,49,1C,32,B9,0C,77,01,C6,13,1C,B4,00,,,,
33696,83A0,1D,69,80,00,1C,A1,10,00,1A,EF,1B,9D,77,01,49,00,,,,
33712,83B0,1C,B4,00,1D,69,80,00,1C,89,FF,00,1C,DE,03,AD,FE,,,,
33728,83C0,1C,37,1D,02,11,1C,3D,B7,31,B3,01,64,14,1E,58,1C,,,,
33744,83D0,1E,1F,DF,26,D3,12,9B,69,06,00,1F,D1,05,B3,69,06,,,,
33760,83E0,00,1F,58,1F,1E,1C,20,12,13,1F,9B,69,06,00,1F,D1,,,,
33776,83F0,05,B3,69,06,00,1F,54,1F,1E,1C,C7,01,64,14,1C,B1,,,,
33792,8400,FF,1C,C7,01,57,14,1C,B1,0A,1C,C7,01,58,14,1C,B1,,,,
33808,8410,06,1C,C7,01,59,14,1C,B3,69,05,00,1C,C7,01,5A,14,,,,
33824,8420,1C,C7,01,5F,14,1C,C7,01,60,14,1C,C7,01,61,14,1C,,,,
33840,8430,C7,01,62,14,1C,B1,00,1C,C7,01,5B,14,1C,C7,01,5C,,,,
33856,8440,14,00,C7,01,5D,14,00,C7,01,5E,14,00,C7,01,66,14,,,,
33872,8450,00,F0,89,38,10,54,D3,53,8B,01,DC,11,54,DB,4C,B2,,,,
33888,8460,54,5A,C6,54,00,9B,54,04,00,D7,3D,A0,54,58,65,06,,,,
33904,8470,00,58,8B,01,DC,11,58,D3,13,69,06,00,58,C3,01,DC,,,,
33920,8480,11,58,C2,59,00,C2,59,00,C2,59,00,F0,A3,58,02,5A,,,,
33936,8490,C3,58,FC,5A,A3,58,04,5A,C3,58,FE,5A,A2,58,5A,C3,,,,
33952,84A0,58,FA,5A,C2,58,00,27,C6,C6,54,5A,F0,A3,01,DC,11,,,,
33968,84B0,58,89,38,10,58,D3,0B,89,DC,11,58,DB,05,C2,59,00,,,,
33984,84C0,27,F5,F0,B3,01,83,12,25,B3,69,09,00,1C,3A,1C,3B,,,,
34000,84D0,A3,69,36,00,1C,C3,01,88,12,1C,C3,01,AC,12,1C,C3,,,,
34016,84E0,01,5E,15,1C,C3,01,60,15,1C,C3,01,4E,15,00,C3,01,,,,
34032,84F0,50,15,00,C3,01,52,15,00,C3,01,54,15,00,71,F7,25,,,,
34048,8500,91,01,25,C7,01,83,12,25,E7,6E,07,35,B7,1B,11,25,,,,
34064,8510,11,24,91,02,24,C7,01,9B,12,24,C7,01,BF,12,24,C7,,,,
34080,8520,01,98,12,00,C7,01,BC,12,00,71,FE,25,EF,A5,04,B3,,,,
34096,8530,01,1B,10,1C,71,05,1C,C7,01,A7,12,1C,B3,01,1B,10,,,,
34112,8540,1C,71,0A,1C,18,01,1C,C7,01,CB,12,1C,01,26,01,50,,,,
34128,8550,71,BF,B8,28,D4,3E,E2,09,A1,24,00,26,91,40,B8,28,,,,
34144,8560,C8,B3,01,A7,12,52,B3,01,CB,12,1C,19,01,1C,90,1C,,,,
34160,8570,52,C7,01,1B,10,52,B3,01,9B,12,1C,3E,E2,05,93,01,,,,
34176,8580,BF,12,1C,38,1C,03,71,F7,25,C7,01,83,12,25,EF,E8,,,,
34192,8590,06,EF,F3,04,A3,01,72,15,24,A3,01,88,12,1C,67,01,,,,
34208,85A0,8A,12,1C,64,24,1C,FA,C3,01,64,15,1C,FB,65,00,80,,,,
34224,85B0,1C,09,01,1C,DB,09,37,1D,0D,A1,FF,7F,1C,20,07,3F,,,,
34240,85C0,1D,04,A1,00,80,1C,65,00,80,1C,C3,01,5E,15,1C,3E,,,,
34256,85D0,E2,2F,A3,01,AC,12,1C,67,01,AE,12,1C,64,24,1C,65,,,,
34272,85E0,00,80,1C,09,01,1C,DB,09,37,1D,0D,A1,FF,7F,1C,20,,,,
34288,85F0,07,3F,1D,04,A1,00,80,1C,65,00,80,1C,C3,01,60,15,,,,
34304,8600,1C,B1,06,1C,B1,00,1D,A1,4E,15,1E,B3,01,8D,12,20,,,,
34320,8610,B3,01,B1,12,21,18,01,1D,D3,08,C6,1F,21,E0,1C,F5,,,,
34336,8620,20,06,C6,1F,20,E0,1C,ED,F0,B3,27,9B,12,24,3D,B7,,,,
34352,8630,1C,28,3C,33,25,17,30,24,14,31,24,11,3F,C2,0E,32,,,,
34368,8640,25,0B,91,01,BC,35,C2,05,2A,6D,39,24,13,3A,52,0A,,,,
34384,8650,A3,69,36,00,1C,C3,27,88,12,1C,71,EF,24,71,FD,25,,,,
34400,8660,91,20,24,3C,25,03,71,DF,24,C7,27,9B,12,24,F0,A3,,,,
34416,8670,6B,4A,01,1E,C3,27,A0,12,1E,B3,27,A7,12,52,B3,01,,,,
34432,8680,85,FE,1D,36,B8,05,B3,01,87,FE,1D,99,FF,1D,D7,03,,,,
34448,8690,B1,80,1D,B3,27,9A,12,1C,B0,1C,1E,18,01,1E,7C,1D,,,,
34464,86A0,1C,54,1E,1D,1C,D3,02,20,53,9B,6B,6B,01,1C,D9,4F,,,,
34480,86B0,39,C7,10,3E,C7,0D,3A,B6,0A,3F,C2,07,9B,6B,6C,01,,,,
34496,86C0,1C,D3,1B,B3,6B,6D,01,1E,B3,6B,6F,01,1F,C3,27,A2,,,,
34512,86D0,12,1E,B3,6B,70,01,1E,C7,27,A5,12,1E,20,A4,38,52,,,,
34528,86E0,30,57,27,A3,12,00,1E,DF,3D,15,1E,C7,27,A3,12,1E,,,,
34544,86F0,B3,6B,70,01,1E,C7,27,A5,12,1E,20,86,B1,FF,1C,38,,,,
34560,8700,52,0F,57,27,A2,12,00,1E,DF,09,15,1E,C7,27,A2,12,,,,
34576,8710,1E,20,6F,A3,6A,16,54,36,B8,04,A3,6A,18,54,71,10,,,,
34592,8720,55,91,01,55,20,38,A3,6B,46,01,20,C3,27,A0,12,20,,,,
34608,8730,39,BD,DE,8B,27,88,12,20,DF,02,DB,D5,57,27,A5,12,,,,
34624,8740,00,1E,DF,09,15,1E,C7,27,A5,12,1E,20,35,A3,6A,16,,,,
34640,8750,54,36,B8,04,A3,6A,18,54,71,10,55,91,02,55,B3,01,,,,
34656,8760,D0,00,56,B3,01,D7,00,57,EF,92,E7,B3,6B,73,01,1E,,,,
34672,8770,C7,27,A6,12,1E,C3,27,8A,12,00,C3,27,96,12,00,91,,,,
34688,8780,01,52,C7,27,A8,12,1C,30,52,06,71,FD,24,71,F7,25,,,,
34704,8790,91,10,25,9B,69,C0,00,1C,DB,03,71,EF,25,91,20,25,,,,
34720,87A0,34,25,05,3D,24,05,20,06,3D,24,03,71,DF,25,35,25,,,,
34736,87B0,06,91,02,24,71,EF,24,9B,69,C1,00,1C,D9,07,9B,69,,,,
34752,87C0,C2,00,1C,DB,2A,30,52,25,35,25,22,57,27,A6,12,00,,,,
34768,87D0,1D,D7,13,AF,6A,16,54,36,B8,04,AF,6A,18,54,EF,88,,,,
34784,87E0,E7,71,FE,52,17,1D,15,1D,C7,27,A6,12,1D,20,90,38,,,,
34800,87F0,52,20,33,25,1D,B3,01,B4,18,1E,9B,6B,72,01,1E,D1,,,,
34816,8800,11,57,27,A4,12,00,1E,DF,0B,15,1E,C7,27,A4,12,1E,,,,
34832,8810,20,43,20,37,A3,6A,16,54,36,B8,04,A3,6A,18,54,71,,,,
34848,8820,10,55,91,04,55,B3,01,D0,00,56,B3,01,D7,00,57,EF,,,,
34864,8830,CB,E6,B3,6B,73,01,1E,C7,27,A6,12,1E,11,1E,C3,27,,,,
34880,8840,8A,12,00,C3,27,96,12,00,91,01,52,B3,6B,6E,01,1E,,,,
34896,8850,C7,27,A4,12,1E,71,FB,24,30,24,56,B3,27,99,12,1C,,,,
34912,8860,15,1C,3B,24,08,B3,69,C3,00,1C,91,08,24,C7,27,99,,,,
34928,8870,12,1C,71,FE,24,99,00,1C,DF,37,91,01,24,20,32,B3,,,,
34944,8880,6B,6E,01,1C,C7,27,A4,12,1C,71,F7,24,38,24,22,B3,,,,
34960,8890,27,99,12,1C,15,1C,3A,24,08,B3,69,C4,00,1C,91,04,,,,
34976,88A0,24,C7,27,99,12,1C,91,01,24,99,00,1C,DF,03,71,FE,,,,
34992,88B0,24,C7,27,A7,12,52,F0,B3,27,A7,12,52,A3,27,88,12,,,,
35008,88C0,22,57,27,98,12,00,1C,DF,07,15,1C,C7,27,98,12,1C,,,,
35024,88D0,35,25,20,B3,01,84,12,1C,C7,27,98,12,1C,B1,10,1F,,,,
35040,88E0,B3,01,86,12,1E,34,25,13,D7,11,7B,01,87,12,1E,DB,,,,
35056,88F0,0A,20,63,B1,01,1F,B3,01,85,12,1E,5C,1F,1E,1C,34,,,,
35072,8900,25,2A,68,1C,22,D3,07,8B,6B,48,01,22,DB,5D,A3,6B,,,,
35088,8910,48,01,22,32,52,02,20,65,39,BD,62,47,27,8E,12,00,,,,
35104,8920,1C,DF,65,05,1C,C3,27,8E,12,1C,20,51,64,1C,22,DB,,,,
35120,8930,07,8B,27,A0,12,22,D3,33,A3,27,A0,12,22,3A,52,3D,,,,
35136,8940,39,BD,3A,47,27,8E,12,00,1C,D7,02,20,4E,05,1C,C3,,,,
35152,8950,27,8E,12,1C,20,27,3C,24,24,47,6B,4C,01,00,1C,DF,,,,
35168,8960,19,C3,27,8E,12,1C,91,10,24,20,12,A3,6B,4C,01,1E,,,,
35184,8970,C3,27,8E,12,1E,3A,52,49,20,03,71,FD,24,C3,27,88,,,,
35200,8980,12,22,C7,27,A7,12,52,F0,A3,6A,1A,54,36,B8,04,A3,,,,
35216,8990,6A,1C,54,71,10,55,91,02,55,20,11,A3,6A,1A,54,36,,,,
35232,89A0,B8,04,A3,6A,1C,54,71,10,55,91,01,55,B3,01,D0,00,,,,
35248,89B0,56,B3,01,D7,00,57,EF,44,E5,91,04,52,71,FD,24,27,,,,
35264,89C0,BC,AF,6A,1A,54,36,B8,04,AF,6A,1C,54,EF,9A,E5,71,,,,
35280,89D0,FB,52,27,A9,8B,01,7C,12,00,DF,18,A3,01,7C,12,1C,,,,
35296,89E0,05,1C,C3,01,7C,12,1C,B3,01,7B,18,1C,9B,69,BA,00,,,,
35312,89F0,1C,D3,0A,9B,69,BB,00,D0,D3,03,38,B6,42,3A,B6,3F,,,,
35328,8A00,51,47,C7,00,D7,39,3F,C2,36,3C,BC,33,39,E2,30,B3,,,,
35344,8A10,01,20,10,1C,3A,1C,28,B3,69,BD,00,1C,31,B6,05,B3,,,,
35360,8A20,69,BE,00,1C,3B,25,07,77,69,BF,00,1C,DB,11,98,D7,,,,
35376,8A30,1C,DB,0C,8B,01,6E,15,00,D7,05,91,08,25,20,03,71,,,,
35392,8A40,F7,25,30,B6,03,91,01,25,9B,01,80,12,D5,D9,08,71,,,,
35408,8A50,FD,25,91,04,25,20,2F,32,25,29,39,25,12,47,69,3A,,,,
35424,8A60,00,00,1C,DF,18,C3,01,7E,12,1C,91,02,25,20,17,A3,,,,
35440,8A70,01,7E,12,1C,05,1C,C3,01,7E,12,1C,D7,06,71,FB,25,,,,
35456,8A80,71,FD,25,91,01,25,F0,35,B7,02,29,7D,B3,01,83,12,,,,
35472,8A90,1C,38,1C,0B,38,BD,08,29,17,51,F8,C4,00,DF,0F,01,,,,
35488,8AA0,26,36,E2,02,20,DD,28,DB,A1,24,00,26,20,D5,01,26,,,,
35504,8AB0,36,E2,02,20,08,28,06,A1,24,00,26,20,00,39,C4,14,,,,
35520,8AC0,A3,27,90,12,24,A3,27,92,12,22,B3,69,C6,00,21,18,,,,
35536,8AD0,01,21,20,12,A3,27,8A,12,24,A3,27,94,12,22,B3,69,,,,
35552,8AE0,C7,00,21,18,01,21,A3,27,88,12,1C,6B,69,36,00,1C,,,,
35568,8AF0,67,27,8A,12,1C,68,24,1C,FE,5C,21,1D,1C,64,1C,22,,,,
35584,8B00,D5,1A,DE,0D,01,22,8B,69,3C,00,24,D6,0F,17,25,20,,,,
35600,8B10,0B,01,22,8B,69,3E,00,24,DA,02,15,25,39,C4,0C,C3,,,,
35616,8B20,27,90,12,24,C3,27,92,12,22,20,1C,A3,27,88,12,1C,,,,
35632,8B30,67,27,8A,12,1C,68,24,1C,C3,27,88,12,1C,C3,27,8A,,,,
35648,8B40,12,24,C3,27,94,12,22,39,C4,39,B3,27,9C,12,1C,15,,,,
35664,8B50,1C,C7,27,9C,12,1C,D7,2B,B3,69,C8,00,1C,C7,27,9C,,,,
35680,8B60,12,1C,A3,27,90,12,1C,6B,27,8A,12,1C,BC,1D,1C,67,,,,
35696,8B70,27,96,12,1C,D5,08,A1,FF,7F,1C,D6,02,07,1C,C3,27,,,,
35712,8B80,96,12,1C,A3,27,96,12,1C,FE,4D,E8,03,1C,1C,A3,01,,,,
35728,8B90,CC,14,20,08,02,20,FC,FE,8C,20,1C,D4,0D,8B,27,96,,,,
35744,8BA0,12,00,A1,FF,7F,1C,DA,02,07,1C,C3,27,8C,12,1C,F0,,,,
35760,8BB0,11,C4,8B,69,42,00,8A,D3,0C,9B,69,C9,00,D5,D3,05,,,,
35776,8BC0,91,02,C4,20,11,9B,69,CA,00,D0,DB,0A,8B,69,40,00,,,,
35792,8BD0,8A,DB,03,91,01,C4,51,07,C4,1C,D7,03,91,08,C4,9B,,,,
35808,8BE0,69,CB,00,D7,D9,03,91,10,C4,9B,69,CC,00,D3,D1,03,,,,
35824,8BF0,91,40,C4,B3,01,83,12,1C,3B,1C,03,91,20,C4,9B,01,,,,
35840,8C00,81,12,D5,D3,03,91,80,C4,F0,01,26,A3,27,8A,12,1C,,,,
35856,8C10,8B,69,3C,00,1C,D2,1F,8B,69,3E,00,1C,DE,18,A1,24,,,,
35872,8C20,00,26,A3,27,8A,12,1C,8B,69,3C,00,1C,D2,08,8B,69,,,,
35888,8C30,3E,00,1C,DE,01,F0,01,26,C3,27,8A,12,00,C3,27,90,,,,
35904,8C40,12,00,C3,27,96,12,00,C3,27,92,12,00,C3,27,94,12,,,,
35920,8C50,00,C7,27,9C,12,00,A1,24,00,26,C3,27,8A,12,00,C3,,,,
35936,8C60,27,90,12,00,C3,27,96,12,00,C3,27,92,12,00,C3,27,,,,
35952,8C70,94,12,00,C7,27,9C,12,00,F0,B3,01,A1,18,25,01,26,,,,
35968,8C80,3E,E2,11,B1,03,1C,73,01,9B,12,1C,99,03,1C,DF,04,,,,
35984,8C90,A1,24,00,26,3A,B6,03,35,B7,18,11,25,C3,01,78,15,,,,
36000,8CA0,00,C3,01,76,15,00,C3,01,CC,17,00,C3,01,72,15,00,,,,
36016,8CB0,20,27,47,01,74,15,00,1C,DF,1F,05,1C,C3,01,74,15,,,,
36032,8CC0,1C,31,25,32,B3,01,73,15,1E,75,80,1E,9B,69,CD,00,,,,
36048,8CD0,1E,D3,23,8B,68,44,1C,DB,1D,95,02,25,A3,68,48,1C,,,,
36064,8CE0,31,25,0E,A3,68,46,1C,67,68,44,1C,D3,04,A1,FF,FF,,,,
36080,8CF0,1C,C3,01,74,15,1C,71,F7,25,9B,69,D1,00,D7,D1,06,,,,
36096,8D00,31,25,03,91,08,25,B3,01,83,12,1C,38,1C,10,91,01,,,,
36112,8D10,1C,39,25,0A,9B,01,79,15,00,D7,03,71,FE,1C,C7,01,,,,
36128,8D20,83,12,1C,33,25,1B,3B,B6,18,38,B6,26,3C,25,02,20,,,,
36144,8D30,7E,33,1C,0D,3D,25,0A,39,B6,02,20,AD,3E,25,5A,20,,,,
36160,8D40,A8,71,FE,25,33,B6,1E,91,04,25,A3,68,50,1C,29,B8,,,,
36176,8D50,20,6F,91,04,25,71,FE,25,A3,68,50,1C,29,AA,C3,01,,,,
36192,8D60,72,15,00,21,56,32,25,12,71,FB,25,B3,01,79,15,20,,,,
36208,8D70,7F,01,77,15,20,C3,01,78,15,20,3B,25,0E,A3,68,52,,,,
36224,8D80,1C,29,85,A3,68,52,1C,29,A1,20,36,A3,68,54,1C,29,,,,
36240,8D90,77,A3,68,4C,1C,29,93,20,28,71,FE,25,A3,68,50,1C,,,,
36256,8DA0,29,66,C3,01,72,15,00,A3,68,4A,1C,29,6C,21,0C,71,,,,
36272,8DB0,FE,25,91,04,25,A3,68,4E,1C,29,4D,A3,68,4A,1C,29,,,,
36288,8DC0,58,38,B6,06,31,B6,0A,36,25,07,C3,01,72,15,00,20,,,,
36304,8DD0,EA,AF,01,77,15,20,FE,6F,01,CC,17,20,B0,21,20,B0,,,,
36320,8DE0,22,21,C3,01,72,15,20,20,D2,38,25,36,91,01,25,32,,,,
36336,8DF0,25,12,71,FB,25,B3,01,79,15,1C,7F,01,77,15,1C,C3,,,,
36352,8E00,01,78,15,1C,AF,01,77,15,1C,FE,6F,01,CC,17,1C,C7,,,,
36368,8E10,01,CD,17,1E,C7,01,CC,17,1D,A1,FF,FF,1C,C3,01,76,,,,
36384,8E20,15,1C,B3,27,89,12,1C,9B,69,CF,00,1C,D3,08,A3,68,,,,
36400,8E30,4A,1C,28,E5,20,06,A3,68,4C,1C,28,EE,B3,69,D2,00,,,,
36416,8E40,56,A3,01,CC,17,50,47,27,88,12,50,54,3F,51,08,D3,,,,
36432,8E50,0A,A1,FF,FF,54,20,04,DB,02,01,54,75,80,51,98,55,,,,
36448,8E60,51,DF,03,EF,73,92,9B,69,CD,00,51,D3,07,B3,69,CD,,,,
36464,8E70,00,51,20,0C,9B,69,CE,00,51,DB,07,B3,69,CE,00,51,,,,
36480,8E80,11,50,79,80,51,C3,01,72,15,50,4B,01,CC,17,50,1C,,,,
36496,8E90,C3,01,CC,17,50,03,1C,47,27,88,12,1C,1E,C3,27,88,,,,
36512,8EA0,12,1E,3E,E2,16,88,00,26,D7,11,A1,24,00,26,B1,03,,,,
36528,8EB0,1E,73,01,BF,12,1E,99,03,1E,DF,DC,71,BF,25,AF,01,,,,
36544,8EC0,79,15,1C,3B,B6,18,7F,01,A2,18,1C,9B,69,03,01,1D,,,,
36560,8ED0,D3,07,99,05,1D,DB,07,20,03,91,40,25,11,1D,C7,01,,,,
36576,8EE0,82,18,1D,3D,BE,1C,B3,01,82,18,1C,C7,01,02,04,1C,,,,
36592,8EF0,B1,FE,1C,73,01,86,18,1C,C7,01,86,18,1C,C7,01,21,,,,
36608,8F00,04,1C,C7,01,A1,18,25,F0,03,1C,67,01,76,15,1C,DB,,,,
36624,8F10,02,01,1C,C3,01,76,15,1C,F0,67,01,78,15,1C,D3,04,,,,
36640,8F20,A1,FF,FF,1C,C3,01,78,15,1C,F0,03,1C,67,01,78,15,,,,
36656,8F30,1C,DB,02,01,1C,C3,01,78,15,1C,F0,39,B6,09,A1,BA,,,,
36672,8F40,00,1A,EF,88,91,20,05,B3,69,D0,00,49,C7,01,A2,18,,,,
36688,8F50,49,B3,01,A1,18,25,71,EF,25,A1,BC,00,1A,EF,67,91,,,,
36704,8F60,98,49,D5,D9,03,91,10,25,C7,01,A1,18,25,F0,B1,05,,,,
36720,8F70,1E,C7,01,FD,08,1E,B1,13,1E,C7,01,00,08,1E,F0,71,,,,
36736,8F80,FB,BA,B3,69,09,00,1C,36,1C,06,30,9C,03,91,04,BA,,,,
36752,8F90,F0,B1,FD,1C,73,01,86,18,1C,C7,01,86,18,1C,C7,01,,,,
36768,8FA0,21,04,1C,C7,01,03,04,00,F0,B1,02,1C,93,01,86,18,,,,
36784,8FB0,1C,C7,01,86,18,1C,C7,01,21,04,1C,F0,36,CA,03,EF,,,,
36800,8FC0,75,01,B3,01,47,14,1D,B3,01,46,14,1C,98,1C,00,D7,,,,
36816,8FD0,04,71,BF,CA,F0,9B,01,C6,40,1C,D7,44,3E,CA,06,E0,,,,
36832,8FE0,1D,1B,37,CA,1B,B1,01,1D,93,01,86,18,1D,C7,01,86,,,,
36848,8FF0,18,1D,C7,01,21,04,1D,B1,64,1D,71,7F,CA,E7,A1,00,,,,
36864,9000,B1,FE,1D,73,01,86,18,1D,C7,01,86,18,1D,C7,01,21,,,,
36880,9010,04,1D,C7,01,02,04,00,B1,64,1D,91,80,CA,E7,81,00,,,,
36896,9020,9B,01,C7,40,1C,D7,23,3E,CA,06,E0,1D,0D,37,CA,0D,,,,
36912,9030,A1,94,11,84,B1,64,1D,71,7F,CA,E7,64,00,A1,F4,01,,,,
36928,9040,84,B1,64,1D,91,80,CA,E7,57,00,9B,01,C8,40,1C,D7,,,,
36944,9050,2B,3E,CA,06,E0,1D,E3,37,CA,11,71,FD,A4,C7,01,FE,,,,
36960,9060,08,A4,B1,64,1D,71,7F,CA,E7,36,00,91,02,A4,C7,01,,,,
36976,9070,FE,08,A4,B1,64,1D,91,80,CA,E7,25,00,36,CA,27,A1,,,,
36992,9080,CD,40,20,B1,FE,1E,B3,01,E6,40,1F,9A,21,1C,DF,0B,,,,
37008,9090,19,01,1E,91,01,1E,E0,1F,F2,D7,0B,EF,0C,00,E7,05,,,,
37024,90A0,00,C7,01,47,14,1D,71,BF,CA,F0,91,F3,A2,C4,0F,A2,,,,
37040,90B0,B3,01,80,04,20,71,FE,A2,C4,0F,A2,A0,0A,20,B1,88,,,,
37056,90C0,1C,48,20,0A,22,89,23,00,22,D1,F6,36,0F,68,C7,01,,,,
37072,90D0,40,04,1C,B1,DF,1D,B1,77,1C,36,0F,05,E0,1D,FA,20,,,,
37088,90E0,55,C7,01,40,04,1C,3E,0F,05,E0,1D,FA,20,48,C7,01,,,,
37104,90F0,40,04,1E,B3,01,C3,40,1C,36,0F,05,E0,1D,FA,20,36,,,,
37120,9100,C7,01,40,04,1C,B3,01,C4,40,1C,3E,0F,05,E0,1D,FA,,,,
37136,9110,20,24,C7,01,40,04,1C,B3,01,C5,40,1C,36,0F,05,E0,,,,
37152,9120,1D,FA,20,12,C7,01,40,04,1C,3E,0F,05,E0,1D,FA,20,,,,
37168,9130,05,B3,01,80,04,1C,F0,B1,FE,1C,73,01,86,18,1C,C7,,,,
37184,9140,01,86,18,1C,C7,01,21,04,1C,C7,01,02,04,00,A1,C4,,,,
37200,9150,09,84,91,02,A4,C7,01,FE,08,A4,91,F3,A2,C4,0F,A2,,,,
37216,9160,B3,01,80,04,1C,71,FE,A2,C4,0F,A2,F0,B1,1E,0A,B1,,,,
37232,9170,E1,0A,B3,01,40,04,1E,B3,01,41,04,1F,97,69,0B,00,,,,
37248,9180,1E,97,69,0C,00,1F,61,E0,00,1E,A3,01,14,15,1C,61,,,,
37264,9190,1F,FF,1C,80,1E,1C,C3,01,14,15,1C,89,FE,00,18,D7,,,,
37280,91A0,40,A0,7A,1E,A0,0A,1C,A0,0C,20,88,7A,1E,D7,F2,3D,,,,
37296,91B0,B7,37,3F,8F,34,8B,01,C2,15,20,D7,2D,6B,01,C4,15,,,,
37312,91C0,1C,AB,01,C6,15,1E,0C,03,1C,88,00,1E,D7,13,30,BF,,,,
37328,91D0,11,45,20,00,7E,22,88,20,22,D7,07,89,B0,28,1C,D1,,,,
37344,91E0,17,FF,89,23,08,1C,D1,10,FF,C3,01,C2,15,20,C3,01,,,,
37360,91F0,C4,15,1C,C3,01,C6,15,1E,37,8F,0E,B1,00,20,88,2E,,,,
37376,9200,0C,D9,05,88,2C,7A,D1,04,FF,B0,A6,20,B0,7A,1F,A0,,,,
37392,9210,0A,22,B0,23,1E,98,7A,1F,D7,F2,A1,C8,15,1C,B1,06,,,,
37408,9220,21,18,01,20,D3,0B,4A,1D,1E,26,89,0D,03,26,D1,04,,,,
37424,9230,FF,C2,1D,1E,E0,21,EA,3F,8F,39,33,A8,03,31,B9,44,,,,
37440,9240,B3,01,A3,18,1C,17,1C,C7,01,A3,18,1C,99,90,1C,D9,,,,
37456,9250,DF,B3,01,A4,18,1C,17,1C,C7,01,A4,18,1C,99,90,1C,,,,
37472,9260,D9,CE,B3,01,A6,18,1C,17,1C,C7,01,A6,18,1C,99,90,,,,
37488,9270,1C,D9,BD,B3,01,A5,18,1C,17,1C,C7,01,A5,18,1C,99,,,,
37504,9280,10,1C,D9,AC,4B,01,C0,15,0A,1C,89,30,75,1C,D9,A0,,,,
37520,9290,3F,B7,02,20,F4,71,7F,B7,B3,01,22,10,27,B3,01,7B,,,,
37536,92A0,18,24,9B,6B,74,01,24,D9,36,9B,6B,76,01,D5,D1,3C,,,,
37552,92B0,9B,6B,75,01,D0,D1,35,5B,01,AB,18,7A,1C,9B,6B,77,,,,
37568,92C0,01,1C,D1,2D,3A,27,2A,A3,6A,5E,54,71,10,55,91,08,,,,
37584,92D0,55,B0,D0,56,B0,D5,57,EF,23,DC,91,04,27,20,12,32,,,,
37600,92E0,27,0A,AF,6A,5E,54,EF,80,DC,71,FB,27,C7,01,AB,18,,,,
37616,92F0,7A,C7,01,22,10,27,99,04,24,D3,05,91,08,C1,20,08,,,,
37632,9300,99,02,24,DB,03,71,F7,C1,B3,69,92,00,1C,39,BC,0A,,,,
37648,9310,77,69,93,00,1C,D3,03,B1,FF,1C,98,1C,24,D3,0F,91,,,,
37664,9320,02,BC,B3,69,91,00,1D,C7,01,BF,18,1D,20,2E,71,FD,,,,
37680,9330,BC,3D,B7,55,B3,69,92,00,1C,39,E2,2A,3A,27,0E,9B,,,,
37696,9340,01,82,12,D5,D1,43,98,1C,24,D1,3E,20,07,9B,69,7C,,,,
37712,9350,02,D0,D1,35,B1,3C,1D,C7,01,BF,18,1D,C7,01,C0,18,,,,
37728,9360,00,91,02,E2,20,23,32,27,07,9B,69,7C,02,D0,D9,19,,,,
37744,9370,7B,69,94,00,1C,DB,02,11,1C,98,1C,24,DB,0B,71,FD,,,,
37760,9380,E2,B1,3C,1D,C7,01,BF,18,1D,3C,BA,03,E7,52,00,71,,,,
37776,9390,EF,BA,A3,01,3E,15,1C,9D,32,1C,D5,03,B1,FF,1C,C4,,,,
37792,93A0,D5,1C,A3,01,40,15,1C,9D,32,1C,D5,03,B1,FF,1C,C4,,,,
37808,93B0,D6,1C,01,1E,A3,01,CC,14,1C,8D,28,00,1C,A0,1C,1E,,,,
37824,93C0,08,02,1E,98,00,1F,D7,07,98,00,1D,D7,06,20,07,A1,,,,
37840,93D0,FF,00,1E,B1,FF,1C,C4,D0,1E,C7,01,8B,18,1C,EF,44,,,,
37856,93E0,0B,31,BA,06,71,FD,BA,EF,0C,0D,39,B9,03,E7,04,03,,,,
37872,93F0,71,FD,B9,B3,01,40,04,1E,B3,01,41,04,1F,97,69,0B,,,,
37888,9400,00,1E,97,69,0C,00,1F,61,E0,00,1E,A3,01,16,15,1C,,,,
37904,9410,61,1F,FF,1C,80,1E,1C,C3,01,16,15,1C,C3,01,C0,15,,,,
37920,9420,0A,35,B7,14,A1,CE,14,20,C3,01,E2,14,20,C2,21,00,,,,
37936,9430,89,E0,14,20,D1,F7,20,39,11,1C,A3,01,CC,14,1E,A3,,,,
37952,9440,01,E2,14,20,A2,20,22,68,1E,22,D1,0E,08,02,22,B0,,,,
37968,9450,22,1C,98,00,23,DF,03,B1,FF,1C,C7,01,D2,00,1C,C2,,,,
37984,9460,21,1E,89,E0,14,20,D1,04,A1,CE,14,20,C3,01,E2,14,,,,
38000,9470,20,3A,B6,03,35,B7,0F,B3,01,8B,18,1C,C7,01,E5,14,,,,
38016,9480,1C,71,7F,C6,20,5E,B3,01,7B,18,24,9B,69,96,00,24,,,,
38032,9490,D1,34,9B,69,97,00,D0,DB,DE,9B,69,95,00,D0,D3,D7,,,,
38048,94A0,9B,69,98,00,D5,DB,D0,B3,01,8B,18,55,B3,69,99,00,,,,
38064,94B0,56,A3,01,E4,14,50,EF,26,8C,C3,01,E4,14,50,91,20,,,,
38080,94C0,C6,91,80,C6,20,1E,B3,01,8B,18,1C,C7,01,E5,14,1C,,,,
38096,94D0,31,B6,06,39,C7,03,33,B7,05,71,7F,C6,20,06,71,DF,,,,
38112,94E0,C6,91,80,C6,B3,01,21,10,27,A3,01,14,15,1C,A3,01,,,,
38128,94F0,16,15,1E,B3,01,40,04,20,B3,01,41,04,21,97,69,0B,,,,
38144,9500,00,20,97,69,0C,00,21,C3,01,14,15,1E,C3,01,16,15,,,,
38160,9510,20,84,1E,1C,84,20,1E,80,1E,1C,A0,1C,1E,02,1E,60,,,,
38176,9520,9C,1C,60,20,1E,80,1E,1C,33,1C,21,3C,1C,1E,3B,27,,,,
38192,9530,16,A3,6A,5C,54,71,10,55,91,08,55,B0,D0,56,B0,D5,,,,
38208,9540,57,EF,B9,D9,91,08,27,91,10,1C,20,0D,33,27,0A,AF,,,,
38224,9550,6A,5C,54,EF,13,DA,71,F7,27,57,6B,85,01,00,22,D7,,,,
38240,9560,06,61,1F,FF,1C,20,E6,57,69,EC,00,00,1E,D7,03,71,,,,
38256,9570,7F,1C,57,69,EE,00,00,1F,D7,03,71,BF,1C,11,20,57,,,,
38272,9580,6B,86,01,00,21,D7,03,71,DF,1C,39,27,03,3F,1C,58,,,,
38288,9590,C7,01,AD,18,1E,38,27,03,3E,1C,6D,C7,01,AE,18,1F,,,,
38304,95A0,3D,27,05,35,1C,02,20,80,C3,01,DC,15,20,51,63,27,,,,
38320,95B0,26,DF,02,20,94,41,E0,00,1C,24,89,E0,00,24,DF,08,,,,
38336,95C0,89,80,00,24,DF,02,20,85,B3,01,AC,18,22,E0,22,7D,,,,
38352,95D0,A3,6A,52,54,71,10,55,91,08,55,B0,D0,56,B0,D5,57,,,,
38368,95E0,EF,1A,D9,91,40,27,20,61,B3,01,AD,18,1E,E0,1E,A0,,,,
38384,95F0,A3,6A,54,54,71,10,55,91,01,55,B0,D0,56,B0,D5,57,,,,
38400,9600,EF,FA,D8,91,02,27,27,8D,B3,01,AE,18,1F,E0,1F,8B,,,,
38416,9610,A3,6A,56,54,71,10,55,91,01,55,B0,D0,56,B0,D5,57,,,,
38432,9620,EF,DA,D8,91,01,27,27,78,A3,01,DC,15,20,05,20,D1,,,,
38448,9630,02,27,75,A3,6A,58,54,71,10,55,91,01,55,B0,D0,56,,,,
38464,9640,B0,D5,57,EF,B7,D8,91,20,27,61,1F,FF,1C,C7,01,AC,,,,
38480,9650,18,22,C0,9C,1C,C7,01,21,10,27,51,1F,BB,1E,61,E0,,,,
38496,9660,00,1C,DF,3D,89,40,00,1C,D7,05,95,01,1E,20,32,89,,,,
38512,9670,C0,00,1C,D7,05,95,02,1E,20,27,89,20,00,1C,D7,05,,,,
38528,9680,95,04,1E,20,1C,3A,B6,19,89,60,00,1C,D7,05,95,08,,,,
38544,9690,1E,20,0E,89,A0,00,1C,D7,08,95,10,1E,91,01,C7,20,,,,
38560,96A0,03,71,FE,C7,94,1E,BB,EF,4B,00,EF,94,09,EF,2F,05,,,,
38576,96B0,EF,7D,06,EF,1F,07,EF,0A,EE,EF,FF,09,B1,1E,0A,B1,,,,
38592,96C0,E1,0A,EF,A9,F8,EF,B7,F8,EF,39,B8,B3,01,99,40,1C,,,,
38608,96D0,C7,01,E8,14,1C,EF,C8,89,EF,CE,89,EF,E0,89,34,B9,,,,
38624,96E0,13,B3,01,4D,15,1C,E0,1C,06,91,20,B9,B1,19,1C,C7,,,,
38640,96F0,01,4D,15,1C,F0,B3,01,1A,10,27,AF,01,54,14,20,9B,,,,
38656,9700,6B,59,01,20,D9,1B,9B,6B,5A,01,20,D1,23,39,27,54,,,,
38672,9710,30,27,0A,AF,6A,12,54,EF,4F,D8,71,FE,27,21,39,20,,,,
38688,9720,5C,38,27,FB,A3,6A,12,54,71,10,55,91,01,55,20,41,,,,
38704,9730,38,27,4A,A3,6A,12,54,71,10,55,91,02,55,B3,69,7A,,,,
38720,9740,00,1D,11,1C,C3,01,E0,11,1C,C3,01,DE,11,00,C7,01,,,,
38736,9750,D0,12,1D,C7,01,9E,18,1D,B3,69,7E,00,1D,C3,01,FE,,,,
38752,9760,17,1C,20,0D,38,27,B8,A3,6A,12,54,71,10,55,91,08,,,,
38768,9770,55,B0,D0,56,B0,D7,57,EF,83,D7,91,01,27,B1,0A,23,,,,
38784,9780,91,01,BD,B3,6B,5B,01,22,32,27,02,20,A8,AF,6B,5C,,,,
38800,9790,01,1C,B3,01,1E,10,26,51,3C,26,00,DF,08,AF,6B,5D,,,,
38816,97A0,01,1E,64,1E,1C,31,B6,28,B3,69,09,00,1E,3B,1E,05,,,,
38832,97B0,3D,9C,7D,20,07,8B,01,8A,00,1C,DB,74,B3,69,86,00,,,,
38848,97C0,1E,B3,69,74,00,1F,C3,01,24,15,1E,71,7F,B9,20,2B,,,,
38864,97D0,B3,69,09,00,1E,3B,1E,0B,35,9C,08,71,FC,B6,91,02,,,,
38880,97E0,B6,20,4D,30,B6,15,9B,6B,5E,01,D0,D3,0E,9B,6B,5F,,,,
38896,97F0,01,D5,D3,07,9B,01,23,10,00,DF,35,71,FC,B6,8B,01,,,,
38912,9800,8A,00,1C,D1,05,91,02,B6,20,26,9B,6B,5E,01,D0,D1,,,,
38928,9810,1F,9B,6B,5F,01,D5,D1,18,9B,01,23,10,00,D7,11,8B,,,,
38944,9820,01,7C,12,00,D7,0A,9B,69,BC,00,D7,D1,03,91,01,B6,,,,
38960,9830,B1,FF,24,21,9A,71,FC,B6,B3,69,09,00,24,3B,24,06,,,,
38976,9840,35,9C,03,91,02,B6,B1,FF,24,B3,01,E1,11,26,58,26,,,,
38992,9850,20,21,DB,02,11,21,21,77,B3,01,E1,11,26,58,26,20,,,,
39008,9860,22,DB,02,11,22,55,17,22,23,99,E8,23,D1,03,B1,E8,,,,
39024,9870,23,AC,D0,1A,79,28,1A,D9,05,A0,6C,1A,20,0E,18,03,,,,
39040,9880,1A,99,03,1A,D1,03,B1,03,1A,64,6C,1A,57,1B,AE,02,,,,
39056,9890,26,24,B3,01,20,10,1C,32,1C,05,77,6B,60,01,24,B1,,,,
39072,98A0,FF,25,9B,01,23,10,00,D7,26,AC,D0,1A,79,28,1A,D9,,,,
39088,98B0,05,A0,6C,1A,20,0E,18,04,1A,99,03,1A,D1,03,B1,03,,,,
39104,98C0,1A,64,6C,1A,57,1B,B2,02,26,25,D3,03,B1,FF,25,B3,,,,
39120,98D0,69,09,00,1C,3B,1C,38,31,B6,15,3D,9C,7B,B3,69,86,,,,
39136,98E0,00,1E,B3,69,74,00,1F,C3,01,24,15,1E,71,7F,B9,35,,,,
39152,98F0,9C,0B,71,FC,B6,91,02,B6,B0,20,24,20,5B,98,25,20,,,,
39168,9900,DB,05,71,FC,B6,20,C8,71,FC,B6,91,01,B6,20,C0,31,,,,
39184,9910,B6,19,98,24,20,D1,41,B3,69,86,00,1E,B3,69,74,00,,,,
39200,9920,1F,C3,01,24,15,1E,71,7F,B9,20,08,30,B6,05,98,25,,,,
39216,9930,20,DB,19,71,FC,B6,98,25,20,D1,13,8B,01,7C,12,00,,,,
39232,9940,D7,0A,9B,69,BC,00,D7,D1,03,91,01,B6,20,81,98,24,,,,
39248,9950,20,D3,02,20,7A,91,02,B6,B3,01,D8,00,1C,99,75,1C,,,,
39264,9960,D3,6D,B1,17,23,47,01,FE,17,00,1C,DF,0E,05,1C,C3,,,,
39280,9970,01,FE,17,1C,B3,69,7D,00,56,20,05,B3,69,7C,00,56,,,,
39296,9980,B3,01,D0,12,1C,9B,01,E1,11,1C,DF,03,EF,D7,01,B0,,,,
39312,9990,20,55,A3,01,DE,11,50,A3,01,E0,11,52,EF,4C,87,5B,,,,
39328,99A0,01,9E,18,53,1C,D1,08,78,1C,53,B1,80,52,01,50,C7,,,,
39344,99B0,01,D0,12,53,C3,01,E0,11,52,C3,01,DE,11,50,77,69,,,,
39360,99C0,7B,00,53,9B,01,9E,18,53,DB,05,C7,01,9E,18,53,B3,,,,
39376,99D0,01,9C,18,1C,C7,01,9D,18,1C,C7,01,9C,18,CC,C4,CC,,,,
39392,99E0,22,C7,01,7A,18,24,37,E2,49,9B,69,7F,00,D0,D9,0C,,,,
39408,99F0,B3,69,80,00,1C,C7,01,7E,18,1C,20,0F,57,01,7E,18,,,,
39424,9A00,00,1C,DF,2B,15,1C,C7,01,7E,18,1C,B0,D7,23,18,01,,,,
39440,9A10,23,75,4C,23,3F,BA,0B,B1,24,1C,C7,01,11,04,1C,91,,,,
39456,9A20,80,BA,B3,01,19,10,1C,30,1C,16,B1,33,23,20,11,71,,,,
39472,9A30,7F,E2,3E,BA,0B,B1,14,1C,C7,01,11,04,1C,91,40,BA,,,,
39488,9A40,12,23,C7,01,08,04,23,38,27,0E,A1,70,00,1A,EF,7C,,,,
39504,9A50,86,C7,01,98,18,49,20,1E,3A,27,0C,C7,01,98,18,D5,,,,
39520,9A60,C3,01,3A,15,8A,20,30,A3,6B,40,01,48,9B,6B,58,01,,,,
39536,9A70,D0,DB,03,B0,48,49,5D,32,49,1C,6F,01,CC,14,1C,0C,,,,
39552,9A80,01,1C,8F,69,2E,00,1C,AF,01,8C,18,1E,64,1E,1E,64,,,,
39568,9A90,1E,1C,C3,01,3A,15,1C,3A,B6,53,35,27,50,A3,01,3C,,,,
39584,9AA0,15,24,8B,6B,38,01,24,DB,46,A3,01,CC,14,20,6F,6B,,,,
39600,9AB0,3E,01,20,88,22,24,DB,22,C7,01,A9,18,00,9B,6B,3C,,,,
39616,9AC0,01,D0,D1,29,8B,6B,3A,01,24,D3,33,32,27,0A,AF,6A,,,,
39632,9AD0,0C,54,EF,94,D4,71,FB,27,20,3F,B3,01,A9,18,1E,17,,,,
39648,9AE0,1E,9B,6B,57,01,1E,DB,07,C7,01,A9,18,1E,20,71,3A,,,,
39664,9AF0,27,FB,A3,6A,0C,54,71,10,55,91,01,55,20,0D,3A,27,,,,
39680,9B00,EC,A3,6A,0C,54,71,10,55,91,02,55,B0,D0,56,B0,CC,,,,
39696,9B10,57,EF,E9,D3,91,04,27,20,47,38,27,3F,3A,27,3C,B3,,,,
39712,9B20,01,20,10,26,3A,26,34,39,27,36,44,1C,1C,24,D3,04,,,,
39728,9B30,A1,FF,FF,24,8B,01,8A,00,24,D1,0A,08,01,1C,8B,01,,,,
39744,9B40,8A,00,1C,D3,16,A3,01,04,16,1C,07,1C,C3,01,04,16,,,,
39760,9B50,1C,8B,6B,42,01,1C,D1,08,91,02,27,C3,01,04,16,00,,,,
39776,9B60,C7,01,1A,10,27,F0,B3,69,7A,00,1D,11,1C,C3,01,E0,,,,
39792,9B70,11,1C,C3,01,DE,11,00,C7,01,D0,12,1D,B3,69,7E,00,,,,
39808,9B80,1D,C3,01,FE,17,1C,F0,AF,01,54,14,26,9B,6B,59,01,,,,
39824,9B90,26,DB,2C,9B,6B,5A,01,26,D1,25,7B,01,E1,11,26,DB,,,,
39840,9BA0,02,11,26,9B,6D,AE,02,26,D9,05,B1,17,27,20,18,B0,,,,
39856,9BB0,26,27,75,17,27,99,E8,27,D1,0D,B1,E8,27,20,08,B3,,,,
39872,9BC0,6B,5B,01,26,B1,0A,27,C4,CC,26,12,27,C7,01,08,04,,,,
39888,9BD0,27,71,FE,B6,9B,6D,B2,02,26,D3,03,91,01,B6,F0,35,,,,
39904,9BE0,B7,05,B1,01,B4,21,10,39,C7,54,9B,01,BA,18,D0,D1,,,,
39920,9BF0,45,51,0F,BB,00,D7,3F,39,B6,07,9B,01,BB,18,D5,D9,,,,
39936,9C00,35,3B,B7,0B,91,08,B7,91,10,B8,71,F7,B8,20,2F,3C,,,,
39952,9C10,B8,2C,3B,B8,0E,91,08,B8,B1,03,AC,B1,01,B4,B3,01,,,,
39968,9C20,BC,18,DA,99,03,AC,DF,16,98,00,DA,DF,04,15,DA,20,,,,
39984,9C30,0D,91,02,C7,20,08,71,F7,B7,B3,01,BC,18,DA,51,0F,,,,
40000,9C40,BB,00,D7,20,39,B6,14,B3,69,8A,00,20,77,01,BB,18,,,,
40016,9C50,20,D3,03,B1,FF,20,98,20,D5,D9,09,9B,01,BD,18,D0,,,,
40032,9C60,D1,02,20,93,71,F7,B7,99,03,AC,D7,08,B3,01,7F,18,,,,
40048,9C70,AC,B1,01,B4,39,C7,59,9B,69,6E,00,D2,D9,2B,5B,01,,,,
40064,9C80,9D,18,CC,1C,DB,02,11,1C,9B,69,6D,00,1C,D9,1A,34,,,,
40080,9C90,B7,65,57,01,B8,18,00,1D,DF,5A,FA,B1,04,AC,B3,69,,,,
40096,9CA0,28,00,B4,74,1D,AF,FB,20,4B,91,01,B8,34,B7,17,57,,,,
40112,9CB0,01,B9,18,00,1D,DF,3D,FA,B1,05,AC,B3,69,2A,00,B4,,,,
40128,9CC0,74,1D,AF,FB,20,2E,99,04,AC,D7,2C,B1,05,AC,20,27,,,,
40144,9CD0,71,FE,B8,91,10,B7,FA,71,FD,C7,91,02,B8,B1,FF,D9,,,,
40160,9CE0,55,01,8E,B5,99,06,B5,D3,02,11,B5,FB,31,B6,08,91,,,,
40176,9CF0,80,B9,20,03,71,EF,B7,9B,69,66,00,D5,DB,19,57,69,,,,
40192,9D00,65,00,AB,1C,DB,11,9B,01,8B,18,1C,DB,0A,B1,01,1D,,,,
40208,9D10,C7,01,7F,18,1D,20,08,B1,02,1D,C7,01,7F,18,1D,99,,,,
40224,9D20,03,AC,DB,0B,98,AC,1D,DF,06,C4,AC,1D,B1,01,B4,F0,,,,
40240,9D30,3C,C0,75,B3,01,1A,10,27,38,27,6D,B3,01,98,18,49,,,,
40256,9D40,32,B6,10,C3,01,88,15,00,C7,01,8A,15,49,C7,01,8B,,,,
40272,9D50,15,49,F0,5B,01,8B,15,49,1C,B3,01,8A,15,1E,C7,01,,,,
40288,9D60,8A,15,49,C7,01,8B,15,1E,D1,51,71,DF,B8,C7,01,99,,,,
40304,9D70,18,1C,9B,69,84,00,1C,D1,5B,7D,32,1C,B3,01,9A,18,,,,
40320,9D80,1E,7F,01,9B,18,1E,6C,1E,1C,0C,03,1C,B0,1D,1C,B0,,,,
40336,9D90,1E,1D,FA,91,08,C7,67,01,88,15,1C,D3,04,A1,FF,FF,,,,
40352,9DA0,1C,C3,01,88,15,1C,FB,F0,A1,FF,FF,1C,C3,01,8A,15,,,,
40368,9DB0,1C,71,DF,B8,C7,01,99,18,00,20,19,C7,01,99,18,00,,,,
40384,9DC0,98,00,1C,DF,EC,37,1C,09,13,1C,9B,69,00,01,1C,D1,,,,
40400,9DD0,E0,91,20,B8,F0,B3,69,09,00,1C,35,1C,01,F0,B3,01,,,,
40416,9DE0,21,10,27,35,B7,25,71,E0,C6,B3,69,8B,00,1C,C7,01,,,,
40432,9DF0,E8,15,1C,C7,01,E9,15,D0,32,27,0F,AF,6A,6E,54,EF,,,,
40448,9E00,67,D1,71,FB,27,C7,01,21,10,27,F0,B3,69,09,00,1C,,,,
40464,9E10,36,1C,03,32,C6,04,71,F7,C6,F0,B3,01,E8,15,1E,E0,,,,
40480,9E20,1E,21,B3,69,8B,00,1E,5B,01,E9,15,D0,1C,D1,0C,9B,,,,
40496,9E30,69,8C,00,1C,D3,05,71,FE,C6,20,03,91,01,C6,C7,01,,,,
40512,9E40,E9,15,D0,C7,01,E8,15,1E,57,01,A0,18,00,26,DF,02,,,,
40528,9E50,15,26,38,9D,6E,3B,C6,03,E7,BE,00,3C,C6,27,B3,01,,,,
40544,9E60,9F,18,1C,C7,01,EB,15,1C,C7,01,EC,15,00,91,10,C6,,,,
40560,9E70,5B,69,8D,00,D0,1C,7B,01,EA,15,1C,D3,05,71,FD,C6,,,,
40576,9E80,20,03,91,02,C6,AD,FF,1C,31,C6,07,9F,69,8E,00,1C,,,,
40592,9E90,20,05,9F,69,8F,00,1C,77,01,EC,15,1C,C7,01,EC,15,,,,
40608,9EA0,1C,DB,76,9B,01,9F,18,AF,DB,6F,B3,01,EB,15,1F,58,,,,
40624,9EB0,AF,1F,1D,D1,64,5C,1D,1C,1C,78,1D,1F,C7,01,9F,18,,,,
40640,9EC0,1F,20,5C,3C,C6,03,3B,C6,13,B3,69,E8,00,26,C7,01,,,,
40656,9ED0,EA,15,D0,71,FD,C6,30,C6,03,91,02,C6,39,C6,07,B3,,,,
40672,9EE0,01,E6,15,1C,20,05,B3,01,E7,15,1C,C7,01,9F,18,1C,,,,
40688,9EF0,71,EF,C6,91,08,C6,98,00,26,D7,24,A3,6A,6E,54,71,,,,
40704,9F00,10,55,91,02,55,B0,D0,56,B0,D5,57,EF,EF,CF,91,04,,,,
40720,9F10,27,C7,01,21,10,27,91,04,C6,71,F7,C6,71,EF,C6,C7,,,,
40736,9F20,01,A0,18,26,F0,9B,01,6F,18,D5,D1,32,9B,69,D4,00,,,,
40752,9F30,D7,D1,2B,3A,B6,28,B3,01,8B,18,1C,9B,69,D3,00,1C,,,,
40768,9F40,D1,1C,3F,B6,1C,91,80,B6,C3,01,64,12,00,C3,01,66,,,,
40784,9F50,12,00,C3,01,68,12,00,C3,01,6A,12,00,20,03,71,7F,,,,
40800,9F60,B6,B3,01,76,18,21,51,0F,21,22,AD,04,1C,9B,69,E0,,,,
40816,9F70,00,D0,D9,37,9B,69,DF,00,D0,D9,14,15,1C,9B,69,DE,,,,
40832,9F80,00,D0,D9,0B,15,1C,9B,69,DD,00,D0,D9,02,15,1C,98,,,,
40848,9F90,22,1C,D9,15,44,68,1C,1E,B3,1F,DC,00,22,7B,69,E1,,,,
40864,9FA0,00,22,D3,07,98,22,D0,D9,02,15,1C,71,F0,21,18,04,,,,
40880,9FB0,21,AD,02,1E,9B,69,E3,00,D5,D9,25,9B,69,E2,00,D5,,,,
40896,9FC0,D9,02,15,1E,98,21,1E,D9,15,44,68,1E,20,B3,21,E1,,,,
40912,9FD0,00,20,7B,69,E4,00,20,D3,07,98,20,D5,D9,02,15,1E,,,,
40928,9FE0,5D,1E,1E,20,5D,06,1C,22,64,22,20,19,04,1E,74,1E,,,,
40944,9FF0,1C,C7,01,76,18,1C,B3,01,6F,18,1D,99,FF,1D,DF,13,,,,
40960,A000,3F,B6,0A,C7,01,78,18,00,91,80,C5,20,2D,3C,C5,03,,,,
40976,A010,3E,A8,0F,B3,01,74,18,24,C7,01,78,18,24,91,80,C5,,,,
40992,A020,20,18,71,7F,C5,B3,01,1C,10,1C,3C,1C,0A,32,BC,07,,,,
41008,A030,9B,69,D5,00,D7,D9,03,B1,78,20,C7,01,75,18,20,F0,,,,
41024,A040,F0,3D,B7,FC,B0,AF,1E,B1,80,1F,3B,BB,1A,35,BB,24,,,,
41040,A050,A3,01,0E,15,1C,7B,69,ED,00,1C,B8,00,1D,88,1E,1C,,,,
41056,A060,D9,0A,71,DF,BB,20,0D,A3,01,0A,15,1C,C3,01,0E,15,,,,
41072,A070,1C,91,20,BB,3C,BB,0B,3E,BB,26,B0,AE,1C,B1,80,1D,,,,
41088,A080,20,33,91,40,BB,A3,01,10,15,1C,77,69,E9,00,1C,B4,,,,
41104,A090,00,1D,8B,01,0C,15,1C,D3,1C,A3,01,0C,15,1C,20,15,,,,
41120,A0A0,A3,01,10,15,1C,7B,69,EA,00,1C,B8,00,1D,88,1E,1C,,,,
41136,A0B0,D9,03,71,BF,BB,C3,01,10,15,1C,F0,A1,00,80,1C,B3,,,,
41152,A0C0,69,09,00,1E,3D,1E,0B,36,1E,08,33,C6,05,B3,01,9F,,,,
41168,A0D0,18,1C,35,BB,0C,8B,01,0E,15,1C,DB,05,A3,01,0E,15,,,,
41184,A0E0,1C,36,BB,0C,8B,01,10,15,1C,DB,05,A3,01,10,15,1C,,,,
41200,A0F0,C3,01,12,15,1C,F0,B3,01,1A,10,27,38,27,0B,B3,01,,,,
41216,A100,20,10,26,3A,26,03,3F,C1,38,71,BC,C1,A1,00,80,22,,,,
41232,A110,C3,01,7A,15,22,C7,01,8E,18,23,C7,01,8D,18,00,B3,,,,
41248,A120,01,8B,18,1C,C4,AB,1C,C4,AA,00,38,27,04,3A,26,01,,,,
41264,A130,F0,A1,00,80,20,B3,01,8D,18,24,B3,01,8E,18,26,22,,,,
41280,A140,8C,A3,01,7A,15,22,B3,01,8D,18,24,B3,01,8E,18,26,,,,
41296,A150,32,B6,09,A1,F8,00,1A,EF,6D,7F,20,2A,32,BA,12,34,,,,
41312,A160,9C,06,A1,F6,00,1A,20,04,A1,F4,00,1A,EF,58,7F,20,,,,
41328,A170,15,A1,FA,00,1A,EF,4F,7F,34,9C,0B,5B,69,A3,00,49,,,,
41344,A180,1C,DB,03,78,1C,49,C4,27,49,32,B9,1F,B1,80,20,77,,,,
41360,A190,01,C7,13,27,B4,00,20,79,80,27,B8,00,20,99,80,20,,,,
41376,A1A0,DF,09,D9,04,11,27,20,03,B1,FF,27,B3,69,A8,00,20,,,,
41392,A1B0,7F,01,8B,18,20,5B,69,A4,00,21,1C,D1,03,78,1C,21,,,,
41408,A1C0,30,9C,0B,5B,69,01,01,27,1C,DB,03,78,1C,27,98,27,,,,
41424,A1D0,AB,D9,03,B0,27,AB,98,21,AB,D9,05,B0,21,AB,20,16,,,,
41440,A1E0,A1,F0,00,1A,EF,E0,7E,B0,49,56,B0,27,55,A0,AA,50,,,,
41456,A1F0,EF,EC,7E,C0,AA,50,32,B6,19,A1,F2,00,1A,EF,C7,7E,,,,
41472,A200,9B,01,8B,18,49,D1,0B,A1,00,80,22,A1,00,80,20,E7,,,,
41488,A210,BB,01,51,0F,BB,00,DF,2E,30,BB,0F,A1,00,80,20,A1,,,,
41504,A220,00,80,22,AF,01,88,18,1E,21,A8,31,BB,0F,A1,00,80,,,,
41520,A230,20,A1,00,80,22,AF,01,89,18,1E,21,96,A1,00,80,20,,,,
41536,A240,A1,00,80,22,21,87,5B,01,8B,18,AB,1F,DB,0A,91,40,,,,
41552,A250,C1,71,FE,C1,13,1F,20,06,71,BF,C1,71,FD,C1,B0,1F,,,,
41568,A260,D1,3D,B7,09,31,B6,0D,39,C7,0A,3B,C1,07,B0,23,26,,,,
41584,A270,11,24,20,57,36,C1,1C,91,02,C1,11,24,A1,00,80,54,,,,
41600,A280,A0,22,50,B3,69,A5,00,56,EF,4E,7E,C0,22,50,B0,23,,,,
41616,A290,26,20,38,98,00,24,D7,0F,B3,69,AB,00,1C,99,FF,1C,,,,
41632,A2A0,DF,29,17,1C,B0,1C,24,E0,24,21,91,01,C1,17,24,A1,,,,
41648,A2B0,00,80,54,98,55,26,D1,05,11,54,B0,26,55,A0,22,50,,,,
41664,A2C0,B3,69,A6,00,56,EF,11,7E,C0,22,50,3E,C1,14,9B,69,,,,
41680,A2D0,A2,00,D1,D1,0D,89,00,80,22,D9,07,A1,00,80,22,B0,,,,
41696,A2E0,23,26,A0,22,20,30,C1,08,71,FE,C1,36,C1,3C,20,97,,,,
41712,A2F0,31,C1,08,71,FD,C1,36,C1,31,20,8C,3E,C1,5C,AC,D1,,,,
41728,A300,1A,79,00,1A,D9,05,A0,6C,1A,20,0E,18,01,1A,99,0F,,,,
41744,A310,1A,D1,03,B1,0F,1A,64,6C,1A,AF,1B,DA,02,1C,64,1C,,,,
41760,A320,22,D3,04,A1,FF,FF,22,A0,22,20,AC,D1,1A,79,00,1A,,,,
41776,A330,D9,05,A0,6C,1A,20,0E,18,01,1A,99,0F,1A,D1,03,B1,,,,
41792,A340,0F,1A,64,6C,1A,B3,1B,FA,02,1D,11,1C,08,01,1C,64,,,,
41808,A350,1C,20,D3,04,A1,FF,FF,20,20,2D,3D,E2,2A,AC,D1,1A,,,,
41824,A360,79,00,1A,D9,05,A0,6C,1A,20,0E,18,01,1A,99,0F,1A,,,,
41840,A370,D1,03,B1,0F,1A,64,6C,1A,AF,1B,EA,02,1C,68,1C,22,,,,
41856,A380,DB,02,01,22,A0,22,20,A1,00,80,1E,88,1E,20,D1,18,,,,
41872,A390,B3,69,A9,00,1D,18,01,1D,74,1D,1F,88,1E,20,D1,1E,,,,
41888,A3A0,91,01,C1,A0,1E,20,20,16,B3,69,AA,00,1D,18,01,1D,,,,
41904,A3B0,78,1D,1F,88,1E,20,DB,06,A0,1E,20,91,02,C1,A1,FC,,,,
41920,A3C0,00,1A,EF,02,7D,98,49,D5,DB,03,91,02,C1,AF,01,87,,,,
41936,A3D0,18,1E,09,07,1E,64,1E,20,D3,04,A1,FF,FF,20,89,00,,,,
41952,A3E0,80,20,D9,04,01,20,20,07,69,00,80,20,09,01,20,9B,,,,
41968,A3F0,69,A7,00,21,D9,05,B3,69,A7,00,21,C7,01,8C,18,21,,,,
41984,A400,C3,01,7A,15,22,C7,01,8D,18,24,C7,01,8E,18,26,A0,,,,
42000,A410,20,1E,EF,A6,7C,A0,48,22,32,B6,20,01,1E,B3,69,02,,,,
42016,A420,01,1F,48,1E,22,1C,D1,13,A1,26,01,1A,EF,98,7C,6C,,,,
42032,A430,48,1C,64,1E,22,D3,04,A1,FF,FF,22,9B,69,AD,00,23,,,,
42048,A440,D1,07,B3,69,AD,00,23,11,22,9B,69,AC,00,23,D9,07,,,,
42064,A450,B3,69,AC,00,23,11,22,4D,88,13,22,1C,A0,1E,1C,89,,,,
42080,A460,F4,01,1C,DB,04,A1,F4,01,1C,89,94,11,1C,D1,04,A1,,,,
42096,A470,94,11,1C,C3,01,84,00,1C,F0,B0,9E,5C,94,15,5C,33,,,,
42112,A480,A8,08,30,5C,05,91,01,09,20,12,07,7A,E0,DC,0D,B1,,,,
42128,A490,05,DC,C7,01,7B,18,DB,11,DB,91,80,B7,F3,F0,17,DB,,,,
42144,A4A0,DB,02,F3,F0,B1,FF,DB,F3,F0,F0,90,16,9F,38,9F,02,,,,
42160,A4B0,20,A8,B1,08,02,B1,18,06,65,F4,01,86,A0,86,04,01,,,,
42176,A4C0,46,3C,0F,11,B3,01,D8,15,46,17,46,9B,01,AF,18,46,,,,
42192,A4D0,D1,03,91,10,BD,3D,0F,11,B3,01,D9,15,47,17,47,9B,,,,
42208,A4E0,01,AF,18,47,D1,03,91,20,BD,C3,01,D8,15,46,01,46,,,,
42224,A4F0,3E,10,0F,B3,01,C2,17,46,17,46,99,0B,46,D1,03,91,,,,
42240,A500,40,BD,3F,10,0F,B3,01,C3,17,47,17,47,99,0B,47,D1,,,,
42256,A510,03,91,80,BD,C3,01,C2,17,46,A2,71,44,91,00,A4,71,,,,
42272,A520,FE,9F,C7,01,A5,18,00,3B,02,FD,AC,03,46,B0,44,02,,,,
42288,A530,C7,01,7C,18,46,64,46,46,64,6C,46,67,46,02,64,A4,,,,
42304,A540,00,66,07,88,A2,71,44,89,A0,42,70,D3,04,A1,7A,42,,,,
42320,A550,70,3F,BC,06,3B,02,FD,C6,44,03,3A,9F,02,20,DF,71,,,,
42336,A560,FB,9F,B3,01,1E,10,5E,95,80,5E,3E,5E,1C,A3,01,00,,,,
42352,A570,16,5C,74,5C,5C,74,5D,5D,3F,10,03,91,01,5D,3E,10,,,,
42368,A580,03,91,01,5C,C3,01,00,16,5C,3F,5E,02,20,93,44,84,,,,
42384,A590,82,44,B1,1A,06,45,32,00,44,04,65,88,13,82,91,02,,,,
42400,A5A0,B9,07,7C,30,7C,03,91,02,BA,3E,5E,5A,B1,33,06,A0,,,,
42416,A5B0,44,04,FD,B1,02,06,A0,44,04,B3,01,1A,10,5F,3E,5F,,,,
42432,A5C0,3E,A1,13,22,44,95,55,5C,DF,09,17,5C,D3,0E,91,10,,,,
42448,A5D0,5E,20,03,91,04,5E,B1,33,44,91,40,5E,95,55,5D,DF,,,,
42464,A5E0,09,17,5D,D3,13,91,08,5E,20,06,91,20,5E,B1,02,45,,,,
42480,A5F0,C3,01,00,16,00,91,40,5E,C3,01,02,16,44,20,3A,C3,,,,
42496,A600,01,00,16,00,20,33,B3,01,02,16,06,45,04,00,0A,04,,,,
42512,A610,C3,01,00,16,00,B3,01,03,16,06,45,04,00,0A,04,20,,,,
42528,A620,18,B1,1A,06,45,32,00,82,04,3E,5E,0D,B1,13,06,A0,,,,
42544,A630,82,04,FD,B1,22,06,A0,82,04,C7,01,1E,10,5E,F3,F0,,,,
42560,A640,B0,9E,A1,B0,15,9E,94,9E,A1,30,A1,08,C7,01,A6,18,,,,
42576,A650,00,E7,F1,9A,3C,A1,02,20,E2,C7,01,A4,18,00,34,9E,,,,
42592,A660,17,41,07,00,8E,90,C3,01,AC,17,7E,A1,E7,A7,60,A1,,,,
42608,A670,54,00,62,AC,9B,5C,20,13,A3,01,A4,17,9A,A1,21,A8,,,,
42624,A680,60,A1,74,00,62,55,28,9A,5C,11,5D,5B,91,4E,42,5C,,,,
42640,A690,5E,D1,24,79,05,5E,DB,40,30,BF,10,4B,01,AC,17,80,,,,
42656,A6A0,5E,71,FE,5E,6B,01,5E,00,5C,20,59,C3,01,A6,17,5C,,,,
42672,A6B0,C3,01,A8,17,62,E3,60,47,01,AC,17,5C,5E,68,0C,5E,,,,
42688,A6C0,3F,5F,57,99,02,5E,D9,66,4B,01,AC,17,80,5E,71,FE,,,,
42704,A6D0,5E,7B,01,5E,00,5C,20,2C,79,04,5C,47,01,AC,17,5C,,,,
42720,A6E0,5E,68,0C,5E,3F,5F,33,99,02,5E,D9,42,4B,01,AC,17,,,,
42736,A6F0,80,5E,71,FE,5E,7B,01,5E,00,5C,9B,91,4E,42,5E,D9,,,,
42752,A700,03,75,04,5C,6C,92,5C,0C,01,5C,64,28,5C,48,0A,5C,,,,
42768,A710,5E,3F,5F,06,89,0A,00,5E,D9,0B,51,BF,62,06,45,04,,,,
42784,A720,00,0A,04,E3,60,51,BF,62,06,A0,5C,04,E3,60,B3,01,,,,
42800,A730,62,00,06,47,01,AC,17,5C,04,E3,60,39,A1,02,20,A5,,,,
42816,A740,73,01,F0,40,A1,C7,01,A3,18,00,31,BF,03,E7,C1,03,,,,
42832,A750,B3,8F,46,42,BF,90,16,9F,DE,08,A0,28,5C,20,1D,A0,,,,
42848,A760,5C,28,A0,04,5C,71,3F,9F,90,16,9F,DE,F2,C0,80,0C,,,,
42864,A770,48,28,5C,92,71,FB,09,90,16,9F,DE,E3,45,1A,00,7E,,,,
42880,A780,60,AD,2A,72,48,60,80,62,71,0E,62,DF,0A,55,26,62,,,,
42896,A790,72,C2,73,28,C2,73,5C,C0,28,5C,32,BF,08,71,F7,A4,,,,
42912,A7A0,C7,01,FE,08,A4,45,28,00,7E,5E,30,BF,30,69,04,00,,,,
42928,A7B0,5E,B1,71,06,A3,01,5E,00,04,47,01,A6,17,00,5C,DF,,,,
42944,A7C0,24,4B,01,AC,17,80,60,71,FE,60,68,60,5C,A1,E5,A7,,,,
42960,A7D0,60,A3,01,A8,17,62,C3,01,A6,17,00,27,27,B1,71,06,,,,
42976,A7E0,A3,01,5E,00,04,F3,F0,B1,0F,02,47,01,58,17,00,5E,,,,
42992,A7F0,DF,18,05,5E,C3,01,58,17,5E,D7,23,71,8F,A5,93,01,,,,
43008,A800,71,42,A5,C7,01,FF,08,A5,20,14,A1,DE,03,5E,C3,01,,,,
43024,A810,58,17,5E,91,40,C5,3B,02,FD,C7,01,A2,17,03,E7,1A,,,,
43040,A820,FF,B1,0F,02,44,90,90,5E,51,8D,A5,63,30,A5,0D,91,,,,
43056,A830,40,63,71,02,A5,93,01,70,42,A5,20,1E,45,02,00,5E,,,,
43072,A840,5C,99,0A,5C,D1,02,01,5C,71,02,A5,93,5D,60,42,A5,,,,
43088,A850,AF,5D,8A,17,5C,93,5D,71,42,A5,3B,02,FD,36,C5,17,,,,
43104,A860,91,40,63,71,BF,C5,C7,01,A3,17,03,5B,01,A2,17,03,,,,
43120,A870,62,DB,0E,13,62,20,0A,5B,01,A3,17,03,62,DB,02,11,,,,
43136,A880,62,C3,5F,5A,17,62,C7,01,FF,08,A5,E7,AD,FE,90,16,,,,
43152,A890,9F,37,9F,37,3B,A8,36,39,BF,31,A0,04,92,71,3F,9F,,,,
43168,A8A0,A0,04,92,71,3F,9F,A0,04,92,71,3F,9F,A0,04,92,71,,,,
43184,A8B0,3F,9F,A0,04,28,A0,28,92,A0,04,28,C0,80,0C,48,92,,,,
43200,A8C0,28,92,71,3F,9F,90,16,9F,3F,9F,EA,F3,F0,A0,28,5C,,,,
43216,A8D0,A0,04,28,C0,80,0C,71,3F,9F,A0,7A,60,A0,0A,5E,3F,,,,
43232,A8E0,5F,0D,3F,29,05,30,09,07,07,60,38,09,02,05,60,A0,,,,
43248,A8F0,60,5E,48,5C,28,5C,AB,01,C2,14,5E,C3,01,C2,14,60,,,,
43264,A900,C0,92,5C,3F,8F,15,31,BF,08,0C,01,5C,C2,73,5C,F3,,,,
43280,A910,F0,8B,69,14,00,92,D9,02,F3,F0,FF,51,0C,BF,00,DF,,,,
43296,A920,0F,8B,01,CA,14,00,D7,08,3B,10,05,C3,01,CA,14,0C,,,,
43312,A930,0C,01,5C,A0,2A,60,C0,2A,5C,88,00,5E,DF,08,A1,FF,,,,
43328,A940,FF,2A,A1,FF,FF,92,31,BF,C6,38,A8,0D,08,01,5C,88,,,,
43344,A950,60,5C,D1,BB,91,01,A8,27,B6,08,01,60,88,5C,60,D1,,,,
43360,A960,B9,B0,06,5C,A0,0C,60,A0,0A,62,B0,06,5D,33,5C,24,,,,
43376,A970,33,5D,EE,68,28,62,A0,92,5C,08,02,5C,64,92,5C,DB,,,,
43392,A980,05,88,5C,62,D9,07,49,01,00,60,7E,20,26,49,03,00,,,,
43408,A990,60,7E,20,1F,3B,5D,CA,68,28,62,A0,92,5C,08,02,5C,,,,
43424,A9A0,48,5C,92,5C,88,5C,62,D1,07,49,02,00,60,7E,20,03,,,,
43440,A9B0,A0,60,7E,A0,7E,80,C3,01,C0,14,28,A3,01,C2,14,5C,,,,
43456,A9C0,C3,01,C4,14,5C,B1,74,06,AC,9A,5C,44,5C,7E,04,E7,,,,
43472,A9D0,00,00,91,FE,A3,C4,10,A3,01,8E,11,D9,B1,00,B5,33,,,,
43488,A9E0,BF,34,71,FB,C7,A1,03,00,8E,B1,03,B5,B1,2A,A9,3B,,,,
43504,A9F0,10,1C,47,01,CA,14,00,38,DF,0A,48,38,7E,38,89,74,,,,
43520,AA00,00,38,D9,0A,A1,00,00,8E,B1,00,B5,B1,D5,A9,91,08,,,,
43536,AA10,A4,C7,01,FE,08,A4,A3,01,EC,12,38,89,00,01,38,DF,,,,
43552,AA20,05,91,10,B9,20,08,C3,01,EE,12,00,71,EF,B9,B3,75,,,,
43568,AA30,40,00,43,89,40,04,74,D7,0B,B3,8F,57,14,43,C6,74,,,,
43584,AA40,43,C6,74,43,01,64,01,66,01,88,A1,FF,FF,8C,71,F7,,,,
43600,AA50,C3,91,10,C3,B1,FF,43,89,40,04,74,D7,12,B1,E4,38,,,,
43616,AA60,36,0F,06,E0,38,FA,91,01,C3,C6,74,43,C6,74,43,57,,,,
43632,AA70,01,55,14,00,43,DF,02,15,43,C7,01,09,04,43,A1,80,,,,
43648,AA80,84,38,A1,1E,00,3A,8C,92,38,D5,04,A1,FF,FF,38,C3,,,,
43664,AA90,01,CC,14,38,91,10,BA,A1,D0,07,38,4D,28,00,92,3C,,,,
43680,AAA0,88,00,3E,DF,09,B0,3D,3C,B0,3E,3D,91,10,C7,89,40,,,,
43696,AAB0,04,74,D7,0C,B1,E4,3E,3E,0F,06,E0,3E,FA,91,01,C3,,,,
43712,AAC0,8B,01,CC,14,38,D9,09,71,F7,A8,71,EF,A8,B1,F4,16,,,,
43728,AAD0,71,FE,BF,89,40,04,74,D7,03,C6,74,3C,C7,01,55,14,,,,
43744,AAE0,00,C3,01,6A,15,00,C3,01,6C,15,00,C3,01,06,16,8C,,,,
43760,AAF0,89,40,04,74,D7,12,B1,E4,3E,36,0F,06,E0,3E,FA,91,,,,
43776,AB00,01,C3,C6,74,3D,C6,74,3D,71,DF,A3,C4,10,A3,E7,30,,,,
43792,AB10,04,30,B7,42,34,09,0C,57,8F,72,12,00,38,DF,2A,15,,,,
43808,AB20,38,20,0C,B3,6B,79,01,38,77,8F,72,12,38,DB,07,9B,,,,
43824,AB30,6B,7A,01,38,D1,05,B3,6B,7A,01,38,9B,6B,7B,01,38,,,,
43840,AB40,D1,07,93,8F,E7,40,E1,20,05,73,8F,EF,40,E1,C7,8F,,,,
43856,AB50,72,12,38,71,FE,B7,71,EF,09,B3,75,40,00,43,07,8E,,,,
43872,AB60,89,05,00,8E,D1,0E,89,08,00,8E,DF,06,3D,C3,03,95,,,,
43888,AB70,40,C3,01,8E,99,FE,D9,DF,07,98,B5,8E,D7,02,17,D9,,,,
43904,AB80,36,C3,07,B3,8F,5D,14,43,20,05,B3,8F,57,14,43,89,,,,
43920,AB90,40,04,74,D7,4C,B1,E4,38,3E,0F,06,E0,38,FA,91,01,,,,
43936,ABA0,C3,C6,74,43,C6,74,43,09,01,8C,37,0F,03,91,01,8C,,,,
43952,ABB0,B3,8F,56,15,43,35,C3,03,B1,FF,43,B1,E4,38,36,0F,,,,
43968,ABC0,06,E0,38,FA,91,01,C3,C6,74,43,C6,74,43,38,8E,11,,,,
43984,ABD0,33,C3,0E,71,F7,C3,3C,C3,08,37,C3,05,C3,01,06,16,,,,
44000,ABE0,8C,57,01,55,14,00,43,DF,07,15,43,C7,01,09,04,43,,,,
44016,ABF0,33,A8,74,3C,A8,06,71,F7,A8,B1,F4,16,3F,9F,0D,90,,,,
44032,AC00,16,9F,3F,9F,07,A3,01,C2,14,40,20,49,A0,28,92,71,,,,
44048,AC10,FB,09,A0,04,28,C0,80,0C,71,3F,9F,90,16,9F,A0,7A,,,,
44064,AC20,40,A0,0A,3A,3F,3B,0D,3F,29,05,30,09,07,07,40,38,,,,
44080,AC30,09,02,05,40,A0,40,3A,48,92,28,38,AB,01,C2,14,3A,,,,
44096,AC40,C3,01,C2,14,40,A0,38,92,89,01,00,3A,D1,01,FF,0C,,,,
44112,AC50,01,38,C2,73,38,38,BF,06,65,28,00,7E,20,04,65,24,,,,
44128,AC60,00,7E,A0,28,2A,20,58,90,16,9F,D6,15,C2,73,04,71,,,,
44144,AC70,3F,9F,90,16,9F,DE,F5,C0,80,0C,71,FB,09,A3,72,FE,,,,
44160,AC80,28,38,BF,09,A0,36,2A,65,28,00,7E,20,13,A0,32,2A,,,,
44176,AC90,68,30,32,C0,92,32,68,2E,30,68,2C,2E,65,24,00,7E,,,,
44192,ACA0,34,A8,06,91,08,A8,B1,74,16,A0,7A,40,A0,0A,3E,3F,,,,
44208,ACB0,3F,0D,3F,2B,05,30,09,07,07,40,38,09,02,05,40,A0,,,,
44224,ACC0,40,3E,4B,01,C0,14,2A,3C,AB,01,C4,14,3E,C3,01,C0,,,,
44240,ACD0,14,2A,C3,01,C4,14,40,A1,00,5A,40,A1,62,02,42,35,,,,
44256,ACE0,C3,2A,44,3C,3C,38,A0,3E,3A,A4,3E,3A,88,00,3A,DF,,,,
44272,ACF0,16,B0,39,38,B0,3A,39,91,10,C7,0C,01,40,0C,01,3C,,,,
44288,AD00,88,00,3E,D7,F5,20,12,71,EF,C7,20,0D,88,00,3E,DF,,,,
44304,AD10,08,0C,01,40,0C,01,3C,27,F3,89,40,04,74,D7,23,B1,,,,
44320,AD20,E4,3A,3E,0F,06,E0,3A,FA,91,01,C3,35,C3,33,C6,74,,,,
44336,AD30,38,38,8E,10,71,F7,C3,71,7F,C3,37,0F,10,91,80,C3,,,,
44352,AD40,20,0B,20,7A,09,01,8C,37,0F,03,91,01,8C,B1,E4,3A,,,,
44368,AD50,36,0F,06,E0,3A,FA,91,01,C3,C6,74,39,C6,74,39,20,,,,
44384,AD60,5D,11,3A,3A,B6,10,B3,01,18,10,38,3E,38,03,90,E1,,,,
44400,AD70,3A,93,01,BF,17,3A,B1,E4,38,3E,0F,06,E0,38,FA,91,,,,
44416,AD80,01,C3,C6,74,3A,38,8E,0E,71,F7,C3,71,7F,C3,37,0F,,,,
44432,AD90,0E,91,80,C3,20,09,09,01,8C,37,0F,03,91,01,8C,B3,,,,
44448,ADA0,01,64,14,3A,30,8E,05,B3,01,65,14,3A,B1,E4,38,36,,,,
44464,ADB0,0F,06,E0,38,FA,91,01,C3,C6,74,3A,C6,74,3A,8C,3C,,,,
44480,ADC0,40,D5,04,A1,FF,FF,40,C3,01,CC,14,40,91,10,BA,71,,,,
44496,ADD0,BF,C7,39,BC,07,8B,69,30,00,40,D1,03,91,40,C7,B3,,,,
44512,ADE0,01,1A,10,43,44,8E,8E,3E,A3,01,66,00,3A,4B,3F,DA,,,,
44528,ADF0,17,64,38,AB,3F,E6,17,3A,4B,3F,F2,17,88,3C,8C,3C,,,,
44544,AE00,38,6F,01,EC,12,38,B3,01,39,00,3C,B3,01,3A,00,3D,,,,
44560,AE10,C3,01,3C,15,3C,32,43,05,A3,01,3A,15,3C,C0,8A,3C,,,,
44576,AE20,A3,01,CC,14,40,4B,3F,CE,17,3C,42,D9,04,11,CD,20,,,,
44592,AE30,2C,6C,42,40,0C,06,40,AF,69,6B,00,3A,88,8A,3A,D9,,,,
44608,AE40,03,A0,8A,3A,8C,3A,40,DD,14,98,00,41,DF,03,B1,FF,,,,
44624,AE50,40,7B,01,96,18,40,DB,02,11,40,C4,CD,40,C3,3F,CE,,,,
44640,AE60,17,3C,C3,3F,DA,17,64,C3,3F,E6,17,66,C3,3F,F2,17,,,,
44656,AE70,88,30,BF,6D,A0,30,38,08,01,38,88,38,2E,D9,3A,88,,,,
44672,AE80,38,32,D1,60,A3,01,CC,14,38,89,D0,07,38,D3,27,A3,,,,
44688,AE90,6A,0E,54,71,10,55,91,08,55,91,20,55,B0,D0,56,B0,,,,
44704,AEA0,D7,57,EF,58,C0,C7,58,FF,00,B3,01,22,10,38,91,01,,,,
44720,AEB0,38,C7,01,22,10,38,FD,FD,FF,A0,2E,38,08,01,38,88,,,,
44736,AEC0,38,30,D9,09,69,02,00,7E,68,30,2A,20,17,A0,32,38,,,,
44752,AED0,08,01,38,88,38,30,D9,AC,65,02,00,7E,64,30,2A,20,,,,
44768,AEE0,03,32,B6,00,33,BF,5A,32,C7,2E,71,FB,C7,A1,03,00,,,,
44784,AEF0,8E,B1,03,B5,B1,2A,A9,3B,10,3F,47,01,CA,14,00,38,,,,
44800,AF00,DF,0A,48,38,7E,38,89,74,00,38,D9,2D,A1,00,00,8E,,,,
44816,AF10,B1,00,B5,B1,D5,A9,20,21,74,A9,A9,3B,10,0F,91,01,,,,
44832,AF20,A9,99,55,A9,D7,13,91,40,A8,A1,00,00,8E,99,AA,A9,,,,
44848,AF30,D7,07,91,40,A8,A1,03,00,8E,91,08,A4,C7,01,FE,08,,,,
44864,AF40,A4,AD,1A,38,B1,51,06,44,7E,38,04,71,FD,BF,B2,18,,,,
44880,AF50,08,FB,89,40,04,74,D7,4F,B1,E4,40,3E,0F,06,E0,40,,,,
44896,AF60,FA,91,01,C3,A3,01,5E,15,40,30,8E,05,A3,01,60,15,,,,
44912,AF70,40,FA,C6,74,40,C6,74,40,38,8E,10,71,F7,C3,37,0F,,,,
44928,AF80,05,91,08,C3,20,0E,71,EF,C3,20,09,09,01,8C,37,0F,,,,
44944,AF90,03,91,01,8C,B1,E4,40,36,0F,06,E0,40,FA,91,01,C3,,,,
44960,AFA0,C6,74,41,C6,74,41,FB,32,B6,1D,B1,32,42,7F,68,56,,,,
44976,AFB0,42,C3,01,3E,15,42,C3,01,40,15,42,C7,01,93,18,00,,,,
44992,AFC0,C3,01,22,15,00,21,46,A3,68,2E,40,6C,8A,40,0D,01,,,,
45008,AFD0,40,8F,01,CC,14,40,D5,04,A1,FF,FF,40,A0,40,42,C3,,,,
45024,AFE0,01,40,15,40,8B,01,3E,15,40,D9,0D,35,B8,0A,C0,38,,,,
45040,AFF0,00,B3,01,94,18,39,20,07,01,38,B3,01,95,18,39,A3,,,,
45056,B000,01,22,15,3A,A3,01,3E,15,3C,48,3C,42,40,D3,12,6C,,,,
45072,B010,38,40,77,01,93,18,41,C7,01,93,18,41,A4,3C,42,20,,,,
45088,B020,1C,03,40,6C,38,40,B3,01,93,18,38,7B,01,41,00,38,,,,
45104,B030,C7,01,93,18,38,A8,42,3C,A0,3C,42,01,3E,8B,01,42,,,,
45120,B040,15,42,D1,05,A3,01,42,15,42,C3,01,3E,15,42,B3,01,,,,
45136,B050,1A,10,38,32,38,06,30,38,03,C4,CD,00,34,C0,02,20,,,,
45152,B060,58,31,B6,16,B3,01,54,14,3C,9B,01,7A,18,3C,D9,0A,,,,
45168,B070,C4,CD,00,C3,01,22,15,00,20,93,54,CD,00,3E,DF,39,,,,
45184,B080,98,00,3F,D7,05,99,1F,3E,D1,04,A1,1F,00,3E,64,6C,,,,
45200,B090,3E,AF,3F,6A,02,38,7F,01,92,18,38,64,38,38,D3,04,,,,
45216,B0A0,A1,FF,FF,38,98,3A,39,D1,10,C4,3A,39,91,08,C7,B3,,,,
45232,B0B0,69,81,00,3B,91,80,3B,20,35,88,00,3A,DF,4F,37,3B,,,,
45248,B0C0,17,15,3B,3F,3B,28,B3,69,82,00,38,7C,3A,38,78,39,,,,
45264,B0D0,3A,B3,69,83,00,3B,20,16,E0,3B,13,B3,69,83,00,3B,,,,
45280,B0E0,7B,01,97,18,3A,DB,07,C3,01,22,15,00,20,1F,C3,01,,,,
45296,B0F0,22,15,3A,11,3B,65,40,00,3A,4C,42,3A,40,41,C0,FF,,,,
45312,B100,42,38,DF,06,A1,FF,FF,42,20,03,0D,0A,40,89,40,04,,,,
45328,B110,74,D7,5F,B1,E4,39,3E,0F,06,E0,39,FA,91,01,C3,35,,,,
45344,B120,C3,15,91,10,C3,89,40,04,74,D7,0C,51,B8,C7,38,90,,,,
45360,B130,8E,38,71,DF,C3,20,04,51,A8,C7,38,71,F7,B6,51,47,,,,
45376,B140,C7,39,DF,06,91,40,38,91,08,B6,FA,C6,74,38,C6,74,,,,
45392,B150,38,09,01,8C,37,0F,03,91,01,8C,B3,8F,4E,15,38,B1,,,,
45408,B160,E4,39,36,0F,06,E0,39,FA,91,01,C3,C6,74,38,C6,74,,,,
45424,B170,38,FB,33,B6,02,20,D4,A3,01,62,15,38,6C,42,38,B3,,,,
45440,B180,01,56,14,3C,13,3C,0C,3C,38,88,00,3A,DF,06,A1,FF,,,,
45456,B190,FF,42,20,B2,C0,42,38,31,B8,6D,AC,D9,3E,79,00,3E,,,,
45472,B1A0,D9,07,11,3E,A0,6C,38,20,0C,18,00,3E,99,0F,3E,D9,,,,
45488,B1B0,2A,44,6C,3E,38,11,3C,38,B8,07,B3,39,8A,02,3D,20,,,,
45504,B1C0,05,B3,39,9A,02,3D,4C,42,3C,38,99,C0,3B,D3,06,A1,,,,
45520,B1D0,FF,FF,3A,20,03,0D,02,38,C0,42,3A,38,B8,06,B3,68,,,,
45536,B1E0,70,38,20,04,B3,68,6F,38,98,38,D9,D3,1A,99,05,AC,,,,
45552,B1F0,D9,0D,99,03,AC,D1,08,B3,01,7F,18,AC,B1,01,B4,99,,,,
45568,B200,0F,3E,D1,03,71,FD,B8,3A,B6,32,B3,69,09,00,38,3A,,,,
45584,B210,38,1D,A3,01,66,15,38,3F,39,0B,64,38,42,D3,10,A1,,,,
45600,B220,FF,FF,42,20,21,71,7F,39,68,38,42,DB,02,01,42,67,,,,
45616,B230,01,88,15,42,D3,06,A1,FF,FF,42,20,0A,8B,68,34,42,,,,
45632,B240,DB,04,A3,68,34,42,C3,01,68,15,42,C3,01,88,15,00,,,,
45648,B250,71,F7,C7,89,40,04,74,D7,2F,B1,E4,38,3E,0F,06,E0,,,,
45664,B260,38,FA,91,01,C3,FA,C6,74,42,C6,74,42,09,01,8C,37,,,,
45680,B270,0F,03,91,01,8C,B1,E4,38,36,0F,06,E0,38,FA,91,01,,,,
45696,B280,C3,C6,74,43,C6,74,43,FB,89,40,04,74,DF,0C,3F,B8,,,,
45712,B290,0F,3A,C7,0C,A1,40,04,74,20,06,30,C3,03,91,80,B8,,,,
45728,B2A0,71,FE,C3,B3,69,09,00,38,32,38,39,4F,01,64,15,42,,,,
45744,B2B0,38,0D,01,38,D5,04,A1,FF,FF,3A,3A,B6,24,A3,01,8C,,,,
45760,B2C0,12,40,3F,41,0F,6D,FF,03,40,64,42,3A,D3,13,A1,FF,,,,
45776,B2D0,FF,3A,20,0D,03,40,6D,FF,03,40,68,42,3A,DB,02,01,,,,
45792,B2E0,3A,A0,3A,42,C7,01,55,14,00,33,B6,02,20,88,32,B6,,,,
45808,B2F0,15,FE,4D,06,00,42,38,67,01,6A,15,38,A7,01,6C,15,,,,
45824,B300,3A,30,BF,68,20,4E,B3,01,18,10,38,3E,38,0A,01,38,,,,
45840,B310,53,8F,E7,40,E1,00,D7,2D,B3,01,07,16,38,12,38,53,,,,
45856,B320,8F,E7,40,38,00,C0,38,00,D7,1B,A1,4E,0E,3A,A1,00,,,,
45872,B330,1C,38,8F,01,CC,14,38,D5,04,A1,FF,FF,38,88,42,38,,,,
45888,B340,D1,03,A0,42,38,01,3A,67,01,6A,15,38,A7,01,6C,15,,,,
45904,B350,3A,30,BF,18,B3,01,39,00,3C,88,00,3A,DF,03,B1,FF,,,,
45920,B360,3C,78,3C,39,A8,00,3A,C7,01,55,14,3C,C3,01,6A,15,,,,
45936,B370,38,C3,01,6C,15,3A,71,FE,BF,3A,B8,03,E7,6A,03,B3,,,,
45952,B380,01,99,18,3C,9B,01,71,18,3C,D1,1D,57,01,73,18,AD,,,,
45968,B390,AF,D3,03,B1,FF,AF,B1,06,AC,B3,69,2C,00,B4,91,20,,,,
45984,B3A0,C5,B3,69,D8,00,3C,20,0F,57,01,77,18,00,3C,D7,05,,,,
46000,B3B0,71,DF,C5,20,07,15,3C,C7,01,77,18,3C,E0,B4,55,98,,,,
46016,B3C0,AD,AF,D3,0B,D9,2D,17,B4,B3,01,7F,18,AC,20,45,41,,,,
46032,B3D0,07,00,AC,3A,64,3A,3A,64,68,3A,A3,3A,20,38,C4,B4,,,,
46048,B3E0,38,74,39,AF,D3,03,B1,FF,AF,98,AD,AF,D1,26,B0,AD,,,,
46064,B3F0,AF,20,21,41,07,00,AC,3A,64,3A,3A,64,68,3A,A3,3A,,,,
46080,B400,20,38,C4,B4,38,78,39,AF,DB,02,11,AF,98,AD,AF,DB,,,,
46096,B410,03,B0,AD,AF,B0,AF,3A,B1,80,3B,54,B0,8E,38,99,05,,,,
46112,B420,38,D1,03,79,06,38,11,39,32,B9,2D,57,01,E9,14,00,,,,
46128,B430,3E,D7,19,BF,39,C8,13,3E,64,3E,3A,98,00,38,D7,18,,,,
46144,B440,B3,01,CA,FF,3E,C7,01,E9,14,3E,20,0C,98,00,38,D7,,,,
46160,B450,07,15,3E,C7,01,E9,14,3E,37,C5,07,AF,01,78,18,3E,,,,
46176,B460,20,19,AF,01,75,18,3E,64,38,3E,AF,3F,EC,11,3E,64,,,,
46192,B470,3E,3A,44,38,38,3E,AF,3F,7A,17,3E,64,3E,3A,B3,69,,,,
46208,B480,09,00,3E,35,3E,22,AF,01,9F,18,3E,64,3A,3E,8B,01,,,,
46224,B490,12,15,3E,DB,09,A3,01,12,15,3E,48,3A,3E,3C,88,3E,,,,
46240,B4A0,3A,DB,14,A0,3E,3A,20,CC,A3,01,12,15,3C,88,3C,3A,,,,
46256,B4B0,DB,05,A0,3C,3A,20,BD,51,1F,BB,00,D7,03,3F,C6,02,,,,
46272,B4C0,20,B2,A3,01,CC,14,3C,01,3E,8D,28,00,3C,35,C6,54,,,,
46288,B4D0,AF,01,E5,14,3E,68,3C,3E,DB,26,03,3E,79,00,3E,D9,,,,
46304,B4E0,05,A0,6C,3E,20,10,08,01,3E,89,0B,00,3E,D1,04,A1,,,,
46320,B4F0,0B,00,3E,64,6C,3E,AF,3F,46,02,3C,64,3C,3A,20,74,,,,
46336,B500,79,00,3E,D9,05,A0,6C,3E,20,10,08,01,3E,89,0B,00,,,,
46352,B510,3E,D1,04,A1,0B,00,3E,64,6C,3E,AF,3F,3A,02,3C,68,,,,
46368,B520,3C,3A,20,50,AC,AB,3E,68,3C,3E,DB,26,03,3E,79,00,,,,
46384,B530,3E,D9,05,A0,6C,3E,20,10,08,01,3E,89,0B,00,3E,D1,,,,
46400,B540,04,A1,0B,00,3E,64,6C,3E,AF,3F,5E,02,3C,64,3C,3A,,,,
46416,B550,20,22,79,00,3E,D9,05,A0,6C,3E,20,10,08,01,3E,89,,,,
46432,B560,0B,00,3E,D1,04,A1,0B,00,3E,64,6C,3E,AF,3F,52,02,,,,
46448,B570,3C,68,3C,3A,A3,69,20,00,3C,99,80,3B,D3,24,D9,05,,,,
46464,B580,98,3C,3A,D1,16,B0,3C,3E,B1,80,3F,48,3E,3A,3E,68,,,,
46480,B590,3E,42,DB,02,01,42,AC,3C,3A,20,0C,9B,01,3D,00,3A,,,,
46496,B5A0,D9,05,AF,01,3D,00,3A,C4,AE,3A,11,3B,5D,A0,B0,3E,,,,
46512,B5B0,64,3A,3E,4B,01,02,15,3E,3A,DB,02,01,3A,51,07,3A,,,,
46528,B5C0,3C,08,02,3A,71,FE,3A,AF,01,FF,14,42,9B,01,80,18,,,,
46544,B5D0,3C,D9,0C,77,01,FE,14,3C,68,42,3A,DB,02,01,3A,51,,,,
46560,B5E0,07,3E,40,08,02,3E,71,FE,3E,9B,01,80,18,40,D9,0C,,,,
46576,B5F0,77,01,FE,14,40,68,42,3E,DB,02,01,3E,B0,38,3D,3E,,,,
46592,B600,A8,03,91,08,3D,55,10,3D,41,AF,8F,4E,42,38,45,05,,,,
46608,B610,00,38,42,88,38,3E,D1,31,88,42,3A,D9,24,88,38,3A,,,,
46624,B620,D1,0C,68,38,3A,09,02,3A,74,3A,3C,A0,38,3A,88,42,,,,
46640,B630,3E,D9,12,68,38,3E,09,02,3E,74,3E,40,A0,38,3E,20,,,,
46656,B640,08,69,04,00,3A,69,04,00,3E,8B,01,C8,14,3A,D1,08,,,,
46672,B650,15,B0,D3,02,20,93,11,B0,AC,B1,38,64,7E,3E,C3,39,,,,
46688,B660,80,14,3E,C3,39,82,14,40,44,7E,3A,3E,C3,39,A0,14,,,,
46704,B670,3E,C3,39,A2,14,3C,FA,75,04,B1,71,1C,B1,32,B7,4B,,,,
46720,B680,71,FB,B7,A0,3E,94,A0,3C,96,B0,B1,B3,B0,38,B2,48,,,,
46736,B690,3E,0C,38,37,39,09,B1,70,06,A0,3E,04,FB,20,4A,B1,,,,
46752,B6A0,30,06,45,04,00,0A,04,FB,99,03,B0,D3,05,B1,03,B0,,,,
46768,B6B0,20,37,17,B0,54,B0,8E,38,99,05,38,D1,03,79,06,38,,,,
46784,B6C0,11,39,A1,00,80,3A,B0,AF,3A,25,5D,FB,34,97,09,48,,,,
46800,B6D0,7E,94,38,88,3A,38,D9,D0,48,7E,0C,38,AF,01,FF,14,,,,
46816,B6E0,3E,64,3E,38,88,38,3A,D1,BF,49,02,00,8E,3C,DB,04,,,,
46832,B6F0,65,06,00,3C,AF,01,75,18,40,74,3C,40,B3,41,EC,11,,,,
46848,B700,3A,44,3C,3C,3E,B0,3E,3B,A3,3F,6A,17,38,A3,3F,5A,,,,
46864,B710,17,42,C7,01,9E,17,42,3E,43,02,20,98,30,43,41,9B,,,,
46880,B720,6B,7D,01,42,DB,24,B3,01,70,12,3C,9B,6B,80,01,3C,,,,
46896,B730,DB,09,17,3C,C7,01,70,12,3C,21,AA,B3,6B,80,01,3C,,,,
46912,B740,C7,01,70,12,3C,91,01,C5,21,9B,57,01,70,12,00,3C,,,,
46928,B750,DF,09,15,3C,C7,01,70,12,3C,21,8A,71,FE,C5,21,85,,,,
46944,B760,B3,01,A2,17,3C,79,24,3C,DB,02,13,3C,9B,6B,7E,01,,,,
46960,B770,3C,D9,07,9B,6B,7F,01,42,D1,24,B3,01,71,12,3C,9B,,,,
46976,B780,6B,80,01,3C,DB,09,17,3C,C7,01,71,12,3C,21,56,B3,,,,
46992,B790,6B,80,01,3C,C7,01,71,12,3C,91,02,C5,21,47,57,01,,,,
47008,B7A0,71,12,00,3C,DF,09,15,3C,C7,01,71,12,3C,21,36,71,,,,
47024,B7B0,FD,C5,21,31,3F,B6,02,20,90,B3,3F,8B,17,3C,C7,01,,,,
47040,B7C0,9F,17,3C,5C,3C,42,3C,5B,01,3D,00,42,3D,98,39,3D,,,,
47056,B7D0,D9,0C,9B,69,DA,00,42,D1,2B,91,40,3B,20,06,91,80,,,,
47072,B7E0,3B,C4,42,3D,B3,3F,7A,17,3C,35,C5,0C,77,01,72,18,,,,
47088,B7F0,3C,B3,69,D7,00,3D,20,3B,B3,01,6E,18,38,77,01,72,,,,
47104,B800,18,3A,20,34,57,3F,7A,17,00,3C,D7,14,3D,C5,29,E0,,,,
47120,B810,38,26,B3,01,6E,18,38,98,00,3A,DF,39,15,3A,20,18,,,,
47136,B820,57,3F,7B,17,00,3D,DF,04,15,3D,20,07,15,3C,B3,69,,,,
47152,B830,D7,00,3D,C7,3F,7B,17,3D,9B,01,6D,18,3C,D1,05,B3,,,,
47168,B840,01,6D,18,3C,C7,3F,7A,17,3C,9B,01,6D,18,3A,D1,05,,,,
47184,B850,B3,01,6D,18,3A,AC,42,3C,B1,40,42,78,39,3C,DF,38,,,,
47200,B860,DB,02,12,3D,AF,3F,5A,17,42,09,06,42,9C,39,42,D5,,,,
47216,B870,03,B1,FF,42,B1,02,43,3D,C5,14,17,43,9B,69,DB,00,,,,
47232,B880,42,D3,0B,17,43,9B,69,DC,00,42,D1,02,17,43,0A,43,,,,
47248,B890,3C,D7,02,17,3C,74,3C,39,C7,01,A0,17,42,B3,3F,8A,,,,
47264,B8A0,17,3C,99,33,39,D1,11,99,01,3C,D9,05,B1,01,3C,20,,,,
47280,B8B0,2A,15,3C,18,01,39,20,23,99,0F,39,DB,0A,99,07,3C,,,,
47296,B8C0,DB,0A,17,3C,19,01,39,99,07,3C,D3,0F,B1,07,3C,9B,,,,
47312,B8D0,69,D6,00,39,DB,05,B3,69,D6,00,39,C7,3F,8A,17,3C,,,,
47328,B8E0,C7,01,9D,17,3C,37,C5,07,B3,01,78,18,3A,20,05,C7,,,,
47344,B8F0,41,EC,11,3A,C3,3F,6A,17,38,C7,01,9C,17,39,C3,01,,,,
47360,B900,9A,17,3A,34,C9,22,3E,08,1F,90,11,A0,3E,A0,19,B1,,,,
47376,B910,07,11,A1,68,14,78,A2,79,76,91,20,CA,B0,11,00,71,,,,
47392,B920,BF,09,91,40,08,B2,76,07,FA,48,7E,0C,38,65,50,00,,,,
47408,B930,38,C3,01,C8,14,38,C6,18,08,F3,F0,FF,FF,FF,FF,FF,Blank Space Below Here (Hidden),,,
47424,B940,FF,FF,FF,FF,FF,FF,FF,FF,FF,FF,FF,FF,FF,FF,FF,FF,,,,
47440,B950,FF,FF,FF,FF,FF,FF,FF,FF,FF,FF,FF,FF,FF,FF,FF,FF,,,,
47456,B960,FF,FF,FF,FF,FF,FF,FF,FF,FF,FF,FF,FF,FF,FF,FF,FF,,,,
47472,B970,FF,FF,FF,FF,FF,FF,FF,FF,FF,FF,FF,FF,FF,FF,FF,FF,,,,
47488,B980,FF,FF,FF,FF,FF,FF,FF,FF,FF,FF,FF,FF,FF,FF,FF,FF,,,,
47504,B990,FF,FF,FF,FF,FF,FF,FF,FF,FF,FF,FF,FF,FF,FF,FF,FF,,,,
47520,B9A0,FF,FF,FF,FF,FF,FF,FF,FF,FF,FF,FF,FF,FF,FF,FF,FF,,,,
47536,B9B0,FF,FF,FF,FF,FF,FF,FF,FF,FF,FF,FF,FF,FF,FF,FF,FF,,,,
47552,B9C0,FF,FF,FF,FF,FF,FF,FF,FF,FF,FF,FF,FF,FF,FF,FF,FF,,,,
47568,B9D0,FF,FF,FF,FF,FF,FF,FF,FF,FF,FF,FF,FF,FF,FF,FF,FF,,,,
47584,B9E0,FF,FF,FF,FF,FF,FF,FF,FF,FF,FF,FF,FF,FF,FF,FF,FF,,,,
47600,B9F0,FF,FF,FF,FF,FF,FF,FF,FF,FF,FF,FF,FF,FF,FF,FF,FF,,,,
47616,BA00,FF,FF,FF,FF,FF,FF,FF,FF,FF,FF,FF,FF,FF,FF,FF,FF,,,,
47632,BA10,FF,FF,FF,FF,FF,FF,FF,FF,FF,FF,FF,FF,FF,FF,FF,FF,,,,
47648,BA20,FF,FF,FF,FF,FF,FF,FF,FF,FF,FF,FF,FF,FF,FF,FF,FF,,,,
47664,BA30,FF,FF,FF,FF,FF,FF,FF,FF,FF,FF,FF,FF,FF,FF,FF,FF,,,,
47680,BA40,FF,FF,FF,FF,FF,FF,FF,FF,FF,FF,FF,FF,FF,FF,FF,FF,,,,
47696,BA50,FF,FF,FF,FF,FF,FF,FF,FF,FF,FF,FF,FF,FF,FF,FF,FF,,,,
47712,BA60,FF,FF,FF,FF,FF,FF,FF,FF,FF,FF,FF,FF,FF,FF,FF,FF,,,,
47728,BA70,FF,FF,FF,FF,FF,FF,FF,FF,FF,FF,FF,FF,FF,FF,FF,FF,,,,
47744,BA80,FF,FF,FF,FF,FF,FF,FF,FF,FF,FF,FF,FF,FF,FF,FF,FF,,,,
47760,BA90,FF,FF,FF,FF,FF,FF,FF,FF,FF,FF,FF,FF,FF,FF,FF,FF,,,,
47776,BAA0,FF,FF,FF,FF,FF,FF,FF,FF,FF,FF,FF,FF,FF,FF,FF,FF,,,,
47792,BAB0,FF,FF,FF,FF,FF,FF,FF,FF,FF,FF,FF,FF,FF,FF,FF,FF,,,,
47808,BAC0,FF,FF,FF,FF,FF,FF,FF,FF,FF,FF,FF,FF,FF,FF,FF,FF,,,,
47824,BAD0,FF,FF,FF,FF,FF,FF,FF,FF,FF,FF,FF,FF,FF,FF,FF,FF,,,,
47840,BAE0,FF,FF,FF,FF,FF,FF,FF,FF,FF,FF,FF,FF,FF,FF,FF,FF,,,,
47856,BAF0,FF,FF,FF,FF,FF,FF,FF,FF,FF,FF,FF,FF,FF,FF,FF,FF,,,,
47872,BB00,FF,FF,FF,FF,FF,FF,FF,FF,FF,FF,FF,FF,FF,FF,FF,FF,,,,
47888,BB10,FF,FF,FF,FF,FF,FF,FF,FF,FF,FF,FF,FF,FF,FF,FF,FF,,,,
47904,BB20,FF,FF,FF,FF,FF,FF,FF,FF,FF,FF,FF,FF,FF,FF,FF,FF,,,,
47920,BB30,FF,FF,FF,FF,FF,FF,FF,FF,FF,FF,FF,FF,FF,FF,FF,FF,,,,
47936,BB40,FF,FF,FF,FF,FF,FF,FF,FF,FF,FF,FF,FF,FF,FF,FF,FF,,,,
47952,BB50,FF,FF,FF,FF,FF,FF,FF,FF,FF,FF,FF,FF,FF,FF,FF,FF,,,,
47968,BB60,FF,FF,FF,FF,FF,FF,FF,FF,FF,FF,FF,FF,FF,FF,FF,FF,,,,
47984,BB70,FF,FF,FF,FF,FF,FF,FF,FF,FF,FF,FF,FF,FF,FF,FF,FF,,,,
48000,BB80,FF,FF,FF,FF,FF,FF,FF,FF,FF,FF,FF,FF,FF,FF,FF,FF,,,,
48016,BB90,FF,FF,FF,FF,FF,FF,FF,FF,FF,FF,FF,FF,FF,FF,FF,FF,,,,
48032,BBA0,FF,FF,FF,FF,FF,FF,FF,FF,FF,FF,FF,FF,FF,FF,FF,FF,,,,
48048,BBB0,FF,FF,FF,FF,FF,FF,FF,FF,FF,FF,FF,FF,FF,FF,FF,FF,,,,
48064,BBC0,FF,FF,FF,FF,FF,FF,FF,FF,FF,FF,FF,FF,FF,FF,FF,FF,,,,
48080,BBD0,FF,FF,FF,FF,FF,FF,FF,FF,FF,FF,FF,FF,FF,FF,FF,FF,,,,
48096,BBE0,FF,FF,FF,FF,FF,FF,FF,FF,FF,FF,FF,FF,FF,FF,FF,FF,,,,
48112,BBF0,FF,FF,FF,FF,FF,FF,FF,FF,FF,FF,FF,FF,FF,FF,FF,FF,,,,
48128,BC00,FF,FF,FF,FF,FF,FF,FF,FF,FF,FF,FF,FF,FF,FF,FF,FF,,,,
48144,BC10,FF,FF,FF,FF,FF,FF,FF,FF,FF,FF,FF,FF,FF,FF,FF,FF,,,,
48160,BC20,FF,FF,FF,FF,FF,FF,FF,FF,FF,FF,FF,FF,FF,FF,FF,FF,,,,
48176,BC30,FF,FF,FF,FF,FF,FF,FF,FF,FF,FF,FF,FF,FF,FF,FF,FF,,,,
48192,BC40,FF,FF,FF,FF,FF,FF,FF,FF,FF,FF,FF,FF,FF,FF,FF,FF,,,,
48208,BC50,FF,FF,FF,FF,FF,FF,FF,FF,FF,FF,FF,FF,FF,FF,FF,FF,,,,
48224,BC60,FF,FF,FF,FF,FF,FF,FF,FF,FF,FF,FF,FF,FF,FF,FF,FF,,,,
48240,BC70,FF,FF,FF,FF,FF,FF,FF,FF,FF,FF,FF,FF,FF,FF,FF,FF,,,,
48256,BC80,FF,FF,FF,FF,FF,FF,FF,FF,FF,FF,FF,FF,FF,FF,FF,FF,,,,
48272,BC90,FF,FF,FF,FF,FF,FF,FF,FF,FF,FF,FF,FF,FF,FF,FF,FF,,,,
48288,BCA0,FF,FF,FF,FF,FF,FF,FF,FF,FF,FF,FF,FF,FF,FF,FF,FF,,,,
48304,BCB0,FF,FF,FF,FF,FF,FF,FF,FF,FF,FF,FF,FF,FF,FF,FF,FF,,,,
48320,BCC0,FF,FF,FF,FF,FF,FF,FF,FF,FF,FF,FF,FF,FF,FF,FF,FF,,,,
48336,BCD0,FF,FF,FF,FF,FF,FF,FF,FF,FF,FF,FF,FF,FF,FF,FF,FF,,,,
48352,BCE0,FF,FF,FF,FF,FF,FF,FF,FF,FF,FF,FF,FF,FF,FF,FF,FF,,,,
48368,BCF0,FF,FF,FF,FF,FF,FF,FF,FF,FF,FF,FF,FF,FF,FF,FF,FF,,,,
48384,BD00,FF,FF,FF,FF,FF,FF,FF,FF,FF,FF,FF,FF,FF,FF,FF,FF,,,,
48400,BD10,FF,FF,FF,FF,FF,FF,FF,FF,FF,FF,FF,FF,FF,FF,FF,FF,,,,
48416,BD20,FF,FF,FF,FF,FF,FF,FF,FF,FF,FF,FF,FF,FF,FF,FF,FF,,,,
48432,BD30,FF,FF,FF,FF,FF,FF,FF,FF,FF,FF,FF,FF,FF,FF,FF,FF,,,,
48448,BD40,FF,FF,FF,FF,FF,FF,FF,FF,FF,FF,FF,FF,FF,FF,FF,FF,,,,
48464,BD50,FF,FF,FF,FF,FF,FF,FF,FF,FF,FF,FF,FF,FF,FF,FF,FF,,,,
48480,BD60,FF,FF,FF,FF,FF,FF,FF,FF,FF,FF,FF,FF,FF,FF,FF,FF,,,,
48496,BD70,FF,FF,FF,FF,FF,FF,FF,FF,FF,FF,FF,FF,FF,FF,FF,FF,,,,
48512,BD80,FF,FF,FF,FF,FF,FF,FF,FF,FF,FF,FF,FF,FF,FF,FF,FF,,,,
48528,BD90,FF,FF,FF,FF,FF,FF,FF,FF,FF,FF,FF,FF,FF,FF,FF,FF,,,,
48544,BDA0,FF,FF,FF,FF,FF,FF,FF,FF,FF,FF,FF,FF,FF,FF,FF,FF,,,,
48560,BDB0,FF,FF,FF,FF,FF,FF,FF,FF,FF,FF,FF,FF,FF,FF,FF,FF,,,,
48576,BDC0,FF,FF,FF,FF,FF,FF,FF,FF,FF,FF,FF,FF,FF,FF,FF,FF,,,,
48592,BDD0,FF,FF,FF,FF,FF,FF,FF,FF,FF,FF,FF,FF,FF,FF,FF,FF,,,,
48608,BDE0,FF,FF,FF,FF,FF,FF,FF,FF,FF,FF,FF,FF,FF,FF,FF,FF,,,,
48624,BDF0,FF,FF,FF,FF,FF,FF,FF,FF,FF,FF,FF,FF,FF,FF,FF,FF,,,,
48640,BE00,FF,FF,FF,FF,FF,FF,FF,FF,FF,FF,FF,FF,FF,FF,FF,FF,,,,
48656,BE10,FF,FF,FF,FF,FF,FF,FF,FF,FF,FF,FF,FF,FF,FF,FF,FF,,,,
48672,BE20,FF,FF,FF,FF,FF,FF,FF,FF,FF,FF,FF,FF,FF,FF,FF,FF,,,,
48688,BE30,FF,FF,FF,FF,FF,FF,FF,FF,FF,FF,FF,FF,FF,FF,FF,FF,,,,
48704,BE40,FF,FF,FF,FF,FF,FF,FF,FF,FF,FF,FF,FF,FF,FF,FF,FF,,,,
48720,BE50,FF,FF,FF,FF,FF,FF,FF,FF,FF,FF,FF,FF,FF,FF,FF,FF,,,,
48736,BE60,FF,FF,FF,FF,FF,FF,FF,FF,FF,FF,FF,FF,FF,FF,FF,FF,,,,
48752,BE70,FF,FF,FF,FF,FF,FF,FF,FF,FF,FF,FF,FF,FF,FF,FF,FF,,,,
48768,BE80,FF,FF,FF,FF,FF,FF,FF,FF,FF,FF,FF,FF,FF,FF,FF,FF,,,,
48784,BE90,FF,FF,FF,FF,FF,FF,FF,FF,FF,FF,FF,FF,FF,FF,FF,FF,,,,
48800,BEA0,FF,FF,FF,FF,FF,FF,FF,FF,FF,FF,FF,FF,FF,FF,FF,FF,,,,
48816,BEB0,FF,FF,FF,FF,FF,FF,FF,FF,FF,FF,FF,FF,FF,FF,FF,FF,,,,
48832,BEC0,FF,FF,FF,FF,FF,FF,FF,FF,FF,FF,FF,FF,FF,FF,FF,FF,,,,
48848,BED0,FF,FF,FF,FF,FF,FF,FF,FF,FF,FF,FF,FF,FF,FF,FF,FF,,,,
48864,BEE0,FF,FF,FF,FF,FF,FF,FF,FF,FF,FF,FF,FF,FF,FF,FF,FF,,,,
48880,BEF0,FF,FF,FF,FF,FF,FF,FF,FF,FF,FF,FF,FF,FF,FF,FF,FF,,,,
48896,BF00,FF,FF,FF,FF,FF,FF,FF,FF,FF,FF,FF,FF,FF,FF,FF,FF,,,,
48912,BF10,FF,FF,FF,FF,FF,FF,FF,FF,FF,FF,FF,FF,FF,FF,FF,FF,,,,
48928,BF20,FF,FF,FF,FF,FF,FF,FF,FF,FF,FF,FF,FF,FF,FF,FF,FF,,,,
48944,BF30,FF,FF,FF,FF,FF,FF,FF,FF,FF,FF,FF,FF,FF,FF,FF,FF,,,,
48960,BF40,FF,FF,FF,FF,FF,FF,FF,FF,FF,FF,FF,FF,FF,FF,FF,FF,,,,
48976,BF50,FF,FF,FF,FF,FF,FF,FF,FF,FF,FF,FF,FF,FF,FF,FF,FF,,,,
48992,BF60,FF,FF,FF,FF,FF,FF,FF,FF,FF,FF,FF,FF,FF,FF,FF,FF,,,,
49008,BF70,FF,FF,FF,FF,FF,FF,FF,FF,FF,FF,FF,FF,FF,FF,FF,FF,,,,
49024,BF80,FF,FF,FF,FF,FF,FF,FF,FF,FF,FF,FF,FF,FF,FF,FF,FF,,,,
49040,BF90,FF,FF,FF,FF,FF,FF,FF,FF,FF,FF,FF,FF,FF,FF,FF,FF,,,,
49056,BFA0,FF,FF,FF,FF,FF,FF,FF,FF,FF,FF,FF,FF,FF,FF,FF,FF,,,,
49072,BFB0,FF,FF,FF,FF,FF,FF,FF,FF,FF,FF,FF,FF,FF,FF,FF,FF,,,,
49088,BFC0,FF,FF,FF,FF,FF,FF,FF,FF,FF,FF,FF,FF,FF,FF,FF,FF,,,,
49104,BFD0,FF,FF,FF,FF,FF,FF,FF,FF,FF,FF,FF,FF,FF,FF,FF,FF,,,,
49120,BFE0,FF,FF,FF,FF,FF,FF,FF,FF,FF,FF,FF,FF,FF,FF,FF,FF,,,,
49136,BFF0,FF,FF,FF,FF,FF,FF,FF,FF,FF,FF,FF,FF,FF,FF,FF,FF,,,,
49152,C000,FF,FF,FF,FF,FF,FF,FF,FF,FF,FF,FF,FF,FF,FF,FF,FF,,,,
49168,C010,FF,FF,FF,FF,FF,FF,FF,FF,FF,FF,FF,FF,FF,FF,FF,FF,,,,
49184,C020,FF,FF,FF,FF,FF,FF,FF,FF,FF,FF,FF,FF,FF,FF,FF,FF,,,,
49200,C030,FF,FF,FF,FF,FF,FF,FF,FF,FF,FF,FF,FF,FF,FF,FF,FF,,,,
49216,C040,FF,FF,FF,FF,FF,FF,FF,FF,FF,FF,FF,FF,FF,FF,FF,FF,,,,
49232,C050,FF,FF,FF,FF,FF,FF,FF,FF,FF,FF,FF,FF,FF,FF,FF,FF,,,,
49248,C060,FF,FF,FF,FF,FF,FF,FF,FF,FF,FF,FF,FF,FF,FF,FF,FF,,,,
49264,C070,FF,FF,FF,FF,FF,FF,FF,FF,FF,FF,FF,FF,FF,FF,FF,FF,,,,
49280,C080,FF,FF,FF,FF,FF,FF,FF,FF,FF,FF,FF,FF,FF,FF,FF,FF,,,,
49296,C090,FF,FF,FF,FF,FF,FF,FF,FF,FF,FF,FF,FF,FF,FF,FF,FF,,,,
49312,C0A0,FF,FF,FF,FF,FF,FF,FF,FF,FF,FF,FF,FF,FF,FF,FF,FF,,,,
49328,C0B0,FF,FF,FF,FF,FF,FF,FF,FF,FF,FF,FF,FF,FF,FF,FF,FF,,,,
49344,C0C0,FF,FF,FF,FF,FF,FF,FF,FF,FF,FF,FF,FF,FF,FF,FF,FF,,,,
49360,C0D0,FF,FF,FF,FF,FF,FF,FF,FF,FF,FF,FF,FF,FF,FF,FF,FF,,,,
49376,C0E0,FF,FF,FF,FF,FF,FF,FF,FF,FF,FF,FF,FF,FF,FF,FF,FF,,,,
49392,C0F0,FF,FF,FF,FF,FF,FF,FF,FF,FF,FF,FF,FF,FF,FF,FF,FF,,,,
49408,C100,FF,FF,FF,FF,FF,FF,FF,FF,FF,FF,FF,FF,FF,FF,FF,FF,,,,
49424,C110,FF,FF,FF,FF,FF,FF,FF,FF,FF,FF,FF,FF,FF,FF,FF,FF,,,,
49440,C120,FF,FF,FF,FF,FF,FF,FF,FF,FF,FF,FF,FF,FF,FF,FF,FF,,,,
49456,C130,FF,FF,FF,FF,FF,FF,FF,FF,FF,FF,FF,FF,FF,FF,FF,FF,,,,
49472,C140,FF,FF,FF,FF,FF,FF,FF,FF,FF,FF,FF,FF,FF,FF,FF,FF,,,,
49488,C150,FF,FF,FF,FF,FF,FF,FF,FF,FF,FF,FF,FF,FF,FF,FF,FF,,,,
49504,C160,FF,FF,FF,FF,FF,FF,FF,FF,FF,FF,FF,FF,FF,FF,FF,FF,,,,
49520,C170,FF,FF,FF,FF,FF,FF,FF,FF,FF,FF,FF,FF,FF,FF,FF,FF,,,,
49536,C180,FF,FF,FF,FF,FF,FF,FF,FF,FF,FF,FF,FF,FF,FF,FF,FF,,,,
49552,C190,FF,FF,FF,FF,FF,FF,FF,FF,FF,FF,FF,FF,FF,FF,FF,FF,,,,
49568,C1A0,FF,FF,FF,FF,FF,FF,FF,FF,FF,FF,FF,FF,FF,FF,FF,FF,,,,
49584,C1B0,FF,FF,FF,FF,FF,FF,FF,FF,FF,FF,FF,FF,FF,FF,FF,FF,,,,
49600,C1C0,FF,FF,FF,FF,FF,FF,FF,FF,FF,FF,FF,FF,FF,FF,FF,FF,,,,
49616,C1D0,FF,FF,FF,FF,FF,FF,FF,FF,FF,FF,FF,FF,FF,FF,FF,FF,,,,
49632,C1E0,FF,FF,FF,FF,FF,FF,FF,FF,FF,FF,FF,FF,FF,FF,FF,FF,,,,
49648,C1F0,FF,FF,FF,FF,FF,FF,FF,FF,FF,FF,FF,FF,FF,FF,FF,FF,,,,
49664,C200,FF,FF,FF,FF,FF,FF,FF,FF,FF,FF,FF,FF,FF,FF,FF,FF,,,,
49680,C210,FF,FF,FF,FF,FF,FF,FF,FF,FF,FF,FF,FF,FF,FF,FF,FF,,,,
49696,C220,FF,FF,FF,FF,FF,FF,FF,FF,FF,FF,FF,FF,FF,FF,FF,FF,,,,
49712,C230,FF,FF,FF,FF,FF,FF,FF,FF,FF,FF,FF,FF,FF,FF,FF,FF,,,,
49728,C240,FF,FF,FF,FF,FF,FF,FF,FF,FF,FF,FF,FF,FF,FF,FF,FF,,,,
49744,C250,FF,FF,FF,FF,FF,FF,FF,FF,FF,FF,FF,FF,FF,FF,FF,FF,,,,
49760,C260,FF,FF,FF,FF,FF,FF,FF,FF,FF,FF,FF,FF,FF,FF,FF,FF,,,,
49776,C270,FF,FF,FF,FF,FF,FF,FF,FF,FF,FF,FF,FF,FF,FF,FF,FF,,,,
49792,C280,FF,FF,FF,FF,FF,FF,FF,FF,FF,FF,FF,FF,FF,FF,FF,FF,,,,
49808,C290,FF,FF,FF,FF,FF,FF,FF,FF,FF,FF,FF,FF,FF,FF,FF,FF,,,,
49824,C2A0,FF,FF,FF,FF,FF,FF,FF,FF,FF,FF,FF,FF,FF,FF,FF,FF,,,,
49840,C2B0,FF,FF,FF,FF,FF,FF,FF,FF,FF,FF,FF,FF,FF,FF,FF,FF,,,,
49856,C2C0,FF,FF,FF,FF,FF,FF,FF,FF,FF,FF,FF,FF,FF,FF,FF,FF,,,,
49872,C2D0,FF,FF,FF,FF,FF,FF,FF,FF,FF,FF,FF,FF,FF,FF,FF,FF,,,,
49888,C2E0,FF,FF,FF,FF,FF,FF,FF,FF,FF,FF,FF,FF,FF,FF,FF,FF,,,,
49904,C2F0,FF,FF,FF,FF,FF,FF,FF,FF,FF,FF,FF,FF,FF,FF,FF,FF,,,,
49920,C300,FF,FF,FF,FF,FF,FF,FF,FF,FF,FF,FF,FF,FF,FF,FF,FF,,,,
49936,C310,FF,FF,FF,FF,FF,FF,FF,FF,FF,FF,FF,FF,FF,FF,FF,FF,,,,
49952,C320,FF,FF,FF,FF,FF,FF,FF,FF,FF,FF,FF,FF,FF,FF,FF,FF,,,,
49968,C330,FF,FF,FF,FF,FF,FF,FF,FF,FF,FF,FF,FF,FF,FF,FF,FF,,,,
49984,C340,FF,FF,FF,FF,FF,FF,FF,FF,FF,FF,FF,FF,FF,FF,FF,FF,,,,
50000,C350,FF,FF,FF,FF,FF,FF,FF,FF,FF,FF,FF,FF,FF,FF,FF,FF,,,,
50016,C360,FF,FF,FF,FF,FF,FF,FF,FF,FF,FF,FF,FF,FF,FF,FF,FF,,,,
50032,C370,FF,FF,FF,FF,FF,FF,FF,FF,FF,FF,FF,FF,FF,FF,FF,FF,,,,
50048,C380,FF,FF,FF,FF,FF,FF,FF,FF,FF,FF,FF,FF,FF,FF,FF,FF,,,,
50064,C390,FF,FF,FF,FF,FF,FF,FF,FF,FF,FF,FF,FF,FF,FF,FF,FF,,,,
50080,C3A0,FF,FF,FF,FF,FF,FF,FF,FF,FF,FF,FF,FF,FF,FF,FF,FF,,,,
50096,C3B0,FF,FF,FF,FF,FF,FF,FF,FF,FF,FF,FF,FF,FF,FF,FF,FF,,,,
50112,C3C0,FF,FF,FF,FF,FF,FF,FF,FF,FF,FF,FF,FF,FF,FF,FF,FF,,,,
50128,C3D0,FF,FF,FF,FF,FF,FF,FF,FF,FF,FF,FF,FF,FF,FF,FF,FF,,,,
50144,C3E0,FF,FF,FF,FF,FF,FF,FF,FF,FF,FF,FF,FF,FF,FF,FF,FF,,,,
50160,C3F0,FF,FF,FF,FF,FF,FF,FF,FF,FF,FF,FF,FF,FF,FF,FF,FF,,,,
50176,C400,FF,FF,FF,FF,FF,FF,FF,FF,FF,FF,FF,FF,FF,FF,FF,FF,,,,
50192,C410,FF,FF,FF,FF,FF,FF,FF,FF,FF,FF,FF,FF,FF,FF,FF,FF,,,,
50208,C420,FF,FF,FF,FF,FF,FF,FF,FF,FF,FF,FF,FF,FF,FF,FF,FF,,,,
50224,C430,FF,FF,FF,FF,FF,FF,FF,FF,FF,FF,FF,FF,FF,FF,FF,FF,,,,
50240,C440,FF,FF,FF,FF,FF,FF,FF,FF,FF,FF,FF,FF,FF,FF,FF,FF,,,,
50256,C450,FF,FF,FF,FF,FF,FF,FF,FF,FF,FF,FF,FF,FF,FF,FF,FF,,,,
50272,C460,FF,FF,FF,FF,FF,FF,FF,FF,FF,FF,FF,FF,FF,FF,FF,FF,,,,
50288,C470,FF,FF,FF,FF,FF,FF,FF,FF,FF,FF,FF,FF,FF,FF,FF,FF,,,,
50304,C480,FF,FF,FF,FF,FF,FF,FF,FF,FF,FF,FF,FF,FF,FF,FF,FF,,,,
50320,C490,FF,FF,FF,FF,FF,FF,FF,FF,FF,FF,FF,FF,FF,FF,FF,FF,,,,
50336,C4A0,FF,FF,FF,FF,FF,FF,FF,FF,FF,FF,FF,FF,FF,FF,FF,FF,,,,
50352,C4B0,FF,FF,FF,FF,FF,FF,FF,FF,FF,FF,FF,FF,FF,FF,FF,FF,,,,
50368,C4C0,FF,FF,FF,FF,FF,FF,FF,FF,FF,FF,FF,FF,FF,FF,FF,FF,,,,
50384,C4D0,FF,FF,FF,FF,FF,FF,FF,FF,FF,FF,FF,FF,FF,FF,FF,FF,,,,
50400,C4E0,FF,FF,FF,FF,FF,FF,FF,FF,FF,FF,FF,FF,FF,FF,FF,FF,,,,
50416,C4F0,FF,FF,FF,FF,FF,FF,FF,FF,FF,FF,FF,FF,FF,FF,FF,FF,,,,
50432,C500,FF,FF,FF,FF,FF,FF,FF,FF,FF,FF,FF,FF,FF,FF,FF,FF,,,,
50448,C510,FF,FF,FF,FF,FF,FF,FF,FF,FF,FF,FF,FF,FF,FF,FF,FF,,,,
50464,C520,FF,FF,FF,FF,FF,FF,FF,FF,FF,FF,FF,FF,FF,FF,FF,FF,,,,
50480,C530,FF,FF,FF,FF,FF,FF,FF,FF,FF,FF,FF,FF,FF,FF,FF,FF,,,,
50496,C540,FF,FF,FF,FF,FF,FF,FF,FF,FF,FF,FF,FF,FF,FF,FF,FF,,,,
50512,C550,FF,FF,FF,FF,FF,FF,FF,FF,FF,FF,FF,FF,FF,FF,FF,FF,,,,
50528,C560,FF,FF,FF,FF,FF,FF,FF,FF,FF,FF,FF,FF,FF,FF,FF,FF,,,,
50544,C570,FF,FF,FF,FF,FF,FF,FF,FF,FF,FF,FF,FF,FF,FF,FF,FF,,,,
50560,C580,FF,FF,FF,FF,FF,FF,FF,FF,FF,FF,FF,FF,FF,FF,FF,FF,,,,
50576,C590,FF,FF,FF,FF,FF,FF,FF,FF,FF,FF,FF,FF,FF,FF,FF,FF,,,,
50592,C5A0,FF,FF,FF,FF,FF,FF,FF,FF,FF,FF,FF,FF,FF,FF,FF,FF,,,,
50608,C5B0,FF,FF,FF,FF,FF,FF,FF,FF,FF,FF,FF,FF,FF,FF,FF,FF,,,,
50624,C5C0,FF,FF,FF,FF,FF,FF,FF,FF,FF,FF,FF,FF,FF,FF,FF,FF,,,,
50640,C5D0,FF,FF,FF,FF,FF,FF,FF,FF,FF,FF,FF,FF,FF,FF,FF,FF,,,,
50656,C5E0,FF,FF,FF,FF,FF,FF,FF,FF,FF,FF,FF,FF,FF,FF,FF,FF,,,,
50672,C5F0,FF,FF,FF,FF,FF,FF,FF,FF,FF,FF,FF,FF,FF,FF,FF,FF,,,,
50688,C600,FF,FF,FF,FF,FF,FF,FF,FF,FF,FF,FF,FF,FF,FF,FF,FF,,,,
50704,C610,FF,FF,FF,FF,FF,FF,FF,FF,FF,FF,FF,FF,FF,FF,FF,FF,,,,
50720,C620,FF,FF,FF,FF,FF,FF,FF,FF,FF,FF,FF,FF,FF,FF,FF,FF,,,,
50736,C630,FF,FF,FF,FF,FF,FF,FF,FF,FF,FF,FF,FF,FF,FF,FF,FF,,,,
50752,C640,FF,FF,FF,FF,FF,FF,FF,FF,FF,FF,FF,FF,FF,FF,FF,FF,,,,
50768,C650,FF,FF,FF,FF,FF,FF,FF,FF,FF,FF,FF,FF,FF,FF,FF,FF,,,,
50784,C660,FF,FF,FF,FF,FF,FF,FF,FF,FF,FF,FF,FF,FF,FF,FF,FF,,,,
50800,C670,FF,FF,FF,FF,FF,FF,FF,FF,FF,FF,FF,FF,FF,FF,FF,FF,,,,
50816,C680,FF,FF,FF,FF,FF,FF,FF,FF,FF,FF,FF,FF,FF,FF,FF,FF,,,,
50832,C690,FF,FF,FF,FF,FF,FF,FF,FF,FF,FF,FF,FF,FF,FF,FF,FF,,,,
50848,C6A0,FF,FF,FF,FF,FF,FF,FF,FF,FF,FF,FF,FF,FF,FF,FF,FF,,,,
50864,C6B0,FF,FF,FF,FF,FF,FF,FF,FF,FF,FF,FF,FF,FF,FF,FF,FF,,,,
50880,C6C0,FF,FF,FF,FF,FF,FF,FF,FF,FF,FF,FF,FF,FF,FF,FF,FF,,,,
50896,C6D0,FF,FF,FF,FF,FF,FF,FF,FF,FF,FF,FF,FF,FF,FF,FF,FF,,,,
50912,C6E0,FF,FF,FF,FF,FF,FF,FF,FF,FF,FF,FF,FF,FF,FF,FF,FF,,,,
50928,C6F0,FF,FF,FF,FF,FF,FF,FF,FF,FF,FF,FF,FF,FF,FF,FF,FF,,,,
50944,C700,FF,FF,FF,FF,FF,FF,FF,FF,FF,FF,FF,FF,FF,FF,FF,FF,,,,
50960,C710,FF,FF,FF,FF,FF,FF,FF,FF,FF,FF,FF,FF,FF,FF,FF,FF,,,,
50976,C720,FF,FF,FF,FF,FF,FF,FF,FF,FF,FF,FF,FF,FF,FF,FF,FF,,,,
50992,C730,FF,FF,FF,FF,FF,FF,FF,FF,FF,FF,FF,FF,FF,FF,FF,FF,,,,
51008,C740,FF,FF,FF,FF,FF,FF,FF,FF,FF,FF,FF,FF,FF,FF,FF,FF,,,,
51024,C750,FF,FF,FF,FF,FF,FF,FF,FF,FF,FF,FF,FF,FF,FF,FF,FF,,,,
51040,C760,FF,FF,FF,FF,FF,FF,FF,FF,FF,FF,FF,FF,FF,FF,FF,FF,,,,
51056,C770,FF,FF,FF,FF,FF,FF,FF,FF,FF,FF,FF,FF,FF,FF,FF,FF,,,,
51072,C780,FF,FF,FF,FF,FF,FF,FF,FF,FF,FF,FF,FF,FF,FF,FF,FF,,,,
51088,C790,FF,FF,FF,FF,FF,FF,FF,FF,FF,FF,FF,FF,FF,FF,FF,FF,,,,
51104,C7A0,FF,FF,FF,FF,FF,FF,FF,FF,FF,FF,FF,FF,FF,FF,FF,FF,,,,
51120,C7B0,FF,FF,FF,FF,FF,FF,FF,FF,FF,FF,FF,FF,FF,FF,FF,FF,,,,
51136,C7C0,FF,FF,FF,FF,FF,FF,FF,FF,FF,FF,FF,FF,FF,FF,FF,FF,,,,
51152,C7D0,FF,FF,FF,FF,FF,FF,FF,FF,FF,FF,FF,FF,FF,FF,FF,FF,,,,
51168,C7E0,FF,FF,FF,FF,FF,FF,FF,FF,FF,FF,FF,FF,FF,FF,FF,FF,,,,
51184,C7F0,FF,FF,FF,FF,FF,FF,FF,FF,FF,FF,FF,FF,FF,FF,FF,FF,,,,
51200,C800,FF,FF,FF,FF,FF,FF,FF,FF,FF,FF,FF,FF,FF,FF,FF,FF,,,,
51216,C810,FF,FF,FF,FF,FF,FF,FF,FF,FF,FF,FF,FF,FF,FF,FF,FF,,,,
51232,C820,FF,FF,FF,FF,FF,FF,FF,FF,FF,FF,FF,FF,FF,FF,FF,FF,,,,
51248,C830,FF,FF,FF,FF,FF,FF,FF,FF,FF,FF,FF,FF,FF,FF,FF,FF,,,,
51264,C840,FF,FF,FF,FF,FF,FF,FF,FF,FF,FF,FF,FF,FF,FF,FF,FF,,,,
51280,C850,FF,FF,FF,FF,FF,FF,FF,FF,FF,FF,FF,FF,FF,FF,FF,FF,,,,
51296,C860,FF,FF,FF,FF,FF,FF,FF,FF,FF,FF,FF,FF,FF,FF,FF,FF,,,,
51312,C870,FF,FF,FF,FF,FF,FF,FF,FF,FF,FF,FF,FF,FF,FF,FF,FF,,,,
51328,C880,FF,FF,FF,FF,FF,FF,FF,FF,FF,FF,FF,FF,FF,FF,FF,FF,,,,
51344,C890,FF,FF,FF,FF,FF,FF,FF,FF,FF,FF,FF,FF,FF,FF,FF,FF,,,,
51360,C8A0,FF,FF,FF,FF,FF,FF,FF,FF,FF,FF,FF,FF,FF,FF,FF,FF,,,,
51376,C8B0,FF,FF,FF,FF,FF,FF,FF,FF,FF,FF,FF,FF,FF,FF,FF,FF,,,,
51392,C8C0,FF,FF,FF,FF,FF,FF,FF,FF,FF,FF,FF,FF,FF,FF,FF,FF,,,,
51408,C8D0,FF,FF,FF,FF,FF,FF,FF,FF,FF,FF,FF,FF,FF,FF,FF,FF,,,,
51424,C8E0,FF,FF,FF,FF,FF,FF,FF,FF,FF,FF,FF,FF,FF,FF,FF,FF,,,,
51440,C8F0,FF,FF,FF,FF,FF,FF,FF,FF,FF,FF,FF,FF,FF,FF,FF,FF,,,,
51456,C900,FF,FF,FF,FF,FF,FF,FF,FF,FF,FF,FF,FF,FF,FF,FF,FF,,,,
51472,C910,FF,FF,FF,FF,FF,FF,FF,FF,FF,FF,FF,FF,FF,FF,FF,FF,,,,
51488,C920,FF,FF,FF,FF,FF,FF,FF,FF,FF,FF,FF,FF,FF,FF,FF,FF,,,,
51504,C930,FF,FF,FF,FF,FF,FF,FF,FF,FF,FF,FF,FF,FF,FF,FF,FF,,,,
51520,C940,FF,FF,FF,FF,FF,FF,FF,FF,FF,FF,FF,FF,FF,FF,FF,FF,,,,
51536,C950,FF,FF,FF,FF,FF,FF,FF,FF,FF,FF,FF,FF,FF,FF,FF,FF,,,,
51552,C960,FF,FF,FF,FF,FF,FF,FF,FF,FF,FF,FF,FF,FF,FF,FF,FF,,,,
51568,C970,FF,FF,FF,FF,FF,FF,FF,FF,FF,FF,FF,FF,FF,FF,FF,FF,,,,
51584,C980,FF,FF,FF,FF,FF,FF,FF,FF,FF,FF,FF,FF,FF,FF,FF,FF,,,,
51600,C990,FF,FF,FF,FF,FF,FF,FF,FF,FF,FF,FF,FF,FF,FF,FF,FF,,,,
51616,C9A0,FF,FF,FF,FF,FF,FF,FF,FF,FF,FF,FF,FF,FF,FF,FF,FF,,,,
51632,C9B0,FF,FF,FF,FF,FF,FF,FF,FF,FF,FF,FF,FF,FF,FF,FF,FF,,,,
51648,C9C0,FF,FF,FF,FF,FF,FF,FF,FF,FF,FF,FF,FF,FF,FF,FF,FF,,,,
51664,C9D0,FF,FF,FF,FF,FF,FF,FF,FF,FF,FF,FF,FF,FF,FF,FF,FF,,,,
51680,C9E0,FF,FF,FF,FF,FF,FF,FF,FF,FF,FF,FF,FF,FF,FF,FF,FF,,,,
51696,C9F0,FF,FF,FF,FF,FF,FF,FF,FF,FF,FF,FF,FF,FF,FF,FF,FF,,,,
51712,CA00,FF,FF,FF,FF,FF,FF,FF,FF,FF,FF,FF,FF,FF,FF,FF,FF,,,,
51728,CA10,FF,FF,FF,FF,FF,FF,FF,FF,FF,FF,FF,FF,FF,FF,FF,FF,,,,
51744,CA20,FF,FF,FF,FF,FF,FF,FF,FF,FF,FF,FF,FF,FF,FF,FF,FF,,,,
51760,CA30,FF,FF,FF,FF,FF,FF,FF,FF,FF,FF,FF,FF,FF,FF,FF,FF,,,,
51776,CA40,FF,FF,FF,FF,FF,FF,FF,FF,FF,FF,FF,FF,FF,FF,FF,FF,,,,
51792,CA50,FF,FF,FF,FF,FF,FF,FF,FF,FF,FF,FF,FF,FF,FF,FF,FF,,,,
51808,CA60,FF,FF,FF,FF,FF,FF,FF,FF,FF,FF,FF,FF,FF,FF,FF,FF,,,,
51824,CA70,FF,FF,FF,FF,FF,FF,FF,FF,FF,FF,FF,FF,FF,FF,FF,FF,,,,
51840,CA80,FF,FF,FF,FF,FF,FF,FF,FF,FF,FF,FF,FF,FF,FF,FF,FF,,,,
51856,CA90,FF,FF,FF,FF,FF,FF,FF,FF,FF,FF,FF,FF,FF,FF,FF,FF,,,,
51872,CAA0,FF,FF,FF,FF,FF,FF,FF,FF,FF,FF,FF,FF,FF,FF,FF,FF,,,,
51888,CAB0,FF,FF,FF,FF,FF,FF,FF,FF,FF,FF,FF,FF,FF,FF,FF,FF,,,,
51904,CAC0,FF,FF,FF,FF,FF,FF,FF,FF,FF,FF,FF,FF,FF,FF,FF,FF,,,,
51920,CAD0,FF,FF,FF,FF,FF,FF,FF,FF,FF,FF,FF,FF,FF,FF,FF,FF,,,,
51936,CAE0,FF,FF,FF,FF,FF,FF,FF,FF,FF,FF,FF,FF,FF,FF,FF,FF,,,,
51952,CAF0,FF,FF,FF,FF,FF,FF,FF,FF,FF,FF,FF,FF,FF,FF,FF,FF,,,,
51968,CB00,FF,FF,FF,FF,FF,FF,FF,FF,FF,FF,FF,FF,FF,FF,FF,FF,,,,
51984,CB10,FF,FF,FF,FF,FF,FF,FF,FF,FF,FF,FF,FF,FF,FF,FF,FF,,,,
52000,CB20,FF,FF,FF,FF,FF,FF,FF,FF,FF,FF,FF,FF,FF,FF,FF,FF,,,,
52016,CB30,FF,FF,FF,FF,FF,FF,FF,FF,FF,FF,FF,FF,FF,FF,FF,FF,,,,
52032,CB40,FF,FF,FF,FF,FF,FF,FF,FF,FF,FF,FF,FF,FF,FF,FF,FF,,,,
52048,CB50,FF,FF,FF,FF,FF,FF,FF,FF,FF,FF,FF,FF,FF,FF,FF,FF,,,,
52064,CB60,FF,FF,FF,FF,FF,FF,FF,FF,FF,FF,FF,FF,FF,FF,FF,FF,,,,
52080,CB70,FF,FF,FF,FF,FF,FF,FF,FF,FF,FF,FF,FF,FF,FF,FF,FF,,,,
52096,CB80,FF,FF,FF,FF,FF,FF,FF,FF,FF,FF,FF,FF,FF,FF,FF,FF,,,,
52112,CB90,FF,FF,FF,FF,FF,FF,FF,FF,FF,FF,FF,FF,FF,FF,FF,FF,,,,
52128,CBA0,FF,FF,FF,FF,FF,FF,FF,FF,FF,FF,FF,FF,FF,FF,FF,FF,,,,
52144,CBB0,FF,FF,FF,FF,FF,FF,FF,FF,FF,FF,FF,FF,FF,FF,FF,FF,,,,
52160,CBC0,FF,FF,FF,FF,FF,FF,FF,FF,FF,FF,FF,FF,FF,FF,FF,FF,,,,
52176,CBD0,FF,FF,FF,FF,FF,FF,FF,FF,FF,FF,FF,FF,FF,FF,FF,FF,,,,
52192,CBE0,FF,FF,FF,FF,FF,FF,FF,FF,FF,FF,FF,FF,FF,FF,FF,FF,,,,
52208,CBF0,FF,FF,FF,FF,FF,FF,FF,FF,FF,FF,FF,FF,FF,FF,FF,FF,,,,
52224,CC00,FF,FF,FF,FF,FF,FF,FF,FF,FF,FF,FF,FF,FF,FF,FF,FF,,,,
52240,CC10,FF,FF,FF,FF,FF,FF,FF,FF,FF,FF,FF,FF,FF,FF,FF,FF,,,,
52256,CC20,FF,FF,FF,FF,FF,FF,FF,FF,FF,FF,FF,FF,FF,FF,FF,FF,,,,
52272,CC30,FF,FF,FF,FF,FF,FF,FF,FF,FF,FF,FF,FF,FF,FF,FF,FF,,,,
52288,CC40,FF,FF,FF,FF,FF,FF,FF,FF,FF,FF,FF,FF,FF,FF,FF,FF,,,,
52304,CC50,FF,FF,FF,FF,FF,FF,FF,FF,FF,FF,FF,FF,FF,FF,FF,FF,,,,
52320,CC60,FF,FF,FF,FF,FF,FF,FF,FF,FF,FF,FF,FF,FF,FF,FF,FF,,,,
52336,CC70,FF,FF,FF,FF,FF,FF,FF,FF,FF,FF,FF,FF,FF,FF,FF,FF,,,,
52352,CC80,FF,FF,FF,FF,FF,FF,FF,FF,FF,FF,FF,FF,FF,FF,FF,FF,,,,
52368,CC90,FF,FF,FF,FF,FF,FF,FF,FF,FF,FF,FF,FF,FF,FF,FF,FF,,,,
52384,CCA0,FF,FF,FF,FF,FF,FF,FF,FF,FF,FF,FF,FF,FF,FF,FF,FF,,,,
52400,CCB0,FF,FF,FF,FF,FF,FF,FF,FF,FF,FF,FF,FF,FF,FF,FF,FF,,,,
52416,CCC0,FF,FF,FF,FF,FF,FF,FF,FF,FF,FF,FF,FF,FF,FF,FF,FF,,,,
52432,CCD0,FF,FF,FF,FF,FF,FF,FF,FF,FF,FF,FF,FF,FF,FF,FF,FF,,,,
52448,CCE0,FF,FF,FF,FF,FF,FF,FF,FF,FF,FF,FF,FF,FF,FF,FF,FF,,,,
52464,CCF0,FF,FF,FF,FF,FF,FF,FF,FF,FF,FF,FF,FF,FF,FF,FF,FF,,,,
52480,CD00,FF,FF,FF,FF,FF,FF,FF,FF,FF,FF,FF,FF,FF,FF,FF,FF,,,,
52496,CD10,FF,FF,FF,FF,FF,FF,FF,FF,FF,FF,FF,FF,FF,FF,FF,FF,,,,
52512,CD20,FF,FF,FF,FF,FF,FF,FF,FF,FF,FF,FF,FF,FF,FF,FF,FF,,,,
52528,CD30,FF,FF,FF,FF,FF,FF,FF,FF,FF,FF,FF,FF,FF,FF,FF,FF,,,,
52544,CD40,FF,FF,FF,FF,FF,FF,FF,FF,FF,FF,FF,FF,FF,FF,FF,FF,,,,
52560,CD50,FF,FF,FF,FF,FF,FF,FF,FF,FF,FF,FF,FF,FF,FF,FF,FF,,,,
52576,CD60,FF,FF,FF,FF,FF,FF,FF,FF,FF,FF,FF,FF,FF,FF,FF,FF,,,,
52592,CD70,FF,FF,FF,FF,FF,FF,FF,FF,FF,FF,FF,FF,FF,FF,FF,FF,,,,
52608,CD80,FF,FF,FF,FF,FF,FF,FF,FF,FF,FF,FF,FF,FF,FF,FF,FF,,,,
52624,CD90,FF,FF,FF,FF,FF,FF,FF,FF,FF,FF,FF,FF,FF,FF,FF,FF,,,,
52640,CDA0,FF,FF,FF,FF,FF,FF,FF,FF,FF,FF,FF,FF,FF,FF,FF,FF,,,,
52656,CDB0,FF,FF,FF,FF,FF,FF,FF,FF,FF,FF,FF,FF,FF,FF,FF,FF,,,,
52672,CDC0,FF,FF,FF,FF,FF,FF,FF,FF,FF,FF,FF,FF,FF,FF,FF,FF,,,,
52688,CDD0,FF,FF,FF,FF,FF,FF,FF,FF,FF,FF,FF,FF,FF,FF,FF,FF,,,,
52704,CDE0,FF,FF,FF,FF,FF,FF,FF,FF,FF,FF,FF,FF,FF,FF,FF,FF,,,,
52720,CDF0,FF,FF,FF,FF,FF,FF,FF,FF,FF,FF,FF,FF,FF,FF,FF,FF,,,,
52736,CE00,FF,FF,FF,FF,FF,FF,FF,FF,FF,FF,FF,FF,FF,FF,FF,FF,,,,
52752,CE10,FF,FF,FF,FF,FF,FF,FF,FF,FF,FF,FF,FF,FF,FF,FF,FF,,,,
52768,CE20,FF,FF,FF,FF,FF,FF,FF,FF,FF,FF,FF,FF,FF,FF,FF,FF,,,,
52784,CE30,FF,FF,FF,FF,FF,FF,FF,FF,FF,FF,FF,FF,FF,FF,FF,FF,,,,
52800,CE40,FF,FF,FF,FF,FF,FF,FF,FF,FF,FF,FF,FF,FF,FF,FF,FF,,,,
52816,CE50,FF,FF,FF,FF,FF,FF,FF,FF,FF,FF,FF,FF,FF,FF,FF,FF,,,,
52832,CE60,FF,FF,FF,FF,FF,FF,FF,FF,FF,FF,FF,FF,FF,FF,FF,FF,,,,
52848,CE70,FF,FF,FF,FF,FF,FF,FF,FF,FF,FF,FF,FF,FF,FF,FF,FF,,,,
52864,CE80,FF,FF,FF,FF,FF,FF,FF,FF,FF,FF,FF,FF,FF,FF,FF,FF,,,,
52880,CE90,FF,FF,FF,FF,FF,FF,FF,FF,FF,FF,FF,FF,FF,FF,FF,FF,,,,
52896,CEA0,FF,FF,FF,FF,FF,FF,FF,FF,FF,FF,FF,FF,FF,FF,FF,FF,,,,
52912,CEB0,FF,FF,FF,FF,FF,FF,FF,FF,FF,FF,FF,FF,FF,FF,FF,FF,,,,
52928,CEC0,FF,FF,FF,FF,FF,FF,FF,FF,FF,FF,FF,FF,FF,FF,FF,FF,,,,
52944,CED0,FF,FF,FF,FF,FF,FF,FF,FF,FF,FF,FF,FF,FF,FF,FF,FF,,,,
52960,CEE0,FF,FF,FF,FF,FF,FF,FF,FF,FF,FF,FF,FF,FF,FF,FF,FF,,,,
52976,CEF0,FF,FF,FF,FF,FF,FF,FF,FF,FF,FF,FF,FF,FF,FF,FF,FF,,,,
52992,CF00,FF,FF,FF,FF,FF,FF,FF,FF,FF,FF,FF,FF,FF,FF,FF,FF,,,,
53008,CF10,FF,FF,FF,FF,FF,FF,FF,FF,FF,FF,FF,FF,FF,FF,FF,FF,,,,
53024,CF20,FF,FF,FF,FF,FF,FF,FF,FF,FF,FF,FF,FF,FF,FF,FF,FF,,,,
53040,CF30,FF,FF,FF,FF,FF,FF,FF,FF,FF,FF,FF,FF,FF,FF,FF,FF,,,,
53056,CF40,FF,FF,FF,FF,FF,FF,FF,FF,FF,FF,FF,FF,FF,FF,FF,FF,,,,
53072,CF50,FF,FF,FF,FF,FF,FF,FF,FF,FF,FF,FF,FF,FF,FF,FF,FF,,,,
53088,CF60,FF,FF,FF,FF,FF,FF,FF,FF,FF,FF,FF,FF,FF,FF,FF,FF,,,,
53104,CF70,FF,FF,FF,FF,FF,FF,FF,FF,FF,FF,FF,FF,FF,FF,FF,FF,,,,
53120,CF80,FF,FF,FF,FF,FF,FF,FF,FF,FF,FF,FF,FF,FF,FF,FF,FF,,,,
53136,CF90,FF,FF,FF,FF,FF,FF,FF,FF,FF,FF,FF,FF,FF,FF,FF,FF,,,,
53152,CFA0,FF,FF,FF,FF,FF,FF,FF,FF,FF,FF,FF,FF,FF,FF,FF,FF,,,,
53168,CFB0,FF,FF,FF,FF,FF,FF,FF,FF,FF,FF,FF,FF,FF,FF,FF,FF,,,,
53184,CFC0,FF,FF,FF,FF,FF,FF,FF,FF,FF,FF,FF,FF,FF,FF,FF,FF,,,,
53200,CFD0,FF,FF,FF,FF,FF,FF,FF,FF,FF,FF,FF,FF,FF,FF,FF,FF,,,,
53216,CFE0,FF,FF,FF,FF,FF,FF,FF,FF,FF,FF,FF,FF,FF,FF,FF,FF,,,,
53232,CFF0,FF,FF,FF,FF,FF,FF,FF,FF,FF,FF,FF,FF,FF,FF,FF,FF,,,,
53248,D000,00,00,02,D0,10,05,01,2F,15,AB,15,5F,08,09,01,00,Start of DATA Constants section,Partial definition,1,0
53264,D010,F0,00,64,00,0A,00,35,82,D4,30,28,00,64,18,10,00,,,2,0
53280,D020,03,00,76,2F,03,01,01,06,01,03,02,01,02,01,08,13,,,3,0
53296,D030,D6,A9,90,65,50,46,F4,01,00,80,C0,5D,00,00,00,20,,,4,0
53312,D040,00,D0,70,00,78,00,E4,0C,CC,29,D0,07,2B,00,F8,01,,,5,0
53328,D050,1D,00,35,00,55,00,34,00,3C,06,47,E7,90,01,50,04,,,6,0
53344,D060,F0,68,64,7D,38,0C,3C,00,5A,05,80,B3,A6,20,02,0A,,,7,0
53360,D070,64,02,03,E0,A0,00,C8,00,E8,03,B8,0B,30,01,40,FC,,,8,0
53376,D080,08,0D,32,0F,20,36,0A,80,11,0A,11,04,0A,05,02,00,,,9,0
53392,D090,05,14,3C,3F,AF,04,01,0E,02,40,50,1C,51,20,1C,05,,,10,0
53408,D0A0,02,02,09,FF,10,4A,B0,20,20,00,ED,19,10,30,1A,E6,,,11,0
53424,D0B0,A0,B1,AF,3E,04,18,18,1E,1E,03,02,22,4A,10,97,86,,,12,0
53440,D0C0,83,08,7E,A0,68,B4,1E,0A,6D,6D,06,20,16,A8,A4,90,,,13,0
53456,D0D0,6D,73,00,9A,01,26,6F,AB,0F,00,FE,08,97,38,93,32,,,14,0
53472,D0E0,50,62,7C,03,50,6E,0A,C9,90,4D,64,07,04,50,FE,04,,green for the partials,15,1
53488,D0F0,FE,26,30,80,0D,6B,71,64,83,C8,80,80,80,80,80,80,,,16,1
53504,D100,80,80,04,3C,4D,0A,06,D1,C8,10,1A,00,CA,00,4D,10,Diagnostics section,diag and stomp codes,17,1
53520,D110,4E,10,29,10,10,00,11,00,49,10,36,10,0D,10,0C,00,,,18,1
53536,D120,C9,10,CB,00,03,10,1F,10,04,10,20,10,05,10,21,10,,,19,1
53552,D130,09,00,23,00,06,10,19,00,34,00,18,00,33,00,17,00,,,20,1
53568,D140,32,00,16,00,31,00,01,10,24,10,08,00,26,10,30,00,,,21,1
53584,D150,13,00,1D,10,02,10,64,00,CC,00,53,00,52,00,3E,00,,,22,1
53600,D160,D2,00,41,00,2A,00,0F,00,CE,00,46,00,45,00,44,00,,,23,1
53616,D170,43,00,42,00,39,10,65,00,07,10,FF,FF,FF,FF,FF,FF,,,24,1
53632,D180,FF,FF,FF,FF,FF,FF,FF,FF,FF,FF,FF,FF,FF,FF,FF,FF,,,25,1
53648,D190,FF,FF,FF,FF,FF,FF,FF,FF,FF,FF,11,12,81,12,82,12,"Stomp codes - output is in raw hex, all begin 12xx",,26,1
53664,D1A0,24,12,23,12,15,12,43,12,44,12,16,12,31,12,21,12,Alpina changed the purple 0x12 to 0xFF?,,27,1
53680,D1B0,12,12,22,12,13,12,51,12,52,12,53,12,54,12,55,12,Alpina changed the purple 0x91 to 0x85? and is 45 in the alt program section above,,28,1
53696,D1C0,56,12,57,12,58,12,83,12,71,12,72,12,73,12,74,12,Did they disable something? ,,29,1
53712,D1D0,75,12,76,12,77,12,78,12,61,12,63,12,65,12,64,12,,,30,1
53728,D1E0,37,12,67,12,62,12,62,12,18,12,88,12,36,12,41,12,,,31,1
53744,D1F0,87,12,91,12,42,12,34,12,47,12,86,12,25,12,26,12,,,32,1
53760,D200,27,12,28,12,85,12,45,12,19,12,66,12,FF,FF,FF,FF,,,33,1
53776,D210,FF,FF,FF,FF,FF,FF,FF,FF,FF,FF,FF,FF,FF,FF,FF,FF,,,34,1
53792,D220,FF,FF,FF,FF,FF,FF,FF,FF,FF,FF,FF,FF,44,14,00,10,,,35,1
53808,D230,0A,00,0A,00,0A,00,D0,07,D0,07,50,46,F4,01,B8,0B,,Partial definition,36,0
53824,D240,14,00,03,32,14,2E,14,3C,FF,FF,70,17,33,B3,00,60,,,37,0
53840,D250,00,A0,F4,01,B8,0B,FB,12,40,D9,FB,12,90,C8,32,F6,,,38,0
53856,D260,0A,29,A0,F0,4B,78,03,EB,84,25,CE,8B,19,DA,32,08,Does anyone have the ability to lower the volts to the ECU until we trigger this to check factor? ,,39,0
53872,D270,32,ED,41,FE,FA,FE,32,FA,64,04,09,3F,3C,4C,96,04,,,40,0
53888,D280,32,28,FF,B2,12,17,03,0A,2D,19,05,14,02,00,8E,D2,Start Calibration data and then Tables,,41,1
53904,D290,00,00,00,00,00,00,00,00,00,00,00,00,01,00,02,00,MAF transfer function - written in 16 bit so 2 hex values = 1 value,MAF cal,42,1
53920,D2A0,03,00,05,00,06,00,07,00,09,00,0A,00,0C,00,0D,00,,,43,1
53936,D2B0,0F,00,10,00,12,00,14,00,15,00,17,00,19,00,1B,00,,,44,1
53952,D2C0,1D,00,1F,00,21,00,23,00,26,00,28,00,2A,00,2D,00,,,45,1
53968,D2D0,2F,00,32,00,35,00,38,00,3B,00,3E,00,41,00,44,00,,,46,1
53984,D2E0,48,00,4B,00,4F,00,53,00,56,00,5B,00,5F,00,63,00,,,47,1
54000,D2F0,67,00,6C,00,70,00,75,00,79,00,7E,00,83,00,87,00,,,48,1
54016,D300,8C,00,91,00,96,00,9B,00,A0,00,A5,00,AA,00,B0,00,,,49,1
54032,D310,B5,00,BB,00,C1,00,C7,00,CD,00,D3,00,DA,00,E0,00,,,50,1
54048,D320,E7,00,EE,00,F4,00,FB,00,02,01,09,01,10,01,18,01,,,51,1
54064,D330,1F,01,27,01,2F,01,37,01,3F,01,48,01,50,01,59,01,,,52,1
54080,D340,62,01,6B,01,74,01,7D,01,86,01,8F,01,98,01,A1,01,,,53,1
54096,D350,AA,01,B2,01,BB,01,C4,01,CE,01,D7,01,E1,01,EC,01,,,54,1
54112,D360,F7,01,02,02,0D,02,19,02,25,02,31,02,3D,02,4A,02,,,55,1
54128,D370,56,02,63,02,70,02,7D,02,8A,02,98,02,A6,02,B4,02,,,56,1
54144,D380,C2,02,D1,02,E0,02,EF,02,FF,02,0E,03,1E,03,2E,03,,,57,1
54160,D390,3E,03,4E,03,5D,03,6D,03,7C,03,8B,03,9A,03,A9,03,,,58,1
54176,D3A0,B8,03,C8,03,D7,03,E8,03,F8,03,0A,04,1B,04,2D,04,,,59,1
54192,D3B0,40,04,52,04,65,04,78,04,8B,04,9E,04,B2,04,C5,04,,,60,1
54208,D3C0,D9,04,ED,04,01,05,15,05,2A,05,3F,05,55,05,6A,05,,,61,1
54224,D3D0,80,05,97,05,AD,05,C4,05,DB,05,F2,05,09,06,21,06,,,62,1
54240,D3E0,39,06,52,06,6B,06,84,06,9E,06,B7,06,D1,06,EB,06,,,63,1
54256,D3F0,04,07,1E,07,38,07,51,07,6C,07,86,07,A1,07,BC,07,,,64,1
54272,D400,D7,07,F3,07,0F,08,2B,08,48,08,64,08,81,08,9D,08,,,65,1
54288,D410,BA,08,D7,08,F3,08,10,09,2D,09,4A,09,67,09,84,09,,,66,1
54304,D420,A1,09,BF,09,DD,09,FB,09,19,0A,38,0A,57,0A,76,0A,,,67,1
54320,D430,95,0A,B5,0A,D4,0A,F3,0A,12,0B,30,0B,4F,0B,6D,0B,,,68,1
54336,D440,8B,0B,A8,0B,C6,0B,E4,0B,01,0C,1F,0C,3D,0C,5B,0C,,,69,1
54352,D450,7A,0C,99,0C,B9,0C,D9,0C,F9,0C,19,0D,39,0D,59,0D,,,70,1
54368,D460,78,0D,98,0D,B7,0D,D7,0D,F6,0D,15,0E,34,0E,53,0E,,,71,1
54384,D470,72,0E,91,0E,B0,0E,CF,0E,EE,0E,0D,0F,2C,0F,4B,0F,,,72,1
54400,D480,6B,0F,8A,0F,AA,0F,CA,0F,EA,0F,0A,10,2A,10,4B,10,,,73,1
54416,D490,00,00,C3,35,5C,4F,48,61,A4,70,9A,79,00,80,66,86,16 bit LSB Temp sensor function?,Unknown,74,0
54432,D4A0,CD,8C,33,93,9A,99,00,A0,66,A6,CD,AC,7B,B4,71,BD,,,75,0
54448,D4B0,1F,C5,A4,D0,71,DD,85,EB,9A,F9,FF,FF,FF,FF,FF,FF,,,76,0
54464,D4C0,FF,FF,FF,FF,FF,FF,FF,FF,00,01,03,06,07,08,08,08,4x 12 value functions,,77,0
54480,D4D0,08,08,08,08,00,01,03,06,09,0A,0A,0A,0A,0A,0A,0A,,,78,0
54496,D4E0,00,01,03,06,08,09,09,09,08,04,03,03,00,01,02,04,,,79,0
54512,D4F0,06,08,09,09,08,04,03,03,00,3A,50,60,6D,7A,86,93,Delta LOAD transfer function? TPS??,,80,0
54528,D500,A0,AD,B6,C0,C8,CF,D4,DA,DF,E4,E9,EE,F3,F8,FD,FF,,,81,0
54544,D510,FF,FF,FF,FF,FF,FF,FF,FF,4D,3C,3D,41,42,42,42,42,16 value function,,82,0
54560,D520,42,42,42,42,42,41,41,40,4E,44,41,41,43,44,44,44,16 value function,,83,0
54576,D530,44,44,44,44,43,42,41,40,05,05,07,07,02,03,03,04,Idle detection and WOT detection after. Some 4 value function before unknown,,84,1
54592,D540,90,90,90,90,60,60,60,60,60,60,60,4E,18,06,06,06,6x 6 value functions,Unknown,85,0
54608,D550,60,36,06,06,06,06,60,24,06,06,06,06,60,1E,06,06,,,86,0
54624,D560,06,06,60,18,06,06,06,06,00,01,03,06,0A,0F,13,14,16 value function,,87,0
54640,D570,12,0C,09,08,08,08,08,08,00,00,01,03,07,0C,12,17,16 value function,,88,0
54656,D580,1C,1F,20,1F,1C,15,11,0D,00,00,01,02,03,05,09,0D,16 value function,,89,0
54672,D590,0F,10,10,10,10,10,10,10,D7,05,1C,1A,1B,50,48,00,First map in lookup table,,90,0
54688,D5A0,00,04,04,02,D0,06,02,02,06,08,1C,D0,70,80,8C,B0,Cranking fuel map,Cranking fuel correction,91,1
54704,D5B0,C0,C0,27,0F,05,05,09,10,1D,20,30,2A,1A,0D,06,04,,Temp sensor transfer function,92,1
54720,D5C0,01,01,04,FF,ED,E0,CF,B7,9C,86,6A,50,3A,28,1C,0F,temp sensor transfer map,I think this is a known,93,1
54736,D5D0,09,00,D0,08,08,0F,14,14,14,1E,21,5D,D6,08,0C,10,Vanos dwell PT cam retarded ,Vanos Dwell correction,94,0.5
54752,D5E0,18,0E,0E,0E,1A,7C,68,9A,9A,8F,7A,6E,6A,6A,6F,A4,This may actually be injection timing PT Vanos retarded,May be Injection timing,95,0.5
54768,D5F0,A4,9A,84,6E,6A,6A,73,AF,AF,A4,92,6F,6A,6A,74,BA,,,96,0.5
54784,D600,BA,AF,A4,84,6F,6A,76,BF,BF,BA,AF,A4,84,6F,78,BF,,,97,0.5
54800,D610,C2,C1,BA,AF,A4,FF,7A,BF,C4,C4,C4,BA,AF,FF,7A,BF,,,98,0.5
54816,D620,C4,C4,C4,BA,A4,9A,D0,08,08,0F,14,14,14,1E,21,5D,Vanos dwell PT cam advanced ,,99,0.5
54832,D630,D6,08,0C,10,18,0E,0E,0E,1A,7C,73,A4,A4,9A,84,71,This may actually be injection timing PT vanos advanced,,100,0.5
54848,D640,6F,6F,7A,AF,AF,A4,8F,71,6F,6F,7D,BA,BA,AF,9A,71,,,101,0.5
54864,D650,6F,6F,7F,BF,BF,BA,AF,8F,7A,6F,81,C4,C9,C3,BA,AF,,,102,0.5
54880,D660,8F,FF,83,C7,CC,CB,C4,BA,FF,FF,84,CA,CF,CF,CF,C4,,,103,0.5
54896,D670,BA,FF,84,CA,CF,CF,CF,C4,BA,A4,D0,10,05,06,05,07,16*1 Vanos ret WOT actuator dwell ,,104,0.5
54912,D680,0A,05,07,0B,09,09,09,0F,12,13,0B,5D,6A,6A,6A,6A,WOT inj timing?,,105,0.5
54928,D690,6A,6A,6A,6A,6F,78,FF,FF,FF,8F,84,8F,D0,10,05,06,16*1 Vanos adv WOT actuator dwell ,,106,0.5
54944,D6A0,05,07,0A,05,07,0B,09,09,09,0F,12,13,0B,5D,6F,6F,WOT inj timing?,,107,0.5
54960,D6B0,6F,6F,6F,6F,6F,6F,78,FF,FF,FF,FF,FF,FF,A4,D7,06,6*1 Vanos? TMOT CLT fak,Unknown,108,0
54976,D6C0,1A,29,0D,25,07,6C,A2,91,75,75,7B,80,D3,04,01,1A,?,,109,0
54992,D6D0,1B,70,05,05,07,07,D7,04,1C,35,43,55,17,14,10,10,,,110,0
55008,D6E0,D7,02,36,98,05,08,D0,08,0B,01,0B,08,18,26,01,8E,Vanos minimum load for advance,,111,1
55024,D6F0,C8,50,38,34,20,20,20,F0,D0,08,0B,01,0B,09,1A,29,Vanos maximum load for retard,,112,1
55040,D700,01,8B,C8,48,2C,28,14,14,14,F0,D7,06,15,11,10,28,,Unknown,113,0
55056,D710,0D,63,C8,5A,1A,14,10,00,D0,08,03,0C,09,1B,01,27,Vanos throttle max for advance,,114,1
55072,D720,01,8B,00,26,53,66,73,E7,E7,E7,D0,08,02,0A,09,1B,Vanos throttle min for retard,,115,1
55088,D730,01,27,01,89,00,1A,46,5A,66,DA,DA,DA,D7,06,1B,1B,,Unknown,116,0
55104,D740,1B,28,21,4F,C8,64,23,2D,32,32,CB,03,19,19,67,53,,,117,0
55120,D750,80,AD,D0,04,16,28,19,97,A0,AA,B4,C8,D8,05,1E,1D,Pulse width voltage correction,Fuel +Tv correction ,118,1
55136,D760,1E,1D,15,D2,6C,48,38,24,D0,04,0A,14,4B,83,D6,06,"D5 damping factors  D5 vs D6:Seems like:D6 is ""raw"" load signal, it can vary from 0 to 255H (0..12.75 ms)
D5 is load signal, but it has RPM dependent ""clamp"" by 0xD752 4x1 table.
If i put 255 to this table, D5 and D6 is exactly same. Stock 623BIN has D5 ""LOAD"" limited/cutted to 10.00ms. No idea, but i guess:

There is vacuum in intake manifold at part load. Then, suddenly floored gas pedal, this vacuum will be filled by air, and MAF meters all of that air. There is huge ""load spike"" and excess fuel, because ECU converts it to a ""load"". So, if we cut these spikes off, by limiting value to biggest engine dependent real value, there is more easier to control fuel in rapid throttle position changes...

This load clamp is in use also in ""alpha-n"". With ""255"" in this cut table, load will follow directly that 0xDBB2 D0xCC table. Up to the full ""255"" / 12.75ms.

This 0xD768: (Earlier known as ""acceleration enrichment"") This is actually ""damper"" for D5 to follow D6. If i put ""1"" in every cells in D768, D5 will follow D6 with large latency. This latency can be adjusted by changing values in this table. So, that clears why that table has been thought to acceleration enrichment. It has big effect to acc. enrcihment, but it should not be tune with this.
This damping works in both directions. To increase AND decrease load.",Unknown,119,0
55152,D770,0E,15,2D,32,3C,38,FD,BA,85,4D,2C,1A,DF,9A,73,3A,,possible D5vD6 factors,120,0
55168,D780,1F,0F,C0,80,60,2D,1A,0C,9F,66,52,27,15,0A,D0,06,,,121,0
55184,D790,02,09,19,32,19,83,C0,86,87,92,C0,FD,D0,06,02,09,,,122,0
55200,D7A0,19,32,19,83,60,2A,32,60,C0,FF,D0,06,02,08,19,32,?,,123,0
55216,D7B0,19,83,4D,4D,4D,4D,4D,4D,D3,04,1A,1B,1B,55,D7,04,?,,124,0
55232,D7C0,28,37,35,55,18,1B,2B,37,18,1B,2B,32,18,1B,2B,2D,,,125,0
55248,D7D0,18,1B,2B,2B,CE,08,02,08,0C,19,19,19,32,6A,D3,05,temp v rpm correction table with no correction,Fuel IAT correction,126,1
55264,D7E0,28,28,28,28,48,80,80,80,80,80,80,80,80,80,80,80,,,127,1
55280,D7F0,80,80,80,80,80,80,80,80,80,80,80,80,80,80,80,80,,,128,1
55296,D800,80,80,80,80,80,80,80,80,80,80,80,80,80,D7,06,1C,Warm up Fuel correction p1 ?,Fuel Warm up correction,129,1
55312,D810,1A,1B,28,21,4F,B3,60,33,1B,0A,00,D7,06,36,0E,14,Warm up Fuel correction p2 ?,,130,1
55328,D820,11,01,7F,93,2D,0F,10,17,00,D0,04,0C,14,4B,83,D5,Warm up Fuel correction p1-T1 ?,,131,1
55344,D830,04,1E,28,32,74,4D,90,D0,DA,45,7A,BA,C0,40,6D,A6,,,132,1
55360,D840,AC,36,5A,80,83,D0,04,0A,14,4B,83,D5,04,14,1E,14,Warm up Fuel correction p2-T1 ?,,133,1
55376,D850,9C,80,F3,E6,DA,80,F3,E6,C0,80,F3,F3,AC,45,5A,80,,,134,1
55392,D860,83,D7,05,0D,06,0A,1E,6D,30,2A,28,26,23,D0,06,0B,Warm up Fuel correction p3 ?,,135,1
55408,D870,16,07,0B,1B,9C,D6,06,14,0C,1A,0E,0E,96,B8,DC,E8,Warm up Fuel correction p3-T1 ?,,136,1
55424,D880,F2,F6,FA,53,62,70,93,B3,DA,2A,34,40,4D,66,C6,28,,,137,1
55440,D890,32,3A,46,60,C0,2C,36,3C,45,62,BC,80,98,A0,AD,B1,,,138,1
55456,D8A0,B3,D7,06,0F,18,0C,0C,0B,6D,D4,06,0C,17,0C,10,17,Warm up Fuel correction p3-T2 ?,,139,1
55472,D8B0,AA,EF,F1,F3,F3,F3,F3,E9,E6,E6,ED,F2,F3,E9,E8,E4,Knock sensor sensitivity?,,140,1
55488,D8C0,E4,E9,F3,EC,E9,E4,E4,E6,F3,F1,ED,E8,E4,E4,ED,F6,,,141,1
55504,D8D0,F3,ED,E8,E6,E6,D7,08,0D,0D,09,01,15,01,08,8B,00,,Unknown,142,0
55520,D8E0,00,00,00,56,56,00,00,D7,06,1C,1A,1B,28,21,4F,A0,Engine temp enrichment manual & A/T in P or N,Idle Fuel Warm up correction,143,1
55536,D8F0,50,20,0D,05,00,D7,06,1B,1B,1B,28,21,4F,45,21,0D,Engine temp enrichment (A/T in D or R),,144,1
55552,D900,05,02,00,D1,04,04,08,10,E0,77,8D,A6,C0,D1,04,08,,D1 is unknown,145,0.5
55568,D910,08,08,E0,77,6D,66,53,D7,06,1B,1B,1B,28,26,4A,C0,Cold idle temp correction - evilm3666 2017,,146,1
55584,D920,96,56,23,06,03,D7,05,1B,1A,1B,50,48,01,03,06,0B,,,147,1
55600,D930,0C,D7,05,1B,1A,1B,50,48,1B,1F,21,22,23,D3,04,1B,,,148,1
55616,D940,1B,1A,56,00,00,00,00,D7,04,36,28,35,48,4A,52,64,,,149,1
55632,D950,71,CE,04,05,0A,14,D8,FF,FE,FA,F3,CF,03,1A,39,99,,,150,1
55648,D960,1A,12,0F,D0,06,01,09,06,14,32,9C,D5,03,14,18,C0,Fuel at idle,Fuel Idle Base Cal,151,1
55664,D970,92,95,98,85,86,88,81,82,8A,80,81,88,7D,7F,82,70,,,152,1
55680,D980,7D,81,D0,10,05,06,05,07,0A,05,07,0B,09,09,09,0F,Fuel WOT vanos retarded ,Fuel Base Cal,153,1
55696,D990,12,13,08,60,95,9B,8A,89,8E,8C,8F,8C,8C,90,95,94,,,154,1
55712,D9A0,8B,89,8F,8E,D0,10,05,06,05,07,0A,05,07,0B,09,09,Fuel WOT vanos advanced,,155,1
55728,D9B0,09,0F,12,13,08,60,97,98,8E,8D,92,8D,8C,8D,8B,90,,,156,1
55744,D9C0,90,8F,8A,8D,86,7F,D0,10,05,06,05,07,0A,05,07,0B,Fuel PT vanos retarded ,,157,1
55760,D9D0,09,09,09,0F,12,13,08,60,D5,0C,0A,0A,0C,0C,0E,0E,,,158,1
55776,D9E0,0E,0E,0C,10,10,5C,85,85,85,85,82,80,83,86,89,89,,,159,1
55792,D9F0,89,89,83,83,84,82,82,81,83,86,89,89,89,89,84,84,,,160,1
55808,DA00,82,82,81,80,82,85,85,85,85,85,82,82,82,81,80,7F,,,161,1
55824,DA10,82,84,84,84,84,85,81,81,81,80,7F,7F,82,85,86,86,,,162,1
55840,DA20,86,86,81,81,81,80,80,7F,82,83,83,83,83,83,81,81,,,163,1
55856,DA30,80,80,80,80,81,81,81,81,81,81,81,81,80,80,81,81,,,164,1
55872,DA40,81,81,81,81,81,81,80,80,80,80,81,82,82,81,81,81,,,165,1
55888,DA50,81,81,80,80,80,81,82,82,82,81,81,82,82,82,80,80,,,166,1
55904,DA60,80,82,83,83,82,82,82,83,83,83,80,80,80,81,82,82,,,167,1
55920,DA70,82,82,83,83,83,83,80,80,81,82,83,83,83,82,82,82,,,168,1
55936,DA80,82,83,81,81,81,82,83,83,82,82,82,89,89,89,81,81,,,169,1
55952,DA90,82,82,82,83,83,8B,8E,92,92,92,81,81,82,82,82,83,,,170,1
55968,DAA0,85,89,8A,8C,8F,8F,D0,10,05,06,05,07,0A,05,07,0B,Fuel PT vanos advanced,,171,1
55984,DAB0,09,09,09,0F,12,13,08,60,D5,0C,0A,0A,0C,0C,0E,0E,,,172,1
56000,DAC0,0E,0E,0C,10,10,5C,84,84,84,83,81,81,83,86,89,89,,,173,1
56016,DAD0,89,89,82,82,81,81,81,81,83,86,89,89,89,89,81,81,,,174,1
56032,DAE0,82,82,81,80,82,85,85,85,85,85,82,82,82,81,80,80,,,175,1
56048,DAF0,82,85,85,85,85,85,82,82,82,81,80,80,83,86,86,86,,,176,1
56064,DB00,86,86,81,81,81,81,81,81,84,84,85,87,87,87,81,81,,,177,1
56080,DB10,80,80,80,81,82,83,85,86,86,86,81,81,80,80,80,81,,,178,1
56096,DB20,82,82,83,83,83,83,81,81,81,81,82,82,82,82,82,82,,,179,1
56112,DB30,82,82,81,81,81,81,82,82,82,82,82,83,83,83,81,81,,,180,1
56128,DB40,81,82,82,82,82,82,82,83,83,83,81,81,81,82,82,82,,,181,1
56144,DB50,82,83,84,84,84,84,81,81,81,82,82,81,82,82,82,82,,,182,1
56160,DB60,82,82,81,81,82,82,82,83,83,83,82,82,83,83,81,81,,,183,1
56176,DB70,82,82,82,82,80,80,80,80,81,81,81,81,82,82,82,82,,,184,1
56192,DB80,80,80,80,80,80,80,CE,02,0F,6F,50,53,D7,05,1C,1A,,Unknown,185,0
56208,DB90,1B,50,48,A8,54,28,10,06,D9,03,04,19,E2,DA,A6,66,,,186,0
56224,DBA0,D0,03,05,09,EE,F3,C0,80,D3,04,1B,1B,1A,56,30,2C,? And hot start IAT map? ,,187,0
56240,DBB0,28,24,D0,06,04,08,0A,05,4B,88,CC,07,08,03,05,09,MAF limp mode map,Load map Limp mode,188,1
56256,DBC0,17,20,B0,12,2C,37,54,69,77,78,10,28,34,45,60,82,"D5 vs D6: Seems like:D6 is ""raw"" load signal, it can vary from 0 to 255H (0..12.75 ms)
D5 is load signal, but it has RPM dependent ""clamp"" by 0xD752 4x1 table.
If i put 255 to this table, D5 and D6 is exactly same. Stock 623BIN has D5 ""LOAD"" limited/cutted to 10.00ms. No idea, but i guess:

There is vacuum in intake manifold at part load. Then, suddenly floored gas pedal, this vacuum will be filled by air, and MAF meters all of that air. There is huge ""load spike"" and excess fuel, because ECU converts it to a ""load"". So, if we cut these spikes off, by limiting value to biggest engine dependent real value, there is more easier to control fuel in rapid throttle position changes...

This load clamp is in use also in ""alpha-n"". With ""255"" in this cut table, load will follow directly that 0xDBB2 D0xCC table. Up to the full ""255"" / 12.75ms.

This 0xD768: (Earlier known as ""acceleration enrichment"") This is actually ""damper"" for D5 to follow D6. If i put ""1"" in every cells in D768, D5 will follow D6 with large latency. This latency can be adjusted by changing values in this table. So, that clears why that table has been thought to acceleration enrichment. It has big effect to acc. enrcihment, but it should not be tune with this.
This damping works in both directions. To increase AND decrease load.",,189,1
56272,DBD0,86,0C,1D,27,3C,59,74,76,09,17,1F,30,4E,74,7F,08,,,190,1
56288,DBE0,14,1B,2C,43,70,7B,03,08,0B,11,20,57,85,D0,04,0C,?,Unknown,191,0
56304,DBF0,14,4B,83,D5,04,1E,32,28,74,60,50,48,46,50,40,38,,,192,0
56320,DC00,36,48,38,30,2E,3E,2E,26,24,D7,05,1B,36,28,26,4A,?,,193,0
56336,DC10,90,78,5A,1D,0C,D0,04,0C,14,4B,83,D5,04,1E,32,28,Acell enrich quantity by RPM and LOAD,Fuel Accel corrections,194,1
56352,DC20,74,E0,BA,60,5A,C0,9A,3A,33,A6,80,20,1A,80,60,13,,,195,1
56368,DC30,0D,D7,04,36,28,20,50,36,2F,1D,08,D0,04,0C,14,4B,Acell Enrich CLT temp correction And Acell enrich fade out rate,,196,1
56384,DC40,83,D7,04,36,28,26,4A,0A,08,06,04,07,05,03,02,06,,,197,1
56400,DC50,04,02,01,05,03,01,01,D0,04,0C,14,4B,83,D7,04,28,Acelleration enrichment delta load attenuation,,198,1
56416,DC60,28,25,4B,02,02,03,04,03,03,04,05,04,04,05,06,06,,,199,1
56432,DC70,07,08,0A,D7,04,1C,35,4E,4A,28,22,1A,17,D2,04,3C,D2 maybe RPM reduction rate,Fuel Restore,200,1
56448,DC80,3C,46,06,00,06,08,0A,D0,04,19,19,32,83,00,0A,0C,,Unknown,201,0
56464,DC90,10,D0,04,1C,03,09,9C,5F,5F,00,00,D0,04,10,0A,32,,,202,0
56480,DCA0,9C,11,0C,0A,06,D0,04,10,32,3C,6A,08,06,05,04,D0,,,203,0
56496,DCB0,04,2E,26,32,6A,3B,3C,3D,3E,D0,03,05,09,EE,43,4D,,,204,0
56512,DCC0,54,D7,03,37,68,4B,43,3C,37,D7,04,1C,35,28,70,48,Idle ignition correction 4*1 (MT or AT in P/N),Ign idle temp correction,205,1
56528,DCD0,44,3E,3C,D7,04,1C,35,28,70,4A,46,40,3C,D7,05,23,Idle ignition correction 4*1 (AT in D/R),,206,1
56544,DCE0,01,15,08,8C,3C,3C,34,34,3A,D0,08,01,01,08,09,07,Idle ignition 8*1 (MT or in P/N),Ign idle base cal,207,1
56560,DCF0,16,1D,A5,4D,53,50,50,51,55,5A,5D,D0,08,02,01,08,Idle ignition 8*1 (AT in D/R),,208,1
56576,DD00,09,07,16,1D,A5,53,51,50,50,51,55,5A,5D,D0,10,05,Ignition WOT vanos retarded ,Ign Base cal,209,1
56592,DD10,06,05,07,0A,05,07,0B,09,09,09,0F,12,13,08,60,D5,,,210,1
56608,DD20,06,0E,0E,0C,10,10,5C,48,41,3D,3C,3C,3C,4E,48,43,,,211,1
56624,DD30,42,42,42,53,4C,49,48,48,48,56,50,4C,4B,4B,4B,59,,,212,1
56640,DD40,53,50,4F,4F,4F,5D,59,57,56,56,56,5E,59,57,57,57,,,213,1
56656,DD50,57,5F,5D,5A,58,58,58,62,60,5F,5E,5D,5D,65,62,5F,,,214,1
56672,DD60,5E,5D,5D,63,60,5E,5C,5B,5B,65,63,5E,5C,5B,5B,5D,,,215,1
56688,DD70,5A,58,57,57,56,5E,59,57,55,54,54,5F,59,57,55,54,,,216,1
56704,DD80,54,5E,5B,5A,58,54,54,D0,10,05,06,05,07,0A,05,07,Ignition WOT vanos advanced,,217,1
56720,DD90,0B,09,09,09,0F,12,13,08,60,D5,06,0E,0E,0C,10,10,,,218,1
56736,DDA0,5C,45,3D,39,38,37,37,4A,44,40,40,3F,3F,4E,48,46,,,219,1
56752,DDB0,45,45,45,53,4E,49,49,48,48,59,52,4D,4D,4C,4C,5B,,,220,1
56768,DDC0,56,55,54,54,54,5A,56,55,54,54,54,5C,58,57,56,56,,,221,1
56784,DDD0,56,62,5F,5C,5C,5B,5B,66,63,5F,5A,59,59,64,60,5E,,,222,1
56800,DDE0,5C,5C,5B,64,62,60,5D,5C,5B,60,5E,58,57,57,56,5E,,,223,1
56816,DDF0,5B,55,54,54,53,5F,5B,5A,59,58,57,61,5D,5C,5C,5B,,,224,1
56832,DE00,5B,D7,04,86,14,0C,27,40,3C,3C,38,D7,06,1B,1A,1B,Cold engine aditional ignition advance ,"Unknown. By location, likely Ign.",225,0
56848,DE10,28,26,4A,44,44,44,42,3E,3C,D7,05,07,09,18,0B,6C,,,226,0
56864,DE20,32,2A,1E,1D,28,D0,06,12,0F,07,0B,1B,9C,D5,06,14,,,227,0
56880,DE30,0C,0C,1C,0E,96,34,3B,52,34,13,0D,6A,A1,A1,93,47,,,228,0
56896,DE40,0D,A6,F2,E4,D0,76,26,A6,F2,E4,D0,76,3E,9F,F2,EB,,,229,0
56912,DE50,D7,91,53,40,6D,66,5A,40,2D,D7,08,1A,09,01,15,01,,,230,0
56928,DE60,34,0A,55,00,00,06,56,56,0C,0C,23,D0,10,05,06,05,Ignition PT vanos retarded ,Ign PT Base cal,231,1
56944,DE70,07,0A,05,07,0B,09,09,09,0F,12,13,08,60,D5,0C,0A,,,232,1
56960,DE80,0A,0C,0C,0E,0E,0E,0E,0C,10,10,5C,50,50,51,51,51,,,233,1
56976,DE90,4D,46,41,3D,3C,3C,3C,50,50,52,56,55,51,4B,47,43,,,234,1
56992,DEA0,42,42,42,51,52,55,5A,59,56,52,4C,49,48,48,48,53,,,235,1
57008,DEB0,55,59,5C,5A,58,55,50,4C,4B,4B,4B,56,59,5F,5E,5B,,,236,1
57024,DEC0,59,57,53,50,4F,4F,4F,5A,5F,64,62,5F,5D,5B,59,57,,,237,1
57040,DED0,56,56,56,5B,61,67,65,62,5F,5C,59,57,56,56,56,5C,,,238,1
57056,DEE0,63,68,67,65,62,5F,5D,5A,58,58,58,5D,64,6A,6A,67,,,239,1
57072,DEF0,65,62,60,5F,5E,5D,5D,5E,64,6B,6B,68,67,65,62,5F,,,240,1
57088,DF00,5E,5D,5D,5E,64,6B,6A,68,64,63,60,5E,5C,5B,5B,5E,,,241,1
57104,DF10,64,6B,6B,69,67,65,63,5E,5C,5B,5B,5E,64,6B,6B,68,,,242,1
57120,DF20,65,5D,5A,58,57,57,56,5E,64,6B,6A,66,65,5E,59,57,,,243,1
57136,DF30,55,54,54,5E,64,6B,6A,66,65,5F,59,57,55,54,54,5E,,,244,1
57152,DF40,64,6B,6A,66,65,5E,5B,5A,58,54,54,D0,10,05,06,05,Ignition PT vanos advanced,,245,1
57168,DF50,07,0A,05,07,0B,09,09,09,0F,12,13,08,60,D5,0C,0A,,,246,1
57184,DF60,0A,0C,0C,0E,0E,0E,0E,0C,10,10,5C,50,50,51,52,52,,,247,1
57200,DF70,4D,45,3D,39,38,37,37,50,50,52,57,55,51,4A,44,40,,,248,1
57216,DF80,40,3F,3F,51,52,55,5C,5A,54,4E,48,46,45,45,45,53,,,249,1
57232,DF90,55,59,5E,5D,57,53,4E,49,49,48,48,56,59,5F,60,5F,,,250,1
57248,DFA0,5A,56,52,4D,4D,4C,4C,5A,5F,65,64,61,5C,59,56,55,,,251,1
57264,DFB0,54,54,54,5B,61,67,66,64,5E,5A,56,55,54,54,54,5C,,,252,1
57280,DFC0,63,68,68,66,60,5C,58,57,56,56,56,5D,64,6A,6B,69,,,253,1
57296,DFD0,63,60,5E,5C,5C,5B,5B,5E,64,6B,6C,6B,67,65,62,5F,,,254,1
57312,DFE0,5A,59,59,5E,64,6B,6C,6B,67,64,60,5E,5C,5C,5B,5E,,,255,1
57328,DFF0,64,6B,6C,6B,68,64,62,60,5D,5C,5B,5E,64,6B,6C,6B,,,256,1
57344,E000,66,60,5E,58,57,57,56,5E,64,6B,6A,69,66,5E,5B,55,,,257,1
57360,E010,54,54,53,5E,64,6B,6B,6A,66,5F,5B,5A,59,58,57,5E,,,258,1
57376,E020,64,6B,6B,6A,67,61,5D,5C,5C,5B,5B,D0,06,01,0F,09,,Unknown,259,0
57392,E030,08,08,60,60,24,0C,06,06,06,D7,03,0D,0E,2D,D3,04,PT knock related?,Sorta IDed as Knock,260,0.5
57408,E040,14,0D,0E,69,17,19,1B,1D,18,1A,1C,1E,19,1B,1D,1F,,still relatively unknown,261,0.5
57424,E050,D0,0C,0C,0A,05,07,0B,09,09,09,0F,12,13,68,D5,05,PT knock related,,262,0.5
57440,E060,0E,0E,0E,1C,6C,74,A7,B2,BD,D3,7C,C8,AD,BD,E7,6B,,,263,0.5
57456,E070,9D,BE,BE,BE,84,A7,B2,C8,BE,A5,AD,CE,DF,EA,9D,A5,,,264,0.5
57472,E080,BE,DF,DF,84,95,A5,BE,BD,6F,6B,74,91,A7,7C,74,8D,,,265,0.5
57488,E090,95,A5,6B,63,74,6B,7C,84,53,5B,42,53,8C,53,53,84,,,266,0.5
57504,E0A0,7C,D0,10,05,07,0A,05,07,0B,09,09,09,0F,0A,08,0B,WOT knock related,,267,0.5
57520,E0B0,08,08,60,D3,BE,E7,BE,BE,EA,DF,BD,A7,A5,7C,7C,53,,,268,0.5
57536,E0C0,7C,7C,7C,D0,0C,03,04,03,05,06,04,1D,21,1F,19,1F,Ignition dwell (coil pack specific),Ign coil dwell,269,1
57552,E0D0,51,D8,07,1D,1E,1D,1E,1D,07,0E,29,14,0C,09,08,06,,odd that it is by itself,270,1
57568,E0E0,05,2F,17,0E,0A,09,07,05,3D,1E,12,0E,0B,09,07,4B,,if above is knock related,271,1
57584,E0F0,24,17,11,0E,0B,09,65,31,1E,16,12,0F,0C,85,40,28,,,272,1
57600,E100,1E,18,14,0F,98,4B,2F,22,1C,17,12,98,98,60,47,3B,,,273,1
57616,E110,30,25,98,98,98,71,5D,4C,3B,98,98,98,98,7E,67,50,,,274,1
57632,E120,98,98,98,98,98,7C,61,98,98,98,98,98,97,76,D0,04,,unknown,275,0
57648,E130,0F,0F,19,9C,D5,06,1E,28,1E,1E,14,56,4F,4F,42,3F,,,276,0
57664,E140,3C,3C,4C,4C,42,3E,3A,3A,50,50,42,3D,39,39,4F,4F,,,277,0
57680,E150,43,3C,37,37,D0,04,0F,0F,19,9C,D5,06,1E,28,1E,1E,,,278,0
57696,E160,14,56,51,51,41,41,40,40,4D,4D,44,41,40,40,57,57,,,279,0
57712,E170,47,41,3C,3C,51,51,46,3F,39,39,D0,08,0A,05,07,0D,,Evap duty cycl?,280,1
57728,E180,19,32,26,5D,D5,08,0C,0A,16,18,18,0C,0C,74,0D,0D,,,281,1
57744,E190,0D,0D,10,20,20,20,0F,0F,0F,0F,10,30,30,30,20,30,,,282,1
57760,E1A0,30,30,40,60,60,60,50,60,80,80,80,A0,A0,A0,A0,B0,,,283,1
57776,E1B0,B0,B0,C0,E0,E0,E0,FF,FF,FF,FF,FF,FF,FF,FF,FF,FF,,,284,1
57792,E1C0,FF,FF,FF,FF,FF,FF,FF,FF,FF,FF,FF,FF,FF,FF,D0,06,,Unknown,285,0
57808,E1D0,0A,0D,19,19,0C,9C,FF,FF,FF,FF,FF,FF,D0,04,20,1D,,D0 RPM table all FF,286,0
57824,E1E0,24,83,D5,04,14,1E,1E,92,4E,46,43,41,5B,57,4B,44,,D0vD5 RPMxLoad ,287,0
57840,E1F0,63,5A,50,4B,62,5A,52,4D,D3,05,1B,1A,1B,43,55,06,,D3 IAT table,288,0
57856,E200,07,0A,0D,17,D0,0A,05,05,05,08,0A,0A,14,1E,28,6A,,D0vD5 RPMxLoad ,289,0
57872,E210,D5,06,14,14,14,14,14,88,02,04,07,09,0B,0C,03,05,,Vanos retarded?,290,0
57888,E220,08,0D,10,12,04,08,0C,12,15,19,05,0B,11,16,1B,20,,,291,0
57904,E230,06,0E,16,1F,26,2A,08,12,1D,27,2E,33,0B,18,27,2F,,,292,0
57920,E240,35,3A,10,21,32,3A,40,46,16,2B,3E,48,4F,56,1E,37,,,293,0
57936,E250,4A,54,5B,62,D0,0A,05,05,05,08,0A,0A,14,1E,28,6A,,D0vD5 RPMxLoad,294,0
57952,E260,D5,06,14,14,14,14,14,88,19,1B,24,25,28,29,1B,1C,,Vanos Advanced?,295,0
57968,E270,25,2A,2D,30,1D,23,2B,30,31,33,1D,2B,33,34,36,38,,,296,0
57984,E280,1E,2C,35,39,39,39,1F,2E,3A,3B,3B,3B,22,30,3B,3C,,,297,0
58000,E290,3C,3C,26,31,3B,3C,3C,3C,27,31,3B,3C,3C,3C,28,32,,,298,0
58016,E2A0,3B,3C,3C,3C,D7,05,14,1B,56,07,48,E0,FF,D3,FF,2E,,D7 ECT table,299,0
58032,E2B0,CE,05,04,09,0D,08,DA,01,02,07,0C,12,D0,0A,05,05,,CE? Table,300,0
58048,E2C0,05,08,0A,0A,14,1E,28,6A,D5,06,14,14,14,14,14,88,,D0vD5 RPMxLoad,301,0
58064,E2D0,01,01,01,03,09,13,01,01,02,05,0C,15,01,02,03,08,,Vanos retarded?,302,0
58080,E2E0,11,1A,02,0E,11,1F,21,23,03,13,21,29,2A,2C,04,1A,,,303,0
58096,E2F0,2A,2F,31,33,0F,1C,2E,30,32,34,1A,27,30,33,34,35,,,304,0
58112,E300,21,2B,33,36,38,39,27,2F,36,38,39,3A,D0,0A,05,05,,D0vD5 RPMxLoad,305,0
58128,E310,05,08,0A,0A,14,1E,28,6A,D5,06,14,14,14,14,14,88,,Vanos Advanced?,306,0
58144,E320,05,05,05,04,04,04,05,05,04,04,03,03,04,04,04,03,,,307,0
58160,E330,03,03,04,04,03,03,02,02,03,03,03,02,02,02,03,03,,,308,0
58176,E340,02,02,01,01,02,02,02,01,01,01,02,02,02,01,01,01,,,309,0
58192,E350,01,01,01,01,01,01,01,01,01,01,01,01,D0,06,01,0A,Lambda off 1 [May be incorrect order but right locations,Lambda sensor,310,1
58208,E360,08,06,06,6A,C8,7C,6C,68,5F,5A,D0,06,19,19,19,19,"Lambda off 2 [Likely bank 1 and bank 2, pre and post cat",,311,1
58224,E370,0D,5D,C8,C8,C8,5A,32,2D,D0,04,01,0F,0F,6A,B4,7D,Lambda off 3 [If so there must be a flag to set which sensors,,312,1
58240,E380,5E,50,D0,04,32,19,32,6A,C8,C8,78,78,D7,06,1B,0D,Lambda off 4 [are fitted to a car at any time? ,,313,1
58256,E390,0D,1B,28,70,33,33,33,33,33,33,D7,06,01,24,01,14,,Unknown,314,0
58272,E3A0,02,7D,00,00,00,00,00,00,D0,04,08,3C,49,5D,09,0A,,,315,0
58288,E3B0,19,20,D0,04,09,3C,49,5D,09,0C,19,20,D0,06,03,1B,Idle air control flow table ,Idle air control,316,1
58304,E3C0,14,1B,32,74,D7,06,1B,1A,1B,28,28,48,8B,52,36,2B,,,317,1
58320,E3D0,21,1F,7F,46,2A,1F,15,13,7F,46,2A,1F,15,13,7A,45,,,318,1
58336,E3E0,38,32,2E,2D,7B,46,39,33,2F,2E,9E,9E,9E,9E,9E,9E,,,319,1
58352,E3F0,D0,04,14,1B,32,74,D7,06,1B,1B,1B,28,28,48,7F,41,Idle air control valve suty in overrun,,320,1
58368,E400,28,1D,15,13,7A,45,39,34,31,31,7B,46,3A,35,32,32,,,321,1
58384,E410,A6,A6,A6,A6,A6,A6,D7,04,01,15,28,6C,80,82,82,83,,Unknown,322,0
58400,E420,D7,05,1C,1A,1B,4E,4A,F0,78,34,25,1E,D0,04,04,04,,,323,0
58416,E430,03,EC,80,46,1E,03,D7,04,1B,36,4E,4A,08,07,07,07,,,324,0
58432,E440,D0,06,05,0F,19,0D,25,83,12,26,3B,59,5D,70,D0,06,,,325,0
58448,E450,02,0C,0B,08,13,B5,60,40,40,60,70,80,CC,0A,01,02,,,326,0
58464,E460,03,03,03,02,02,04,05,E6,00,01,03,07,0C,0F,10,10,,,327,0
58480,E470,10,10,D7,04,1B,36,4E,4A,10,0F,0C,0B,D7,04,1C,35,,Idle speed,328,1
58496,E480,4E,4A,60,54,44,42,D7,04,1B,37,4D,4A,68,58,4A,44,Idle speed (AT in D/R) 4*1,,329,1
58512,E490,D7,04,1B,37,4D,4A,68,58,4C,48,D7,04,1B,35,4D,4B,Idle speed (AC on & AT in D/R) 4*1,,330,1
58528,E4A0,FA,F8,DC,B4,D7,04,1C,35,28,70,78,62,50,46,D7,04,Idle speed (MT or AT in P/N) 4*1,,331,1
58544,E4B0,1B,43,35,56,28,20,18,14,D0,0A,10,10,10,10,10,10,10*2 knock detection window map,Unknown/Knock ,332,0.5
58560,E4C0,10,10,10,67,D5,02,18,9C,1D,1F,1D,1F,1D,1E,1D,1E,,needs to be better,333,0.5
58576,E4D0,1D,1E,1D,1E,1E,1E,1E,1F,1E,1F,1E,1F,D0,0A,10,10,10*1 table RPM axis,defined to be listed,334,0.5
58592,E4E0,10,10,10,10,10,10,10,67,12,10,0E,0C,0B,0A,09,09,No idea,as known,335,0.5
58608,E4F0,09,09,0F,10,12,12,12,13,14,14,15,15,36,36,36,2E,Window size in degrees and switch on load,0.5 credit on ,336,0.5
58624,E500,2A,32,2C,2C,2C,2A,06,06,06,0C,10,14,18,1C,1E,28,Timing recovery step size,completion scale,337,0.5
58640,E510,16,16,19,19,1B,17,16,13,13,13,05,04,04,03,03,03,Max timing retard and retard step size,,338,0.5
58656,E520,03,04,04,04,06,06,06,06,05,05,04,04,04,03,D0,10,RPM axis,,339,0.5
58672,E530,08,08,08,08,08,08,08,08,08,08,08,08,08,0C,0C,68,Unknown D5 x2 axis? Load axis for knock tables,,340,0.5
58688,E540,D5,02,0E,A6,93,9A,93,9C,96,9A,9C,9D,A4,9F,A8,A6,Cyl 5,,341,0.5
58704,E550,A5,A6,A7,A2,A2,9C,99,8F,9C,91,94,8C,89,8C,91,90,,,342,0.5
58720,E560,8D,8B,95,93,98,A1,81,90,7A,82,82,73,81,85,84,8B,Cyl 3,,343,0.5
58736,E570,7D,84,85,82,86,7A,7E,72,80,71,7F,76,71,71,75,7B,,,344,0.5
58752,E580,79,72,6E,6E,9E,A1,83,86,95,96,9D,93,A3,9B,A9,A7,Cyl 6,,345,0.5
58768,E590,A6,A8,AA,A3,A5,9D,99,8E,90,8A,9D,92,94,8B,88,8B,,,346,0.5
58784,E5A0,92,90,89,8E,A8,A9,99,9F,9B,98,9D,96,99,99,A0,A2,Cyl 2,,347,0.5
58800,E5B0,9B,9B,A1,97,9D,98,99,90,9D,93,95,8E,98,9E,92,8E,,,348,0.5
58816,E5C0,91,8F,86,8B,72,81,86,87,77,84,76,76,8B,8D,98,96,Cyl 4,,349,0.5
58832,E5D0,87,89,98,8E,97,8E,8D,7F,89,7A,86,77,80,7D,7D,77,,,350,0.5
58848,E5E0,79,70,6F,71,80,82,78,7F,8B,89,82,7D,82,8B,91,8C,Cyl 1,,351,0.5
58864,E5F0,8F,97,97,8E,8E,84,89,7B,87,83,8C,80,80,7D,8B,80,,,352,0.5
58880,E600,85,7E,78,7A,80,80,80,80,80,80,80,80,80,80,80,80,Cyl 7 or 8,,353,0.5
58896,E610,80,80,80,80,80,80,80,80,80,80,80,80,80,80,80,80,,,354,0.5
58912,E620,80,80,80,80,80,80,80,80,80,80,80,80,80,80,80,80,Cyl 7 or 8,,355,0.5
58928,E630,80,80,80,80,80,80,80,80,80,80,80,80,80,80,80,80,,,356,1
58944,E640,80,80,80,80,CE,04,0A,25,4B,83,31,35,57,61,D8,05,,Unknown CE(rpm?) table,357,0
58960,E650,1D,1E,1D,1E,32,00,00,00,00,00,1C,08,14,14,14,14,,Unknown D8 battery table all 00 ,358,0
58976,E660,14,14,14,4C,49,49,49,49,49,49,49,49,1C,08,14,14,,Unknown 2x 1C(speed?) tables,359,0
58992,E670,14,14,14,14,14,4C,80,80,80,80,80,80,80,80,7E,E6,Self reference that starts the table index aka table of tables ,Table Index,360,1
59008,E680,98,D5,A4,D5,B2,D5,D2,D5,26,D6,7A,D6,9C,D6,BE,D6,,,361,1
59024,E690,CC,D6,D6,D6,E0,D6,E6,D6,F8,D6,0A,D7,18,D7,2A,D7,,,362,1
59040,E6A0,3C,D7,4A,D7,52,D7,5C,D7,68,D7,8E,D7,9C,D7,AA,D7,,,363,1
59056,E6B0,B8,D7,D4,D7,0D,D8,1B,D8,29,D8,45,D8,61,D8,6D,D8,,,364,1
59072,E6C0,A1,D8,D5,D8,E7,D8,F5,D8,03,D9,0D,D9,17,D9,25,D9,,,365,1
59088,E6D0,31,D9,3D,D9,47,D9,51,D9,5B,D9,63,D9,82,D9,A4,D9,,,366,1
59104,E6E0,C6,D9,A6,DA,86,DB,8C,DB,98,DB,A0,DB,A8,DB,B2,DB,,,367,1
59120,E6F0,ED,DB,09,DC,15,DC,31,DC,3B,DC,57,DC,73,DC,7D,DC,,,368,1
59136,E700,87,DC,91,DC,9B,DC,A5,DC,AF,DC,B9,DC,C1,DC,C9,DC,,,369,1
59152,E710,D3,DC,DD,DC,E9,DC,FB,DC,0D,DD,87,DD,01,DE,0B,DE,,,370,1
59168,E720,19,DE,25,DE,59,DE,6B,DE,4B,DF,2B,E0,39,E0,50,E0,,,371,1
59184,E730,A1,E0,C3,E0,2E,E1,54,E1,7A,E1,CE,E1,DC,E1,F8,E1,,,372,1
59200,E740,04,E2,54,E2,A4,E2,B0,E2,BC,E2,0C,E3,5C,E3,6A,E3,,,373,1
59216,E750,78,E3,82,E3,8C,E3,9A,E3,A8,E3,B2,E3,BC,E3,F0,E3,,,374,1
59232,E760,16,E4,20,E4,2C,E4,36,E4,40,E4,4E,E4,5C,E4,72,E4,,,375,1
59248,E770,7C,E4,86,E4,90,E4,9A,E4,A4,E4,AE,E4,B8,E4,DC,E4,,,376,1
59264,E780,E8,E4,F2,E4,FC,E4,06,E5,10,E5,1A,E5,24,E5,2E,E5,,,377,1
59280,E790,40,E5,44,E5,64,E5,84,E5,A4,E5,C4,E5,E4,E5,04,E6,,,378,1
59296,E7A0,24,E6,44,E6,4E,E6,5A,E6,6C,E6,0F,FF,FF,FF,FF,44,,,379,1
59312,E7B0,DF,C3,FF,FF,FF,FF,FF,FF,FF,FF,FF,FF,FF,FF,FF,FF,,,380,1
59328,E7C0,FF,FF,FF,FF,FF,FF,FF,FF,FF,FF,FF,FF,FF,FF,FF,FF,,,,249
59344,E7D0,FF,FF,FF,FF,FF,FF,FF,FF,FF,FF,FF,FF,FF,FF,FF,FF,Blank Space Below Here (Hidden),,,65.5%
59360,E7E0,FF,FF,FF,FF,FF,FF,FF,FF,FF,FF,FF,FF,FF,FF,FF,FF,,,,
59376,E7F0,FF,FF,FF,FF,FF,FF,FF,FF,FF,FF,FF,FF,FF,FF,FF,FF,,,,
59392,E800,FF,FF,FF,FF,FF,FF,FF,FF,FF,FF,FF,FF,FF,FF,FF,FF,,,,
59408,E810,FF,FF,FF,FF,FF,FF,FF,FF,FF,FF,FF,FF,FF,FF,FF,FF,,,,
59424,E820,FF,FF,FF,FF,FF,FF,FF,FF,FF,FF,FF,FF,FF,FF,FF,FF,,,,
59440,E830,FF,FF,FF,FF,FF,FF,FF,FF,FF,FF,FF,FF,FF,FF,FF,FF,,,,
59456,E840,FF,FF,FF,FF,FF,FF,FF,FF,FF,FF,FF,FF,FF,FF,FF,FF,,,,
59472,E850,FF,FF,FF,FF,FF,FF,FF,FF,FF,FF,FF,FF,FF,FF,FF,FF,,,,
59488,E860,FF,FF,FF,FF,FF,FF,FF,FF,FF,FF,FF,FF,FF,FF,FF,FF,,,,
59504,E870,FF,FF,FF,FF,FF,FF,FF,FF,FF,FF,FF,FF,FF,FF,FF,FF,,,,
59520,E880,FF,FF,FF,FF,FF,FF,FF,FF,FF,FF,FF,FF,FF,FF,FF,FF,,,,
59536,E890,FF,FF,FF,FF,FF,FF,FF,FF,FF,FF,FF,FF,FF,FF,FF,FF,,,,
59552,E8A0,FF,FF,FF,FF,FF,FF,FF,FF,FF,FF,FF,FF,FF,FF,FF,FF,,,,
59568,E8B0,FF,FF,FF,FF,FF,FF,FF,FF,FF,FF,FF,FF,FF,FF,FF,FF,,,,
59584,E8C0,FF,FF,FF,FF,FF,FF,FF,FF,FF,FF,FF,FF,FF,FF,FF,FF,,,,
59600,E8D0,FF,FF,FF,FF,FF,FF,FF,FF,FF,FF,FF,FF,FF,FF,FF,FF,,,,
59616,E8E0,FF,FF,FF,FF,FF,FF,FF,FF,FF,FF,FF,FF,FF,FF,FF,FF,,,,
59632,E8F0,FF,FF,FF,FF,FF,FF,FF,FF,FF,FF,FF,FF,FF,FF,FF,FF,,,,
59648,E900,FF,FF,FF,FF,FF,FF,FF,FF,FF,FF,FF,FF,FF,FF,FF,FF,,,,
59664,E910,FF,FF,FF,FF,FF,FF,FF,FF,FF,FF,FF,FF,FF,FF,FF,FF,,,,
59680,E920,FF,FF,FF,FF,FF,FF,FF,FF,FF,FF,FF,FF,FF,FF,FF,FF,,,,
59696,E930,FF,FF,FF,FF,FF,FF,FF,FF,FF,FF,FF,FF,FF,FF,FF,FF,,,,
59712,E940,FF,FF,FF,FF,FF,FF,FF,FF,FF,FF,FF,FF,FF,FF,FF,FF,,,,
59728,E950,FF,FF,FF,FF,FF,FF,FF,FF,FF,FF,FF,FF,FF,FF,FF,FF,,,,
59744,E960,FF,FF,FF,FF,FF,FF,FF,FF,FF,FF,FF,FF,FF,FF,FF,FF,,,,
59760,E970,FF,FF,FF,FF,FF,FF,FF,FF,FF,FF,FF,FF,FF,FF,FF,FF,,,,
59776,E980,FF,FF,FF,FF,FF,FF,FF,FF,FF,FF,FF,FF,FF,FF,FF,FF,,,,
59792,E990,FF,FF,FF,FF,FF,FF,FF,FF,FF,FF,FF,FF,FF,FF,FF,FF,,,,
59808,E9A0,FF,FF,FF,FF,FF,FF,FF,FF,FF,FF,FF,FF,FF,FF,FF,FF,,,,
59824,E9B0,FF,FF,FF,FF,FF,FF,FF,FF,FF,FF,FF,FF,FF,FF,FF,FF,,,,
59840,E9C0,FF,FF,FF,FF,FF,FF,FF,FF,FF,FF,FF,FF,FF,FF,FF,FF,,,,
59856,E9D0,FF,FF,FF,FF,FF,FF,FF,FF,FF,FF,FF,FF,FF,FF,FF,FF,,,,
59872,E9E0,FF,FF,FF,FF,FF,FF,FF,FF,FF,FF,FF,FF,FF,FF,FF,FF,,,,
59888,E9F0,FF,FF,FF,FF,FF,FF,FF,FF,FF,FF,FF,FF,FF,FF,FF,FF,,,,
59904,EA00,FF,FF,FF,FF,FF,FF,FF,FF,FF,FF,FF,FF,FF,FF,FF,FF,,,,
59920,EA10,FF,FF,FF,FF,FF,FF,FF,FF,FF,FF,FF,FF,FF,FF,FF,FF,,,,
59936,EA20,FF,FF,FF,FF,FF,FF,FF,FF,FF,FF,FF,FF,FF,FF,FF,FF,,,,
59952,EA30,FF,FF,FF,FF,FF,FF,FF,FF,FF,FF,FF,FF,FF,FF,FF,FF,,,,
59968,EA40,FF,FF,FF,FF,FF,FF,FF,FF,FF,FF,FF,FF,FF,FF,FF,FF,,,,
59984,EA50,FF,FF,FF,FF,FF,FF,FF,FF,FF,FF,FF,FF,FF,FF,FF,FF,,,,
60000,EA60,FF,FF,FF,FF,FF,FF,FF,FF,FF,FF,FF,FF,FF,FF,FF,FF,,,,
60016,EA70,FF,FF,FF,FF,FF,FF,FF,FF,FF,FF,FF,FF,FF,FF,FF,FF,,,,
60032,EA80,FF,FF,FF,FF,FF,FF,FF,FF,FF,FF,FF,FF,FF,FF,FF,FF,,,,
60048,EA90,FF,FF,FF,FF,FF,FF,FF,FF,FF,FF,FF,FF,FF,FF,FF,FF,,,,
60064,EAA0,FF,FF,FF,FF,FF,FF,FF,FF,FF,FF,FF,FF,FF,FF,FF,FF,,,,
60080,EAB0,FF,FF,FF,FF,FF,FF,FF,FF,FF,FF,FF,FF,FF,FF,FF,FF,,,,
60096,EAC0,FF,FF,FF,FF,FF,FF,FF,FF,FF,FF,FF,FF,FF,FF,FF,FF,,,,
60112,EAD0,FF,FF,FF,FF,FF,FF,FF,FF,FF,FF,FF,FF,FF,FF,FF,FF,,,,
60128,EAE0,FF,FF,FF,FF,FF,FF,FF,FF,FF,FF,FF,FF,FF,FF,FF,FF,,,,
60144,EAF0,FF,FF,FF,FF,FF,FF,FF,FF,FF,FF,FF,FF,FF,FF,FF,FF,,,,
60160,EB00,FF,FF,FF,FF,FF,FF,FF,FF,FF,FF,FF,FF,FF,FF,FF,FF,,,,
60176,EB10,FF,FF,FF,FF,FF,FF,FF,FF,FF,FF,FF,FF,FF,FF,FF,FF,,,,
60192,EB20,FF,FF,FF,FF,FF,FF,FF,FF,FF,FF,FF,FF,FF,FF,FF,FF,,,,
60208,EB30,FF,FF,FF,FF,FF,FF,FF,FF,FF,FF,FF,FF,FF,FF,FF,FF,,,,
60224,EB40,FF,FF,FF,FF,FF,FF,FF,FF,FF,FF,FF,FF,FF,FF,FF,FF,,,,
60240,EB50,FF,FF,FF,FF,FF,FF,FF,FF,FF,FF,FF,FF,FF,FF,FF,FF,,,,
60256,EB60,FF,FF,FF,FF,FF,FF,FF,FF,FF,FF,FF,FF,FF,FF,FF,FF,,,,
60272,EB70,FF,FF,FF,FF,FF,FF,FF,FF,FF,FF,FF,FF,FF,FF,FF,FF,,,,
60288,EB80,FF,FF,FF,FF,FF,FF,FF,FF,FF,FF,FF,FF,FF,FF,FF,FF,,,,
60304,EB90,FF,FF,FF,FF,FF,FF,FF,FF,FF,FF,FF,FF,FF,FF,FF,FF,,,,
60320,EBA0,FF,FF,FF,FF,FF,FF,FF,FF,FF,FF,FF,FF,FF,FF,FF,FF,,,,
60336,EBB0,FF,FF,FF,FF,FF,FF,FF,FF,FF,FF,FF,FF,FF,FF,FF,FF,,,,
60352,EBC0,FF,FF,FF,FF,FF,FF,FF,FF,FF,FF,FF,FF,FF,FF,FF,FF,,,,
60368,EBD0,FF,FF,FF,FF,FF,FF,FF,FF,FF,FF,FF,FF,FF,FF,FF,FF,,,,
60384,EBE0,FF,FF,FF,FF,FF,FF,FF,FF,FF,FF,FF,FF,FF,FF,FF,FF,,,,
60400,EBF0,FF,FF,FF,FF,FF,FF,FF,FF,FF,FF,FF,FF,FF,FF,FF,FF,,,,
60416,EC00,FF,FF,FF,FF,FF,FF,FF,FF,FF,FF,FF,FF,FF,FF,FF,FF,,,,
60432,EC10,FF,FF,FF,FF,FF,FF,FF,FF,FF,FF,FF,FF,FF,FF,FF,FF,,,,
60448,EC20,FF,FF,FF,FF,FF,FF,FF,FF,FF,FF,FF,FF,FF,FF,FF,FF,,,,
60464,EC30,FF,FF,FF,FF,FF,FF,FF,FF,FF,FF,FF,FF,FF,FF,FF,FF,,,,
60480,EC40,FF,FF,FF,FF,FF,FF,FF,FF,FF,FF,FF,FF,FF,FF,FF,FF,,,,
60496,EC50,FF,FF,FF,FF,FF,FF,FF,FF,FF,FF,FF,FF,FF,FF,FF,FF,Blank Space Below Here (Hidden),,,
60512,EC60,FF,FF,FF,FF,FF,FF,FF,FF,FF,FF,FF,FF,FF,FF,FF,FF,,,,
60528,EC70,FF,FF,FF,FF,FF,FF,FF,FF,FF,FF,FF,FF,FF,FF,FF,FF,,,,
60544,EC80,FF,FF,FF,FF,FF,FF,FF,FF,FF,FF,FF,FF,FF,FF,FF,FF,,,,
60560,EC90,FF,FF,FF,FF,FF,FF,FF,FF,FF,FF,FF,FF,FF,FF,FF,FF,,,,
60576,ECA0,FF,FF,FF,FF,FF,FF,FF,FF,FF,FF,FF,FF,FF,FF,FF,FF,,,,
60592,ECB0,FF,FF,FF,FF,FF,FF,FF,FF,FF,FF,FF,FF,FF,FF,FF,FF,,,,
60608,ECC0,FF,FF,FF,FF,FF,FF,FF,FF,FF,FF,FF,FF,FF,FF,FF,FF,,,,
60624,ECD0,FF,FF,FF,FF,FF,FF,FF,FF,FF,FF,FF,FF,FF,FF,FF,FF,,,,
60640,ECE0,FF,FF,FF,FF,FF,FF,FF,FF,FF,FF,FF,FF,FF,FF,FF,FF,,,,
60656,ECF0,FF,FF,FF,FF,FF,FF,FF,FF,FF,FF,FF,FF,FF,FF,FF,FF,,,,
60672,ED00,FF,FF,FF,FF,FF,FF,FF,FF,FF,FF,FF,FF,FF,FF,FF,FF,,,,
60688,ED10,FF,FF,FF,FF,FF,FF,FF,FF,FF,FF,FF,FF,FF,FF,FF,FF,,,,
60704,ED20,FF,FF,FF,FF,FF,FF,FF,FF,FF,FF,FF,FF,FF,FF,FF,FF,,,,
60720,ED30,FF,FF,FF,FF,FF,FF,FF,FF,FF,FF,FF,FF,FF,FF,FF,FF,,,,
60736,ED40,FF,FF,FF,FF,FF,FF,FF,FF,FF,FF,FF,FF,FF,FF,FF,FF,,,,
60752,ED50,FF,FF,FF,FF,FF,FF,FF,FF,FF,FF,FF,FF,FF,FF,FF,FF,,,,
60768,ED60,FF,FF,FF,FF,FF,FF,FF,FF,FF,FF,FF,FF,FF,FF,FF,FF,,,,
60784,ED70,FF,FF,FF,FF,FF,FF,FF,FF,FF,FF,FF,FF,FF,FF,FF,FF,,,,
60800,ED80,FF,FF,FF,FF,FF,FF,FF,FF,FF,FF,FF,FF,FF,FF,FF,FF,,,,
60816,ED90,FF,FF,FF,FF,FF,FF,FF,FF,FF,FF,FF,FF,FF,FF,FF,FF,,,,
60832,EDA0,FF,FF,FF,FF,FF,FF,FF,FF,FF,FF,FF,FF,FF,FF,FF,FF,,,,
60848,EDB0,FF,FF,FF,FF,FF,FF,FF,FF,FF,FF,FF,FF,FF,FF,FF,FF,,,,
60864,EDC0,FF,FF,FF,FF,FF,FF,FF,FF,FF,FF,FF,FF,FF,FF,FF,FF,,,,
60880,EDD0,FF,FF,FF,FF,FF,FF,FF,FF,FF,FF,FF,FF,FF,FF,FF,FF,,,,
60896,EDE0,FF,FF,FF,FF,FF,FF,FF,FF,FF,FF,FF,FF,FF,FF,FF,FF,,,,
60912,EDF0,FF,FF,FF,FF,FF,FF,FF,FF,FF,FF,FF,FF,FF,FF,FF,FF,,,,
60928,EE00,FF,FF,FF,FF,FF,FF,FF,FF,FF,FF,FF,FF,FF,FF,FF,FF,,,,
60944,EE10,FF,FF,FF,FF,FF,FF,FF,FF,FF,FF,FF,FF,FF,FF,FF,FF,,,,
60960,EE20,FF,FF,FF,FF,FF,FF,FF,FF,FF,FF,FF,FF,FF,FF,FF,FF,,,,
60976,EE30,FF,FF,FF,FF,FF,FF,FF,FF,FF,FF,FF,FF,FF,FF,FF,FF,,,,
60992,EE40,FF,FF,FF,FF,FF,FF,FF,FF,FF,FF,FF,FF,FF,FF,FF,FF,,,,
61008,EE50,FF,FF,FF,FF,FF,FF,FF,FF,FF,FF,FF,FF,FF,FF,FF,FF,,,,
61024,EE60,FF,FF,FF,FF,FF,FF,FF,FF,FF,FF,FF,FF,FF,FF,FF,FF,,,,
61040,EE70,FF,FF,FF,FF,FF,FF,FF,FF,FF,FF,FF,FF,FF,FF,FF,FF,,,,
61056,EE80,FF,FF,FF,FF,FF,FF,FF,FF,FF,FF,FF,FF,FF,FF,FF,FF,,,,
61072,EE90,FF,FF,FF,FF,FF,FF,FF,FF,FF,FF,FF,FF,FF,FF,FF,FF,,,,
61088,EEA0,FF,FF,FF,FF,FF,FF,FF,FF,FF,FF,FF,FF,FF,FF,FF,FF,,,,
61104,EEB0,FF,FF,FF,FF,FF,FF,FF,FF,FF,FF,FF,FF,FF,FF,FF,FF,,,,
61120,EEC0,FF,FF,FF,FF,FF,FF,FF,FF,FF,FF,FF,FF,FF,FF,FF,FF,,,,
61136,EED0,FF,FF,FF,FF,FF,FF,FF,FF,FF,FF,FF,FF,FF,FF,FF,FF,,,,
61152,EEE0,FF,FF,FF,FF,FF,FF,FF,FF,FF,FF,FF,FF,FF,FF,FF,FF,,,,
61168,EEF0,FF,FF,FF,FF,FF,FF,FF,FF,FF,FF,FF,FF,FF,FF,FF,FF,,,,
61184,EF00,FF,FF,FF,FF,FF,FF,FF,FF,FF,FF,FF,FF,FF,FF,FF,FF,,,,
61200,EF10,FF,FF,FF,FF,FF,FF,FF,FF,FF,FF,FF,FF,FF,FF,FF,FF,,,,
61216,EF20,FF,FF,FF,FF,FF,FF,FF,FF,FF,FF,FF,FF,FF,FF,FF,FF,,,,
61232,EF30,FF,FF,FF,FF,FF,FF,FF,FF,FF,FF,FF,FF,FF,FF,FF,FF,,,,
61248,EF40,FF,FF,FF,FF,FF,FF,FF,FF,FF,FF,FF,FF,FF,FF,FF,FF,,,,
61264,EF50,FF,FF,FF,FF,FF,FF,FF,FF,FF,FF,FF,FF,FF,FF,FF,FF,,,,
61280,EF60,FF,FF,FF,FF,FF,FF,FF,FF,FF,FF,FF,FF,FF,FF,FF,FF,,,,
61296,EF70,FF,FF,FF,FF,FF,FF,FF,FF,FF,FF,FF,FF,FF,FF,FF,FF,,,,
61312,EF80,FF,FF,FF,FF,FF,FF,FF,FF,FF,FF,FF,FF,FF,FF,FF,FF,,,,
61328,EF90,FF,FF,FF,FF,FF,FF,FF,FF,FF,FF,FF,FF,FF,FF,FF,FF,,,,
61344,EFA0,FF,FF,FF,FF,FF,FF,FF,FF,FF,FF,FF,FF,FF,FF,FF,FF,,,,
61360,EFB0,FF,FF,FF,FF,FF,FF,FF,FF,FF,FF,FF,FF,FF,FF,FF,FF,,,,
61376,EFC0,FF,FF,FF,FF,FF,FF,FF,FF,FF,FF,FF,FF,FF,FF,FF,FF,,,,
61392,EFD0,FF,FF,FF,FF,FF,FF,FF,FF,FF,FF,FF,FF,FF,FF,FF,FF,,,,
61408,EFE0,FF,FF,FF,FF,FF,FF,FF,FF,FF,FF,FF,FF,FF,FF,FF,FF,,,,
61424,EFF0,FF,FF,FF,FF,FF,FF,FF,FF,FF,FF,FF,FF,FF,FF,FF,FF,,,,
61440,F000,FF,FF,FF,FF,FF,FF,FF,FF,FF,FF,FF,FF,FF,FF,FF,FF,,,,
61456,F010,FF,FF,FF,FF,FF,FF,FF,FF,FF,FF,FF,FF,FF,FF,FF,FF,,,,
61472,F020,FF,FF,FF,FF,FF,FF,FF,FF,FF,FF,FF,FF,FF,FF,FF,FF,,,,
61488,F030,FF,FF,FF,FF,FF,FF,FF,FF,FF,FF,FF,FF,FF,FF,FF,FF,,,,
61504,F040,FF,FF,FF,FF,FF,FF,FF,FF,FF,FF,FF,FF,FF,FF,FF,FF,,,,
61520,F050,FF,FF,FF,FF,FF,FF,FF,FF,FF,FF,FF,FF,FF,FF,FF,FF,Blank Space Below Here (Hidden),,,
61536,F060,FF,FF,FF,FF,FF,FF,FF,FF,FF,FF,FF,FF,FF,FF,FF,FF,,,,
61552,F070,FF,FF,FF,FF,FF,FF,FF,FF,FF,FF,FF,FF,FF,FF,FF,FF,,,,
61568,F080,FF,FF,FF,FF,FF,FF,FF,FF,FF,FF,FF,FF,FF,FF,FF,FF,,,,
61584,F090,FF,FF,FF,FF,FF,FF,FF,FF,FF,FF,FF,FF,FF,FF,FF,FF,,,,
61600,F0A0,FF,FF,FF,FF,FF,FF,FF,FF,FF,FF,FF,FF,FF,FF,FF,FF,,,,
61616,F0B0,FF,FF,FF,FF,FF,FF,FF,FF,FF,FF,FF,FF,FF,FF,FF,FF,,,,
61632,F0C0,FF,FF,FF,FF,FF,FF,FF,FF,FF,FF,FF,FF,FF,FF,FF,FF,,,,
61648,F0D0,FF,FF,FF,FF,FF,FF,FF,FF,FF,FF,FF,FF,FF,FF,FF,FF,,,,
61664,F0E0,FF,FF,FF,FF,FF,FF,FF,FF,FF,FF,FF,FF,FF,FF,FF,FF,,,,
61680,F0F0,FF,FF,FF,FF,FF,FF,FF,FF,FF,FF,FF,FF,FF,FF,FF,FF,,,,
61696,F100,FF,FF,FF,FF,FF,FF,FF,FF,FF,FF,FF,FF,FF,FF,FF,FF,,,,
61712,F110,FF,FF,FF,FF,FF,FF,FF,FF,FF,FF,FF,FF,FF,FF,FF,FF,,,,
61728,F120,FF,FF,FF,FF,FF,FF,FF,FF,FF,FF,FF,FF,FF,FF,FF,FF,,,,
61744,F130,FF,FF,FF,FF,FF,FF,FF,FF,FF,FF,FF,FF,FF,FF,FF,FF,,,,
61760,F140,FF,FF,FF,FF,FF,FF,FF,FF,FF,FF,FF,FF,FF,FF,FF,FF,,,,
61776,F150,FF,FF,FF,FF,FF,FF,FF,FF,FF,FF,FF,FF,FF,FF,FF,FF,,,,
61792,F160,FF,FF,FF,FF,FF,FF,FF,FF,FF,FF,FF,FF,FF,FF,FF,FF,,,,
61808,F170,FF,FF,FF,FF,FF,FF,FF,FF,FF,FF,FF,FF,FF,FF,FF,FF,,,,
61824,F180,FF,FF,FF,FF,FF,FF,FF,FF,FF,FF,FF,FF,FF,FF,FF,FF,,,,
61840,F190,FF,FF,FF,FF,FF,FF,FF,FF,FF,FF,FF,FF,FF,FF,FF,FF,,,,
61856,F1A0,FF,FF,FF,FF,FF,FF,FF,FF,FF,FF,FF,FF,FF,FF,FF,FF,,,,
61872,F1B0,FF,FF,FF,FF,FF,FF,FF,FF,FF,FF,FF,FF,FF,FF,FF,FF,,,,
61888,F1C0,FF,FF,FF,FF,FF,FF,FF,FF,FF,FF,FF,FF,FF,FF,FF,FF,,,,
61904,F1D0,FF,FF,FF,FF,FF,FF,FF,FF,FF,FF,FF,FF,FF,FF,FF,FF,,,,
61920,F1E0,FF,FF,FF,FF,FF,FF,FF,FF,FF,FF,FF,FF,FF,FF,FF,FF,,,,
61936,F1F0,FF,FF,FF,FF,FF,FF,FF,FF,FF,FF,FF,FF,FF,FF,FF,FF,,,,
61952,F200,FF,FF,FF,FF,FF,FF,FF,FF,FF,FF,FF,FF,FF,FF,FF,FF,,,,
61968,F210,FF,FF,FF,FF,FF,FF,FF,FF,FF,FF,FF,FF,FF,FF,FF,FF,,,,
61984,F220,FF,FF,FF,FF,FF,FF,FF,FF,FF,FF,FF,FF,FF,FF,FF,FF,,,,
62000,F230,FF,FF,FF,FF,FF,FF,FF,FF,FF,FF,FF,FF,FF,FF,FF,FF,,,,
62016,F240,FF,FF,FF,FF,FF,FF,FF,FF,FF,FF,FF,FF,FF,FF,FF,FF,,,,
62032,F250,FF,FF,FF,FF,FF,FF,FF,FF,FF,FF,FF,FF,FF,FF,FF,FF,,,,
62048,F260,FF,FF,FF,FF,FF,FF,FF,FF,FF,FF,FF,FF,FF,FF,FF,FF,,,,
62064,F270,FF,FF,FF,FF,FF,FF,FF,FF,FF,FF,FF,FF,FF,FF,FF,FF,,,,
62080,F280,FF,FF,FF,FF,FF,FF,FF,FF,FF,FF,FF,FF,FF,FF,FF,FF,,,,
62096,F290,FF,FF,FF,FF,FF,FF,FF,FF,FF,FF,FF,FF,FF,FF,FF,FF,,,,
62112,F2A0,FF,FF,FF,FF,FF,FF,FF,FF,FF,FF,FF,FF,FF,FF,FF,FF,,,,
62128,F2B0,FF,FF,FF,FF,FF,FF,FF,FF,FF,FF,FF,FF,FF,FF,FF,FF,,,,
62144,F2C0,FF,FF,FF,FF,FF,FF,FF,FF,FF,FF,FF,FF,FF,FF,FF,FF,,,,
62160,F2D0,FF,FF,FF,FF,FF,FF,FF,FF,FF,FF,FF,FF,FF,FF,FF,FF,,,,
62176,F2E0,FF,FF,FF,FF,FF,FF,FF,FF,FF,FF,FF,FF,FF,FF,FF,FF,,,,
62192,F2F0,FF,FF,FF,FF,FF,FF,FF,FF,FF,FF,FF,FF,FF,FF,FF,FF,,,,
62208,F300,FF,FF,FF,FF,FF,FF,FF,FF,FF,FF,FF,FF,FF,FF,FF,FF,,,,
62224,F310,FF,FF,FF,FF,FF,FF,FF,FF,FF,FF,FF,FF,FF,FF,FF,FF,,,,
62240,F320,FF,FF,FF,FF,FF,FF,FF,FF,FF,FF,FF,FF,FF,FF,FF,FF,,,,
62256,F330,FF,FF,FF,FF,FF,FF,FF,FF,FF,FF,FF,FF,FF,FF,FF,FF,,,,
62272,F340,FF,FF,FF,FF,FF,FF,FF,FF,FF,FF,FF,FF,FF,FF,FF,FF,,,,
62288,F350,FF,FF,FF,FF,FF,FF,FF,FF,FF,FF,FF,FF,FF,FF,FF,FF,,,,
62304,F360,FF,FF,FF,FF,FF,FF,FF,FF,FF,FF,FF,FF,FF,FF,FF,FF,,,,
62320,F370,FF,FF,FF,FF,FF,FF,FF,FF,FF,FF,FF,FF,FF,FF,FF,FF,,,,
62336,F380,FF,FF,FF,FF,FF,FF,FF,FF,FF,FF,FF,FF,FF,FF,FF,FF,,,,
62352,F390,FF,FF,FF,FF,FF,FF,FF,FF,FF,FF,FF,FF,FF,FF,FF,FF,,,,
62368,F3A0,FF,FF,FF,FF,FF,FF,FF,FF,FF,FF,FF,FF,FF,FF,FF,FF,,,,
62384,F3B0,FF,FF,FF,FF,FF,FF,FF,FF,FF,FF,FF,FF,FF,FF,FF,FF,,,,
62400,F3C0,FF,FF,FF,FF,FF,FF,FF,FF,FF,FF,FF,FF,FF,FF,FF,FF,,,,
62416,F3D0,FF,FF,FF,FF,FF,FF,FF,FF,FF,FF,FF,FF,FF,FF,FF,FF,,,,
62432,F3E0,FF,FF,FF,FF,FF,FF,FF,FF,FF,FF,FF,FF,FF,FF,FF,FF,,,,
62448,F3F0,FF,FF,FF,FF,FF,FF,FF,FF,FF,FF,FF,FF,FF,FF,FF,FF,,,,
62464,F400,FF,FF,FF,FF,FF,FF,FF,FF,FF,FF,FF,FF,FF,FF,FF,FF,,,,
62480,F410,FF,FF,FF,FF,FF,FF,FF,FF,FF,FF,FF,FF,FF,FF,FF,FF,,,,
62496,F420,FF,FF,FF,FF,FF,FF,FF,FF,FF,FF,FF,FF,FF,FF,FF,FF,,,,
62512,F430,FF,FF,FF,FF,FF,FF,FF,FF,FF,FF,FF,FF,FF,FF,FF,FF,,,,
62528,F440,FF,FF,FF,FF,FF,FF,FF,FF,FF,FF,FF,FF,FF,FF,FF,FF,,,,
62544,F450,FF,FF,FF,FF,FF,FF,FF,FF,FF,FF,FF,FF,FF,FF,FF,FF,,,,
62560,F460,FF,FF,FF,FF,FF,FF,FF,FF,FF,FF,FF,FF,FF,FF,FF,FF,,,,
62576,F470,FF,FF,FF,FF,FF,FF,FF,FF,FF,FF,FF,FF,FF,FF,FF,FF,,,,
62592,F480,FF,FF,FF,FF,FF,FF,FF,FF,FF,FF,FF,FF,FF,FF,FF,FF,,,,
62608,F490,FF,FF,FF,FF,FF,FF,FF,FF,FF,FF,FF,FF,FF,FF,FF,FF,,,,
62624,F4A0,FF,FF,FF,FF,FF,FF,FF,FF,FF,FF,FF,FF,FF,FF,FF,FF,,,,
62640,F4B0,FF,FF,FF,FF,FF,FF,FF,FF,FF,FF,FF,FF,FF,FF,FF,FF,,,,
62656,F4C0,FF,FF,FF,FF,FF,FF,FF,FF,FF,FF,FF,FF,FF,FF,FF,FF,,,,
62672,F4D0,FF,FF,FF,FF,FF,FF,FF,FF,FF,FF,FF,FF,FF,FF,FF,FF,,,,
62688,F4E0,FF,FF,FF,FF,FF,FF,FF,FF,FF,FF,FF,FF,FF,FF,FF,FF,,,,
62704,F4F0,FF,FF,FF,FF,FF,FF,FF,FF,FF,FF,FF,FF,FF,FF,FF,FF,,,,
62720,F500,FF,FF,FF,FF,FF,FF,FF,FF,FF,FF,FF,FF,FF,FF,FF,FF,,,,
62736,F510,FF,FF,FF,FF,FF,FF,FF,FF,FF,FF,FF,FF,FF,FF,FF,FF,,,,
62752,F520,FF,FF,FF,FF,FF,FF,FF,FF,FF,FF,FF,FF,FF,FF,FF,FF,,,,
62768,F530,FF,FF,FF,FF,FF,FF,FF,FF,FF,FF,FF,FF,FF,FF,FF,FF,,,,
62784,F540,FF,FF,FF,FF,FF,FF,FF,FF,FF,FF,FF,FF,FF,FF,FF,FF,,,,
62800,F550,FF,FF,FF,FF,FF,FF,FF,FF,FF,FF,FF,FF,FF,FF,FF,FF,,,,
62816,F560,FF,FF,FF,FF,FF,FF,FF,FF,FF,FF,FF,FF,FF,FF,FF,FF,,,,
62832,F570,FF,FF,FF,FF,FF,FF,FF,FF,FF,FF,FF,FF,FF,FF,FF,FF,,,,
62848,F580,FF,FF,FF,FF,FF,FF,FF,FF,FF,FF,FF,FF,FF,FF,FF,FF,,,,
62864,F590,FF,FF,FF,FF,FF,FF,FF,FF,FF,FF,FF,FF,FF,FF,FF,FF,,,,
62880,F5A0,FF,FF,FF,FF,FF,FF,FF,FF,FF,FF,FF,FF,FF,FF,FF,FF,,,,
62896,F5B0,FF,FF,FF,FF,FF,FF,FF,FF,FF,FF,FF,FF,FF,FF,FF,FF,,,,
62912,F5C0,FF,FF,FF,FF,FF,FF,FF,FF,FF,FF,FF,FF,FF,FF,FF,FF,,,,
62928,F5D0,FF,FF,FF,FF,FF,FF,FF,FF,FF,FF,FF,FF,FF,FF,FF,FF,,,,
62944,F5E0,FF,FF,FF,FF,FF,FF,FF,FF,FF,FF,FF,FF,FF,FF,FF,FF,,,,
62960,F5F0,FF,FF,FF,FF,FF,FF,FF,FF,FF,FF,FF,FF,FF,FF,FF,FF,,,,
62976,F600,FF,FF,FF,FF,FF,FF,FF,FF,FF,FF,FF,FF,FF,FF,FF,FF,,,,
62992,F610,FF,FF,FF,FF,FF,FF,FF,FF,FF,FF,FF,FF,FF,FF,FF,FF,,,,
63008,F620,FF,FF,FF,FF,FF,FF,FF,FF,FF,FF,FF,FF,FF,FF,FF,FF,,,,
63024,F630,FF,FF,FF,FF,FF,FF,FF,FF,FF,FF,FF,FF,FF,FF,FF,FF,,,,
63040,F640,FF,FF,FF,FF,FF,FF,FF,FF,FF,FF,FF,FF,FF,FF,FF,FF,,,,
63056,F650,FF,FF,FF,FF,FF,FF,FF,FF,FF,FF,FF,FF,FF,FF,FF,FF,,,,
63072,F660,FF,FF,FF,FF,FF,FF,FF,FF,FF,FF,FF,FF,FF,FF,FF,FF,,,,
63088,F670,FF,FF,FF,FF,FF,FF,FF,FF,FF,FF,FF,FF,FF,FF,FF,FF,,,,
63104,F680,FF,FF,FF,FF,FF,FF,FF,FF,FF,FF,FF,FF,FF,FF,FF,FF,,,,
63120,F690,FF,FF,FF,FF,FF,FF,FF,FF,FF,FF,FF,FF,FF,FF,FF,FF,,,,
63136,F6A0,FF,FF,FF,FF,FF,FF,FF,FF,FF,FF,FF,FF,FF,FF,FF,FF,,,,
63152,F6B0,FF,FF,FF,FF,FF,FF,FF,FF,FF,FF,FF,FF,FF,FF,FF,FF,,,,
63168,F6C0,FF,FF,FF,FF,FF,FF,FF,FF,FF,FF,FF,FF,FF,FF,FF,FF,,,,
63184,F6D0,FF,FF,FF,FF,FF,FF,FF,FF,FF,FF,FF,FF,FF,FF,FF,FF,,,,
63200,F6E0,FF,FF,FF,FF,FF,FF,FF,FF,FF,FF,FF,FF,FF,FF,FF,FF,,,,
63216,F6F0,FF,FF,FF,FF,FF,FF,FF,FF,FF,FF,FF,FF,FF,FF,FF,FF,,,,
63232,F700,FF,FF,FF,FF,FF,FF,FF,FF,FF,FF,FF,FF,FF,FF,FF,FF,,,,
63248,F710,FF,FF,FF,FF,FF,FF,FF,FF,FF,FF,FF,FF,FF,FF,FF,FF,,,,
63264,F720,FF,FF,FF,FF,FF,FF,FF,FF,FF,FF,FF,FF,FF,FF,FF,FF,,,,
63280,F730,FF,FF,FF,FF,FF,FF,FF,FF,FF,FF,FF,FF,FF,FF,FF,FF,,,,
63296,F740,FF,FF,FF,FF,FF,FF,FF,FF,FF,FF,FF,FF,FF,FF,FF,FF,,,,
63312,F750,FF,FF,FF,FF,FF,FF,FF,FF,FF,FF,FF,FF,FF,FF,FF,FF,,,,
63328,F760,FF,FF,FF,FF,FF,FF,FF,FF,FF,FF,FF,FF,FF,FF,FF,FF,,,,
63344,F770,FF,FF,FF,FF,FF,FF,FF,FF,FF,FF,FF,FF,FF,FF,FF,FF,,,,
63360,F780,FF,FF,FF,FF,FF,FF,FF,FF,FF,FF,FF,FF,FF,FF,FF,FF,,,,
63376,F790,FF,FF,FF,FF,FF,FF,FF,FF,FF,FF,FF,FF,FF,FF,FF,FF,,,,
63392,F7A0,FF,FF,FF,FF,FF,FF,FF,FF,FF,FF,FF,FF,FF,FF,FF,FF,,,,
63408,F7B0,FF,FF,FF,FF,FF,FF,FF,FF,FF,FF,FF,FF,FF,FF,FF,FF,,,,
63424,F7C0,FF,FF,FF,FF,FF,FF,FF,FF,FF,FF,FF,FF,FF,FF,FF,FF,,,,
63440,F7D0,FF,FF,FF,FF,FF,FF,FF,FF,FF,FF,FF,FF,FF,FF,FF,FF,,,,
63456,F7E0,FF,FF,FF,FF,FF,FF,FF,FF,FF,FF,FF,FF,FF,FF,FF,FF,,,,
63472,F7F0,FF,FF,FF,FF,FF,FF,FF,FF,FF,FF,FF,FF,FF,FF,FF,FF,,,,
63488,F800,FF,FF,FF,FF,FF,FF,FF,FF,FF,FF,FF,FF,FF,FF,FF,FF,,,,
63504,F810,FF,FF,FF,FF,FF,FF,FF,FF,FF,FF,FF,FF,FF,FF,FF,FF,,,,
63520,F820,FF,FF,FF,FF,FF,FF,FF,FF,FF,FF,FF,FF,FF,FF,FF,FF,,,,
63536,F830,FF,FF,FF,FF,FF,FF,FF,FF,FF,FF,FF,FF,FF,FF,FF,FF,,,,
63552,F840,FF,FF,FF,FF,FF,FF,FF,FF,FF,FF,FF,FF,FF,FF,FF,FF,,,,
63568,F850,FF,FF,FF,FF,FF,FF,FF,FF,FF,FF,FF,FF,FF,FF,FF,FF,,,,
63584,F860,FF,FF,FF,FF,FF,FF,FF,FF,FF,FF,FF,FF,FF,FF,FF,FF,,,,
63600,F870,FF,FF,FF,FF,FF,FF,FF,FF,FF,FF,FF,FF,FF,FF,FF,FF,,,,
63616,F880,FF,FF,FF,FF,FF,FF,FF,FF,FF,FF,FF,FF,FF,FF,FF,FF,,,,
63632,F890,FF,FF,FF,FF,FF,FF,FF,FF,FF,FF,FF,FF,FF,FF,FF,FF,,,,
63648,F8A0,FF,FF,FF,FF,FF,FF,FF,FF,FF,FF,FF,FF,FF,FF,FF,FF,,,,
63664,F8B0,FF,FF,FF,FF,FF,FF,FF,FF,FF,FF,FF,FF,FF,FF,FF,FF,,,,
63680,F8C0,FF,FF,FF,FF,FF,FF,FF,FF,FF,FF,FF,FF,FF,FF,FF,FF,,,,
63696,F8D0,FF,FF,FF,FF,FF,FF,FF,FF,FF,FF,FF,FF,FF,FF,FF,FF,,,,
63712,F8E0,FF,FF,FF,FF,FF,FF,FF,FF,FF,FF,FF,FF,FF,FF,FF,FF,,,,
63728,F8F0,FF,FF,FF,FF,FF,FF,FF,FF,FF,FF,FF,FF,FF,FF,FF,FF,,,,
63744,F900,FF,FF,FF,FF,FF,FF,FF,FF,FF,FF,FF,FF,FF,FF,FF,FF,,,,
63760,F910,FF,FF,FF,FF,FF,FF,FF,FF,FF,FF,FF,FF,FF,FF,FF,FF,,,,
63776,F920,FF,FF,FF,FF,FF,FF,FF,FF,FF,FF,FF,FF,FF,FF,FF,FF,,,,
63792,F930,FF,FF,FF,FF,FF,FF,FF,FF,FF,FF,FF,FF,FF,FF,FF,FF,,,,
63808,F940,FF,FF,FF,FF,FF,FF,FF,FF,FF,FF,FF,FF,FF,FF,FF,FF,,,,
63824,F950,FF,FF,FF,FF,FF,FF,FF,FF,FF,FF,FF,FF,FF,FF,FF,FF,,,,
63840,F960,FF,FF,FF,FF,FF,FF,FF,FF,FF,FF,FF,FF,FF,FF,FF,FF,,,,
63856,F970,FF,FF,FF,FF,FF,FF,FF,FF,FF,FF,FF,FF,FF,FF,FF,FF,,,,
63872,F980,FF,FF,FF,FF,FF,FF,FF,FF,FF,FF,FF,FF,FF,FF,FF,FF,,,,
63888,F990,FF,FF,FF,FF,FF,FF,FF,FF,FF,FF,FF,FF,FF,FF,FF,FF,,,,
63904,F9A0,FF,FF,FF,FF,FF,FF,FF,FF,FF,FF,FF,FF,FF,FF,FF,FF,,,,
63920,F9B0,FF,FF,FF,FF,FF,FF,FF,FF,FF,FF,FF,FF,FF,FF,FF,FF,,,,
63936,F9C0,FF,FF,FF,FF,FF,FF,FF,FF,FF,FF,FF,FF,FF,FF,FF,FF,,,,
63952,F9D0,FF,FF,FF,FF,FF,FF,FF,FF,FF,FF,FF,FF,FF,FF,FF,FF,,,,
63968,F9E0,FF,FF,FF,FF,FF,FF,FF,FF,FF,FF,FF,FF,FF,FF,FF,FF,,,,
63984,F9F0,FF,FF,FF,FF,FF,FF,FF,FF,FF,FF,FF,FF,FF,FF,FF,FF,,,,
64000,FA00,FF,FF,FF,FF,FF,FF,FF,FF,FF,FF,FF,FF,FF,FF,FF,FF,,,,
64016,FA10,FF,FF,FF,FF,FF,FF,FF,FF,FF,FF,FF,FF,FF,FF,FF,FF,,,,
64032,FA20,FF,FF,FF,FF,FF,FF,FF,FF,FF,FF,FF,FF,FF,FF,FF,FF,,,,
64048,FA30,FF,FF,FF,FF,FF,FF,FF,FF,FF,FF,FF,FF,FF,FF,FF,FF,,,,
64064,FA40,FF,FF,FF,FF,FF,FF,FF,FF,FF,FF,FF,FF,FF,FF,FF,FF,,,,
64080,FA50,FF,FF,FF,FF,FF,FF,FF,FF,FF,FF,FF,FF,FF,FF,FF,FF,,,,
64096,FA60,FF,FF,FF,FF,FF,FF,FF,FF,FF,FF,FF,FF,FF,FF,FF,FF,,,,
64112,FA70,FF,FF,FF,FF,FF,FF,FF,FF,FF,FF,FF,FF,FF,FF,FF,FF,,,,
64128,FA80,FF,FF,FF,FF,FF,FF,FF,FF,FF,FF,FF,FF,FF,FF,FF,FF,,,,
64144,FA90,FF,FF,FF,FF,FF,FF,FF,FF,FF,FF,FF,FF,FF,FF,FF,FF,,,,
64160,FAA0,FF,FF,FF,FF,FF,FF,FF,FF,FF,FF,FF,FF,FF,FF,FF,FF,,,,
64176,FAB0,FF,FF,FF,FF,FF,FF,FF,FF,FF,FF,FF,FF,FF,FF,FF,FF,,,,
64192,FAC0,FF,FF,FF,FF,FF,FF,FF,FF,FF,FF,FF,FF,FF,FF,FF,FF,,,,
64208,FAD0,FF,FF,FF,FF,FF,FF,FF,FF,FF,FF,FF,FF,FF,FF,FF,FF,,,,
64224,FAE0,FF,FF,FF,FF,FF,FF,FF,FF,FF,FF,FF,FF,FF,FF,FF,FF,,,,
64240,FAF0,FF,FF,FF,FF,FF,FF,FF,FF,FF,FF,FF,FF,FF,FF,FF,FF,,,,
64256,FB00,FF,FF,FF,FF,FF,FF,FF,FF,FF,FF,FF,FF,FF,FF,FF,FF,,,,
64272,FB10,FF,FF,FF,FF,FF,FF,FF,FF,FF,FF,FF,FF,FF,FF,FF,FF,,,,
64288,FB20,FF,FF,FF,FF,FF,FF,FF,FF,FF,FF,FF,FF,FF,FF,FF,FF,,,,
64304,FB30,FF,FF,FF,FF,FF,FF,FF,FF,FF,FF,FF,FF,FF,FF,FF,FF,,,,
64320,FB40,FF,FF,FF,FF,FF,FF,FF,FF,FF,FF,FF,FF,FF,FF,FF,FF,,,,
64336,FB50,FF,FF,FF,FF,FF,FF,FF,FF,FF,FF,FF,FF,FF,FF,FF,FF,,,,
64352,FB60,FF,FF,FF,FF,FF,FF,FF,FF,FF,FF,FF,FF,FF,FF,FF,FF,,,,
64368,FB70,FF,FF,FF,FF,FF,FF,FF,FF,FF,FF,FF,FF,FF,FF,FF,FF,,,,
64384,FB80,FF,FF,FF,FF,FF,FF,FF,FF,FF,FF,FF,FF,FF,FF,FF,FF,,,,
64400,FB90,FF,FF,FF,FF,FF,FF,FF,FF,FF,FF,FF,FF,FF,FF,FF,FF,,,,
64416,FBA0,FF,FF,FF,FF,FF,FF,FF,FF,FF,FF,FF,FF,FF,FF,FF,FF,,,,
64432,FBB0,FF,FF,FF,FF,FF,FF,FF,FF,FF,FF,FF,FF,FF,FF,FF,FF,,,,
64448,FBC0,FF,FF,FF,FF,FF,FF,FF,FF,FF,FF,FF,FF,FF,FF,FF,FF,,,,
64464,FBD0,FF,FF,FF,FF,FF,FF,FF,FF,FF,FF,FF,FF,FF,FF,FF,FF,,,,
64480,FBE0,FF,FF,FF,FF,FF,FF,FF,FF,FF,FF,FF,FF,FF,FF,FF,FF,,,,
64496,FBF0,FF,FF,FF,FF,FF,FF,FF,FF,FF,FF,FF,FF,FF,FF,FF,FF,,,,
64512,FC00,FF,FF,FF,FF,FF,FF,FF,FF,FF,FF,FF,FF,FF,FF,FF,FF,,,,
64528,FC10,FF,FF,FF,FF,FF,FF,FF,FF,FF,FF,FF,FF,FF,FF,FF,FF,,,,
64544,FC20,FF,FF,FF,FF,FF,FF,FF,FF,FF,FF,FF,FF,FF,FF,FF,FF,,,,
64560,FC30,FF,FF,FF,FF,FF,FF,FF,FF,FF,FF,FF,FF,FF,FF,FF,FF,,,,
64576,FC40,FF,FF,FF,FF,FF,FF,FF,FF,FF,FF,FF,FF,FF,FF,FF,FF,,,,
64592,FC50,FF,FF,FF,FF,FF,FF,FF,FF,FF,FF,FF,FF,FF,FF,FF,FF,,,,
64608,FC60,FF,FF,FF,FF,FF,FF,FF,FF,FF,FF,FF,FF,FF,FF,FF,FF,,,,
64624,FC70,FF,FF,FF,FF,FF,FF,FF,FF,FF,FF,FF,FF,FF,FF,FF,FF,,,,
64640,FC80,FF,FF,FF,FF,FF,FF,FF,FF,FF,FF,FF,FF,FF,FF,FF,FF,,,,
64656,FC90,FF,FF,FF,FF,FF,FF,FF,FF,FF,FF,FF,FF,FF,FF,FF,FF,,,,
64672,FCA0,FF,FF,FF,FF,FF,FF,FF,FF,FF,FF,FF,FF,FF,FF,FF,FF,,,,
64688,FCB0,FF,FF,FF,FF,FF,FF,FF,FF,FF,FF,FF,FF,FF,FF,FF,FF,,,,
64704,FCC0,FF,FF,FF,FF,FF,FF,FF,FF,FF,FF,FF,FF,FF,FF,FF,FF,,,,
64720,FCD0,FF,FF,FF,FF,FF,FF,FF,FF,FF,FF,FF,FF,FF,FF,FF,FF,,,,
64736,FCE0,FF,FF,FF,FF,FF,FF,FF,FF,FF,FF,FF,FF,FF,FF,FF,FF,,,,
64752,FCF0,FF,FF,FF,FF,FF,FF,FF,FF,FF,FF,FF,FF,FF,FF,FF,FF,,,,
64768,FD00,FF,FF,FF,FF,FF,FF,FF,FF,FF,FF,FF,FF,FF,FF,FF,FF,,,,
64784,FD10,FF,FF,FF,FF,FF,FF,FF,FF,FF,FF,FF,FF,FF,FF,FF,FF,,,,
64800,FD20,FF,FF,FF,FF,FF,FF,FF,FF,FF,FF,FF,FF,FF,FF,FF,FF,,,,
64816,FD30,FF,FF,FF,FF,FF,FF,FF,FF,FF,FF,FF,FF,FF,FF,FF,FF,,,,
64832,FD40,FF,FF,FF,FF,FF,FF,FF,FF,FF,FF,FF,FF,FF,FF,FF,FF,,,,
64848,FD50,FF,FF,FF,FF,FF,FF,FF,FF,FF,FF,FF,FF,FF,FF,FF,FF,,,,
64864,FD60,FF,FF,FF,FF,FF,FF,FF,FF,FF,FF,FF,FF,FF,FF,FF,FF,,,,
64880,FD70,FF,FF,FF,FF,FF,FF,FF,FF,FF,FF,FF,FF,FF,FF,FF,FF,,,,
64896,FD80,FF,FF,FF,FF,FF,FF,FF,FF,FF,FF,FF,FF,FF,FF,FF,FF,,,,
64912,FD90,FF,FF,FF,FF,FF,FF,FF,FF,FF,FF,FF,FF,FF,FF,FF,FF,,,,
64928,FDA0,FF,FF,FF,FF,FF,FF,FF,FF,FF,FF,FF,FF,FF,FF,FF,FF,,,,
64944,FDB0,FF,FF,FF,FF,FF,FF,FF,FF,FF,FF,FF,FF,FF,FF,FF,FF,,,,
64960,FDC0,FF,FF,FF,FF,FF,FF,FF,FF,FF,FF,FF,FF,FF,FF,FF,FF,,,,
64976,FDD0,FF,FF,FF,FF,FF,FF,FF,FF,FF,FF,FF,FF,FF,FF,FF,FF,,,,
64992,FDE0,FF,FF,FF,FF,FF,FF,FF,FF,FF,FF,FF,FF,FF,FF,FF,FF,,,,
65008,FDF0,FF,FF,FF,FF,FF,FF,FF,FF,FF,FF,FF,FF,FF,FF,FF,FF,,,,
65024,FE00,FF,FF,FF,FF,FF,FF,FF,FF,FF,FF,FF,FF,FF,FF,FF,FF,,,,
65040,FE10,FF,FF,FF,FF,D0,02,D1,06,D2,8E,E6,7E,E7,B2,07,01,Index of Locations,Location Self Address Index,,
65056,FE20,11,03,00,00,42,EC,43,F0,1A,08,1E,08,D0,02,00,00,,,,
65072,FE30,00,00,00,00,11,D8,95,14,0C,30,31,31,2F,31,36,33,Unknown but ASCII repeated at FFBE,ID data,,
65088,FE40,20,30,37,30,31,33,31,34,30,30,32,31,36,32,30,33,"Bosch Part#, then Software #",,,
65104,FE50,32,36,37,35,33,37,36,32,31,33,36,35,33,30,37,31,BMW part number,,,
65120,FE60,30,30,30,34,36,36,2E,32,39,FF,FF,FF,FF,FF,FF,FF,On DME label. Different on every dump so far. Maybe a date code ,,,
65136,FE70,FF,FF,FF,FF,FF,FF,FF,FF,FF,FF,30,37,38,32,36,52,,,,
65152,FE80,54,34,33,36,31,FF,FF,FF,FF,FF,7F,B4,80,FF,FF,FF,715 software adds a number in ASCII between the 31 and 7F bytes here. Maybe EWS releated,,,
65168,FE90,FF,FF,FF,FF,FF,FF,FF,FF,FF,FF,FF,FF,FF,FF,FF,FF,,,,
65184,FEA0,FF,FF,FF,FF,FF,FF,FF,FF,FF,FF,FF,FF,FF,FF,FF,FF,,,,
65200,FEB0,FF,FF,FF,FF,FF,FF,FF,FF,FF,FF,FF,FF,FF,FF,20,2C,VIN2HEX sheet can convert,VIN data,,
65216,FEC0,A3,0B,10,30,81,6C,F5,81,00,40,06,00,4B,DE,00,1A,Unknown manufacturing data INPA can read some,,,
65232,FED0,9E,7A,02,8A,00,1A,8D,66,00,1A,9E,79,00,FF,FF,FF,,,,
65248,FEE0,FF,FF,FF,FF,FF,FF,FF,FF,FF,FF,FF,FF,FF,FF,FF,FF,,,,
65264,FEF0,FF,FF,FF,FF,FF,FF,FF,FF,FF,FF,FF,FF,FF,FF,FF,FF,,,,
65280,FF00,FF,FF,FF,FF,FF,FF,FF,FF,FF,FF,FF,FF,FF,FF,FF,FF,,,,
65296,FF10,FF,FF,FF,FF,FF,FF,FF,FF,FF,FF,FF,FF,FF,FF,FF,FF,,,,
65312,FF20,FF,FF,FF,FF,FF,FF,FF,FF,FF,FF,FF,FF,FF,FF,FF,FF,,,,
65328,FF30,FF,FF,FF,FF,FF,FF,FF,FF,FF,FF,FF,FF,FF,FF,FF,FF,,,,
65344,FF40,FF,FF,FF,FF,FF,FF,FF,FF,FF,FF,FF,FF,FF,FF,FF,FF,,,,
65360,FF50,FF,FF,FF,FF,FF,FF,FF,FF,FF,FF,FF,FF,FF,FF,FF,FF,,,,
65376,FF60,FF,FF,FF,FF,FF,FF,FF,FF,FF,FF,FF,FF,FF,FF,FF,FF,,,,
65392,FF70,FF,FF,FF,FF,FF,FF,FF,FF,FF,FF,FF,FF,FF,FF,FF,FF,,,,
65408,FF80,FF,FF,FF,FF,FF,FF,FF,FF,FF,FF,FF,FF,FF,FF,FF,FF,,,,
65424,FF90,FF,FF,FF,FF,FF,FF,FF,FF,FF,FF,FF,FF,FF,FF,FF,FF,,,,
65440,FFA0,FF,FF,FF,FF,FF,FF,FF,FF,FF,FF,FF,FF,FF,FF,FF,FF,,,,
65456,FFB0,FF,FF,FF,FF,FF,FF,FF,FF,FF,FF,FF,FF,FF,FF,30,31,ASCII Repeated from FE39,unknown,,
65472,FFC0,31,2F,31,36,33,20,30,37,30,31,00,FF,FF,FF,00,F0,,,,
65488,FFD0,06,01,D0,00,D7,00,D3,00,8E,00,AE,00,D5,00,FF,FF,,,,
65504,FFE0,FF,FF,FF,FF,FF,FF,FF,FF,FF,FF,FF,FF,FF,FF,FF,FF,,,,
65520,FFF0,FF,FF,FF,FF,FF,FF,FF,FF,FF,FF,00,D2,2C,C8,FF,FF,,,,
,,,,,,,,,,,,,,,,,,,,,
,Generated by HxD,,,,,,,,,,,,,,,,,,,,