address,address_hex,name,type,primary
0,0000,ZRlo,Label,false
0,0000,ZR,Label,false
0,0000,ZR_AD,Label,true
1,0001,ZRhi,Label,true
2,0002,AD_resultlo,Label,false
2,0002,AD_result,Label,true
3,0003,AD_resulthi,Label,true
4,0004,HSI_timelo,Label,false
4,0004,HSI_time,Label,false
4,0004,HSI,Label,true
5,0005,HSI_timehi,Label,true
6,0006,HSI_status,Label,false
6,0006,HSI_SBUF,Label,true
7,0007,SBUF,Label,true
8,0008,INT_MASK,Label,false
8,0008,INTERRUPT,Label,false
8,0008,INT_TIMER1,Label,true
9,0009,INT_PEND,Label,true
10,000a,TIMER1lo,Label,false
10,000a,TIMER1,Label,true
11,000b,TIMER1hi,Label,true
12,000c,TIMER2lo,Label,false
12,000c,TIMER2,Label,false
12,000c,TIMER2_PORT01,Label,true
13,000d,TIMER2hi,Label,true
14,000e,PORT0,Label,false
14,000e,PORT01,Label,true
15,000f,PORT1,Label,true
16,0010,PORT2,Label,false
16,0010,PORT2_SPS,Label,false
16,0010,PORT2_INT1,Label,true
17,0011,SP_STAT,Label,true
18,0012,INT_PEND1,Label,false
18,0012,INT1,Label,true
19,0013,INT_MASK1,Label,true
20,0014,WSR,Label,false
20,0014,WSR_IOS0,Label,false
20,0014,WSR_IOS012,Label,true
21,0015,IOS0,Label,true
22,0016,IOS1,Label,false
22,0016,IOS12,Label,true
23,0017,IOS2,Label,true
24,0018,SPlo,Label,false
24,0018,SPR,Label,false
24,0018,SPR1A,Label,true
25,0019,SPhi,Label,true
26,001a,R1A,Label,false
26,001a,RW1A,Label,true
27,001b,R1B,Label,true
28,001c,R1C,Label,false
28,001c,RW1C,Label,false
28,001c,RL1C,Label,true
29,001d,R1D,Label,true
30,001e,R1E,Label,false
30,001e,RW1E,Label,true
31,001f,R1F,Label,true
32,0020,R20,Label,false
32,0020,RW20,Label,false
32,0020,RL20,Label,true
33,0021,R21,Label,true
34,0022,R22,Label,false
34,0022,RW22,Label,true
35,0023,R23,Label,true
36,0024,R24,Label,false
36,0024,RW24,Label,false
36,0024,RL24,Label,true
37,0025,R25,Label,true
38,0026,R26,Label,false
38,0026,RW26,Label,true
39,0027,R27,Label,true
40,0028,R28,Label,false
40,0028,RW28,Label,false
40,0028,RL28,Label,true
41,0029,R29,Label,true
42,002a,R2A,Label,false
42,002a,RW2A,Label,true
43,002b,R2B,Label,true
44,002c,R2C,Label,false
44,002c,RW2C,Label,false
44,002c,RL2C,Label,true
45,002d,R2D,Label,true
46,002e,R2E,Label,false
46,002e,RW2E,Label,true
47,002f,R2F,Label,true
48,0030,R30,Label,false
48,0030,RW30,Label,false
48,0030,RL30,Label,true
49,0031,R31,Label,true
50,0032,R32,Label,false
50,0032,RW32,Label,true
51,0033,R33,Label,true
52,0034,R34,Label,false
52,0034,RW34,Label,false
52,0034,RL34,Label,true
53,0035,R35,Label,true
54,0036,R36,Label,false
54,0036,RW36,Label,true
55,0037,R37,Label,true
56,0038,R38,Label,false
56,0038,RW38,Label,false
56,0038,RL38,Label,true
57,0039,R39,Label,true
58,003a,R3A,Label,false
58,003a,RW3A,Label,true
59,003b,R3B,Label,true
60,003c,R3C,Label,false
60,003c,RW3C,Label,false
60,003c,RL3C,Label,true
61,003d,R3D,Label,true
62,003e,R3E,Label,false
62,003e,RW3E,Label,true
63,003f,R3F,Label,true
64,0040,R40,Label,false
64,0040,RW40,Label,false
64,0040,RL40,Label,true
65,0041,R41,Label,true
66,0042,R42,Label,false
66,0042,RW42,Label,true
67,0043,R43,Label,true
68,0044,R44,Label,false
68,0044,RW44,Label,false
68,0044,RL44,Label,true
69,0045,R45,Label,true
70,0046,R46,Label,false
70,0046,RW46,Label,true
71,0047,R47,Label,true
72,0048,R48,Label,false
72,0048,RW48,Label,false
72,0048,RL48,Label,true
73,0049,R49,Label,true
74,004a,R4A,Label,false
74,004a,RW4A,Label,true
75,004b,R4B,Label,true
76,004c,R4C,Label,false
76,004c,RW4C,Label,false
76,004c,RL4C,Label,true
77,004d,R4D,Label,true
78,004e,R4E,Label,false
78,004e,RW4E,Label,true
79,004f,R4F,Label,true
80,0050,R50,Label,false
80,0050,RW50,Label,false
80,0050,RL50,Label,true
81,0051,R51,Label,true
82,0052,R52,Label,false
82,0052,RW52,Label,true
83,0053,R53,Label,true
84,0054,R54,Label,false
84,0054,RW54,Label,false
84,0054,RL54,Label,true
85,0055,R55,Label,true
86,0056,R56,Label,false
86,0056,RW56,Label,true
87,0057,R57,Label,true
88,0058,R58,Label,false
88,0058,RW58,Label,false
88,0058,RL58,Label,true
89,0059,R59,Label,true
90,005a,R5A,Label,false
90,005a,RW5A,Label,true
91,005b,R5B,Label,true
92,005c,R5C,Label,false
92,005c,RW5C,Label,false
92,005c,RL5C,Label,true
93,005d,R5D,Label,true
94,005e,R5E,Label,false
94,005e,RW5E,Label,true
95,005f,R5F,Label,true
96,0060,R60,Label,false
96,0060,RW60,Label,false
96,0060,RL60,Label,true
97,0061,R61,Label,true
98,0062,R62,Label,false
98,0062,RW62,Label,true
99,0063,R63,Label,true
100,0064,R64,Label,false
100,0064,RW64,Label,false
100,0064,RL64,Label,true
101,0065,R65,Label,true
102,0066,R66,Label,false
102,0066,RW66,Label,true
103,0067,R67,Label,true
104,0068,R68,Label,false
104,0068,RW68,Label,false
104,0068,RL68,Label,true
105,0069,R69,Label,true
106,006a,R6A,Label,false
106,006a,RW6A,Label,true
107,006b,R6B,Label,true
108,006c,R6C,Label,false
108,006c,RW6C,Label,false
108,006c,RL6C,Label,true
109,006d,R6D,Label,true
110,006e,R6E,Label,false
110,006e,RW6E,Label,true
111,006f,R6F,Label,true
112,0070,R70,Label,false
112,0070,RW70,Label,false
112,0070,RL70,Label,true
113,0071,R71,Label,true
114,0072,R72,Label,false
114,0072,RW72,Label,true
115,0073,R73,Label,true
116,0074,R74,Label,false
116,0074,RW74,Label,false
116,0074,RL74,Label,true
117,0075,R75,Label,true
118,0076,R76,Label,false
118,0076,RW76,Label,true
119,0077,R77,Label,true
119,0077,caseD_45bf,Label,false
120,0078,R78,Label,false
120,0078,RW78,Label,false
120,0078,RL78,Label,true
121,0079,R79,Label,true
122,007a,R7A,Label,false
122,007a,RW7A,Label,true
123,007b,R7B,Label,true
124,007c,R7C,Label,false
124,007c,RW7C,Label,false
124,007c,RL7C,Label,true
125,007d,R7D,Label,true
126,007e,R7E,Label,false
126,007e,RW7E,Label,true
127,007f,R7F,Label,true
128,0080,R80,Label,false
128,0080,RW80,Label,false
128,0080,RL80,Label,true
129,0081,R81,Label,true
130,0082,R82,Label,false
130,0082,RW82,Label,true
131,0083,R83,Label,true
132,0084,R84,Label,false
132,0084,RW84,Label,false
132,0084,RL84,Label,true
133,0085,R85,Label,true
134,0086,R86,Label,false
134,0086,RW86,Label,true
135,0087,R87,Label,true
136,0088,R88,Label,false
136,0088,RW88,Label,false
136,0088,RL88,Label,true
137,0089,R89,Label,true
138,008a,R8A,Label,false
138,008a,RW8A,Label,true
139,008b,R8B,Label,true
140,008c,R8C,Label,false
140,008c,RW8C,Label,false
140,008c,RL8C,Label,true
141,008d,R8D,Label,true
142,008e,R8E,Label,false
142,008e,RW8E,Label,true
143,008f,R8F,Label,true
144,0090,R90,Label,false
144,0090,RW90,Label,false
144,0090,RL90,Label,true
145,0091,R91,Label,true
146,0092,R92,Label,false
146,0092,RW92,Label,true
147,0093,R93,Label,true
148,0094,R94,Label,false
148,0094,RW94,Label,false
148,0094,RL94,Label,true
149,0095,R95,Label,true
150,0096,R96,Label,false
150,0096,RW96,Label,true
151,0097,R97,Label,true
152,0098,R98,Label,false
152,0098,RW98,Label,false
152,0098,RL98,Label,true
153,0099,R99,Label,true
154,009a,R9A,Label,false
154,009a,RW9A,Label,true
155,009b,R9B,Label,true
156,009c,R9C,Label,false
156,009c,RW9C,Label,false
156,009c,RL9C,Label,true
157,009d,R9D,Label,true
158,009e,R9E,Label,false
158,009e,RW9E,Label,true
159,009f,R9F,Label,true
160,00a0,RA0,Label,false
160,00a0,RWA0,Label,false
160,00a0,RLA0,Label,true
161,00a1,RA1,Label,true
162,00a2,RA2,Label,false
162,00a2,RWA2,Label,true
163,00a3,RA3,Label,true
164,00a4,RA4,Label,false
164,00a4,RWA4,Label,false
164,00a4,RLA4,Label,true
165,00a5,RA5,Label,true
166,00a6,RA6,Label,false
166,00a6,RWA6,Label,true
167,00a7,RA7,Label,true
168,00a8,RA8,Label,false
168,00a8,RWA8,Label,false
168,00a8,RLA8,Label,true
169,00a9,RA9,Label,true
170,00aa,RAA,Label,false
170,00aa,RWAA,Label,true
171,00ab,RAB,Label,true
172,00ac,RAC,Label,false
172,00ac,RWAC,Label,false
172,00ac,RLAC,Label,true
173,00ad,RAD,Label,true
174,00ae,RAE,Label,false
174,00ae,RWAE,Label,true
175,00af,RAF,Label,true
176,00b0,RB0,Label,false
176,00b0,RWB0,Label,false
176,00b0,RLB0,Label,true
177,00b1,RB1,Label,true
178,00b2,RB2,Label,false
178,00b2,RWB2,Label,true
179,00b3,RB3,Label,true
180,00b4,RB4,Label,false
180,00b4,RWB4,Label,false
180,00b4,RLB4,Label,true
181,00b5,RB5,Label,true
182,00b6,RB6,Label,false
182,00b6,RWB6,Label,true
183,00b7,RB7,Label,true
184,00b8,RB8,Label,false
184,00b8,RWB8,Label,false
184,00b8,RLB8,Label,true
185,00b9,RB9,Label,true
186,00ba,RBA,Label,false
186,00ba,RWBA,Label,true
187,00bb,RBB,Label,true
188,00bc,RBC,Label,false
188,00bc,RWBC,Label,false
188,00bc,RLBC,Label,true
189,00bd,RBD,Label,true
190,00be,RBE,Label,false
190,00be,RWBE,Label,true
191,00bf,RBF,Label,true
192,00c0,RC0,Label,false
192,00c0,RWC0,Label,false
192,00c0,RLC0,Label,true
193,00c1,RC1,Label,true
194,00c2,RC2,Label,false
194,00c2,RWC2,Label,true
195,00c3,RC3,Label,true
196,00c4,RC4,Label,false
196,00c4,RWC4,Label,false
196,00c4,RLC4,Function,true
197,00c5,RC5,Label,true
198,00c6,RC6,Label,false
198,00c6,RWC6,Label,true
199,00c7,RC7,Label,true
200,00c8,RC8,Label,false
200,00c8,RWC8,Label,false
200,00c8,RLC8,Label,true
201,00c9,RC9,Label,true
202,00ca,RCA,Label,false
202,00ca,RWCA,Label,true
203,00cb,RCB,Label,true
204,00cc,RCC,Label,false
204,00cc,RWCC,Label,false
204,00cc,RLCC,Label,true
205,00cd,RCD,Label,true
206,00ce,RCE,Label,false
206,00ce,RWCE,Label,true
207,00cf,RCF,Label,true
208,00d0,RD0,Label,false
208,00d0,RWD0,Label,false
208,00d0,RLD0,Label,true
209,00d1,RD1,Label,true
210,00d2,RD2,Label,false
210,00d2,RWD2,Label,true
211,00d3,RD3,Label,true
212,00d4,RD4,Label,false
212,00d4,RWD4,Label,false
212,00d4,RLD4,Label,true
213,00d5,RD5,Label,true
214,00d6,RD6,Label,false
214,00d6,RWD6,Label,true
215,00d7,RD7,Label,true
216,00d8,RD8,Label,false
216,00d8,RWD8,Label,false
216,00d8,RLD8,Label,true
217,00d9,RD9,Label,true
218,00da,RDA,Label,false
218,00da,RWDA,Label,true
219,00db,RDB,Label,true
220,00dc,RDC,Label,false
220,00dc,RWDC,Label,false
220,00dc,RLDC,Label,true
221,00dd,RDD,Label,true
222,00de,RDE,Label,false
222,00de,RWDE,Label,true
223,00df,RDF,Label,true
224,00e0,RE0,Label,false
224,00e0,RWE0,Label,false
224,00e0,RLE0,Label,true
225,00e1,RE1,Label,true
226,00e2,RE2,Label,false
226,00e2,RWE2,Label,true
227,00e3,RE3,Label,true
228,00e4,RE4,Label,false
228,00e4,RWE4,Label,false
228,00e4,RLE4,Label,true
229,00e5,RE5,Label,true
230,00e6,RE6,Label,false
230,00e6,RWE6,Label,true
231,00e7,RE7,Label,true
232,00e8,RE8,Label,false
232,00e8,RWE8,Label,false
232,00e8,RLE8,Label,true
233,00e9,RE9,Label,true
234,00ea,REA,Label,false
234,00ea,RWEA,Label,true
235,00eb,REB,Label,true
236,00ec,REC,Label,false
236,00ec,RWEC,Label,false
236,00ec,RLEC,Label,true
237,00ed,RED,Label,true
238,00ee,REE,Label,false
238,00ee,RWEE,Label,true
239,00ef,REF,Label,true
240,00f0,RF0,Label,false
240,00f0,RWF0,Label,false
240,00f0,RLF0,Label,true
241,00f1,RF1,Label,true
242,00f2,RF2,Label,false
242,00f2,RWF2,Label,true
243,00f3,RF3,Label,true
244,00f4,RF4,Label,false
244,00f4,RWF4,Label,false
244,00f4,RLF4,Label,true
245,00f5,RF5,Label,true
246,00f6,RF6,Label,false
246,00f6,RWF6,Label,true
247,00f7,RF7,Label,true
248,00f8,RF8,Label,false
248,00f8,RWF8,Label,false
248,00f8,RLF8,Label,true
249,00f9,RF9,Label,true
250,00fa,RFA,Label,false
250,00fa,RWFA,Label,true
251,00fb,RFB,Label,true
252,00fc,RFC,Label,false
252,00fc,RWFC,Label,false
252,00fc,RLFC,Label,true
253,00fd,RFD,Label,true
254,00fe,RFE,Label,false
254,00fe,RWFE,Label,true
255,00ff,RFF,Label,true
256,0100,R100,Label,false
256,0100,RW100,Label,false
256,0100,RL100,Label,true
257,0101,R101,Label,true
258,0102,R102,Label,false
258,0102,RW102,Label,true
259,0103,R103,Label,true
260,0104,R104,Label,false
260,0104,RW104,Label,false
260,0104,RL104,Label,true
261,0105,R105,Label,true
262,0106,R106,Label,false
262,0106,RW106,Label,true
263,0107,R107,Label,true
264,0108,R108,Label,false
264,0108,RW108,Label,false
264,0108,RL108,Label,true
265,0109,R109,Label,true
266,010a,R10A,Label,false
266,010a,RW10A,Label,true
267,010b,R10B,Label,true
268,010c,R10C,Label,false
268,010c,RW10C,Label,false
268,010c,RL10C,Label,true
269,010d,R10D,Label,true
270,010e,R10E,Label,false
270,010e,RW10E,Label,true
271,010f,R10F,Label,true
272,0110,R110,Label,false
272,0110,RW110,Label,false
272,0110,RL110,Label,true
273,0111,R111,Label,true
274,0112,R112,Label,false
274,0112,RW112,Label,true
275,0113,R113,Label,true
276,0114,R114,Label,false
276,0114,RW114,Label,false
276,0114,RL114,Label,true
277,0115,R115,Label,true
278,0116,R116,Label,false
278,0116,RW116,Label,true
279,0117,R117,Label,true
280,0118,R118,Label,false
280,0118,RW118,Label,false
280,0118,RL118,Label,true
281,0119,R119,Label,true
282,011a,R11A,Label,false
282,011a,RW11A,Label,true
283,011b,R11B,Label,true
284,011c,R11C,Label,false
284,011c,RW11C,Label,false
284,011c,RL11C,Label,true
285,011d,R11D,Label,true
286,011e,R11E,Label,false
286,011e,RW11E,Label,true
287,011f,R11F,Label,true
288,0120,R120,Label,false
288,0120,RW120,Label,false
288,0120,RL120,Label,true
289,0121,R121,Label,true
290,0122,R122,Label,false
290,0122,RW122,Label,true
291,0123,R123,Label,true
292,0124,R124,Label,false
292,0124,RW124,Label,false
292,0124,RL124,Label,true
293,0125,R125,Label,true
294,0126,R126,Label,false
294,0126,RW126,Label,true
295,0127,R127,Label,true
296,0128,R128,Label,false
296,0128,RW128,Label,false
296,0128,RL128,Label,true
297,0129,R129,Label,true
298,012a,R12A,Label,false
298,012a,RW12A,Label,true
299,012b,R12B,Label,true
300,012c,R12C,Label,false
300,012c,RW12C,Label,false
300,012c,RL12C,Label,true
301,012d,R12D,Label,true
302,012e,R12E,Label,false
302,012e,RW12E,Label,true
303,012f,R12F,Label,true
304,0130,R130,Label,false
304,0130,RW130,Label,false
304,0130,RL130,Label,true
305,0131,R131,Label,true
306,0132,R132,Label,false
306,0132,RW132,Label,true
307,0133,R133,Label,true
308,0134,R134,Label,false
308,0134,RW134,Label,false
308,0134,RL134,Label,true
309,0135,R135,Label,true
310,0136,R136,Label,false
310,0136,RW136,Label,true
311,0137,R137,Label,true
312,0138,R138,Label,false
312,0138,RW138,Label,false
312,0138,RL138,Label,true
313,0139,R139,Label,true
314,013a,R13A,Label,false
314,013a,RW13A,Label,true
315,013b,R13B,Label,true
316,013c,R13C,Label,false
316,013c,RW13C,Label,false
316,013c,RL13C,Label,true
317,013d,R13D,Label,true
318,013e,R13E,Label,false
318,013e,RW13E,Label,true
319,013f,R13F,Label,true
320,0140,R140,Label,false
320,0140,RW140,Label,false
320,0140,RL140,Label,true
321,0141,R141,Label,true
322,0142,R142,Label,false
322,0142,RW142,Label,true
323,0143,R143,Label,true
324,0144,R144,Label,false
324,0144,RW144,Label,false
324,0144,RL144,Label,true
325,0145,R145,Label,true
326,0146,R146,Label,false
326,0146,RW146,Label,true
327,0147,R147,Label,true
328,0148,R148,Label,false
328,0148,RW148,Label,false
328,0148,RL148,Label,true
329,0149,R149,Label,true
330,014a,R14A,Label,false
330,014a,RW14A,Label,true
331,014b,R14B,Label,true
332,014c,R14C,Label,false
332,014c,RW14C,Label,false
332,014c,RL14C,Label,true
333,014d,R14D,Label,true
334,014e,R14E,Label,false
334,014e,RW14E,Label,true
335,014f,R14F,Label,true
336,0150,R150,Label,false
336,0150,RW150,Label,false
336,0150,RL150,Label,true
337,0151,R151,Label,true
338,0152,R152,Label,false
338,0152,RW152,Label,true
339,0153,R153,Label,true
340,0154,R154,Label,false
340,0154,RW154,Label,false
340,0154,RL154,Label,true
341,0155,R155,Label,true
342,0156,R156,Label,false
342,0156,RW156,Label,true
343,0157,R157,Label,true
344,0158,R158,Label,false
344,0158,RW158,Label,false
344,0158,RL158,Label,true
345,0159,R159,Label,true
346,015a,R15A,Label,false
346,015a,RW15A,Label,true
347,015b,R15B,Label,true
348,015c,R15C,Label,false
348,015c,RW15C,Label,false
348,015c,RL15C,Label,true
349,015d,R15D,Label,true
350,015e,R15E,Label,false
350,015e,RW15E,Label,true
351,015f,R15F,Label,true
352,0160,R160,Label,false
352,0160,RW160,Label,false
352,0160,RL160,Label,true
353,0161,R161,Label,true
354,0162,R162,Label,false
354,0162,RW162,Label,true
355,0163,R163,Label,true
356,0164,R164,Label,false
356,0164,RW164,Label,false
356,0164,RL164,Label,true
357,0165,R165,Label,true
358,0166,R166,Label,false
358,0166,RW166,Label,true
359,0167,R167,Label,true
360,0168,R168,Label,false
360,0168,RW168,Label,false
360,0168,RL168,Label,true
361,0169,R169,Label,true
362,016a,R16A,Label,false
362,016a,RW16A,Label,true
363,016b,R16B,Label,true
364,016c,R16C,Label,false
364,016c,RW16C,Label,false
364,016c,RL16C,Label,true
365,016d,R16D,Label,true
366,016e,R16E,Label,false
366,016e,RW16E,Label,true
367,016f,R16F,Label,true
368,0170,R170,Label,false
368,0170,RW170,Label,false
368,0170,RL170,Label,true
369,0171,R171,Label,true
370,0172,R172,Label,false
370,0172,RW172,Label,true
371,0173,R173,Label,true
372,0174,R174,Label,false
372,0174,RW174,Label,false
372,0174,RL174,Label,true
373,0175,R175,Label,true
374,0176,R176,Label,false
374,0176,RW176,Label,true
375,0177,R177,Label,true
376,0178,R178,Label,false
376,0178,RW178,Label,false
376,0178,RL178,Label,true
377,0179,R179,Label,true
378,017a,R17A,Label,false
378,017a,RW17A,Label,true
379,017b,R17B,Label,true
380,017c,R17C,Label,false
380,017c,RW17C,Label,false
380,017c,RL17C,Label,true
381,017d,R17D,Label,true
382,017e,R17E,Label,false
382,017e,RW17E,Label,true
383,017f,R17F,Label,true
384,0180,R180,Label,false
384,0180,RW180,Label,false
384,0180,RL180,Label,true
385,0181,R181,Label,true
386,0182,R182,Label,false
386,0182,RW182,Label,true
387,0183,R183,Label,true
388,0184,R184,Label,false
388,0184,RW184,Label,false
388,0184,RL184,Label,true
389,0185,R185,Label,true
390,0186,R186,Label,false
390,0186,RW186,Label,true
391,0187,R187,Label,true
392,0188,R188,Label,false
392,0188,RW188,Label,false
392,0188,RL188,Label,true
393,0189,R189,Label,true
394,018a,R18A,Label,false
394,018a,RW18A,Label,true
395,018b,R18B,Label,true
396,018c,R18C,Label,false
396,018c,RW18C,Label,false
396,018c,RL18C,Label,true
397,018d,R18D,Label,true
398,018e,R18E,Label,false
398,018e,RW18E,Label,true
399,018f,R18F,Label,true
400,0190,R190,Label,false
400,0190,RW190,Label,false
400,0190,RL190,Label,true
401,0191,R191,Label,true
402,0192,R192,Label,false
402,0192,RW192,Label,true
403,0193,R193,Label,true
404,0194,R194,Label,false
404,0194,RW194,Label,false
404,0194,RL194,Label,true
405,0195,R195,Label,true
406,0196,R196,Label,false
406,0196,RW196,Label,true
407,0197,R197,Label,true
408,0198,R198,Label,false
408,0198,RW198,Label,false
408,0198,RL198,Label,true
409,0199,R199,Label,true
410,019a,R19A,Label,false
410,019a,RW19A,Label,true
411,019b,R19B,Label,true
412,019c,R19C,Label,false
412,019c,RW19C,Label,false
412,019c,RL19C,Label,true
413,019d,R19D,Label,true
414,019e,R19E,Label,false
414,019e,RW19E,Label,true
415,019f,R19F,Label,true
416,01a0,R1A0,Label,false
416,01a0,RW1A0,Label,false
416,01a0,RL1A0,Label,true
417,01a1,R1A1,Label,true
418,01a2,R1A2,Label,false
418,01a2,RW1A2,Label,true
419,01a3,R1A3,Label,true
420,01a4,R1A4,Label,false
420,01a4,RW1A4,Label,false
420,01a4,RL1A4,Label,true
421,01a5,R1A5,Label,true
422,01a6,R1A6,Label,false
422,01a6,RW1A6,Label,true
423,01a7,R1A7,Label,true
424,01a8,R1A8,Label,false
424,01a8,RW1A8,Label,false
424,01a8,RL1A8,Label,true
425,01a9,R1A9,Label,true
426,01aa,R1AA,Label,false
426,01aa,RW1AA,Label,true
427,01ab,R1AB,Label,true
428,01ac,R1AC,Label,false
428,01ac,RW1AC,Label,false
428,01ac,RL1AC,Label,true
429,01ad,R1AD,Label,true
430,01ae,R1AE,Label,false
430,01ae,RW1AE,Label,true
431,01af,R1AF,Label,true
432,01b0,R1B0,Label,false
432,01b0,RW1B0,Label,false
432,01b0,RL1B0,Label,true
433,01b1,R1B1,Label,true
434,01b2,R1B2,Label,false
434,01b2,RW1B2,Label,true
435,01b3,R1B3,Label,true
436,01b4,R1B4,Label,false
436,01b4,RW1B4,Label,false
436,01b4,RL1B4,Label,true
437,01b5,R1B5,Label,true
438,01b6,R1B6,Label,false
438,01b6,RW1B6,Label,true
439,01b7,R1B7,Label,true
440,01b8,R1B8,Label,false
440,01b8,RW1B8,Label,false
440,01b8,RL1B8,Label,true
441,01b9,R1B9,Label,true
442,01ba,R1BA,Label,false
442,01ba,RW1BA,Label,true
443,01bb,R1BB,Label,true
444,01bc,R1BC,Label,false
444,01bc,RW1BC,Label,false
444,01bc,RL1BC,Label,true
445,01bd,R1BD,Label,true
446,01be,R1BE,Label,false
446,01be,RW1BE,Label,true
447,01bf,R1BF,Label,true
448,01c0,R1C0,Label,false
448,01c0,RW1C0,Label,false
448,01c0,RL1C0,Label,true
449,01c1,R1C1,Label,true
450,01c2,R1C2,Label,false
450,01c2,RW1C2,Label,true
451,01c3,R1C3,Label,true
452,01c4,R1C4,Label,false
452,01c4,RW1C4,Label,false
452,01c4,RL1C4,Label,true
453,01c5,R1C5,Label,true
454,01c6,R1C6,Label,false
454,01c6,RW1C6,Label,true
455,01c7,R1C7,Label,true
456,01c8,R1C8,Label,false
456,01c8,RW1C8,Label,false
456,01c8,RL1C8,Label,true
457,01c9,R1C9,Label,true
458,01ca,R1CA,Label,false
458,01ca,RW1CA,Label,true
459,01cb,R1CB,Label,true
460,01cc,R1CC,Label,false
460,01cc,RW1CC,Label,false
460,01cc,RL1CC,Label,true
461,01cd,R1CD,Label,true
462,01ce,R1CE,Label,false
462,01ce,RW1CE,Label,true
463,01cf,R1CF,Label,true
464,01d0,R1D0,Label,false
464,01d0,RW1D0,Label,false
464,01d0,RL1D0,Label,true
465,01d1,R1D1,Label,true
466,01d2,R1D2,Label,false
466,01d2,RW1D2,Label,true
467,01d3,R1D3,Label,true
468,01d4,R1D4,Label,false
468,01d4,RW1D4,Label,false
468,01d4,RL1D4,Label,true
469,01d5,R1D5,Label,true
470,01d6,R1D6,Label,false
470,01d6,RW1D6,Label,true
471,01d7,R1D7,Label,true
472,01d8,R1D8,Label,false
472,01d8,RW1D8,Label,false
472,01d8,RL1D8,Label,true
473,01d9,R1D9,Label,true
474,01da,R1DA,Label,false
474,01da,RW1DA,Label,true
475,01db,R1DB,Label,true
476,01dc,R1DC,Label,false
476,01dc,RW1DC,Label,false
476,01dc,RL1DC,Label,true
477,01dd,R1DD,Label,true
478,01de,R1DE,Label,false
478,01de,RW1DE,Label,true
479,01df,R1DF,Label,true
480,01e0,R1E0,Label,false
480,01e0,RW1E0,Label,false
480,01e0,RL1E0,Label,true
481,01e1,R1E1,Label,true
482,01e2,R1E2,Label,false
482,01e2,RW1E2,Label,true
483,01e3,R1E3,Label,true
484,01e4,R1E4,Label,false
484,01e4,RW1E4,Label,false
484,01e4,RL1E4,Label,true
485,01e5,R1E5,Label,true
486,01e6,R1E6,Label,false
486,01e6,RW1E6,Label,true
487,01e7,R1E7,Label,true
488,01e8,R1E8,Label,false
488,01e8,RW1E8,Label,false
488,01e8,RL1E8,Label,true
489,01e9,R1E9,Label,true
490,01ea,R1EA,Label,false
490,01ea,RW1EA,Label,true
491,01eb,R1EB,Label,true
492,01ec,R1EC,Label,false
492,01ec,RW1EC,Label,false
492,01ec,RL1EC,Label,true
493,01ed,R1ED,Label,true
494,01ee,R1EE,Label,false
494,01ee,RW1EE,Label,true
495,01ef,R1EF,Label,true
496,01f0,R1F0,Label,false
496,01f0,RW1F0,Label,false
496,01f0,RL1F0,Label,true
497,01f1,R1F1,Label,true
498,01f2,R1F2,Label,false
498,01f2,RW1F2,Label,true
499,01f3,R1F3,Label,true
500,01f4,R1F4,Label,false
500,01f4,RW1F4,Label,false
500,01f4,RL1F4,Label,true
501,01f5,R1F5,Label,true
502,01f6,R1F6,Label,false
502,01f6,RW1F6,Label,true
503,01f7,R1F7,Label,true
504,01f8,R1F8,Label,false
504,01f8,RW1F8,Label,false
504,01f8,RL1F8,Label,true
505,01f9,R1F9,Label,true
506,01fa,R1FA,Label,false
506,01fa,RW1FA,Label,true
507,01fb,R1FB,Label,true
508,01fc,R1FC,Label,false
508,01fc,RW1FC,Label,false
508,01fc,RL1FC,Label,true
509,01fd,R1FD,Label,true
510,01fe,R1FE,Label,false
510,01fe,RW1FE,Label,true
511,01ff,R1FF,Label,true
568,0238,DAT_0238,Label,true
570,023a,DAT_023a,Label,true
629,0275,caseD_4581,Label,true
635,027b,caseD_4661,Label,true
682,02aa,DAT_02aa,Label,true
686,02ae,DAT_02ae,Label,true
690,02b2,DAT_02b2,Label,true
694,02b6,DAT_02b6,Label,true
730,02da,DAT_02da,Label,true
746,02ea,DAT_02ea,Label,true
762,02fa,DAT_02fa,Label,true
1026,0402,DAT_0402,Label,true
1027,0403,DAT_0403,Label,true
1028,0404,DAT_0404,Label,true
1029,0405,DAT_0405,Label,true
1032,0408,DAT_0408,Label,true
1033,0409,DAT_0409,Label,true
1040,0410,DAT_0410,Label,true
1041,0411,DAT_0411,Label,true
1056,0420,DAT_0420,Label,true
1057,0421,DAT_0421,Label,true
1088,0440,DAT_0440,Label,true
1089,0441,DAT_0441,Label,true
1152,0480,DAT_0480,Label,true
1153,0481,DAT_0481,Label,true
1394,0572,caseD_4597,Label,true
1399,0577,caseD_45b3,Label,true
1659,067b,caseD_4605,Label,true
1661,067d,caseD_464b,Label,true
1909,0775,caseD_4579,Label,true
2048,0800,DAT_0800,Label,true
2301,08fd,DAT_08fd,Label,true
2302,08fe,DAT_08fe,Label,true
2303,08ff,DAT_08ff,Label,true
2942,0b7e,caseD_4663,Label,true
4080,0ff0,DAT_0ff0,Label,true
4096,1000,DAT_1000,Label,true
4098,1002,DAT_1002,Label,true
4116,1014,DAT_1014,Label,true
4118,1016,DAT_1016,Label,true
4120,1018,DAT_1018,Label,true
4121,1019,DAT_1019,Label,true
4122,101a,DAT_101a,Label,true
4123,101b,DAT_101b,Label,true
4124,101c,DAT_101c,Label,true
4126,101e,DAT_101e,Label,true
4127,101f,DAT_101f,Label,true
4128,1020,DAT_1020,Label,true
4129,1021,DAT_1021,Label,true
4130,1022,DAT_1022,Label,true
4131,1023,DAT_1023,Label,true
4132,1024,DAT_1024,Label,true
4136,1028,DAT_1028,Label,true
4137,1029,DAT_1029,Label,true
4138,102a,DAT_102a,Label,true
4139,102b,DAT_102b,Label,true
4152,1038,DAT_1038,Label,true
4153,1039,DAT_1038+1,Label,true
4154,103a,DAT_103a,Label,true
4156,103c,DAT_103c,Label,true
4157,103d,DAT_103d,Label,true
4158,103e,DAT_103e,Label,true
4351,10ff,DAT_10ff,Label,true
4500,1194,DAT_1194,Label,true
4572,11dc,DAT_11dc,Label,true
4574,11de,DAT_11de,Label,true
4576,11e0,DAT_11e0,Label,true
4577,11e1,DAT_11e1,Label,true
4578,11e2,DAT_11e2,Label,true
4580,11e4,DAT_11e4,Label,true
4581,11e5,DAT_11e4+1,Label,true
4582,11e6,DAT_11e6,Label,true
4584,11e8,DAT_11e8,Label,true
4585,11e9,DAT_11e8+1,Label,true
4586,11ea,DAT_11ea,Label,true
4587,11eb,DAT_11eb,Label,true
4588,11ec,DAT_11ec,Label,true
4590,11ee,DAT_11ee,Label,true
4591,11ef,DAT_11ee+1,Label,true
4708,1264,DAT_1264,Label,true
4710,1266,DAT_1266,Label,true
4712,1268,DAT_1268,Label,true
4714,126a,DAT_126a,Label,true
4716,126c,DAT_126c,Label,true
4718,126e,DAT_126e,Label,true
4719,126f,DAT_126e+1,Label,true
4720,1270,DAT_1270,Label,true
4721,1271,DAT_1271,Label,true
4722,1272,DAT_1272,Label,true
4724,1274,DAT_1274,Label,true
4726,1276,DAT_1276,Label,true
4728,1278,DAT_1278,Label,true
4730,127a,DAT_127a,Label,true
4732,127c,DAT_127c,Label,true
4734,127e,DAT_127e,Label,true
4736,1280,DAT_1280,Label,true
4737,1281,DAT_1281,Label,true
4738,1282,DAT_1282,Label,true
4739,1283,DAT_1283,Label,true
4740,1284,DAT_1284,Label,true
4741,1285,DAT_1285,Label,true
4742,1286,DAT_1286,Label,true
4743,1287,DAT_1287,Label,true
4744,1288,DAT_1288,Label,true
4746,128a,DAT_128a,Label,true
4748,128c,DAT_128c,Label,true
4749,128d,DAT_128c+1,Label,true
4752,1290,DAT_1290,Label,true
4754,1292,DAT_1292,Label,true
4756,1294,DAT_1294,Label,true
4758,1296,DAT_1296,Label,true
4760,1298,DAT_1298,Label,true
4763,129b,DAT_129b,Label,true
4764,129c,DAT_129c,Label,true
4772,12a4,DAT_12a4,Label,true
4775,12a7,DAT_12a7,Label,true
4780,12ac,DAT_12ac,Label,true
4781,12ad,DAT_12ac+1,Label,true
4782,12ae,DAT_12ae,Label,true
4785,12b1,DAT_12b1,Label,true
4788,12b4,DAT_12b4,Label,true
4790,12b6,DAT_12b6,Label,true
4792,12b8,DAT_12b8,Label,true
4794,12ba,DAT_12ba,Label,true
4796,12bc,DAT_12bc,Label,true
4799,12bf,DAT_12bf,Label,true
4800,12c0,DAT_12c0,Label,true
4808,12c8,DAT_12c8,Label,true
4811,12cb,DAT_12cb,Label,true
4816,12d0,DAT_12d0,Label,true
4822,12d6,DAT_12d6,Label,true
4836,12e4,DAT_12e4,Label,true
4838,12e6,DAT_12e6,Label,true
4840,12e8,DAT_12e8,Label,true
4841,12e9,DAT_12e9,Label,true
4842,12ea,DAT_12ea,Label,true
4843,12eb,DAT_12ea+1,Label,true
4844,12ec,DAT_12ec,Label,true
4846,12ee,DAT_12ee,Label,true
4848,12f0,DAT_12f0,Label,true
5058,13c2,DAT_13c2,Label,true
5060,13c4,DAT_13c4,Label,true
5061,13c5,DAT_13c5,Label,true
5062,13c6,DAT_13c6,Label,true
5063,13c7,DAT_13c7,Label,true
5064,13c8,DAT_13c8,Label,true
5065,13c9,DAT_13c9,Label,true
5072,13d0,DAT_13d0,Label,true
5073,13d1,DAT_13d1,Label,true
5074,13d2,DAT_13d2,Label,true
5075,13d3,DAT_13d3,Label,true
5076,13d4,DAT_13d4,Label,true
5097,13e9,DAT_13e9,Label,true
5098,13ea,DAT_13ea,Label,true
5110,13f6,DAT_13f6,Label,true
5120,1400,DAT_1400,Label,true
5121,1401,DAT_1401,Label,true
5122,1402,DAT_1402,Label,true
5123,1403,DAT_1402+1,Label,true
5124,1404,DAT_1404,Label,true
5125,1405,DAT_1404+1,Label,true
5126,1406,DAT_1406,Label,true
5127,1407,DAT_1407,Label,true
5140,1414,DAT_1414,Label,true
5142,1416,DAT_1416,Label,true
5154,1422,DAT_1422,Label,true
5155,1423,DAT_1423,Label,true
5156,1424,DAT_1424,Label,true
5157,1425,DAT_1425,Label,true
5158,1426,DAT_1426,Label,true
5159,1427,DAT_1427,Label,true
5160,1428,DAT_1428,Label,true
5161,1429,DAT_1429,Label,true
5162,142a,DAT_142a,Label,true
5163,142b,DAT_142b,Label,true
5164,142c,DAT_142c,Label,true
5165,142d,DAT_142d,Label,true
5166,142e,DAT_142e,Label,true
5186,1442,DAT_1442,Label,true
5187,1443,DAT_1443,Label,true
5188,1444,DAT_1444,Label,true
5189,1445,DAT_1445,Label,true
5190,1446,DAT_1446,Label,true
5191,1447,DAT_1447,Label,true
5192,1448,DAT_1448,Label,true
5193,1449,DAT_1449,Label,true
5194,144a,DAT_144a,Label,true
5195,144b,DAT_144b,Label,true
5196,144c,DAT_144c,Label,true
5197,144d,DAT_144d,Label,true
5198,144e,DAT_144e,Label,true
5199,144f,DAT_144f,Label,true
5200,1450,DAT_1450,Label,true
5201,1451,DAT_1451,Label,true
5203,1453,DAT_1453,Label,true
5204,1454,DAT_1454,Label,true
5205,1455,DAT_1455,Label,true
5206,1456,DAT_1456,Label,true
5207,1457,DAT_1457,Label,true
5208,1458,DAT_1458,Label,true
5209,1459,DAT_1459,Label,true
5210,145a,DAT_145a,Label,true
5211,145b,DAT_145b,Label,true
5212,145c,DAT_145c,Label,true
5213,145d,DAT_145d,Label,true
5214,145e,DAT_145e,Label,true
5215,145f,DAT_145f,Label,true
5216,1460,DAT_1460,Label,true
5217,1461,DAT_1461,Label,true
5218,1462,DAT_1462,Label,true
5220,1464,DAT_1464,Label,true
5221,1465,DAT_1465,Label,true
5222,1466,DAT_1466,Label,true
5224,1468,DAT_1468,Label,true
5226,146a,DAT_146a,Label,true
5240,1478,DAT_1478,Label,true
5242,147a,DAT_147a,Label,true
5244,147c,DAT_147c,Label,true
5246,147e,DAT_147e,Label,true
5254,1486,DAT_1486,Label,true
5283,14a3,DAT_14a3,Label,true
5312,14c0,DAT_14c0,Label,true
5314,14c2,DAT_14c2,Label,true
5316,14c4,DAT_14c4,Label,true
5320,14c8,DAT_14c8,Label,true
5322,14ca,DAT_14ca,Label,true
5324,14cc,DAT_14cc,Label,true
5325,14cd,DAT_14cc+1,Label,true
5326,14ce,DAT_14ce,Label,true
5328,14d0,DAT_14d0,Label,true
5346,14e2,DAT_14e2,Label,true
5348,14e4,DAT_14e4,Label,true
5349,14e5,DAT_14e4+1,Label,true
5350,14e6,DAT_14e6,Label,true
5352,14e8,DAT_14e8,Label,true
5353,14e9,DAT_14e9,Label,true
5354,14ea,DAT_14ea,Label,true
5356,14ec,DAT_14ec,Label,true
5357,14ed,DAT_14ed,Label,true
5374,14fe,DAT_14fe,Label,true
5375,14ff,DAT_14ff,Label,true
5378,1502,DAT_1502,Label,true
5380,1504,DAT_1504,Label,true
5382,1506,DAT_1506,Label,true
5383,1507,DAT_1506+1,Label,true
5384,1508,DAT_1508,Label,true
5386,150a,DAT_150a,Label,true
5388,150c,DAT_150c,Label,true
5390,150e,DAT_150e,Label,true
5392,1510,DAT_1510,Label,true
5394,1512,DAT_1512,Label,true
5396,1514,DAT_1514,Label,true
5398,1516,DAT_1516,Label,true
5404,151c,DAT_151c,Label,true
5405,151d,DAT_151c+1,Label,true
5406,151e,DAT_151e,Label,true
5408,1520,DAT_1520,Label,true
5409,1521,DAT_1520+1,Label,true
5410,1522,DAT_1522,Label,true
5411,1523,DAT_1522+1,Label,true
5412,1524,DAT_1524,Label,true
5413,1525,DAT_1524+1,Label,true
5414,1526,DAT_1526,Label,true
5416,1528,DAT_1528,Label,true
5418,152a,DAT_152a,Label,true
5420,152c,DAT_152c,Label,true
5421,152d,DAT_152c+1,Label,true
5422,152e,DAT_152e,Label,true
5424,1530,DAT_1530,Label,true
5426,1532,DAT_1532,Label,true
5428,1534,DAT_1534,Label,true
5430,1536,DAT_1536,Label,true
5431,1537,DAT_1537,Label,true
5432,1538,DAT_1538,Label,true
5433,1539,DAT_1539,Label,true
5434,153a,DAT_153a,Label,true
5436,153c,DAT_153c,Label,true
5438,153e,DAT_153e,Label,true
5440,1540,DAT_1540,Label,true
5442,1542,DAT_1542,Label,true
5444,1544,DAT_1544,Label,true
5446,1546,DAT_1546,Label,true
5448,1548,DAT_1548,Label,true
5449,1549,DAT_1548+1,Label,true
5453,154d,DAT_154d,Label,true
5454,154e,DAT_154e,Label,true
5456,1550,DAT_1550,Label,true
5458,1552,DAT_1552,Label,true
5460,1554,DAT_1554,Label,true
5462,1556,DAT_1556,Label,true
5463,1557,DAT_1556+1,Label,true
5464,1558,DAT_1558,Label,true
5466,155a,DAT_155a,Label,true
5468,155c,DAT_155c,Label,true
5470,155e,DAT_155e,Label,true
5472,1560,DAT_1560,Label,true
5474,1562,DAT_1562,Label,true
5476,1564,DAT_1564,Label,true
5478,1566,DAT_1566,Label,true
5480,1568,DAT_1568,Label,true
5482,156a,DAT_156a,Label,true
5484,156c,DAT_156c,Label,true
5486,156e,DAT_156e,Label,true
5488,1570,DAT_1570,Label,true
5490,1572,DAT_1572,Label,true
5491,1573,DAT_1572+1,Label,true
5492,1574,DAT_1574,Label,true
5494,1576,DAT_1576,Label,true
5495,1577,DAT_1576+1,Label,true
5496,1578,DAT_1578,Label,true
5497,1579,DAT_1578+1,Label,true
5498,157a,DAT_157a,Label,true
5499,157b,DAT_157a+1,Label,true
5500,157c,DAT_157c,Label,true
5501,157d,DAT_157c+1,Label,true
5502,157e,DAT_157e,Label,true
5504,1580,DAT_1580,Label,true
5505,1581,DAT_1580+1,Label,true
5506,1582,DAT_1582,Label,true
5512,1588,DAT_1588,Label,true
5514,158a,DAT_158a,Label,true
5515,158b,DAT_158b,Label,true
5516,158c,DAT_158c,Label,true
5517,158d,DAT_158c+1,Label,true
5518,158e,DAT_158e,Label,true
5520,1590,DAT_1590,Label,true
5522,1592,DAT_1592,Label,true
5524,1594,DAT_1594,Label,true
5566,15be,DAT_15be,Label,true
5568,15c0,DAT_15c0,Label,true
5570,15c2,DAT_15c2,Label,true
5572,15c4,DAT_15c4,Label,true
5574,15c6,DAT_15c6,Label,true
5576,15c8,DAT_15c8,Label,true
5592,15d8,DAT_15d8,Label,true
5593,15d9,DAT_15d8+1,Label,true
5594,15da,DAT_15da,Label,true
5596,15dc,DAT_15dc,Label,true
5598,15de,DAT_15de,Label,true
5600,15e0,DAT_15e0,Label,true
5602,15e2,DAT_15e2,Label,true
5604,15e4,DAT_15e4,Label,true
5606,15e6,DAT_15e6,Label,true
5607,15e7,DAT_15e7,Label,true
5608,15e8,DAT_15e8,Label,true
5609,15e9,DAT_15e9,Label,true
5610,15ea,DAT_15ea,Label,true
5611,15eb,DAT_15eb,Label,true
5612,15ec,DAT_15ec,Label,true
5618,15f2,DAT_15f2,Label,true
5620,15f4,DAT_15f4,Label,true
5622,15f6,DAT_15f6,Label,true
5624,15f8,DAT_15f8,Label,true
5626,15fa,DAT_15fa,Label,true
5628,15fc,DAT_15fc,Label,true
5630,15fe,DAT_15fe,Label,true
5632,1600,DAT_1600,Label,true
5634,1602,DAT_1602,Label,true
5635,1603,DAT_1602+1,Label,true
5636,1604,DAT_1604,Label,true
5638,1606,DAT_1606,Label,true
5639,1607,DAT_1606+1,Label,true
5640,1608,DAT_1608,Label,true
5676,162c,DAT_162c,Label,true
5682,1632,DAT_1632,Label,true
5683,1633,DAT_1633,Label,true
5860,16e4,DAT_16e4,Label,true
5974,1756,DAT_1756,Label,true
5976,1758,DAT_1758,Label,true
5986,1762,DAT_1762,Label,true
5988,1764,DAT_1764,Label,true
5990,1766,DAT_1766,Label,true
6002,1772,DAT_1772,Label,true
6004,1774,DAT_1774,Label,true
6018,1782,DAT_1782,Label,true
6019,1783,DAT_1783,Label,true
6020,1784,DAT_1784,Label,true
6027,178b,DAT_178b,Label,true
6034,1792,DAT_1792,Label,true
6035,1793,DAT_1793,Label,true
6036,1794,DAT_1794,Label,true
6042,179a,DAT_179a,Label,true
6044,179c,DAT_179c,Label,true
6045,179d,DAT_179d,Label,true
6046,179e,DAT_179e,Label,true
6047,179f,DAT_179f,Label,true
6048,17a0,DAT_17a0,Label,true
6050,17a2,DAT_17a2,Label,true
6051,17a3,DAT_17a3,Label,true
6052,17a4,DAT_17a4,Label,true
6054,17a6,DAT_17a6,Label,true
6056,17a8,DAT_17a8,Label,true
6058,17aa,DAT_17aa,Label,true
6060,17ac,DAT_17ac,Label,true
6062,17ae,DAT_17ae,Label,true
6063,17af,DAT_17ae+1,Label,true
6064,17b0,DAT_17b0,Label,true
6066,17b2,DAT_17b2,Label,true
6068,17b4,DAT_17b4,Label,true
6072,17b8,DAT_17b8,Label,true
6074,17ba,DAT_17ba,Label,true
6076,17bc,DAT_17bc,Label,true
6077,17bd,DAT_17bc+1,Label,true
6079,17bf,DAT_17bf,Label,true
6082,17c2,DAT_17c2,Label,true
6083,17c3,DAT_17c2+1,Label,true
6084,17c4,DAT_17c4,Label,true
6088,17c8,DAT_17c8,Label,true
6090,17ca,DAT_17ca,Label,true
6092,17cc,DAT_17cc,Label,true
6093,17cd,DAT_17cc+1,Label,true
6094,17ce,DAT_17ce,Label,true
6102,17d6,DAT_17d6,Label,true
6104,17d8,DAT_17d8,Label,true
6106,17da,DAT_17da,Label,true
6114,17e2,DAT_17e2,Label,true
6116,17e4,DAT_17e4,Label,true
6118,17e6,DAT_17e6,Label,true
6126,17ee,DAT_17ee,Label,true
6128,17f0,DAT_17f0,Label,true
6130,17f2,DAT_17f2,Label,true
6134,17f6,DAT_17f6,Label,true
6138,17fa,DAT_17fa,Label,true
6140,17fc,DAT_17fc,Label,true
6142,17fe,DAT_17fe,Label,true
6253,186d,DAT_186d,Label,true
6254,186e,DAT_186e,Label,true
6255,186f,DAT_186f,Label,true
6257,1871,DAT_1871,Label,true
6258,1872,DAT_1872,Label,true
6259,1873,DAT_1873,Label,true
6260,1874,DAT_1874,Label,true
6261,1875,DAT_1875,Label,true
6262,1876,DAT_1876,Label,true
6263,1877,DAT_1877,Label,true
6264,1878,DAT_1878,Label,true
6266,187a,DAT_187a,Label,true
6267,187b,DAT_187b,Label,true
6268,187c,DAT_187c,Label,true
6270,187e,DAT_187e,Label,true
6271,187f,DAT_187f,Label,true
6272,1880,DAT_1880,Label,true
6274,1882,DAT_1882,Label,true
6278,1886,DAT_1886,Label,true
6279,1887,DAT_1887,Label,true
6280,1888,DAT_1888,Label,true
6281,1889,DAT_1889,Label,true
6282,188a,DAT_188a,Label,true
6283,188b,DAT_188b,Label,true
6284,188c,DAT_188c,Label,true
6285,188d,DAT_188d,Label,true
6286,188e,DAT_188e,Label,true
6288,1890,DAT_1890,Label,true
6289,1891,DAT_1891,Label,true
6290,1892,DAT_1892,Label,true
6291,1893,DAT_1893,Label,true
6292,1894,DAT_1894,Label,true
6293,1895,DAT_1895,Label,true
6294,1896,DAT_1896,Label,true
6295,1897,DAT_1897,Label,true
6296,1898,DAT_1898,Label,true
6297,1899,DAT_1899,Label,true
6298,189a,DAT_189a,Label,true
6299,189b,DAT_189b,Label,true
6300,189c,DAT_189c,Label,true
6301,189d,DAT_189d,Label,true
6302,189e,DAT_189e,Label,true
6303,189f,DAT_189f,Label,true
6304,18a0,DAT_18a0,Label,true
6305,18a1,DAT_18a1,Label,true
6306,18a2,DAT_18a2,Label,true
6307,18a3,DAT_18a3,Label,true
6308,18a4,DAT_18a4,Label,true
6309,18a5,DAT_18a5,Label,true
6310,18a6,DAT_18a6,Label,true
6313,18a9,DAT_18a9,Label,true
6314,18aa,DAT_18aa,Label,true
6315,18ab,DAT_18ab,Label,true
6316,18ac,DAT_18ac,Label,true
6317,18ad,DAT_18ad,Label,true
6318,18ae,DAT_18ae,Label,true
6319,18af,DAT_18af,Label,true
6324,18b4,DAT_18b4,Label,true
6326,18b6,DAT_18b6,Label,true
6327,18b7,DAT_18b7,Label,true
6328,18b8,DAT_18b8,Label,true
6329,18b9,DAT_18b9,Label,true
6330,18ba,DAT_18ba,Label,true
6331,18bb,DAT_18bb,Label,true
6332,18bc,DAT_18bc,Label,true
6333,18bd,DAT_18bd,Label,true
6334,18be,DAT_18be,Label,true
6335,18bf,DAT_18bf,Label,true
6336,18c0,DAT_18c0,Label,true
6340,18c4,DAT_18c4,Label,true
6341,18c5,DAT_18c5,Label,true
6462,193e,DAT_193e,Label,true
6664,1a08,DAT_1a08,Label,true
6666,1a0a,DAT_1a0a,Label,true
7036,1b7c,caseD_4607,Label,true
7037,1b7d,caseD_465b,Label,true
7688,1e08,DAT_1e08,Label,true
7690,1e0a,DAT_1e0a,Label,true
7798,1e76,caseD_459f,Label,true
7798,1e76,caseD_45bb,Label,false
7942,1f06,DAT_1f06,Label,true
7948,1f0c,DAT_1f0c,Label,true
7958,1f16,DAT_1f16,Label,true
8190,1ffe,DAT_1ffe,Label,true
8192,2000,vec_0,Label,true
8194,2002,vec_1,Label,true
8196,2004,vec_2,Label,true
8198,2006,vec_3,Label,true
8200,2008,vec_4,Label,true
8202,200a,vec_5,Label,true
8204,200c,vec_6,Label,true
8206,200e,vec_7,Label,true
8320,2080,VECTOR_Reset,Function,true
8321,2081,VECTOR_Reset+1,Label,true
8326,2086,LAB_2086,Label,true
8340,2094,FUN_2094,Function,true
8343,2097,thunk_FUN_3679,Function,true
8346,209a,thunk_FUN_3b0d,Function,true
8349,209d,thunk_FUN_3e50,Function,true
8352,20a0,thunk_FUN_2f62,Function,true
8355,20a3,thunk_FUN_3030,Function,true
8358,20a6,thunk_FUN_3046,Function,true
8361,20a9,thunk_FUN_2273,Function,true
8364,20ac,FUN_20ac,Function,true
8367,20af,thunk_FUN_2eaa,Function,true
8370,20b2,thunk_FUN_2269,Function,true
8373,20b5,thunk_FUN_2edb,Function,true
8376,20b8,thunk_FUN_2f38,Function,true
8379,20bb,thunk_FUN_35a8,Function,true
8382,20be,thunk_FUN_3aae,Function,true
8385,20c1,thunk_FUN_3832,Function,true
8388,20c4,thunk_FUN_3c66,Function,true
8391,20c7,thunk_FUN_33c2,Function,true
8394,20ca,thunk_FUN_33ae,Function,true
8397,20cd,thunk_FUN_343c,Function,true
8400,20d0,thunk_FUN_3431,Function,true
8403,20d3,thunk_FUN_3563,Function,true
8409,20d9,thunk_FUN_3606,Function,true
8412,20dc,thunk_FUN_360b,Function,true
8415,20df,thunk_FUN_3603,Function,true
8418,20e2,thunk_FUN_3648,Function,true
8424,20e8,thunk_FUN_3645,Function,true
8427,20eb,thunk_FUN_363d,Function,true
8430,20ee,thunk_FUN_3c1b,Function,true
8809,2269,FUN_2269,Function,true
8818,2272,LAB_2272,Label,true
8819,2273,FUN_2273,Function,true
8831,227f,LAB_227f,Label,true
8833,2281,LAB_2281,Label,true
8835,2283,LAB_2283,Label,true
8848,2290,LAB_2290,Label,true
8876,22ac,LAB_22ac,Label,true
8887,22b7,LAB_22b7,Label,true
8896,22c0,LAB_22c0,Label,true
8906,22ca,LAB_22ca,Label,true
8931,22e3,LAB_22e3,Label,true
8933,22e5,LAB_22e5,Label,true
8950,22f6,LAB_22f6,Label,true
8970,230a,LAB_230a,Label,true
8993,2321,LAB_2321,Label,true
8998,2326,LAB_2326,Label,true
9001,2329,LAB_2329,Label,true
9010,2332,LAB_2332,Label,true
9021,233d,LAB_233d,Label,true
9041,2351,LAB_2351,Label,true
9077,2375,caseD_45a5,Label,true
9078,2376,LAB_2376,Label,true
9081,2379,LAB_2379,Label,true
9090,2382,FUN_2382,Function,true
9129,23a9,LAB_23a9,Label,true
9134,23ae,LAB_23ae,Label,true
9135,23af,FUN_23af,Function,true
9211,23fb,FUN_23fb,Function,true
9248,2420,LAB_2420,Label,true
9258,242a,FUN_242a,Function,true
9270,2436,LAB_2436,Label,true
9277,243d,LAB_243d,Label,true
9288,2448,LAB_2448,Label,true
9295,244f,LAB_244f,Label,true
9306,245a,LAB_245a,Label,true
9317,2465,LAB_2465,Label,true
9319,2467,LAB_2467,Label,true
9320,2468,FUN_2468,Function,true
9333,2475,LAB_2475,Label,true
9338,247a,LAB_247a,Label,true
9353,2489,LAB_2489,Label,true
9354,248a,FUN_248a,Function,true
9386,24aa,LAB_24aa,Label,true
9399,24b7,LAB_24b7,Label,true
9412,24c4,LAB_24c4,Label,true
9417,24c9,FUN_24c9,Function,true
9443,24e3,LAB_24e3,Label,true
9458,24f2,LAB_24f2,Label,true
9466,24fa,LAB_24fa,Label,true
9481,2509,LAB_2509,Label,true
9486,250e,LAB_250e,Label,true
9488,2510,FUN_2510,Function,true
9508,2524,LAB_2524,Label,true
9515,252b,FUN_252b,Function,true
9528,2538,LAB_2538,Label,true
9535,253f,LAB_253f,Label,true
9560,2558,FUN_2558,Function,true
9586,2572,LAB_2572,Label,true
9599,257f,LAB_257f,Label,true
9606,2586,LAB_2586,Label,true
9621,2595,LAB_2595,Label,true
9623,2597,FUN_2597,Function,true
9631,259f,LAB_259f,Label,true
9644,25ac,LAB_25ac,Label,true
9674,25ca,LAB_25ca,Label,true
9676,25cc,LAB_25cc,Label,true
9698,25e2,LAB_25e2,Label,true
9708,25ec,LAB_25ec,Label,true
9711,25ef,FUN_25ef,Function,true
9739,260b,LAB_260b,Label,true
9744,2610,LAB_2610,Label,true
9748,2614,LAB_2614,Label,true
9761,2621,LAB_2621,Label,true
9777,2631,LAB_2631,Label,true
9791,263f,LAB_263f,Label,true
9796,2644,switchD,Label,true
9973,26f5,LAB_26f5,Label,true
9981,26fd,caseD_2,Label,true
10066,2752,LAB_2752,Label,true
10096,2770,LAB_2770,Label,true
10116,2784,caseD_4,Label,true
10178,27c2,LAB_27c2,Label,true
10189,27cd,LAB_27cd,Label,true
10224,27f0,LAB_27f0,Label,true
10257,2811,LAB_2811,Label,true
10286,282e,LAB_282e,Label,true
10354,2872,LAB_2872,Label,true
10364,287c,LAB_287c,Label,true
10377,2889,caseD_6,Label,true
10388,2894,LAB_2894,Label,true
10419,28b3,LAB_28b3,Label,true
10434,28c2,LAB_28c2,Label,true
10469,28e5,LAB_28e5,Label,true
10502,2906,LAB_2906,Label,true
10711,29d7,caseD_0,Label,true
10731,29eb,LAB_29eb,Label,true
10756,2a04,FUN_2a04,Function,true
11132,2b7c,caseD_4621,Label,true
11142,2b86,LAB_2b86,Label,true
11169,2ba1,LAB_2ba1,Label,true
11172,2ba4,LAB_2ba4,Label,true
11905,2e81,FUN_2e81,Function,true
11946,2eaa,FUN_2eaa,Function,true
11967,2ebf,LAB_2ebf,Label,true
11969,2ec1,LAB_2ec1,Label,true
11988,2ed4,LAB_2ed4,Label,true
11993,2ed9,LAB_2ed9,Label,true
11995,2edb,FUN_2edb,Function,true
12017,2ef1,LAB_2ef1,Label,true
12035,2f03,LAB_2f03,Label,true
12038,2f06,LAB_2f06,Label,true
12088,2f38,FUN_2f38,Function,true
12101,2f45,LAB_2f45,Label,true
12117,2f55,LAB_2f55,Label,true
12130,2f62,FUN_2f62,Function,true
12143,2f6f,LAB_2f6f,Label,true
12154,2f7a,LAB_2f7a,Label,true
12186,2f9a,LAB_2f9a,Label,true
12190,2f9e,LAB_2f9e,Label,true
12206,2fae,LAB_2fae,Label,true
12208,2fb0,LAB_2fb0,Label,true
12228,2fc4,LAB_2fc4,Label,true
12239,2fcf,LAB_2fcf,Label,true
12254,2fde,LAB_2fde,Label,true
12257,2fe1,LAB_2fe1,Label,true
12260,2fe4,LAB_2fe4,Label,true
12263,2fe7,LAB_2fe7,Label,true
12287,2fff,LAB_2fff,Label,true
12288,3000,LAB_3000,Label,true
12326,3026,LAB_3026,Label,true
12333,302d,LAB_302d,Label,true
12336,3030,FUN_3030,Function,true
12347,303b,LAB_303b,Label,true
12357,3045,LAB_3045,Label,true
12358,3046,FUN_3046,Function,true
12372,3054,LAB_3054,Label,true
12386,3062,LAB_3062,Label,true
12390,3066,FUN_3066,Function,true
12411,307b,caseD_460d,Label,true
12413,307d,switchD,Label,true
12415,307f,caseD_0,Label,true
12417,3081,caseD_2,Label,true
12419,3083,caseD_4,Label,true
12421,3085,caseD_6,Label,true
12423,3087,caseD_8,Label,true
12425,3089,caseD_a,Label,true
12427,308b,caseD_c,Label,true
12429,308d,default,Label,true
12460,30ac,LAB_30ac,Label,true
12469,30b5,LAB_30b5,Label,true
12494,30ce,LAB_30ce,Label,true
12515,30e3,LAB_30e3,Label,true
12549,3105,LAB_3105,Label,true
12579,3123,LAB_3123,Label,true
12608,3140,LAB_3140,Label,true
12614,3146,LAB_3146,Label,true
12635,315b,LAB_315b,Label,true
12639,315f,LAB_315f,Label,true
12653,316d,LAB_316d,Label,true
12662,3176,caseD_45a1,Label,true
12670,317e,LAB_317e,Label,true
12672,3180,LAB_3180,Label,true
12697,3199,LAB_3199,Label,true
12701,319d,FUN_319d,Function,true
12729,31b9,switchD,Label,true
12731,31bb,caseD_0,Label,true
12733,31bd,caseD_2,Label,true
12735,31bf,caseD_4,Label,true
12737,31c1,caseD_6,Label,true
12739,31c3,caseD_8,Label,true
12741,31c5,caseD_a,Label,true
12743,31c7,caseD_c,Label,true
12745,31c9,caseD_e,Label,true
12747,31cb,caseD_10,Label,true
12749,31cd,caseD_12,Label,true
12751,31cf,default,Label,true
12776,31e8,LAB_31e8,Label,true
12811,320b,LAB_320b,Label,true
12820,3214,LAB_3214,Label,true
12848,3230,LAB_3230,Label,true
12849,3231,LAB_3231,Label,true
12877,324d,LAB_324d,Label,true
12878,324e,LAB_324e,Label,true
12898,3262,LAB_3262,Label,true
12899,3263,LAB_3263,Label,true
12931,3283,LAB_3283,Label,true
12953,3299,LAB_3299,Label,true
12978,32b2,LAB_32b2,Label,true
13005,32cd,LAB_32cd,Label,true
13011,32d3,LAB_32d3,Label,true
13025,32e1,LAB_32e1,Label,true
13037,32ed,LAB_32ed,Label,true
13058,3302,LAB_3302,Label,true
13069,330d,LAB_330d,Label,true
13106,3332,LAB_3332,Label,true
13134,334e,LAB_334e,Label,true
13135,334f,LAB_334f,Label,true
13174,3376,LAB_3376,Label,true
13188,3384,LAB_3384,Label,true
13193,3389,LAB_3389,Label,true
13194,338a,LAB_338a,Label,true
13224,33a8,LAB_33a8,Label,true
13229,33ad,LAB_33ad,Label,true
13230,33ae,FUN_33ae,Function,true
13250,33c2,FUN_33c2,Function,true
13283,33e3,LAB_33e3,Label,true
13294,33ee,LAB_33ee,Label,true
13301,33f5,LAB_33f5,Label,true
13311,33ff,LAB_33ff,Label,true
13315,3403,LAB_3403,Label,true
13325,340d,LAB_340d,Label,true
13350,3426,LAB_3426,Label,true
13360,3430,LAB_3430,Label,true
13361,3431,FUN_3431,Function,true
13372,343c,FUN_343c,Function,true
13410,3462,LAB_3462,Label,true
13417,3469,LAB_3469,Label,true
13427,3473,LAB_3473,Label,true
13433,3479,LAB_3479,Label,true
13483,34ab,LAB_34ab,Label,true
13490,34b2,LAB_34b2,Label,true
13500,34bc,LAB_34bc,Label,true
13504,34c0,LAB_34c0,Label,true
13525,34d5,LAB_34d5,Label,true
13537,34e1,LAB_34e1,Label,true
13567,34ff,LAB_34ff,Label,true
13576,3508,LAB_3508,Label,true
13588,3514,LAB_3514,Label,true
13600,3520,LAB_3520,Label,true
13630,353e,LAB_353e,Label,true
13639,3547,LAB_3547,Label,true
13657,3559,LAB_3559,Label,true
13667,3563,FUN_3563,Function,true
13691,357b,caseD_4669,Label,true
13700,3584,LAB_3584,Label,true
13706,358a,LAB_358a,Label,true
13713,3591,LAB_3591,Label,true
13723,359b,LAB_359b,Label,true
13727,359f,LAB_359f,Label,true
13735,35a7,LAB_35a7,Label,true
13736,35a8,FUN_35a8,Function,true
13748,35b4,LAB_35b4,Label,true
13760,35c0,LAB_35c0,Label,true
13775,35cf,LAB_35cf,Label,true
13800,35e8,LAB_35e8,Label,true
13827,3603,FUN_3603,Function,true
13830,3606,FUN_3606,Function,true
13835,360b,FUN_360b,Function,true
13843,3613,LAB_3613,Label,true
13862,3626,LAB_3626,Label,true
13863,3627,LAB_3627,Label,true
13875,3633,LAB_3633,Label,true
13885,363d,FUN_363d,Function,true
13893,3645,FUN_3645,Function,true
13896,3648,FUN_3648,Function,true
13901,364d,LAB_364d,Label,true
13916,365c,LAB_365c,Label,true
13917,365d,LAB_365d,Label,true
13932,366c,LAB_366c,Label,true
13945,3679,FUN_3679,Function,true
13968,3690,LAB_3690,Label,true
13978,369a,LAB_369a,Label,true
13988,36a4,LAB_36a4,Label,true
13998,36ae,LAB_36ae,Label,true
14012,36bc,LAB_36bc,Label,true
14027,36cb,LAB_36cb,Label,true
14047,36df,LAB_36df,Label,true
14054,36e6,LAB_36e6,Label,true
14071,36f7,LAB_36f7,Label,true
14098,3712,LAB_3712,Label,true
14144,3740,LAB_3740,Label,true
14148,3744,LAB_3744,Label,true
14178,3762,LAB_3762,Label,true
14189,376d,LAB_376d,Label,true
14238,379e,LAB_379e,Label,true
14286,37ce,LAB_37ce,Label,true
14348,380c,LAB_380c,Label,true
14351,380f,FUN_380f,Function,true
14383,382f,LAB_382f,Label,true
14385,3831,LAB_3831,Label,true
14386,3832,FUN_3832,Function,true
14390,3836,LAB_3836,Label,true
14415,384f,LAB_384f,Label,true
14450,3872,LAB_3872,Label,true
14465,3881,LAB_3881,Label,true
14480,3890,LAB_3890,Label,true
14522,38ba,LAB_38ba,Label,true
14539,38cb,LAB_38cb,Label,true
14571,38eb,LAB_38eb,Label,true
14573,38ed,LAB_38ed,Label,true
14602,390a,LAB_390a,Label,true
14656,3940,LAB_3940,Label,true
14672,3950,LAB_3950,Label,true
14687,395f,LAB_395f,Label,true
14701,396d,LAB_396d,Label,true
14715,397b,LAB_397b,Label,true
14760,39a8,LAB_39a8,Label,true
14812,39dc,LAB_39dc,Label,true
14813,39dd,LAB_39dd,Label,true
14886,3a26,FUN_3a26,Function,true
14898,3a32,LAB_3a32,Label,true
14924,3a4c,LAB_3a4c,Label,true
14930,3a52,LAB_3a52,Label,true
14931,3a53,FUN_3a53,Function,true
14936,3a58,LAB_3a58,Label,true
14948,3a64,LAB_3a64,Label,true
14977,3a81,LAB_3a81,Label,true
14989,3a8d,LAB_3a8d,Label,true
15017,3aa9,LAB_3aa9,Label,true
15021,3aad,LAB_3aad,Label,true
15022,3aae,FUN_3aae,Function,true
15054,3ace,LAB_3ace,Label,true
15067,3adb,LAB_3adb,Label,true
15084,3aec,LAB_3aec,Label,true
15101,3afd,LAB_3afd,Label,true
15110,3b06,LAB_3b06,Label,true
15116,3b0c,LAB_3b0c,Label,true
15117,3b0d,FUN_3b0d,Function,true
15123,3b13,LAB_3b13,Label,true
15136,3b20,LAB_3b20,Label,true
15178,3b4a,LAB_3b4a,Label,true
15183,3b4f,LAB_3b4f,Label,true
15191,3b57,LAB_3b57,Label,true
15202,3b62,LAB_3b62,Label,true
15215,3b6f,LAB_3b6f,Label,true
15221,3b75,LAB_3b75,Label,true
15253,3b95,LAB_3b95,Label,true
15260,3b9c,LAB_3b9c,Label,true
15275,3bab,LAB_3bab,Label,true
15364,3c04,LAB_3c04,Label,true
15366,3c06,LAB_3c06,Label,true
15384,3c18,LAB_3c18,Label,true
15387,3c1b,FUN_3c1b,Function,true
15397,3c25,LAB_3c25,Label,true
15432,3c48,LAB_3c48,Label,true
15458,3c62,LAB_3c62,Label,true
15462,3c66,FUN_3c66,Function,true
15472,3c70,LAB_3c70,Label,true
15489,3c81,LAB_3c81,Label,true
15514,3c9a,LAB_3c9a,Label,true
15524,3ca4,LAB_3ca4,Label,true
15542,3cb6,LAB_3cb6,Label,true
15567,3ccf,LAB_3ccf,Label,true
15579,3cdb,LAB_3cdb,Label,true
15616,3d00,LAB_3d00,Label,true
15641,3d19,LAB_3d19,Label,true
15663,3d2f,LAB_3d2f,Label,true
15678,3d3e,LAB_3d3e,Label,true
15691,3d4b,LAB_3d4b,Label,true
15702,3d56,LAB_3d56,Label,true
15705,3d59,LAB_3d59,Label,true
15737,3d79,LAB_3d79,Label,true
15742,3d7e,LAB_3d7e,Label,true
15743,3d7f,LAB_3d7f,Label,true
15749,3d85,LAB_3d85,Label,true
15755,3d8b,LAB_3d8b,Label,true
15760,3d90,LAB_3d90,Label,true
15800,3db8,LAB_3db8,Label,true
15806,3dbe,LAB_3dbe,Label,true
15831,3dd7,LAB_3dd7,Label,true
15839,3ddf,LAB_3ddf,Label,true
15847,3de7,LAB_3de7,Label,true
15892,3e14,LAB_3e14,Label,true
15912,3e28,LAB_3e28,Label,true
15923,3e33,LAB_3e33,Label,true
15939,3e43,LAB_3e43,Label,true
15952,3e50,FUN_3e50,Function,true
15955,3e53,LAB_3e53,Label,true
15996,3e7c,LAB_3e7c,Label,true
16021,3e95,LAB_3e95,Label,true
16041,3ea9,LAB_3ea9,Label,true
16044,3eac,LAB_3eac,Label,true
16075,3ecb,LAB_3ecb,Label,true
16077,3ecd,LAB_3ecd,Label,true
16110,3eee,LAB_3eee,Label,true
16116,3ef4,LAB_3ef4,Label,true
16119,3ef7,LAB_3ef7,Label,true
16137,3f09,LAB_3f09,Label,true
16153,3f19,LAB_3f19,Label,true
16158,3f1e,LAB_3f1e,Label,true
16163,3f23,LAB_3f23,Label,true
16184,3f38,LAB_3f38,Label,true
16195,3f43,LAB_3f43,Label,true
16210,3f52,LAB_3f52,Label,true
16236,3f6c,DAT_3f6c,Label,true
16272,3f90,switchdataD_3f90,Label,true
16384,4000,DAT_4000,Label,true
16385,4001,DAT_4001,Label,true
16398,400e,DAT_400e,Label,true
16399,400f,DAT_400f,Label,true
16408,4018,DAT_4018,Label,true
16409,4019,DAT_4019,Label,true
16415,401f,DAT_401f,Label,true
16418,4022,DAT_4022,Label,true
16420,4024,DAT_4024,Label,true
16422,4026,DAT_4026,Label,true
16425,4029,DAT_4029,Label,true
16426,402a,DAT_402a,Label,true
16427,402b,DAT_402b,Label,true
16428,402c,DAT_402c,Label,true
16536,4098,DAT_4098,Label,true
16537,4099,DAT_4099,Label,true
16540,409c,DAT_409c,Label,true
16541,409d,DAT_409d,Label,true
16542,409e,DAT_409e,Label,true
16543,409f,DAT_409f,Label,true
16544,40a0,DAT_40a0,Label,true
16545,40a1,DAT_40a1,Label,true
16546,40a2,DAT_40a2,Label,true
16547,40a3,DAT_40a3,Label,true
16560,40b0,DAT_40b0,Label,true
16562,40b2,DAT_40b2,Label,true
16564,40b4,DAT_40b4,Label,true
16566,40b6,DAT_40b6,Label,true
16579,40c3,DAT_40c3,Label,true
16580,40c4,DAT_40c4,Label,true
16581,40c5,DAT_40c5,Label,true
16582,40c6,DAT_40c6,Label,true
16583,40c7,DAT_40c7,Label,true
16584,40c8,DAT_40c8,Label,true
16589,40cd,DAT_40cd,Label,true
16590,40ce,DAT_40ce,Label,true
16614,40e6,DAT_40e6,Label,true
16615,40e7,DAT_40e7,Label,true
16616,40e8,DAT_40e8,Label,true
16619,40eb,DAT_40eb,Label,true
16623,40ef,DAT_40ef,Label,true
16624,40f0,DAT_40f0,Label,true
16663,4117,DAT_4117,Label,true
16664,4118,DAT_4118,Label,true
16666,411a,DAT_411a,Label,true
16668,411c,DAT_411c,Label,true
16670,411e,DAT_411e,Label,true
16672,4120,thunk_FUN_476b,Function,true
16675,4123,FUN_4123,Function,true
16678,4126,thunk_FUN_466c,Function,true
16681,4129,FUN_4129,Function,true
16684,412c,thunk_FUN_2edb,Function,true
16687,412f,thunk_FUN_8f91,Function,true
16698,413a,thunk_FUN_8fa9,Function,true
16709,4145,thunk_FUN_3e50,Function,true
16712,4148,thunk_FUN_a654,Function,true
16715,414b,thunk_FUN_3b0d,Function,true
16718,414e,FUN_414e,Function,true
16721,4151,FUN_4151,Function,true
16724,4154,thunk_FUN_33c2,Function,true
16727,4157,thunk_FUN_3046,Function,true
16730,415a,thunk_FUN_2f62,Function,true
16733,415d,thunk_FUN_2273,Function,true
16736,4160,thunk_FUN_8f6e,Function,true
16739,4163,thunk_FUN_8fbc,Function,true
16742,4166,thunk_FUN_4f08,Function,true
16745,4169,thunk_FUN_9b87,Function,true
16748,416c,thunk_FUN_84ac,Function,true
16751,416f,thunk_FUN_6fa2,Function,true
16754,4172,thunk_FUN_6f69,Function,true
16757,4175,thunk_FUN_6efd,Function,true
16760,4178,vec_0_tgt,Label,true
16764,417c,vec_1_tgt,Label,true
16768,4180,vec_2_tgt,Label,true
16772,4184,vec_3_tgt,Label,true
16776,4188,vec_4_tgt,Label,true
16780,418c,vec_5_tgt,Label,true
16784,4190,vec_6_tgt,Label,true
16788,4194,vec_7_tgt,Label,true
16808,41a8,thunk_FUN_3c1b,Function,true
16838,41c6,DAT_41c6,Label,true
16840,41c8,DAT_41c8,Label,true
16842,41ca,DAT_41ca,Label,true
16844,41cc,DAT_41cc,Label,true
16846,41ce,DAT_41ce,Label,true
16848,41d0,DAT_41d0,Label,true
16850,41d2,DAT_41d2,Label,true
16852,41d4,DAT_41d4,Label,true
16854,41d6,DAT_41d6,Label,true
16856,41d8,DAT_41d8,Label,true
16858,41da,DAT_41da,Label,true
16860,41dc,DAT_41dc,Label,true
16862,41de,DAT_41de,Label,true
16864,41e0,DAT_41e0,Label,true
16866,41e2,DAT_41e2,Label,true
16868,41e4,DAT_41e4,Label,true
16870,41e6,DAT_41e6,Label,true
16872,41e8,DAT_41e8,Label,true
16874,41ea,DAT_41ea,Label,true
16876,41ec,DAT_41ec,Label,true
16878,41ee,DAT_41ee,Label,true
16880,41f0,DAT_41f0,Label,true
16882,41f2,DAT_41f2,Label,true
16883,41f3,DAT_41f3,Label,true
16884,41f4,DAT_41f4,Label,true
16885,41f5,DAT_41f5,Label,true
16886,41f6,DAT_41f6,Label,true
16888,41f8,DAT_41f8,Label,true
16895,41ff,DAT_41ff,Label,true
16896,4200,DAT_4200,Label,true
16898,4202,DAT_4202,Label,true
16900,4204,DAT_4204,Label,true
16971,424b,DAT_424b,Label,true
16974,424e,DAT_424e,Label,true
16982,4256,DAT_4256,Label,true
17003,426b,DAT_426b,Label,true
17008,4270,DAT_4270,Label,true
17009,4271,DAT_4271,Label,true
17058,42a2,DAT_42a2,Label,true
17059,42a3,DAT_42a3,Label,true
17784,4578,switchdataD_4578,Label,true
17924,4604,switchdataD_4604,Label,true
17926,4606,PTR_caseD_4606_4606,Label,true
17944,4618,PTR_caseD_4618_4618,Label,true
17984,4640,PTR_caseD_4640_4640,Label,true
17986,4642,PTR_caseD_4642_4642,Label,true
17996,464c,PTR_caseD_4606_464c,Label,true
18012,465c,PTR_caseD_4608_465c,Label,true
18020,4664,PTR_caseD_4664_4664,Label,true
18028,466c,FUN_466c,Function,true
18177,4701,LAB_4701,Label,true
18283,476b,FUN_476b,Function,true
18453,4815,FUN_4815,Function,true
18468,4824,LAB_4824,Label,true
18517,4855,LAB_4855,Label,true
18533,4865,LAB_4865,Label,true
18588,489c,LAB_489c,Label,true
18603,48ab,LAB_48ab,Label,true
18804,4974,LAB_4974,Label,true
18805,4975,caseD_458f,Label,true
19134,4abe,LAB_4abe,Label,true
19226,4b1a,LAB_4b1a,Label,true
19474,4c12,LAB_4c12,Label,true
19484,4c1c,LAB_4c1c,Label,true
19494,4c26,LAB_4c26,Label,true
19504,4c30,LAB_4c30,Label,true
19636,4cb4,LAB_4cb4,Label,true
19697,4cf1,LAB_4cf1,Label,true
19808,4d60,FUN_4d60,Function,true
19823,4d6f,LAB_4d6f,Label,true
19824,4d70,LAB_4d70,Label,true
19830,4d76,LAB_4d76,Label,true
19880,4da8,LAB_4da8,Label,true
19974,4e06,LAB_4e06,Label,true
20096,4e80,FUN_4e80,Function,true
20106,4e8a,LAB_4e8a,Label,true
20155,4ebb,LAB_4ebb,Label,true
20163,4ec3,LAB_4ec3,Label,true
20171,4ecb,LAB_4ecb,Label,true
20172,4ecc,FUN_4ecc,Function,true
20176,4ed0,LAB_4ed0,Label,true
20193,4ee1,LAB_4ee1,Label,true
20228,4f04,FUN_4f04,Function,true
20232,4f08,FUN_4f08,Function,true
20292,4f44,LAB_4f44,Label,true
20303,4f4f,LAB_4f4f,Label,true
20306,4f52,LAB_4f52,Label,true
20321,4f61,FUN_4f61,Function,true
20328,4f68,FUN_4f68,Function,true
20347,4f7b,caseD_4627,Label,true
20370,4f92,LAB_4f92,Label,true
20386,4fa2,FUN_4fa2,Function,true
20427,4fcb,LAB_4fcb,Label,true
20458,4fea,LAB_4fea,Label,true
20459,4feb,LAB_4feb,Label,true
20530,5032,LAB_5032,Label,true
20556,504c,LAB_504c,Label,true
20565,5055,LAB_5055,Label,true
20609,5081,LAB_5081,Label,true
20720,50f0,LAB_50f0,Label,true
20729,50f9,LAB_50f9,Label,true
20863,517f,LAB_517f,Label,true
20877,518d,LAB_518d,Label,true
20880,5190,LAB_5190,Label,true
20906,51aa,LAB_51aa,Label,true
20912,51b0,LAB_51b0,Label,true
20926,51be,LAB_51be,Label,true
20943,51cf,LAB_51cf,Label,true
20957,51dd,LAB_51dd,Label,true
20976,51f0,LAB_51f0,Label,true
20986,51fa,LAB_51fa,Label,true
20989,51fd,FUN_51fd,Function,true
21030,5226,LAB_5226,Label,true
21041,5231,LAB_5231,Label,true
21067,524b,LAB_524b,Label,true
21093,5265,LAB_5265,Label,true
21116,527c,caseD_4631,Label,true
21119,527f,LAB_527f,Label,true
21130,528a,LAB_528a,Label,true
21131,528b,FUN_528b,Function,true
21164,52ac,LAB_52ac,Label,true
21177,52b9,LAB_52b9,Label,true
21193,52c9,LAB_52c9,Label,true
21214,52de,LAB_52de,Label,true
21229,52ed,LAB_52ed,Label,true
21266,5312,LAB_5312,Label,true
21281,5321,LAB_5321,Label,true
21297,5331,LAB_5331,Label,true
21313,5341,LAB_5341,Label,true
21321,5349,LAB_5349,Label,true
21365,5375,caseD_4589,Label,true
21365,5375,caseD_45ad,Label,false
21365,5375,caseD_45b1,Label,false
21366,5376,caseD_45bd,Label,true
21380,5384,LAB_5384,Label,true
21396,5394,LAB_5394,Label,true
21406,539e,LAB_539e,Label,true
21422,53ae,LAB_53ae,Label,true
21436,53bc,LAB_53bc,Label,true
21461,53d5,LAB_53d5,Label,true
21481,53e9,LAB_53e9,Label,true
21486,53ee,LAB_53ee,Label,true
21516,540c,LAB_540c,Label,true
21524,5414,LAB_5414,Label,true
21538,5422,LAB_5422,Label,true
21560,5438,LAB_5438,Label,true
21569,5441,LAB_5441,Label,true
21581,544d,LAB_544d,Label,true
21584,5450,LAB_5450,Label,true
21600,5460,LAB_5460,Label,true
21657,5499,LAB_5499,Label,true
21675,54ab,LAB_54ab,Label,true
21680,54b0,LAB_54b0,Label,true
21698,54c2,LAB_54c2,Label,true
21721,54d9,LAB_54d9,Label,true
21734,54e6,LAB_54e6,Label,true
21782,5516,LAB_5516,Label,true
21807,552f,LAB_552f,Label,true
21827,5543,LAB_5543,Label,true
21830,5546,LAB_5546,Label,true
21843,5553,LAB_5553,Label,true
21859,5563,LAB_5563,Label,true
21862,5566,LAB_5566,Label,true
21880,5578,LAB_5578,Label,true
21886,557e,LAB_557e,Label,true
21901,558d,LAB_558d,Label,true
21911,5597,LAB_5597,Label,true
21962,55ca,LAB_55ca,Label,true
22019,5603,LAB_5603,Label,true
22027,560b,LAB_560b,Label,true
22063,562f,LAB_562f,Label,true
22094,564e,LAB_564e,Label,true
22108,565c,LAB_565c,Label,true
22145,5681,LAB_5681,Label,true
22148,5684,LAB_5684,Label,true
22156,568c,LAB_568c,Label,true
22184,56a8,LAB_56a8,Label,true
22196,56b4,LAB_56b4,Label,true
22216,56c8,LAB_56c8,Label,true
22223,56cf,LAB_56cf,Label,true
22259,56f3,LAB_56f3,Label,true
22262,56f6,LAB_56f6,Label,true
22288,5710,LAB_5710,Label,true
22293,5715,LAB_5715,Label,true
22298,571a,LAB_571a,Label,true
22323,5733,LAB_5733,Label,true
22347,574b,LAB_574b,Label,true
22360,5758,LAB_5758,Label,true
22378,576a,LAB_576a,Label,true
22385,5771,LAB_5771,Label,true
22406,5786,LAB_5786,Label,true
22434,57a2,LAB_57a2,Label,true
22454,57b6,LAB_57b6,Label,true
22459,57bb,LAB_57bb,Label,true
22475,57cb,LAB_57cb,Label,true
22487,57d7,LAB_57d7,Label,true
22521,57f9,LAB_57f9,Label,true
22523,57fb,LAB_57fb,Label,true
22534,5806,LAB_5806,Label,true
22554,581a,LAB_581a,Label,true
22565,5825,LAB_5825,Label,true
22585,5839,LAB_5839,Label,true
22596,5844,LAB_5844,Label,true
22604,584c,LAB_584c,Label,true
22621,585d,LAB_585d,Label,true
22655,587f,LAB_587f,Label,true
22666,588a,LAB_588a,Label,true
22690,58a2,LAB_58a2,Label,true
22715,58bb,LAB_58bb,Label,true
22722,58c2,LAB_58c2,Label,true
22724,58c4,LAB_58c4,Label,true
22738,58d2,LAB_58d2,Label,true
22767,58ef,LAB_58ef,Label,true
22786,5902,LAB_5902,Label,true
22815,591f,LAB_591f,Label,true
22835,5933,LAB_5933,Label,true
22864,5950,LAB_5950,Label,true
22870,5956,LAB_5956,Label,true
22878,595e,LAB_595e,Label,true
22881,5961,LAB_5961,Label,true
22895,596f,LAB_596f,Label,true
22916,5984,LAB_5984,Label,true
22924,598c,LAB_598c,Label,true
22947,59a3,LAB_59a3,Label,true
22954,59aa,LAB_59aa,Label,true
22970,59ba,LAB_59ba,Label,true
22976,59c0,LAB_59c0,Label,true
23035,59fb,LAB_59fb,Label,true
23036,59fc,LAB_59fc,Label,true
23054,5a0e,LAB_5a0e,Label,true
23055,5a0f,FUN_5a0f,Function,true
23131,5a5b,LAB_5a5b,Label,true
23143,5a67,FUN_5a67,Function,true
23185,5a91,FUN_5a91,Function,true
23234,5ac2,LAB_5ac2,Label,true
23246,5ace,LAB_5ace,Label,true
23268,5ae4,LAB_5ae4,Label,true
23290,5afa,LAB_5afa,Label,true
23293,5afd,LAB_5afd,Label,true
23350,5b36,LAB_5b36,Label,true
23371,5b4b,LAB_5b4b,Label,true
23378,5b52,LAB_5b52,Label,true
23403,5b6b,LAB_5b6b,Label,true
23421,5b7d,FUN_5b7d,Function,true
23462,5ba6,LAB_5ba6,Label,true
23465,5ba9,LAB_5ba9,Label,true
23468,5bac,LAB_5bac,Label,true
23507,5bd3,LAB_5bd3,Label,true
23512,5bd8,LAB_5bd8,Label,true
23528,5be8,LAB_5be8,Label,true
23597,5c2d,LAB_5c2d,Label,true
23621,5c45,LAB_5c45,Label,true
23622,5c46,FUN_5c46,Function,true
23640,5c58,LAB_5c58,Label,true
23677,5c7d,LAB_5c7d,Label,true
23685,5c85,LAB_5c85,Label,true
23690,5c8a,LAB_5c8a,Label,true
23707,5c9b,LAB_5c9b,Label,true
23714,5ca2,LAB_5ca2,Label,true
23746,5cc2,LAB_5cc2,Label,true
23756,5ccc,LAB_5ccc,Label,true
23779,5ce3,LAB_5ce3,Label,true
23798,5cf6,LAB_5cf6,Label,true
23825,5d11,LAB_5d11,Label,true
23850,5d2a,LAB_5d2a,Label,true
23882,5d4a,LAB_5d4a,Label,true
23895,5d57,LAB_5d57,Label,true
23926,5d76,LAB_5d76,Label,true
23975,5da7,LAB_5da7,Label,true
23998,5dbe,LAB_5dbe,Label,true
24000,5dc0,LAB_5dc0,Label,true
24027,5ddb,LAB_5ddb,Label,true
24029,5ddd,LAB_5ddd,Label,true
24034,5de2,LAB_5de2,Label,true
24047,5def,LAB_5def,Label,true
24089,5e19,LAB_5e19,Label,true
24098,5e22,LAB_5e22,Label,true
24106,5e2a,LAB_5e2a,Label,true
24114,5e32,LAB_5e32,Label,true
24128,5e40,LAB_5e40,Label,true
24160,5e60,LAB_5e60,Label,true
24181,5e75,LAB_5e75,Label,true
24239,5eaf,LAB_5eaf,Label,true
24269,5ecd,LAB_5ecd,Label,true
24274,5ed2,LAB_5ed2,Label,true
24283,5edb,LAB_5edb,Label,true
24287,5edf,LAB_5edf,Label,true
24301,5eed,LAB_5eed,Label,true
24308,5ef4,LAB_5ef4,Label,true
24318,5efe,LAB_5efe,Label,true
24345,5f19,LAB_5f19,Label,true
24359,5f27,LAB_5f27,Label,true
24386,5f42,LAB_5f42,Label,true
24391,5f47,LAB_5f47,Label,true
24420,5f64,LAB_5f64,Label,true
24425,5f69,LAB_5f69,Label,true
24441,5f79,LAB_5f79,Label,true
24448,5f80,LAB_5f80,Label,true
24467,5f93,LAB_5f93,Label,true
24476,5f9c,LAB_5f9c,Label,true
24481,5fa1,LAB_5fa1,Label,true
24484,5fa4,LAB_5fa4,Label,true
24504,5fb8,LAB_5fb8,Label,true
24523,5fcb,LAB_5fcb,Label,true
24540,5fdc,LAB_5fdc,Label,true
24552,5fe8,LAB_5fe8,Label,true
24563,5ff3,LAB_5ff3,Label,true
24566,5ff6,LAB_5ff6,Label,true
24588,600c,LAB_600c,Label,true
24596,6014,LAB_6014,Label,true
24612,6024,LAB_6024,Label,true
24623,602f,LAB_602f,Label,true
24632,6038,LAB_6038,Label,true
24645,6045,LAB_6045,Label,true
24658,6052,LAB_6052,Label,true
24666,605a,LAB_605a,Label,true
24680,6068,LAB_6068,Label,true
24683,606b,LAB_606b,Label,true
24700,607c,LAB_607c,Label,true
24709,6085,LAB_6085,Label,true
24722,6092,LAB_6092,Label,true
24737,60a1,LAB_60a1,Label,true
24744,60a8,LAB_60a8,Label,true
24756,60b4,FUN_60b4,Function,true
24762,60ba,FUN_60ba,Function,true
24767,60bf,FUN_60bf,Function,true
24785,60d1,LAB_60d1,Label,true
24788,60d4,FUN_60d4,Function,true
24801,60e1,LAB_60e1,Label,true
24802,60e2,FUN_60e2,Function,true
24875,612b,FUN_612b,Function,true
24898,6142,LAB_6142,Label,true
24907,614b,LAB_614b,Label,true
24936,6168,LAB_6168,Label,true
24946,6172,LAB_6172,Label,true
24965,6185,LAB_6185,Label,true
24996,61a4,LAB_61a4,Label,true
24998,61a6,LAB_61a6,Label,true
25007,61af,LAB_61af,Label,true
25018,61ba,LAB_61ba,Label,true
25027,61c3,LAB_61c3,Label,true
25059,61e3,LAB_61e3,Label,true
25084,61fc,LAB_61fc,Label,true
25108,6214,LAB_6214,Label,true
25123,6223,LAB_6223,Label,true
25154,6242,LAB_6242,Label,true
25184,6260,LAB_6260,Label,true
25192,6268,LAB_6268,Label,true
25195,626b,LAB_626b,Label,true
25208,6278,LAB_6278,Label,true
25220,6284,LAB_6284,Label,true
25224,6288,LAB_6288,Label,true
25246,629e,LAB_629e,Label,true
25251,62a3,LAB_62a3,Label,true
25279,62bf,LAB_62bf,Label,true
25290,62ca,LAB_62ca,Label,true
25298,62d2,LAB_62d2,Label,true
25314,62e2,LAB_62e2,Label,true
25326,62ee,LAB_62ee,Label,true
25349,6305,LAB_6305,Label,true
25357,630d,LAB_630d,Label,true
25425,6351,LAB_6351,Label,true
25428,6354,LAB_6354,Label,true
25441,6361,LAB_6361,Label,true
25469,637d,LAB_637d,Label,true
25474,6382,LAB_6382,Label,true
25497,6399,LAB_6399,Label,true
25502,639e,LAB_639e,Label,true
25510,63a6,LAB_63a6,Label,true
25539,63c3,LAB_63c3,Label,true
25561,63d9,LAB_63d9,Label,true
25576,63e8,LAB_63e8,Label,true
25589,63f5,LAB_63f5,Label,true
25594,63fa,LAB_63fa,Label,true
25611,640b,LAB_640b,Label,true
25613,640d,LAB_640d,Label,true
25626,641a,LAB_641a,Label,true
25639,6427,LAB_6427,Label,true
25652,6434,LAB_6434,Label,true
25670,6446,LAB_6446,Label,true
25678,644e,LAB_644e,Label,true
25724,647c,LAB_647c,Label,true
25765,64a5,LAB_64a5,Label,true
25796,64c4,LAB_64c4,Label,true
25812,64d4,LAB_64d4,Label,true
25831,64e7,LAB_64e7,Label,true
25848,64f8,LAB_64f8,Label,true
25861,6505,LAB_6505,Label,true
25877,6515,LAB_6515,Label,true
25881,6519,LAB_6519,Label,true
25896,6528,LAB_6528,Label,true
25906,6532,LAB_6532,Label,true
25921,6541,LAB_6541,Label,true
25923,6543,LAB_6543,Label,true
25932,654c,LAB_654c,Label,true
25942,6556,LAB_6556,Label,true
25962,656a,LAB_656a,Label,true
25970,6572,LAB_6572,Label,true
25989,6585,LAB_6585,Label,true
25991,6587,LAB_6587,Label,true
25999,658f,LAB_658f,Label,true
26015,659f,LAB_659f,Label,true
26016,65a0,FUN_65a0,Function,true
26041,65b9,LAB_65b9,Label,true
26049,65c1,LAB_65c1,Label,true
26052,65c4,LAB_65c4,Label,true
26057,65c9,LAB_65c9,Label,true
26082,65e2,LAB_65e2,Label,true
26088,65e8,LAB_65e8,Label,true
26098,65f2,LAB_65f2,Label,true
26118,6606,LAB_6606,Label,true
26134,6616,LAB_6616,Label,true
26136,6618,LAB_6618,Label,true
26153,6629,LAB_6629,Label,true
26155,662b,LAB_662b,Label,true
26165,6635,LAB_6635,Label,true
26182,6646,LAB_6646,Label,true
26244,6684,FUN_6684,Function,true
26294,66b6,LAB_66b6,Label,true
26309,66c5,LAB_66c5,Label,true
26320,66d0,LAB_66d0,Label,true
26341,66e5,LAB_66e5,Label,true
26345,66e9,LAB_66e9,Label,true
26364,66fc,LAB_66fc,Label,true
26371,6703,LAB_6703,Label,true
26390,6716,LAB_6716,Label,true
26403,6723,LAB_6723,Label,true
26418,6732,LAB_6732,Label,true
26425,6739,LAB_6739,Label,true
26433,6741,LAB_6741,Label,true
26471,6767,LAB_6767,Label,true
26488,6778,LAB_6778,Label,true
26494,677e,LAB_677e,Label,true
26520,6798,LAB_6798,Label,true
26543,67af,LAB_67af,Label,true
26556,67bc,LAB_67bc,Label,true
26561,67c1,LAB_67c1,Label,true
26566,67c6,LAB_67c6,Label,true
26572,67cc,LAB_67cc,Label,true
26583,67d7,LAB_67d7,Label,true
26589,67dd,LAB_67dd,Label,true
26617,67f9,LAB_67f9,Label,true
26628,6804,LAB_6804,Label,true
26657,6821,LAB_6821,Label,true
26663,6827,LAB_6827,Label,true
26674,6832,LAB_6832,Label,true
26680,6838,LAB_6838,Label,true
26712,6858,LAB_6858,Label,true
26724,6864,LAB_6864,Label,true
26731,686b,LAB_686b,Label,true
26741,6875,LAB_6875,Label,true
26754,6882,LAB_6882,Label,true
26773,6895,LAB_6895,Label,true
26788,68a4,LAB_68a4,Label,true
26816,68c0,LAB_68c0,Label,true
26839,68d7,LAB_68d7,Label,true
26870,68f6,LAB_68f6,Label,true
26878,68fe,LAB_68fe,Label,true
26883,6903,LAB_6903,Label,true
26892,690c,LAB_690c,Label,true
26910,691e,LAB_691e,Label,true
26913,6921,LAB_6921,Label,true
26922,692a,LAB_692a,Label,true
26977,6961,LAB_6961,Label,true
27000,6978,LAB_6978,Label,true
27001,6979,FUN_6979,Function,true
27015,6987,FUN_6987,Function,true
27029,6995,FUN_6995,Function,true
27092,69d4,FUN_69d4,Function,true
27184,6a30,LAB_6a30,Label,true
27192,6a38,LAB_6a38,Label,true
27206,6a46,LAB_6a46,Label,true
27214,6a4e,LAB_6a4e,Label,true
27296,6aa0,LAB_6aa0,Label,true
27311,6aaf,LAB_6aaf,Label,true
27320,6ab8,LAB_6ab8,Label,true
27334,6ac6,LAB_6ac6,Label,true
27350,6ad6,LAB_6ad6,Label,true
27355,6adb,LAB_6adb,Label,true
27375,6aef,LAB_6aef,Label,true
27378,6af2,LAB_6af2,Label,true
27411,6b13,LAB_6b13,Label,true
27452,6b3c,LAB_6b3c,Label,true
27489,6b61,LAB_6b61,Label,true
27498,6b6a,LAB_6b6a,Label,true
27503,6b6f,LAB_6b6f,Label,true
27516,6b7c,caseD_460f,Label,true
27518,6b7e,LAB_6b7e,Label,true
27532,6b8c,LAB_6b8c,Label,true
27535,6b8f,LAB_6b8f,Label,true
27554,6ba2,LAB_6ba2,Label,true
27568,6bb0,LAB_6bb0,Label,true
27572,6bb4,FUN_6bb4,Function,true
27612,6bdc,LAB_6bdc,Label,true
27637,6bf5,FUN_6bf5,Function,true
27668,6c14,LAB_6c14,Label,true
27675,6c1b,LAB_6c1b,Label,true
27680,6c20,LAB_6c20,Label,true
27706,6c3a,LAB_6c3a,Label,true
27713,6c41,LAB_6c41,Label,true
27718,6c46,LAB_6c46,Label,true
27719,6c47,FUN_6c47,Function,true
27741,6c5d,LAB_6c5d,Label,true
27748,6c64,LAB_6c64,Label,true
27769,6c79,FUN_6c79,Function,true
27772,6c7c,caseD_463b,Label,true
27815,6ca7,LAB_6ca7,Label,true
27828,6cb4,LAB_6cb4,Label,true
27849,6cc9,LAB_6cc9,Label,true
27879,6ce7,LAB_6ce7,Label,true
27885,6ced,LAB_6ced,Label,true
27888,6cf0,LAB_6cf0,Label,true
27911,6d07,LAB_6d07,Label,true
27934,6d1e,LAB_6d1e,Label,true
27940,6d24,LAB_6d24,Label,true
27942,6d26,LAB_6d26,Label,true
27952,6d30,LAB_6d30,Label,true
27994,6d5a,LAB_6d5a,Label,true
28013,6d6d,LAB_6d6d,Label,true
28026,6d7a,LAB_6d7a,Label,true
28039,6d87,LAB_6d87,Label,true
28065,6da1,LAB_6da1,Label,true
28092,6dbc,LAB_6dbc,Label,true
28103,6dc7,LAB_6dc7,Label,true
28120,6dd8,LAB_6dd8,Label,true
28130,6de2,LAB_6de2,Label,true
28135,6de7,LAB_6de7,Label,true
28163,6e03,LAB_6e03,Label,true
28171,6e0b,LAB_6e0b,Label,true
28194,6e22,LAB_6e22,Label,true
28262,6e66,LAB_6e66,Label,true
28267,6e6b,LAB_6e6b,Label,true
28270,6e6e,LAB_6e6e,Label,true
28297,6e89,LAB_6e89,Label,true
28300,6e8c,LAB_6e8c,Label,true
28335,6eaf,LAB_6eaf,Label,true
28340,6eb4,LAB_6eb4,Label,true
28343,6eb7,LAB_6eb7,Label,true
28399,6eef,LAB_6eef,Label,true
28404,6ef4,LAB_6ef4,Label,true
28407,6ef7,LAB_6ef7,Label,true
28413,6efd,FUN_6efd,Function,true
28417,6f01,LAB_6f01,Label,true
28474,6f3a,LAB_6f3a,Label,true
28484,6f44,LAB_6f44,Label,true
28490,6f4a,LAB_6f4a,Label,true
28499,6f53,LAB_6f53,Label,true
28520,6f68,LAB_6f68,Label,true
28521,6f69,FUN_6f69,Function,true
28532,6f74,LAB_6f74,Label,true
28555,6f8b,LAB_6f8b,Label,true
28573,6f9d,LAB_6f9d,Label,true
28577,6fa1,LAB_6fa1,Label,true
28578,6fa2,FUN_6fa2,Function,true
28920,70f8,FUN_70f8,Function,true
28935,7107,caseD_457a,Label,true
28956,711c,LAB_711c,Label,true
28969,7129,LAB_7129,Label,true
28997,7145,LAB_7145,Label,true
29009,7151,LAB_7151,Label,true
29021,715d,LAB_715d,Label,true
29028,7164,LAB_7164,Label,true
29036,716c,LAB_716c,Label,true
29049,7179,LAB_7179,Label,true
29054,717e,LAB_717e,Label,true
29071,718f,caseD_457e,Label,true
29071,718f,caseD_4586,Label,false
29071,718f,caseD_4592,Label,false
29071,718f,caseD_459a,Label,false
29071,718f,caseD_45aa,Label,false
29071,718f,caseD_45b6,Label,false
29103,71af,LAB_71af,Label,true
29104,71b0,caseD_457c,Label,true
29186,7202,caseD_4582,Label,true
29192,7208,LAB_7208,Label,true
29234,7232,LAB_7232,Label,true
29257,7249,caseD_4590,Label,true
29353,72a9,caseD_4596,Label,true
29359,72af,LAB_72af,Label,true
29401,72d9,LAB_72d9,Label,true
29575,7387,FUN_7387,Function,true
29631,73bf,LAB_73bf,Label,true
29671,73e7,switchD,Label,true
29673,73e9,LAB_73e9,Label,true
29713,7411,FUN_7411,Function,true
29731,7423,LAB_7423,Label,true
29744,7430,LAB_7430,Label,true
29755,743b,LAB_743b,Label,true
29763,7443,LAB_7443,Label,true
29781,7455,LAB_7455,Label,true
29793,7461,LAB_7461,Label,true
29795,7463,LAB_7463,Label,true
29820,747c,LAB_747c,Label,true
29847,7497,LAB_7497,Label,true
29856,74a0,LAB_74a0,Label,true
29886,74be,LAB_74be,Label,true
29896,74c8,LAB_74c8,Label,true
29920,74e0,LAB_74e0,Label,true
29942,74f6,LAB_74f6,Label,true
29951,74ff,LAB_74ff,Label,true
29981,751d,LAB_751d,Label,true
29991,7527,LAB_7527,Label,true
30015,753f,LAB_753f,Label,true
30028,754c,LAB_754c,Label,true
30031,754f,LAB_754f,Label,true
30054,7566,LAB_7566,Label,true
30069,7575,LAB_7575,Label,true
30070,7576,caseD_4580,Label,true
30070,7576,caseD_4588,Label,false
30070,7576,caseD_4594,Label,false
30070,7576,caseD_459c,Label,false
30070,7576,caseD_45ac,Label,false
30070,7576,caseD_45b8,Label,false
30084,7584,LAB_7584,Label,true
30086,7586,caseD_4578,Function,true
30099,7593,caseD_45a4,Label,true
30136,75b8,LAB_75b8,Label,true
30138,75ba,LAB_75ba,Label,true
30144,75c0,caseD_4584,Label,true
30144,75c0,caseD_45a8,Label,false
30169,75d9,caseD_458c,Label,true
30169,75d9,caseD_45b0,Label,false
30188,75ec,caseD_458e,Label,true
30194,75f2,FUN_75f2,Function,true
30203,75fb,LAB_75fb,Label,true
30213,7605,caseD_4598,Label,true
30213,7605,caseD_45b4,Label,false
30238,761e,caseD_45a0,Label,true
30238,761e,caseD_45bc,Label,false
30257,7631,caseD_45a2,Label,true
30261,7635,LAB_7635,Label,true
30284,764c,LAB_764c,Label,true
30291,7653,caseD_458a,Label,true
30291,7653,caseD_45ae,Label,false
30321,7671,caseD_457f,Label,true
30321,7671,caseD_4587,Label,false
30321,7671,caseD_4593,Label,false
30321,7671,caseD_459b,Label,false
30321,7671,caseD_45ab,Label,false
30321,7671,caseD_45b7,Label,false
30345,7689,LAB_7689,Label,true
30356,7694,LAB_7694,Label,true
30372,76a4,caseD_459e,Label,true
30372,76a4,caseD_45ba,Label,false
30437,76e5,LAB_76e5,Label,true
30446,76ee,LAB_76ee,Label,true
30448,76f0,LAB_76f0,Label,true
30462,76fe,LAB_76fe,Label,true
30480,7710,LAB_7710,Label,true
30492,771c,LAB_771c,Label,true
30499,7723,caseD_45a6,Label,true
30538,774a,LAB_774a,Label,true
30547,7753,caseD_45b2,Label,true
30547,7753,caseD_45be,Label,false
30573,776d,LAB_776d,Label,true
30885,78a5,FUN_78a5,Function,true
30895,78af,LAB_78af,Label,true
30919,78c7,LAB_78c7,Label,true
30945,78e1,LAB_78e1,Label,true
30971,78fb,LAB_78fb,Label,true
30997,7915,LAB_7915,Label,true
31033,7939,LAB_7939,Label,true
31059,7953,LAB_7953,Label,true
31070,795e,LAB_795e,Label,true
31096,7978,LAB_7978,Label,true
31105,7981,LAB_7981,Label,true
31157,79b5,LAB_79b5,Label,true
31178,79ca,LAB_79ca,Label,true
31194,79da,LAB_79da,Label,true
31214,79ee,LAB_79ee,Label,true
31219,79f3,LAB_79f3,Label,true
31220,79f4,FUN_79f4,Function,true
31224,79f8,LAB_79f8,Label,true
31236,7a04,LAB_7a04,Label,true
31240,7a08,LAB_7a08,Label,true
31260,7a1c,FUN_7a1c,Function,true
31323,7a5b,FUN_7a5b,Function,true
31366,7a86,LAB_7a86,Label,true
31389,7a9d,LAB_7a9d,Label,true
31392,7aa0,LAB_7aa0,Label,true
31408,7ab0,LAB_7ab0,Label,true
31446,7ad6,LAB_7ad6,Label,true
31469,7aed,LAB_7aed,Label,true
31472,7af0,LAB_7af0,Label,true
31488,7b00,LAB_7b00,Label,true
31512,7b18,LAB_7b18,Label,true
31539,7b33,LAB_7b33,Label,true
31542,7b36,LAB_7b36,Label,true
31564,7b4c,LAB_7b4c,Label,true
31584,7b60,switchD,Label,true
31586,7b62,LAB_7b62,Label,true
31610,7b7a,caseD_4604,Label,true
31627,7b8b,LAB_7b8b,Label,true
31650,7ba2,LAB_7ba2,Label,true
31659,7bab,LAB_7bab,Label,true
31665,7bb1,LAB_7bb1,Label,true
31669,7bb5,LAB_7bb5,Label,true
31671,7bb7,LAB_7bb7,Label,true
31695,7bcf,LAB_7bcf,Label,true
31697,7bd1,LAB_7bd1,Label,true
31715,7be3,caseD_460a,Label,true
31715,7be3,caseD_4612,Label,false
31715,7be3,caseD_461c,Label,false
31715,7be3,caseD_4624,Label,false
31715,7be3,caseD_462c,Label,false
31715,7be3,caseD_4636,Label,false
31715,7be3,caseD_4646,Label,false
31715,7be3,caseD_464e,Label,false
31715,7be3,caseD_4656,Label,false
31715,7be3,caseD_465e,Label,false
31715,7be3,caseD_4666,Label,false
31735,7bf7,LAB_7bf7,Label,true
31737,7bf9,caseD_460c,Label,true
31737,7bf9,caseD_4614,Label,false
31737,7bf9,caseD_461e,Label,false
31737,7bf9,caseD_4626,Label,false
31737,7bf9,caseD_462e,Label,false
31737,7bf9,caseD_4638,Label,false
31737,7bf9,caseD_4648,Label,false
31737,7bf9,caseD_4650,Label,false
31737,7bf9,caseD_4658,Label,false
31737,7bf9,caseD_4660,Label,false
31737,7bf9,caseD_4668,Label,false
31749,7c05,LAB_7c05,Label,true
31750,7c06,caseD_4606,Label,true
31750,7c06,caseD_464c,Label,false
31771,7c1b,caseD_4608,Label,true
31771,7c1b,caseD_465c,Label,false
31792,7c30,caseD_460e,Label,true
31797,7c35,LAB_7c35,Label,true
31839,7c5f,LAB_7c5f,Label,true
31845,7c65,LAB_7c65,Label,true
31851,7c6b,caseD_4610,Label,true
31880,7c88,LAB_7c88,Label,true
31887,7c8f,caseD_4616,Label,true
31914,7caa,LAB_7caa,Label,true
31916,7cac,LAB_7cac,Label,true
31940,7cc4,LAB_7cc4,Label,true
31942,7cc6,caseD_4618,Label,true
31942,7cc6,caseD_4634,Label,false
31942,7cc6,caseD_4644,Label,false
31963,7cdb,caseD_461a,Label,true
31963,7cdb,caseD_462a,Label,false
31963,7cdb,caseD_4654,Label,false
31984,7cf0,caseD_4620,Label,true
31984,7cf0,caseD_4630,Label,false
31984,7cf0,caseD_463a,Label,false
31989,7cf5,LAB_7cf5,Label,true
31997,7cfd,caseD_463e,Label,true
32031,7d1f,LAB_7d1f,Label,true
32037,7d25,LAB_7d25,Label,true
32043,7d2b,caseD_4622,Label,true
32072,7d48,LAB_7d48,Label,true
32079,7d4f,caseD_4628,Label,true
32082,7d52,caseD_4632,Label,true
32106,7d6a,LAB_7d6a,Label,true
32108,7d6c,caseD_463c,Label,true
32132,7d84,LAB_7d84,Label,true
32134,7d86,LAB_7d86,Label,true
32143,7d8f,LAB_7d8f,Label,true
32153,7d99,caseD_4640,Label,true
32176,7db0,LAB_7db0,Label,true
32178,7db2,caseD_4642,Label,true
32201,7dc9,LAB_7dc9,Label,true
32203,7dcb,caseD_464a,Label,true
32210,7dd2,LAB_7dd2,Label,true
32222,7dde,LAB_7dde,Label,true
32228,7de4,caseD_465a,Label,true
32235,7deb,LAB_7deb,Label,true
32237,7ded,LAB_7ded,Label,true
32243,7df3,caseD_4652,Label,true
32250,7dfa,LAB_7dfa,Label,true
32252,7dfc,LAB_7dfc,Label,true
32258,7e02,caseD_4662,Label,true
32265,7e09,LAB_7e09,Label,true
32267,7e0b,caseD_4664,Label,true
32307,7e33,LAB_7e33,Label,true
32309,7e35,caseD_466a,Label,true
32323,7e43,LAB_7e43,Label,true
32327,7e47,LAB_7e47,Label,true
32354,7e62,LAB_7e62,Label,true
32395,7e8b,LAB_7e8b,Label,true
32408,7e98,FUN_7e98,Function,true
32420,7ea4,FUN_7ea4,Function,true
32425,7ea9,FUN_7ea9,Function,true
32435,7eb3,FUN_7eb3,Function,true
32454,7ec6,LAB_7ec6,Label,true
32483,7ee3,LAB_7ee3,Label,true
32484,7ee4,FUN_7ee4,Function,true
32503,7ef7,LAB_7ef7,Label,true
32532,7f14,LAB_7f14,Label,true
32533,7f15,FUN_7f15,Function,true
32556,7f2c,LAB_7f2c,Label,true
32558,7f2e,FUN_7f2e,Function,true
32581,7f45,LAB_7f45,Label,true
32583,7f47,FUN_7f47,Function,true
32591,7f4f,LAB_7f4f,Label,true
32602,7f5a,LAB_7f5a,Label,true
32603,7f5b,FUN_7f5b,Function,true
32611,7f63,FUN_7f63,Function,true
32634,7f7a,LAB_7f7a,Label,true
32635,7f7b,FUN_7f7b,Function,true
32654,7f8e,FUN_7f8e,Function,true
32662,7f96,LAB_7f96,Label,true
32673,7fa1,LAB_7fa1,Label,true
32674,7fa2,FUN_7fa2,Function,true
32682,7faa,FUN_7faa,Function,true
32690,7fb2,LAB_7fb2,Label,true
32691,7fb3,FUN_7fb3,Function,true
32700,7fbc,FUN_7fbc,Function,true
32732,7fdc,LAB_7fdc,Label,true
32753,7ff1,LAB_7ff1,Label,true
32754,7ff2,FUN_7ff2,Function,true
32799,801f,LAB_801f,Label,true
32812,802c,LAB_802c,Label,true
32817,8031,LAB_8031,Label,true
32843,804b,LAB_804b,Label,true
32852,8054,LAB_8054,Label,true
32876,806c,LAB_806c,Label,true
32896,8080,LAB_8080,Label,true
32901,8085,LAB_8085,Label,true
32902,8086,FUN_8086,Function,true
32912,8090,LAB_8090,Label,true
32945,80b1,LAB_80b1,Label,true
32956,80bc,LAB_80bc,Label,true
32959,80bf,LAB_80bf,Label,true
33117,815d,LAB_815d,Label,true
33137,8171,LAB_8171,Label,true
33172,8194,LAB_8194,Label,true
33187,81a3,LAB_81a3,Label,true
33191,81a7,LAB_81a7,Label,true
33223,81c7,LAB_81c7,Label,true
33238,81d6,LAB_81d6,Label,true
33245,81dd,LAB_81dd,Label,true
33250,81e2,LAB_81e2,Label,true
33271,81f7,LAB_81f7,Label,true
33276,81fc,LAB_81fc,Label,true
33277,81fd,LAB_81fd,Label,true
33311,821f,LAB_821f,Label,true
33337,8239,LAB_8239,Label,true
33343,823f,LAB_823f,Label,true
33366,8256,LAB_8256,Label,true
33396,8274,FUN_8274,Function,true
33398,8276,LAB_8276,Label,true
33441,82a1,LAB_82a1,Label,true
33449,82a9,LAB_82a9,Label,true
33469,82bd,LAB_82bd,Label,true
33475,82c3,LAB_82c3,Label,true
33487,82cf,LAB_82cf,Label,true
33515,82eb,LAB_82eb,Label,true
33523,82f3,LAB_82f3,Label,true
33551,830f,LAB_830f,Label,true
33554,8312,LAB_8312,Label,true
33590,8336,FUN_8336,Function,true
33606,8346,LAB_8346,Label,true
33614,834e,LAB_834e,Label,true
33623,8357,LAB_8357,Label,true
33642,836a,LAB_836a,Label,true
33649,8371,LAB_8371,Label,true
33668,8384,LAB_8384,Label,true
33675,838b,LAB_838b,Label,true
33680,8390,LAB_8390,Label,true
33683,8393,LAB_8393,Label,true
33701,83a5,LAB_83a5,Label,true
33729,83c1,LAB_83c1,Label,true
33734,83c6,LAB_83c6,Label,true
33762,83e2,LAB_83e2,Label,true
33768,83e8,LAB_83e8,Label,true
33782,83f6,LAB_83f6,Label,true
33786,83fa,LAB_83fa,Label,true
33874,8452,FUN_8452,Function,true
33902,846e,LAB_846e,Label,true
33932,848c,LAB_848c,Label,true
33960,84a8,LAB_84a8,Label,true
33963,84ab,LAB_84ab,Label,true
33964,84ac,FUN_84ac,Function,true
33975,84b7,LAB_84b7,Label,true
33986,84c2,LAB_84c2,Label,true
33987,84c3,FUN_84c3,Function,true
34059,850b,LAB_850b,Label,true
34089,8529,LAB_8529,Label,true
34145,8561,LAB_8561,Label,true
34179,8583,LAB_8583,Label,true
34185,8589,LAB_8589,Label,true
34239,85bf,LAB_85bf,Label,true
34246,85c6,LAB_85c6,Label,true
34289,85f1,LAB_85f1,Label,true
34296,85f8,LAB_85f8,Label,true
34305,8601,LAB_8601,Label,true
34325,8615,LAB_8615,Label,true
34338,8622,LAB_8622,Label,true
34344,8628,LAB_8628,Label,true
34345,8629,FUN_8629,Function,true
34381,864d,LAB_864d,Label,true
34394,865a,LAB_865a,Label,true
34400,8660,LAB_8660,Label,true
34409,8669,LAB_8669,Label,true
34415,866f,FUN_866f,Function,true
34443,868b,LAB_868b,Label,true
34451,8693,LAB_8693,Label,true
34473,86a9,LAB_86a9,Label,true
34499,86c3,LAB_86c3,Label,true
34526,86de,LAB_86de,Label,true
34556,86fc,LAB_86fc,Label,true
34559,86ff,LAB_86ff,Label,true
34577,8711,LAB_8711,Label,true
34579,8713,LAB_8713,Label,true
34590,871e,LAB_871e,Label,true
34598,8726,LAB_8726,Label,true
34620,873c,LAB_873c,Label,true
34637,874d,LAB_874d,Label,true
34648,8758,LAB_8758,Label,true
34654,875e,LAB_875e,Label,true
34690,8782,LAB_8782,Label,true
34704,8790,LAB_8790,Label,true
34717,879d,LAB_879d,Label,true
34728,87a8,LAB_87a8,Label,true
34731,87ab,LAB_87ab,Label,true
34734,87ae,LAB_87ae,Label,true
34743,87b7,LAB_87b7,Label,true
34757,87c5,LAB_87c5,Label,true
34782,87de,LAB_87de,Label,true
34790,87e6,LAB_87e6,Label,true
34797,87ed,LAB_87ed,Label,true
34799,87ef,LAB_87ef,Label,true
34834,8812,LAB_8812,Label,true
34836,8814,LAB_8814,Label,true
34847,881f,LAB_881f,Label,true
34891,884b,LAB_884b,Label,true
34901,8855,LAB_8855,Label,true
34925,886d,LAB_886d,Label,true
34943,887f,LAB_887f,Label,true
34977,88a1,LAB_88a1,Label,true
34993,88b1,LAB_88b1,Label,true
34999,88b7,FUN_88b7,Function,true
35024,88d0,LAB_88d0,Label,true
35059,88f3,LAB_88f3,Label,true
35067,88fb,LAB_88fb,Label,true
35086,890e,LAB_890e,Label,true
35096,8918,LAB_8918,Label,true
35116,892c,LAB_892c,Label,true
35128,8938,LAB_8938,Label,true
35149,894d,LAB_894d,Label,true
35158,8956,LAB_8956,Label,true
35179,896b,LAB_896b,Label,true
35194,897a,LAB_897a,Label,true
35197,897d,LAB_897d,Label,true
35208,8988,LAB_8988,Label,true
35219,8993,LAB_8993,Label,true
35227,899b,LAB_899b,Label,true
35238,89a6,LAB_89a6,Label,true
35244,89ac,LAB_89ac,Label,true
35265,89c1,LAB_89c1,Label,true
35276,89cc,LAB_89cc,Label,true
35284,89d4,FUN_89d4,Function,true
35315,89f3,LAB_89f3,Label,true
35325,89fd,LAB_89fd,Label,true
35364,8a24,LAB_8a24,Label,true
35374,8a2e,LAB_8a2e,Label,true
35391,8a3f,LAB_8a3f,Label,true
35394,8a42,LAB_8a42,Label,true
35400,8a48,LAB_8a48,Label,true
35415,8a57,LAB_8a57,Label,true
35439,8a6f,LAB_8a6f,Label,true
35453,8a7d,LAB_8a7d,Label,true
35459,8a83,LAB_8a83,Label,true
35462,8a86,LAB_8a86,Label,true
35463,8a87,FUN_8a87,Function,true
35468,8a8c,LAB_8a8c,Label,true
35487,8a9f,LAB_8a9f,Label,true
35494,8aa6,LAB_8aa6,Label,true
35502,8aae,LAB_8aae,Label,true
35509,8ab5,LAB_8ab5,Label,true
35517,8abd,FUN_8abd,Function,true
35540,8ad4,LAB_8ad4,Label,true
35558,8ae6,LAB_8ae6,Label,true
35601,8b11,LAB_8b11,Label,true
35612,8b1c,LAB_8b1c,Label,true
35627,8b2b,LAB_8b2b,Label,true
35655,8b47,LAB_8b47,Label,true
35710,8b7e,LAB_8b7e,Label,true
35715,8b83,FUN_8b83,Function,true
35754,8baa,LAB_8baa,Label,true
35760,8bb0,FUN_8bb0,Function,true
35781,8bc5,LAB_8bc5,Label,true
35798,8bd6,LAB_8bd6,Label,true
35807,8bdf,LAB_8bdf,Label,true
35817,8be9,LAB_8be9,Label,true
35827,8bf3,LAB_8bf3,Label,true
35838,8bfe,LAB_8bfe,Label,true
35848,8c08,LAB_8c08,Label,true
35849,8c09,FUN_8c09,Function,true
35894,8c36,FUN_8c36,Function,true
35961,8c79,FUN_8c79,Function,true
35988,8c94,LAB_8c94,Label,true
35994,8c9a,LAB_8c9a,Label,true
36018,8cb2,LAB_8cb2,Label,true
36057,8cd9,LAB_8cd9,Label,true
36081,8cf1,LAB_8cf1,Label,true
36086,8cf6,LAB_8cf6,Label,true
36102,8d06,LAB_8d06,Label,true
36126,8d1e,LAB_8d1e,Label,true
36145,8d31,LAB_8d31,Label,true
36156,8d3c,LAB_8d3c,Label,true
36161,8d41,LAB_8d41,Label,true
36178,8d52,LAB_8d52,Label,true
36197,8d65,LAB_8d65,Label,true
36218,8d7a,LAB_8d7a,Label,true
36235,8d8b,LAB_8d8b,Label,true
36249,8d99,LAB_8d99,Label,true
36271,8daf,LAB_8daf,Label,true
36289,8dc1,LAB_8dc1,Label,true
36298,8dca,LAB_8dca,Label,true
36305,8dd1,LAB_8dd1,Label,true
36329,8de9,LAB_8de9,Label,true
36356,8e04,LAB_8e04,Label,true
36386,8e22,LAB_8e22,Label,true
36406,8e36,LAB_8e36,Label,true
36412,8e3c,LAB_8e3c,Label,true
36439,8e57,LAB_8e57,Label,true
36443,8e5b,LAB_8e5b,Label,true
36454,8e66,LAB_8e66,Label,true
36468,8e74,LAB_8e74,Label,true
36480,8e80,LAB_8e80,Label,true
36482,8e82,LAB_8e82,Label,true
36503,8e97,LAB_8e97,Label,true
36539,8ebb,LAB_8ebb,Label,true
36569,8ed9,LAB_8ed9,Label,true
36572,8edc,LAB_8edc,Label,true
36574,8ede,LAB_8ede,Label,true
36610,8f02,LAB_8f02,Label,true
36616,8f08,FUN_8f08,Function,true
36627,8f13,LAB_8f13,Label,true
36633,8f19,FUN_8f19,Function,true
36644,8f24,LAB_8f24,Label,true
36650,8f2a,FUN_8f2a,Function,true
36661,8f35,LAB_8f35,Label,true
36667,8f3b,FUN_8f3b,Function,true
36679,8f47,LAB_8f47,Label,true
36684,8f4c,LAB_8f4c,Label,true
36712,8f68,LAB_8f68,Label,true
36718,8f6e,FUN_8f6e,Function,true
36721,8f71,caseD_457d,Label,true
36722,8f72,caseD_4591,Label,true
36725,8f75,caseD_4585,Label,true
36725,8f75,caseD_45a9,Label,false
36726,8f76,caseD_4599,Label,true
36726,8f76,caseD_45b5,Label,false
36731,8f7b,caseD_4615,Label,true
36735,8f7f,FUN_8f7f,Function,true
36752,8f90,LAB_8f90,Label,true
36753,8f91,FUN_8f91,Function,true
36777,8fa9,FUN_8fa9,Function,true
36796,8fbc,FUN_8fbc,Function,true
36802,8fc2,LAB_8fc2,Label,true
36821,8fd5,LAB_8fd5,Label,true
36837,8fe5,LAB_8fe5,Label,true
36861,8ffd,LAB_8ffd,Label,true
36864,9000,LAB_9000,Label,true
36896,9020,LAB_9020,Label,true
36912,9030,LAB_9030,Label,true
36922,903a,LAB_903a,Label,true
36925,903d,LAB_903d,Label,true
36938,904a,LAB_904a,Label,true
36954,905a,LAB_905a,Label,true
36971,906b,LAB_906b,Label,true
36988,907c,LAB_907c,Label,true
37003,908b,LAB_908b,Label,true
37019,909b,LAB_909b,Label,true
37025,90a1,LAB_90a1,Label,true
37030,90a6,LAB_90a6,Label,true
37034,90aa,FUN_90aa,Function,true
37057,90c1,LAB_90c1,Label,true
37081,90d9,LAB_90d9,Label,true
37089,90e1,LAB_90e1,Label,true
37094,90e6,LAB_90e6,Label,true
37102,90ee,LAB_90ee,Label,true
37112,90f8,LAB_90f8,Label,true
37120,9100,LAB_9100,Label,true
37130,910a,LAB_910a,Label,true
37138,9112,LAB_9112,Label,true
37148,911c,LAB_911c,Label,true
37156,9124,LAB_9124,Label,true
37161,9129,LAB_9129,Label,true
37169,9131,LAB_9131,Label,true
37174,9136,LAB_9136,Label,true
37175,9137,FUN_9137,Function,true
37228,916c,FUN_916c,Function,true
37281,91a1,LAB_91a1,Label,true
37345,91e1,LAB_91e1,Label,true
37346,91e2,LAB_91e2,Label,true
37353,91e9,LAB_91e9,Label,true
37368,91f8,LAB_91f8,Label,true
37384,9208,LAB_9208,Label,true
37385,9209,LAB_9209,Label,true
37388,920c,LAB_920c,Label,true
37409,9221,LAB_9221,Label,true
37424,9230,LAB_9230,Label,true
37425,9231,LAB_9231,Label,true
37428,9234,LAB_9234,Label,true
37440,9240,LAB_9240,Label,true
37491,9273,LAB_9273,Label,true
37508,9284,LAB_9284,Label,true
37525,9295,LAB_9295,Label,true
37599,92df,LAB_92df,Label,true
37612,92ec,LAB_92ec,Label,true
37617,92f1,LAB_92f1,Label,true
37632,9300,LAB_9300,Label,true
37640,9308,LAB_9308,Label,true
37658,931a,LAB_931a,Label,true
37678,932e,LAB_932e,Label,true
37709,934d,LAB_934d,Label,true
37716,9354,LAB_9354,Label,true
37724,935c,LAB_935c,Label,true
37734,9366,LAB_9366,Label,true
37744,9370,LAB_9370,Label,true
37750,9376,caseD_45a3,Label,true
37753,9379,LAB_9379,Label,true
37769,9389,LAB_9389,Label,true
37775,938f,LAB_938f,Label,true
37791,939f,LAB_939f,Label,true
37807,93af,LAB_93af,Label,true
37839,93cf,LAB_93cf,Label,true
37843,93d3,LAB_93d3,Label,true
37846,93d6,LAB_93d6,Label,true
37857,93e1,LAB_93e1,Label,true
37866,93ea,LAB_93ea,Label,true
37872,93f0,LAB_93f0,Label,true
37933,942d,LAB_942d,Label,true
37944,9438,LAB_9438,Label,true
37978,945a,LAB_945a,Label,true
37996,946c,LAB_946c,Label,true
38001,9471,LAB_9471,Label,true
38007,9477,LAB_9477,Label,true
38022,9486,LAB_9486,Label,true
38086,94c6,LAB_94c6,Label,true
38105,94d9,LAB_94d9,Label,true
38110,94de,LAB_94de,Label,true
38116,94e4,LAB_94e4,Label,true
38215,9547,LAB_9547,Label,true
38220,954c,LAB_954c,Label,true
38233,9559,LAB_9559,Label,true
38247,9567,LAB_9567,Label,true
38258,9572,LAB_9572,Label,true
38269,957d,LAB_957d,Label,true
38282,958a,LAB_958a,Label,true
38288,9590,LAB_9590,Label,true
38293,9595,LAB_9595,Label,true
38299,959b,LAB_959b,Label,true
38304,95a0,LAB_95a0,Label,true
38312,95a8,LAB_95a8,Label,true
38325,95b5,LAB_95b5,Label,true
38344,95c8,LAB_95c8,Label,true
38376,95e8,LAB_95e8,Label,true
38408,9608,LAB_9608,Label,true
38440,9628,LAB_9628,Label,true
38451,9633,LAB_9633,Label,true
38473,9649,LAB_9649,Label,true
38477,964d,LAB_964d,Label,true
38511,966f,LAB_966f,Label,true
38522,967a,LAB_967a,Label,true
38533,9685,LAB_9685,Label,true
38547,9693,LAB_9693,Label,true
38561,96a1,LAB_96a1,Label,true
38564,96a4,LAB_96a4,Label,true
38639,96ef,LAB_96ef,Label,true
38644,96f4,LAB_96f4,Label,true
38645,96f5,FUN_96f5,Function,true
38685,971d,LAB_971d,Label,true
38687,971f,LAB_971f,Label,true
38689,9721,LAB_9721,Label,true
38704,9730,LAB_9730,Label,true
38756,9764,LAB_9764,Label,true
38769,9771,LAB_9771,Label,true
38781,977d,LAB_977d,Label,true
38797,978d,LAB_978d,Label,true
38821,97a5,LAB_97a5,Label,true
38837,97b5,LAB_97b5,Label,true
38844,97bc,LAB_97bc,Label,true
38864,97d0,LAB_97d0,Label,true
38883,97e3,LAB_97e3,Label,true
38907,97fb,LAB_97fb,Label,true
38922,980a,LAB_980a,Label,true
38960,9830,LAB_9830,Label,true
38965,9835,LAB_9835,Label,true
38982,9846,LAB_9846,Label,true
38998,9856,LAB_9856,Label,true
39000,9858,LAB_9858,Label,true
39013,9865,LAB_9865,Label,true
39025,9871,LAB_9871,Label,true
39038,987e,LAB_987e,Label,true
39049,9889,LAB_9889,Label,true
39052,988c,LAB_988c,Label,true
39071,989f,LAB_989f,Label,true
39094,98b6,LAB_98b6,Label,true
39105,98c1,LAB_98c1,Label,true
39108,98c4,LAB_98c4,Label,true
39119,98cf,LAB_98cf,Label,true
39151,98ef,LAB_98ef,Label,true
39165,98fd,LAB_98fd,Label,true
39175,9907,LAB_9907,Label,true
39183,990f,LAB_990f,Label,true
39211,992b,LAB_992b,Label,true
39219,9933,LAB_9933,Label,true
39244,994c,LAB_994c,Label,true
39246,994e,LAB_994e,Label,true
39253,9955,LAB_9955,Label,true
39256,9958,LAB_9958,Label,true
39291,997b,LAB_997b,Label,true
39292,997c,caseD_463f,Label,true
39296,9980,LAB_9980,Label,true
39311,998f,LAB_998f,Label,true
39343,99af,LAB_99af,Label,true
39375,99cf,LAB_99cf,Label,true
39420,99fc,LAB_99fc,Label,true
39435,9a0b,LAB_9a0b,Label,true
39458,9a22,LAB_9a22,Label,true
39471,9a2f,LAB_9a2f,Label,true
39474,9a32,LAB_9a32,Label,true
39488,9a40,LAB_9a40,Label,true
39512,9a58,LAB_9a58,Label,true
39527,9a67,LAB_9a67,Label,true
39542,9a76,LAB_9a76,Label,true
39575,9a97,LAB_9a97,Label,true
39640,9ad8,LAB_9ad8,Label,true
39642,9ada,LAB_9ada,Label,true
39661,9aed,LAB_9aed,Label,true
39663,9aef,LAB_9aef,Label,true
39678,9afe,LAB_9afe,Label,true
39691,9b0b,LAB_9b0b,Label,true
39705,9b19,LAB_9b19,Label,true
39732,9b34,LAB_9b34,Label,true
39749,9b45,LAB_9b45,Label,true
39771,9b5b,LAB_9b5b,Label,true
39776,9b60,LAB_9b60,Label,true
39782,9b66,FUN_9b66,Function,true
39815,9b87,FUN_9b87,Function,true
39843,9ba3,LAB_9ba3,Label,true
39855,9baf,LAB_9baf,Label,true
39871,9bbf,LAB_9bbf,Label,true
39879,9bc7,LAB_9bc7,Label,true
39902,9bde,LAB_9bde,Label,true
39903,9bdf,FUN_9bdf,Function,true
39911,9be7,LAB_9be7,Label,true
39937,9c01,LAB_9c01,Label,true
39951,9c0f,LAB_9c0f,Label,true
39971,9c23,LAB_9c23,Label,true
39985,9c31,LAB_9c31,Label,true
39990,9c36,LAB_9c36,Label,true
39998,9c3e,LAB_9c3e,Label,true
40022,9c56,LAB_9c56,Label,true
40027,9c5b,LAB_9c5b,Label,true
40036,9c64,LAB_9c64,Label,true
40052,9c74,LAB_9c74,Label,true
40072,9c88,LAB_9c88,Label,true
40105,9ca9,LAB_9ca9,Label,true
40134,9cc6,LAB_9cc6,Label,true
40144,9cd0,LAB_9cd0,Label,true
40171,9ceb,LAB_9ceb,Label,true
40180,9cf4,LAB_9cf4,Label,true
40183,9cf7,LAB_9cf7,Label,true
40215,9d17,LAB_9d17,Label,true
40223,9d1f,LAB_9d1f,Label,true
40239,9d2f,LAB_9d2f,Label,true
40240,9d30,FUN_9d30,Function,true
40275,9d53,LAB_9d53,Label,true
40353,9da1,LAB_9da1,Label,true
40360,9da8,LAB_9da8,Label,true
40369,9db1,LAB_9db1,Label,true
40379,9dbb,LAB_9dbb,Label,true
40401,9dd1,LAB_9dd1,Label,true
40404,9dd4,LAB_9dd4,Label,true
40405,9dd5,FUN_9dd5,Function,true
40414,9dde,LAB_9dde,Label,true
40458,9e0a,LAB_9e0a,Label,true
40459,9e0b,LAB_9e0b,Label,true
40470,9e16,LAB_9e16,Label,true
40474,9e1a,LAB_9e1a,Label,true
40507,9e3b,LAB_9e3b,Label,true
40510,9e3e,LAB_9e3e,Label,true
40515,9e43,LAB_9e43,Label,true
40530,9e52,LAB_9e52,Label,true
40539,9e5b,LAB_9e5b,Label,true
40578,9e82,LAB_9e82,Label,true
40581,9e85,LAB_9e85,Label,true
40594,9e92,LAB_9e92,Label,true
40599,9e97,LAB_9e97,Label,true
40643,9ec3,LAB_9ec3,Label,true
40649,9ec9,LAB_9ec9,Label,true
40668,9edc,LAB_9edc,Label,true
40678,9ee6,LAB_9ee6,Label,true
40683,9eeb,LAB_9eeb,Label,true
40729,9f19,LAB_9f19,Label,true
40735,9f1f,LAB_9f1f,Label,true
40741,9f25,FUN_9f25,Function,true
40798,9f5e,LAB_9f5e,Label,true
40801,9f61,LAB_9f61,Label,true
40847,9f8f,LAB_9f8f,Label,true
40873,9fa9,LAB_9fa9,Label,true
40875,9fab,LAB_9fab,Label,true
40900,9fc4,LAB_9fc4,Label,true
40926,9fde,LAB_9fde,Label,true
40928,9fe0,LAB_9fe0,Label,true
40973,a00d,LAB_a00d,Label,true
40979,a013,LAB_a013,Label,true
40994,a022,LAB_a022,Label,true
41015,a037,LAB_a037,Label,true
41018,a03a,LAB_a03a,Label,true
41024,a040,LAB_a040,Label,true
41025,a041,FUN_a041,Function,true
41063,a067,LAB_a067,Label,true
41068,a06c,LAB_a06c,Label,true
41076,a074,LAB_a074,Label,true
41090,a082,LAB_a082,Label,true
41120,a0a0,LAB_a0a0,Label,true
41141,a0b5,LAB_a0b5,Label,true
41147,a0bb,FUN_a0bb,Function,true
41170,a0d2,LAB_a0d2,Label,true
41185,a0e1,LAB_a0e1,Label,true
41200,a0f0,LAB_a0f0,Label,true
41206,a0f6,FUN_a0f6,Function,true
41225,a109,LAB_a109,Label,true
41265,a131,LAB_a131,Label,true
41281,a141,LAB_a141,Label,true
41308,a15c,LAB_a15c,Label,true
41320,a168,LAB_a168,Label,true
41324,a16c,LAB_a16c,Label,true
41329,a171,LAB_a171,Label,true
41350,a186,LAB_a186,Label,true
41384,a1a8,LAB_a1a8,Label,true
41387,a1ab,LAB_a1ab,Label,true
41408,a1c0,LAB_a1c0,Label,true
41422,a1ce,LAB_a1ce,Label,true
41430,a1d6,LAB_a1d6,Label,true
41440,a1e0,LAB_a1e0,Label,true
41462,a1f6,LAB_a1f6,Label,true
41490,a212,LAB_a212,Label,true
41514,a22a,LAB_a22a,Label,true
41532,a23c,LAB_a23c,Label,true
41542,a246,LAB_a246,Label,true
41560,a258,LAB_a258,Label,true
41566,a25e,LAB_a25e,Label,true
41581,a26d,LAB_a26d,Label,true
41588,a274,LAB_a274,Label,true
41619,a293,LAB_a293,Label,true
41639,a2a7,LAB_a2a7,Label,true
41661,a2bd,LAB_a2bd,Label,true
41675,a2cb,LAB_a2cb,Label,true
41698,a2e2,LAB_a2e2,Label,true
41712,a2f0,LAB_a2f0,Label,true
41723,a2fb,LAB_a2fb,Label,true
41739,a30b,LAB_a30b,Label,true
41750,a316,LAB_a316,Label,true
41753,a319,LAB_a319,Label,true
41767,a327,LAB_a327,Label,true
41770,a32a,LAB_a32a,Label,true
41783,a337,LAB_a337,Label,true
41794,a342,LAB_a342,Label,true
41797,a345,LAB_a345,Label,true
41816,a358,LAB_a358,Label,true
41818,a35a,LAB_a35a,Label,true
41834,a36a,LAB_a36a,Label,true
41845,a375,LAB_a375,Label,true
41848,a378,LAB_a378,Label,true
41860,a384,LAB_a384,Label,true
41863,a387,LAB_a387,Label,true
41896,a3a8,LAB_a3a8,Label,true
41918,a3be,LAB_a3be,Label,true
41933,a3cd,LAB_a3cd,Label,true
41938,a3d2,LAB_a3d2,Label,true
41950,a3de,LAB_a3de,Label,true
41960,a3e8,LAB_a3e8,Label,true
41967,a3ef,LAB_a3ef,Label,true
41979,a3fb,LAB_a3fb,Label,true
42043,a43b,LAB_a43b,Label,true
42057,a449,LAB_a449,Label,true
42071,a457,LAB_a457,Label,true
42089,a469,LAB_a469,Label,true
42099,a473,LAB_a473,Label,true
42101,a475,caseD_459d,Label,true
42101,a475,caseD_45b9,Label,false
42105,a479,FUN_a479,Function,true
42122,a48a,LAB_a48a,Label,true
42140,a49c,LAB_a49c,Label,true
42142,a49e,FUN_a49e,Function,true
42148,a4a4,LAB_a4a4,Label,true
42153,a4a9,LAB_a4a9,Label,true
42154,a4aa,FUN_a4aa,Function,true
42162,a4b2,LAB_a4b2,Label,true
42197,a4d5,LAB_a4d5,Label,true
42217,a4e9,LAB_a4e9,Label,true
42242,a502,LAB_a502,Label,true
42260,a514,LAB_a514,Label,true
42279,a527,LAB_a527,Label,true
42321,a551,LAB_a551,Label,true
42324,a554,LAB_a554,Label,true
42330,a55a,LAB_a55a,Label,true
42335,a55f,LAB_a55f,Label,true
42366,a57e,LAB_a57e,Label,true
42372,a584,LAB_a584,Label,true
42377,a589,LAB_a589,Label,true
42382,a58e,LAB_a58e,Label,true
42409,a5a9,LAB_a5a9,Label,true
42451,a5d3,LAB_a5d3,Label,true
42454,a5d6,LAB_a5d6,Label,true
42460,a5dc,LAB_a5dc,Label,true
42474,a5ea,LAB_a5ea,Label,true
42480,a5f0,LAB_a5f0,Label,true
42488,a5f8,LAB_a5f8,Label,true
42495,a5ff,LAB_a5ff,Label,true
42502,a606,LAB_a606,Label,true
42529,a621,LAB_a621,Label,true
42553,a639,LAB_a639,Label,true
42558,a63e,LAB_a63e,Label,true
42560,a640,FUN_a640,Function,true
42580,a654,FUN_a654,Function,true
42585,a659,LAB_a659,Label,true
42616,a678,LAB_a678,Label,true
42635,a68b,LAB_a68b,Label,true
42667,a6ab,LAB_a6ab,Label,true
42679,a6b7,LAB_a6b7,Label,true
42712,a6d8,LAB_a6d8,Label,true
42756,a704,LAB_a704,Label,true
42778,a71a,LAB_a71a,Label,true
42789,a725,LAB_a725,Label,true
42798,a72e,LAB_a72e,Label,true
42811,a73b,LAB_a73b,Label,true
42816,a740,LAB_a740,Label,true
42832,a750,LAB_a750,Label,true
42847,a75f,LAB_a75f,Label,true
42850,a762,LAB_a762,Label,true
42876,a77c,LAB_a77c,Label,true
42903,a797,LAB_a797,Label,true
42917,a7a5,LAB_a7a5,Label,true
42973,a7dd,LAB_a7dd,Label,true
42981,a7e5,LAB_a7e5,Label,true
42983,a7e7,LAB_a7e7,Label,true
43018,a80a,LAB_a80a,Label,true
43030,a816,LAB_a816,Label,true
43038,a81e,LAB_a81e,Label,true
43150,a88e,FUN_a88e,Function,true
43189,a8b5,LAB_a8b5,Label,true
43211,a8cb,LAB_a8cb,Label,true
43213,a8cd,LAB_a8cd,Label,true
43242,a8ea,LAB_a8ea,Label,true
43247,a8ef,LAB_a8ef,Label,true
43279,a90f,LAB_a90f,Label,true
43281,a911,LAB_a911,Label,true
43290,a91a,LAB_a91a,Label,true
43291,a91b,LAB_a91b,Label,true
43312,a930,LAB_a930,Label,true
43334,a946,LAB_a946,Label,true
43353,a959,LAB_a959,Label,true
43361,a961,LAB_a961,Label,true
43381,a975,caseD_4595,Label,true
43398,a986,LAB_a986,Label,true
43405,a98d,LAB_a98d,Label,true
43412,a994,LAB_a994,Label,true
43440,a9b0,LAB_a9b0,Label,true
43443,a9b3,LAB_a9b3,Label,true
43474,a9d2,LAB_a9d2,Label,true
43524,aa04,LAB_aa04,Label,true
43534,aa0e,LAB_aa0e,Label,true
43542,aa16,LAB_aa16,Label,true
43558,aa26,LAB_aa26,Label,true
43566,aa2e,LAB_aa2e,Label,true
43588,aa44,LAB_aa44,Label,true
43616,aa60,LAB_aa60,Label,true
43625,aa69,LAB_aa69,Label,true
43631,aa6f,LAB_aa6f,Label,true
43641,aa79,LAB_aa79,Label,true
43663,aa8f,LAB_aa8f,Label,true
43694,aaae,LAB_aaae,Label,true
43703,aab7,LAB_aab7,Label,true
43712,aac0,LAB_aac0,Label,true
43728,aad0,LAB_aad0,Label,true
43740,aadc,LAB_aadc,Label,true
43769,aaf9,LAB_aaf9,Label,true
43778,ab02,LAB_ab02,Label,true
43784,ab08,LAB_ab08,Label,true
43793,ab11,FUN_ab11,Function,true
43811,ab23,LAB_ab23,Label,true
43823,ab2f,LAB_ab2f,Label,true
43830,ab36,LAB_ab36,Label,true
43835,ab3b,LAB_ab3b,Label,true
43849,ab49,LAB_ab49,Label,true
43854,ab4e,LAB_ab4e,Label,true
43862,ab56,LAB_ab56,Label,true
43890,ab72,LAB_ab72,Label,true
43892,ab74,LAB_ab74,Label,true
43904,ab80,LAB_ab80,Label,true
43914,ab8a,LAB_ab8a,Label,true
43919,ab8f,LAB_ab8f,Label,true
43928,ab98,LAB_ab98,Label,true
43937,aba1,LAB_aba1,Label,true
43952,abb0,LAB_abb0,Label,true
43963,abbb,LAB_abbb,Label,true
43966,abbe,LAB_abbe,Label,true
43975,abc7,LAB_abc7,Label,true
44001,abe1,LAB_abe1,Label,true
44016,abf0,LAB_abf0,Label,true
44028,abfc,LAB_abfc,Label,true
44044,ac0c,LAB_ac0c,Label,true
44079,ac2f,LAB_ac2f,Label,true
44084,ac34,LAB_ac34,Label,true
44111,ac4f,LAB_ac4f,Label,true
44117,ac55,LAB_ac55,Label,true
44126,ac5e,LAB_ac5e,Label,true
44130,ac62,LAB_ac62,Label,true
44135,ac67,LAB_ac67,Label,true
44140,ac6c,LAB_ac6c,Label,true
44161,ac81,LAB_ac81,Label,true
44173,ac8d,LAB_ac8d,Label,true
44192,aca0,LAB_aca0,Label,true
44201,aca9,LAB_aca9,Label,true
44218,acba,LAB_acba,Label,true
44223,acbf,LAB_acbf,Label,true
44282,acfa,LAB_acfa,Label,true
44295,ad07,LAB_ad07,Label,true
44300,ad0c,LAB_ad0c,Label,true
44313,ad19,LAB_ad19,Label,true
44322,ad22,LAB_ad22,Label,true
44331,ad2b,LAB_ad2b,Label,true
44354,ad42,LAB_ad42,Label,true
44356,ad44,LAB_ad44,Label,true
44365,ad4d,LAB_ad4d,Label,true
44368,ad50,LAB_ad50,Label,true
44377,ad59,LAB_ad59,Label,true
44385,ad61,LAB_ad61,Label,true
44401,ad71,LAB_ad71,Label,true
44406,ad76,LAB_ad76,Label,true
44409,ad79,LAB_ad79,Label,true
44418,ad82,LAB_ad82,Label,true
44438,ad96,LAB_ad96,Label,true
44447,ad9f,LAB_ad9f,Label,true
44460,adac,LAB_adac,Label,true
44463,adaf,LAB_adaf,Label,true
44472,adb8,LAB_adb8,Label,true
44478,adbe,LAB_adbe,Label,true
44487,adc7,LAB_adc7,Label,true
44508,addc,LAB_addc,Label,true
44511,addf,LAB_addf,Label,true
44573,ae1d,LAB_ae1d,Label,true
44593,ae31,LAB_ae31,Label,true
44612,ae44,LAB_ae44,Label,true
44625,ae51,LAB_ae51,Label,true
44634,ae5a,LAB_ae5a,Label,true
44637,ae5d,LAB_ae5d,Label,true
44676,ae84,LAB_ae84,Label,true
44726,aeb6,LAB_aeb6,Label,true
44729,aeb9,LAB_aeb9,Label,true
44749,aecd,LAB_aecd,Label,true
44769,aee1,LAB_aee1,Label,true
44772,aee4,LAB_aee4,Label,true
44812,af0c,LAB_af0c,Label,true
44824,af18,LAB_af18,Label,true
44845,af2d,LAB_af2d,Label,true
44857,af39,LAB_af39,Label,true
44865,af41,LAB_af41,Label,true
44891,af5b,LAB_af5b,Label,true
44900,af64,LAB_af64,Label,true
44913,af71,LAB_af71,Label,true
44934,af86,LAB_af86,Label,true
44939,af8b,LAB_af8b,Label,true
44948,af94,LAB_af94,Label,true
44951,af97,LAB_af97,Label,true
44960,afa0,LAB_afa0,Label,true
44967,afa7,LAB_afa7,Label,true
44999,afc7,LAB_afc7,Label,true
45020,afdc,LAB_afdc,Label,true
45048,aff8,LAB_aff8,Label,true
45055,afff,LAB_afff,Label,true
45089,b021,LAB_b021,Label,true
45117,b03d,LAB_b03d,Label,true
45129,b049,LAB_b049,Label,true
45148,b05c,LAB_b05c,Label,true
45153,b061,LAB_b061,Label,true
45169,b071,caseD_457b,Label,true
45178,b07a,LAB_b07a,Label,true
45194,b08a,LAB_b08a,Label,true
45198,b08e,LAB_b08e,Label,true
45220,b0a4,LAB_b0a4,Label,true
45241,b0b9,LAB_b0b9,Label,true
45272,b0d8,LAB_b0d8,Label,true
45294,b0ee,LAB_b0ee,Label,true
45322,b10a,LAB_b10a,Label,true
45325,b10d,LAB_b10d,Label,true
45334,b116,LAB_b116,Label,true
45343,b11f,LAB_b11f,Label,true
45367,b137,LAB_b137,Label,true
45371,b13b,LAB_b13b,Label,true
45386,b14a,LAB_b14a,Label,true
45402,b15a,LAB_b15a,Label,true
45410,b162,LAB_b162,Label,true
45419,b16b,LAB_b16b,Label,true
45426,b172,LAB_b172,Label,true
45431,b177,LAB_b177,Label,true
45460,b194,LAB_b194,Label,true
45481,b1a9,LAB_b1a9,Label,true
45493,b1b5,LAB_b1b5,Label,true
45505,b1c1,LAB_b1c1,Label,true
45510,b1c6,LAB_b1c6,Label,true
45525,b1d5,LAB_b1d5,Label,true
45528,b1d8,LAB_b1d8,Label,true
45531,b1db,LAB_b1db,Label,true
45540,b1e4,LAB_b1e4,Label,true
45544,b1e8,LAB_b1e8,Label,true
45567,b1ff,LAB_b1ff,Label,true
45575,b207,LAB_b207,Label,true
45605,b225,LAB_b225,Label,true
45615,b22f,LAB_b22f,Label,true
45628,b23c,LAB_b23c,Label,true
45638,b246,LAB_b246,Label,true
45643,b24b,LAB_b24b,Label,true
45660,b25c,LAB_b25c,Label,true
45669,b265,LAB_b265,Label,true
45685,b275,LAB_b275,Label,true
45688,b278,LAB_b278,Label,true
45693,b27d,caseD_4641,Label,true
45697,b281,LAB_b281,Label,true
45704,b288,LAB_b288,Label,true
45722,b29a,LAB_b29a,Label,true
45728,b2a0,LAB_b2a0,Label,true
45754,b2ba,LAB_b2ba,Label,true
45780,b2d4,LAB_b2d4,Label,true
45793,b2e1,LAB_b2e1,Label,true
45796,b2e4,LAB_b2e4,Label,true
45806,b2ee,LAB_b2ee,Label,true
45830,b306,LAB_b306,Label,true
45848,b318,LAB_b318,Label,true
45885,b33d,LAB_b33d,Label,true
45893,b345,LAB_b345,Label,true
45908,b354,LAB_b354,Label,true
45921,b361,LAB_b361,Label,true
45932,b36c,LAB_b36c,Label,true
45942,b376,LAB_b376,Label,true
45951,b37f,LAB_b37f,Label,true
45974,b396,LAB_b396,Label,true
45992,b3a8,LAB_b3a8,Label,true
46005,b3b5,LAB_b3b5,Label,true
46007,b3b7,LAB_b3b7,Label,true
46012,b3bc,LAB_b3bc,Label,true
46031,b3cf,LAB_b3cf,Label,true
46057,b3e9,LAB_b3e9,Label,true
46067,b3f3,LAB_b3f3,Label,true
46092,b40c,LAB_b40c,Label,true
46100,b414,LAB_b414,Label,true
46118,b426,LAB_b426,Label,true
46120,b428,LAB_b428,Label,true
46156,b44c,LAB_b44c,Label,true
46168,b458,LAB_b458,Label,true
46178,b462,LAB_b462,Label,true
46203,b47b,LAB_b47b,Label,true
46238,b49e,LAB_b49e,Label,true
46248,b4a8,LAB_b4a8,Label,true
46263,b4b7,LAB_b4b7,Label,true
46272,b4c0,LAB_b4c0,Label,true
46274,b4c2,LAB_b4c2,Label,true
46310,b4e6,LAB_b4e6,Label,true
46323,b4f3,LAB_b4f3,Label,true
46326,b4f6,LAB_b4f6,Label,true
46336,b500,LAB_b500,Label,true
46346,b50a,LAB_b50a,Label,true
46359,b517,LAB_b517,Label,true
46362,b51a,LAB_b51a,Label,true
46372,b524,LAB_b524,Label,true
46392,b538,LAB_b538,Label,true
46405,b545,LAB_b545,Label,true
46408,b548,LAB_b548,Label,true
46418,b552,LAB_b552,Label,true
46428,b55c,LAB_b55c,Label,true
46441,b569,LAB_b569,Label,true
46444,b56c,LAB_b56c,Label,true
46452,b574,LAB_b574,Label,true
46469,b585,LAB_b585,Label,true
46486,b596,LAB_b596,Label,true
46491,b59b,LAB_b59b,Label,true
46498,b5a2,LAB_b5a2,Label,true
46503,b5a7,LAB_b5a7,Label,true
46525,b5bd,LAB_b5bd,Label,true
46559,b5df,LAB_b5df,Label,true
46588,b5fc,LAB_b5fc,Label,true
46597,b605,LAB_b605,Label,true
46638,b62e,LAB_b62e,Label,true
46657,b641,LAB_b641,Label,true
46661,b645,LAB_b645,Label,true
46665,b649,LAB_b649,Label,true
46678,b656,LAB_b656,Label,true
46680,b658,LAB_b658,Label,true
46751,b69f,LAB_b69f,Label,true
46760,b6a8,LAB_b6a8,Label,true
46770,b6b2,LAB_b6b2,Label,true
46784,b6c0,LAB_b6c0,Label,true
46795,b6cb,LAB_b6cb,Label,true
46808,b6d8,LAB_b6d8,Label,true
46825,b6e9,LAB_b6e9,Label,true
46836,b6f4,LAB_b6f4,Label,true
46876,b71c,LAB_b71c,Label,true
46907,b73b,LAB_b73b,Label,true
46922,b74a,LAB_b74a,Label,true
46939,b75b,LAB_b75b,Label,true
46944,b760,LAB_b760,Label,true
46956,b76c,LAB_b76c,Label,true
46970,b77a,LAB_b77a,Label,true
46991,b78f,LAB_b78f,Label,true
47006,b79e,LAB_b79e,Label,true
47023,b7af,LAB_b7af,Label,true
47028,b7b4,LAB_b7b4,Label,true
47033,b7b9,LAB_b7b9,Label,true
47070,b7de,LAB_b7de,Label,true
47076,b7e4,LAB_b7e4,Label,true
47096,b7f8,LAB_b7f8,Label,true
47108,b804,LAB_b804,Label,true
47136,b820,LAB_b820,Label,true
47148,b82c,LAB_b82c,Label,true
47155,b833,LAB_b833,Label,true
47160,b838,LAB_b838,Label,true
47172,b844,LAB_b844,Label,true
47177,b849,LAB_b849,Label,true
47189,b855,LAB_b855,Label,true
47204,b864,LAB_b864,Label,true
47220,b874,LAB_b874,Label,true
47246,b88e,LAB_b88e,Label,true
47253,b895,LAB_b895,Label,true
47256,b898,LAB_b898,Label,true
47281,b8b1,LAB_b8b1,Label,true
47288,b8b8,LAB_b8b8,Label,true
47303,b8c7,LAB_b8c7,Label,true
47308,b8cc,LAB_b8cc,Label,true
47323,b8db,LAB_b8db,Label,true
47333,b8e5,LAB_b8e5,Label,true
47343,b8ef,LAB_b8ef,Label,true
47348,b8f4,LAB_b8f4,Label,true
47400,b928,LAB_b928,Label,true
49266,c072,caseD_4583,Label,true
49271,c077,caseD_45a7,Label,true
50812,c67c,caseD_4617,Label,true
50813,c67d,caseD_4633,Label,true
50813,c67d,caseD_4643,Label,false
52091,cb7b,caseD_4649,Label,true
52428,cccc,DAT_cccc,Label,true
53250,d002,DAT_d002,Label,true
53251,d003,DAT_d003,Label,true
55670,d976,caseD_458b,Label,true
55670,d976,caseD_45af,Label,false
56188,db7c,caseD_4619,Label,true
56189,db7d,caseD_4629,Label,true
56189,db7d,caseD_4653,Label,false
56231,dba7,FUN_dba7,Function,true
56834,de02,DAT_de02,Label,true
56852,de14,DAT_de14,Label,true
56951,de77,DAT_de77,Label,true
57087,deff,DAT_deff,Label,true
57224,df88,DAT_df88,Label,true
57343,dfff,DAT_dfff,Label,true
58236,e37c,caseD_4609,Label,true
58236,e37c,caseD_4611,Label,false
58236,e37c,caseD_461b,Label,false
58236,e37c,caseD_462b,Label,false
58236,e37c,caseD_4635,Label,false
58236,e37c,caseD_4645,Label,false
58236,e37c,caseD_464d,Label,false
58236,e37c,caseD_4655,Label,false
58236,e37c,caseD_465d,Label,false
58237,e37d,caseD_4623,Label,true
58238,e37e,caseD_4665,Label,true
58248,e388,LAB_e387+1,Label,true
58297,e3b9,LAB_e3b9,Label,true
58308,e3c4,LAB_e3c4,Label,true
58316,e3cc,LAB_e3cc,Label,true
58388,e414,FUN_e414,Function,true
58491,e47b,caseD_4659,Label,true
60533,ec75,caseD_458d,Label,true
61440,f000,DAT_f000,Label,true
61441,f001,DAT_f001,Label,true
61442,f002,DAT_f002,Label,true
61563,f07b,caseD_461f,Label,true
61563,f07b,caseD_462f,Label,false
61563,f07b,caseD_4639,Label,false
62331,f37b,caseD_4651,Label,true
63867,f97b,caseD_460b,Label,true
63867,f97b,caseD_4613,Label,false
63867,f97b,caseD_461d,Label,false
63867,f97b,caseD_4625,Label,false
63867,f97b,caseD_462d,Label,false
63867,f97b,caseD_4637,Label,false
63867,f97b,caseD_4647,Label,false
63867,f97b,caseD_464f,Label,false
63867,f97b,caseD_4657,Label,false
63867,f97b,caseD_465f,Label,false
63867,f97b,caseD_4667,Label,false
64004,fa04,DAT_fa04,Label,true
64893,fd7d,caseD_463d,Label,true
65044,fe14,DAT_fe14,Label,true
65045,fe15,DAT_fe15,Label,true
65046,fe16,DAT_fe16,Label,true
65047,fe17,DAT_fe17,Label,true
65048,fe18,DAT_fe18,Label,true
65049,fe19,DAT_fe19,Label,true
65050,fe1a,DAT_fe1a,Label,true
65051,fe1b,DAT_fe1b,Label,true
65052,fe1c,DAT_fe1c,Label,true
65060,fe24,DAT_fe24,Label,true
65093,fe45,DAT_fe45,Label,true
65103,fe4f,DAT_fe4f,Label,true
65113,fe59,DAT_fe59,Label,true
65120,fe60,DAT_fe60,Label,true
65123,fe63,DAT_fe63,Label,true
65124,fe64,DAT_fe64,Label,true
65157,fe85,DAT_fe85,Label,true
65159,fe87,DAT_fe87,Label,true
65161,fe89,DAT_fe89,Label,true
65162,fe8a,DAT_fe8a,Label,true
65163,fe8b,DAT_fe8b,Label,true
65212,febc,DAT_febc,Label,true
65213,febd,DAT_febd,Label,true
65280,ff00,DAT_ff00,Label,true
65287,ff07,DAT_ff07,Label,true
65482,ffca,DAT_ffca,Label,true
65486,ffce,DAT_ffce,Label,true
65488,ffd0,DAT_ffd0,Label,true
65489,ffd1,DAT_ffd1,Label,true
65490,ffd2,DAT_ffd2,Label,true
65492,ffd4,DAT_ffd4,Label,true
65520,fff0,DAT_fff0,Label,true
65521,fff1,DAT_fff1,Label,true
65528,fff8,DAT_fff8,Label,true
65529,fff9,DAT_fff9,Label,true
65530,fffa,DAT_fffa,Label,true
65531,fffb,DAT_fffa+1,Label,true
65535,ffff,LAB_ffff,Label,true
